customer_id,first_name,last_name,email,country,segment,signup_date,credit_limit,active_flag
CUST0000001,Linda,Johnson,linda.johnson760@example.com,France,Wholesale,2020-07-03,2846.34,Y
CUST0000002,Michael,Wright,michael.wright90@example.com,Brazil,Corporate,2018-05-11,15550.61,Y
CUST0000003,Susan,Anderson,susan.anderson518@example.com,Brazil,Retail,2024-04-17,7083.73,Y
CUST0000004,Liam,Clark,liam.clark226@example.com,China,VIP,2021-02-13,5064.71,Y
CUST0000005,James,Hernandez,james.hernandez715@example.com,India,E-Commerce,2021-02-12,1348.12,Y
CUST0000006,Fatima,Miller,fatima.miller95@example.com,India,Retail,2022-01-10,1347.98,Y
CUST0000007,Thomas,Williams,thomas.williams748@example.com,China,VIP,2019-05-27,799.19,N
CUST0000008,Raj,Garcia,raj.garcia566@example.com,France,VIP,2022-01-21,10556.15,Y
CUST0000009,John,Williams,john.williams678@example.com,Germany,E-Commerce,2018-11-23,5095.41,Y
CUST0000010,Michael,Harris,michael.harris285@example.com,China,E-Commerce,2019-10-29,6656.25,Y
CUST0000011,Susan,Moore,,South Africa,Retail,2024-10-31,604.0,Y
CUST0000012,Liam,Thomas,liam.thomas168@example.com,China,Corporate,2021-01-10,18017.79,N
CUST0000013,Olivia,Anderson,olivia.anderson702@example.com,UAE,Retail,2020-07-27,9432.15,Y
CUST0000014,Ahmed,Sanchez,ahmed.sanchez275@example.com,Canada,Wholesale,2024-05-12,1693.44,Y
CUST0000015,Ahmed,Wilson,ahmed.wilson672@example.com,China,Corporate,2025-03-18,1503.39,Y
CUST0000016,Thomas,Rodriguez,thomas.rodriguez253@example.com,Mexico,VIP,2024-01-17,1513.06,Y
CUST0000017,Sofia,Sanchez,sofia.sanchez371@example.com,Germany,Wholesale,2023-09-19,2313.77,Y
CUST0000018,Patricia,Davis,patricia.davis157@example.com,Australia,Wholesale,2025-08-19,4219.64,Y
CUST0000019,John,Harris,john.harris391@example.com,Brazil,Corporate,2023-12-08,3327.69,Y
CUST0000020,Olivia,Smith,olivia.smith697@example.com,Mexico,Retail,2025-08-24,2221.11,Y
CUST0000021,Sarah,Perez,sarah.perez115@example.com,France,Corporate,2019-10-10,5231.85,Y
CUST0000022,Thomas,Allen,thomas.allen781@example.com,UK,VIP,2019-03-12,1251.17,Y
CUST0000023,Karen,Allen,karen.allen624@example.com,Germany,Wholesale,2022-03-12,2227.58,Y
CUST0000024,Liam,King,liam.king941@example.com,USA,VIP,2021-08-20,2781.39,Y
CUST0000025,Linda,,linda.white900@example.com,Singapore,E-Commerce,2020-09-07,3544.67,Y
CUST0000026,Jennifer,Garcia,jennifer.garcia750@example.com,China,Retail,2026-07-13,8189.68,Y
CUST0000027,William,Rodriguez,william.rodriguez676@example.com,China,VIP,2019-11-08,1613.68,Y
CUST0000028,Sofia,Wilson,sofia.wilson952@example.com,Japan,Wholesale,2025-12-30,4110.15,Y
CUST0000029,Mei,Lewis,mei.lewis922@example.com,Japan,Corporate,2019-05-11,4987.52,Y
CUST0000030,John,Perez,john.perez22@example.com,Brazil,VIP,2020-07-31,737.82,Y
CUST0000031,James,Jones,james.jones725@example.com,Australia,Retail,2020-07-26,5176.67,Y
CUST0000032,Robert,Perez,robert.perez73@example.com,Japan,Wholesale,2021-02-14,1434.81,Y
CUST0000033,Susan,Wright,susan.wright136@example.com,Mexico,VIP,2024-06-18,836.32,Y
CUST0000034,Yuki,Clark,yuki.clark195@example.com,Canada,Retail,2025-05-23,15368.44,Y
CUST0000035,Sofia,Clark,sofia.clark479@example.com,Singapore,Retail,2025-07-21,17353.15,Y
CUST0000036,Michael,Brown,michael.brown413@example.com,Mexico,E-Commerce,2019-03-24,8761.66,Y
CUST0000037,Richard,Wright,richard.wright460@example.com,UK,Corporate,2020-01-22,2316.44,Y
CUST0000038,Jessica,Jones,jessica.jones454@example.com,Saudi Arabia,VIP,2019-02-06,1013.89,Y
CUST0000039,Liam,Smith,liam.smith993@example.com,Canada,Wholesale,2019-11-13,6263.75,Y
CUST0000040,Yuki,Wilson,yuki.wilson886@example.com,India,Retail,2019-11-06,3400.45,Y
CUST0000041,Raj,Taylor,raj.taylor949@example.com,Saudi Arabia,Corporate,2021-03-14,1150.76,Y
CUST0000042,Olivia,Young,olivia.young159@example.com,Germany,E-Commerce,2020-06-10,3917.74,N
CUST0000043,Liam,Brown,,UAE,Retail,2018-07-25,674.97,Y
CUST0000044,Omar,King,omar.king162@example.com,USA,VIP,2018-11-25,12502.11,Y
CUST0000045,John,Jones,john.jones692@example.com,Singapore,Wholesale,2022-07-12,1997.29,Y
CUST0000046,Jessica,Williams,jessica.williams635@example.com,Canada,Corporate,2025-05-16,5931.28,Y
CUST0000047,Layla,Lee,layla.lee958@example.com,France,Wholesale,2025-07-06,2367.73,Y
CUST0000048,Jessica,Taylor,jessica.taylor406@example.com,UK,E-Commerce,2023-02-16,4170.55,Y
CUST0000049,John,Smith,john.smith470@example.com,Brazil,VIP,2019-02-14,4456.12,Y
CUST0000050,Susan,Allen,susan.allen272@example.com,UK,E-Commerce,2018-10-09,1521.94,Y
CUST0000051,Mei,Jackson,mei.jackson162@example.com,China,VIP,2025-11-21,17964.04,Y
CUST0000052,Layla,Smith,layla.smith684@example.com,Singapore,VIP,2021-05-11,7961.23,N
CUST0000053,Michael,Rodriguez,michael.rodriguez271@example.com,Canada,Retail,2026-04-29,14525.47,Y
CUST0000054,Sarah,Jackson,sarah.jackson620@example.com,Germany,E-Commerce,2020-04-13,11760.76,Y
CUST0000055,Thomas,Allen,thomas.allen501@example.com,France,Retail,2019-01-14,5055.27,Y
CUST0000056,Sarah,Williams,sarah.williams4@example.com,UAE,Wholesale,2025-02-22,13247.18,N
CUST0000057,David,Lewis,david.lewis565@example.com,Mexico,Corporate,2024-04-16,963.28,Y
CUST0000058,John,Martinez,,USA,E-Commerce,2024-07-13,1590.67,Y
CUST0000059,Sofia,Rodriguez,sofia.rodriguez43@example.com,France,E-Commerce,2018-06-13,731.41,Y
CUST0000060,Susan,Thomas,not_an_email,Canada,E-Commerce,2024-04-12,2467.66,Y
CUST0000061,Carlos,Martinez,carlos.martinez948@example.com,South Africa,Wholesale,2019-10-28,2960.65,N
CUST0000062,Barbara,Clark,barbara.clark26@example.com,UK,E-Commerce,2022-08-14,2082.8,Y
CUST0000063,Jessica,Moore,jessica.moore164@example.com,Saudi Arabia,Retail,2022-04-16,9322.79,Y
CUST0000064,Yuki,Anderson,yuki.anderson205@example.com,Singapore,Corporate,2021-12-03,2706.13,Y
CUST0000065,Joseph,Anderson,joseph.anderson25@example.com,Australia,Wholesale,2022-06-21,2149.01,Y
CUST0000066,John,Moore,john.moore360@example.com,Australia,VIP,2022-06-26,4412.04,Y
CUST0000067,Liam,Perez,liam.perez962@example.com,USA,Retail,2020-12-05,1259.49,Y
CUST0000068,Thomas,Williams,thomas.williams112@example.com,Brazil,Corporate,2021-11-16,8602.42,Y
CUST0000069,Ahmed,Ramirez,ahmed.ramirez621@example.com,Japan,Retail,2022-04-27,887.38,Y
CUST0000070,Richard,Taylor,richard.taylor46@example.com,Mexico,Corporate,2018-01-07,22170.73,Y
CUST0000071,Liam,Gonzalez,not_an_email,India,Retail,2025-06-13,7897.42,N
CUST0000072,Ahmed,Davis,ahmed.davis738@example.com,South Africa,E-Commerce,2023-09-09,1607.7,Y
CUST0000073,Carlos,Lee,carlos.lee413@example.com,Mexico,E-Commerce,2024-03-20,527.69,Y
CUST0000074,Carlos,Harris,carlos.harris694@example.com,Mexico,Wholesale,2024-11-26,8949.48,Y
CUST0000075,Priya,Scott,priya.scott854@example.com,USA,E-Commerce,2021-03-21,6635.48,Y
CUST0000076,Ahmed,Robinson,ahmed.robinson453@example.com,China,Wholesale,2023-09-25,7028.31,Y
CUST0000077,David,Garcia,david.garcia291@example.com,Japan,VIP,2021-10-04,7876.07,Y
CUST0000078,Jessica,Martin,jessica.martin231@example.com,Saudi Arabia,Wholesale,2019-08-27,884.65,Y
CUST0000079,Jessica,Walker,jessica.walker626@example.com,Singapore,Retail,2023-02-09,2719.46,Y
CUST0000080,Richard,Harris,richard.harris507@example.com,India,Wholesale,2019-08-28,1115.75,Y
CUST0000081,James,Miller,james.miller798@example.com,India,Wholesale,2019-12-22,10442.65,Y
CUST0000082,Layla,Robinson,layla.robinson52@example.com,Japan,Wholesale,2019-05-13,5381.51,Y
CUST0000083,Ingrid,King,ingrid.king573@example.com,Brazil,E-Commerce,2026-06-21,2509.09,Y
CUST0000084,Omar,Ramirez,omar.ramirez851@example.com,South Africa,VIP,2023-01-01,828.34,Y
CUST0000085,Yuki,Lewis,yuki.lewis266@example.com,Saudi Arabia,Wholesale,2025-02-24,2362.44,Y
CUST0000086,Layla,Young,layla.young642@example.com,Germany,E-Commerce,2022-12-07,2466.57,Y
CUST0000087,Charles,Thomas,charles.thomas279@example.com,UAE,E-Commerce,2024-01-22,7039.38,Y
CUST0000088,Elizabeth,Anderson,elizabeth.anderson393@example.com,Mexico,Wholesale,2025-12-03,5574.45,Y
CUST0000089,Carlos,Clark,carlos.clark339@example.com,Japan,Corporate,2022-08-31,11411.26,Y
CUST0000090,Carlos,Harris,carlos.harris927@example.com,Saudi Arabia,VIP,2025-10-19,3695.33,Y
CUST0000091,Raj,Walker,raj.walker7@example.com,UAE,E-Commerce,2026-06-14,1136.86,Y
CUST0000092,Carlos,Wright,carlos.wright766@example.com,Mexico,VIP,2024-10-06,6745.63,Y
CUST0000093,Sakura,Anderson,sakura.anderson280@example.com,India,Corporate,2018-04-29,7651.96,Y
CUST0000094,Priya,,priya.hernandez861@example.com,China,Wholesale,2024-12-23,4619.44,Y
CUST0000095,Priya,Johnson,priya.johnson86@example.com,Australia,Corporate,2019-07-10,7869.45,Y
CUST0000096,Barbara,Brown,barbara.brown267@example.com,India,E-Commerce,2020-05-16,3904.07,Y
CUST0000097,Fatima,Harris,fatima.harris285@example.com,Saudi Arabia,Corporate,2020-10-30,4198.39,Y
CUST0000098,Yuki,Johnson,yuki.johnson768@example.com,Japan,Retail,2021-12-04,3289.07,Y
CUST0000099,John,Williams,john.williams773@example.com,USA,Wholesale,2020-03-27,628.74,Y
CUST0000100,Elizabeth,Thomas,elizabeth.thomas130@example.com,China,Retail,2024-04-29,1070.84,N
CUST0000101,Ingrid,Taylor,ingrid.taylor786@example.com,UAE,Wholesale,2024-10-17,659.67,Y
CUST0000102,Linda,Hernandez,linda.hernandez988@example.com,France,Retail,2024-06-28,5558.65,Y
CUST0000103,Karen,Harris,karen.harris407@example.com,Mexico,Wholesale,2018-11-08,2386.98,Y
CUST0000104,Jessica,,jessica.miller714@example.com,Saudi Arabia,E-Commerce,2025-09-03,4052.19,Y
CUST0000105,Linda,Williams,linda.williams356@example.com,Japan,Corporate,2025-06-02,12406.33,Y
CUST0000106,Omar,Perez,omar.perez13@example.com,Singapore,Corporate,2023-07-01,1933.69,Y
CUST0000107,Mei,Robinson,mei.robinson725@example.com,UK,Corporate,2019-12-23,3141.41,Y
CUST0000108,Sarah,Wright,sarah.wright794@example.com,China,Corporate,2022-11-20,7543.75,Y
CUST0000109,Sarah,Lee,sarah.lee873@example.com,Germany,Retail,2021-02-16,1799.03,Y
CUST0000110,Jessica,Robinson,jessica.robinson584@example.com,Brazil,Corporate,2021-10-09,900.52,Y
CUST0000111,Ahmed,Lopez,ahmed.lopez500@example.com,Germany,E-Commerce,2020-11-24,2210.7,Y
CUST0000112,Sarah,Scott,sarah.scott11@example.com,Japan,Wholesale,2018-12-17,1379.04,Y
CUST0000113,Carlos,Young,carlos.young569@example.com,Saudi Arabia,Wholesale,2025-09-29,13774.75,Y
CUST0000114,Sakura,Lewis,sakura.lewis812@example.com,USA,Retail,2021-04-20,8754.44,Y
CUST0000115,Jessica,Martin,jessica.martin680@example.com,Brazil,E-Commerce,2023-04-23,5517.47,Y
CUST0000116,Wei,Ramirez,wei.ramirez764@example.com,Japan,E-Commerce,2021-12-12,10757.6,Y
CUST0000117,Sarah,Martin,sarah.martin258@example.com,Germany,Retail,2026-02-02,8639.84,Y
CUST0000118,Linda,Wright,linda.wright974@example.com,Saudi Arabia,Wholesale,2020-02-24,1532.48,Y
CUST0000119,Yuki,Moore,yuki.moore742@example.com,Brazil,VIP,2024-09-10,11654.07,Y
CUST0000120,Michael,Gonzalez,michael.gonzalez304@example.com,Germany,E-Commerce,2020-01-05,4375.5,Y
CUST0000121,Liam,Rodriguez,liam.rodriguez281@example.com,USA,Retail,2024-03-16,8736.74,Y
CUST0000122,William,Young,william.young106@example.com,Singapore,Retail,2024-06-09,11821.21,Y
CUST0000123,Yuki,Lewis,yuki.lewis349@example.com,UK,Retail,2020-10-31,2413.65,N
CUST0000124,Yuki,Davis,yuki.davis842@example.com,Canada,Corporate,2023-07-08,1082.96,Y
CUST0000125,Patricia,Martinez,patricia.martinez153@example.com,Saudi Arabia,VIP,2021-05-29,1793.43,Y
CUST0000126,Jessica,Davis,jessica.davis572@example.com,Saudi Arabia,Corporate,2024-10-19,3285.29,Y
CUST0000127,Joseph,King,,China,Corporate,2021-05-02,9019.15,Y
CUST0000128,Sofia,Martin,sofia.martin583@example.com,Brazil,Retail,2024-11-02,10356.72,N
CUST0000129,Michael,Wilson,michael.wilson641@example.com,Germany,E-Commerce,2025-05-29,534.88,Y
CUST0000130,Jessica,Lopez,jessica.lopez566@example.com,Canada,Wholesale,2018-01-11,4074.38,Y
CUST0000131,Yuki,Jackson,yuki.jackson34@example.com,Germany,E-Commerce,2025-12-05,3201.37,Y
CUST0000132,Ingrid,Jones,ingrid.jones704@example.com,Germany,E-Commerce,2025-01-04,1755.84,Y
CUST0000133,Richard,Ramirez,richard.ramirez118@example.com,Japan,Wholesale,2025-04-06,1138.4,Y
CUST0000134,Sarah,Martinez,sarah.martinez74@example.com,USA,Wholesale,2021-06-13,2559.54,Y
CUST0000135,Charles,Lewis,charles.lewis128@example.com,China,E-Commerce,2025-11-06,14815.61,Y
CUST0000136,Sarah,Allen,sarah.allen553@example.com,China,Corporate,2018-11-26,2451.92,Y
CUST0000137,Sofia,Lee,sofia.lee619@example.com,France,Retail,2019-01-10,4157.26,Y
CUST0000138,Mary,Moore,mary.moore591@example.com,USA,Wholesale,2023-04-12,6570.43,Y
CUST0000139,Hans,Moore,hans.moore186@example.com,Brazil,Corporate,2025-02-13,2759.87,Y
CUST0000140,Jennifer,Walker,jennifer.walker357@example.com,India,E-Commerce,2021-08-08,18338.99,Y
CUST0000141,David,Perez,david.perez422@example.com,Mexico,Corporate,2021-03-26,16910.05,Y
CUST0000142,Priya,Scott,priya.scott38@example.com,China,Retail,2021-07-12,1950.31,Y
CUST0000143,Linda,Sanchez,linda.sanchez886@example.com,Japan,Retail,2025-05-17,3938.3,Y
CUST0000144,Ingrid,Clark,ingrid.clark56@example.com,Germany,VIP,2022-01-21,2289.65,Y
CUST0000145,Sakura,Lewis,sakura.lewis779@example.com,USA,Wholesale,2020-12-29,2176.25,Y
CUST0000146,Charles,Lewis,charles.lewis902@example.com,Mexico,Corporate,2019-05-13,687.92,Y
CUST0000147,Jessica,Hernandez,jessica.hernandez319@example.com,Japan,Retail,2024-03-12,5202.46,Y
CUST0000148,Joseph,Davis,joseph.davis473@example.com,Canada,Wholesale,2023-08-04,3992.6,N
CUST0000149,Charles,Allen,charles.allen723@example.com,France,Corporate,2023-05-31,764.26,N
CUST0000150,Jessica,Robinson,jessica.robinson565@example.com,UK,Corporate,2020-02-20,2133.13,N
CUST0000151,Omar,Rodriguez,omar.rodriguez885@example.com,Canada,E-Commerce,2022-08-27,12444.3,Y
CUST0000152,Omar,Moore,omar.moore841@example.com,USA,E-Commerce,2026-02-21,1869.3,Y
CUST0000153,Sakura,Martinez,sakura.martinez458@example.com,Japan,Corporate,2021-11-14,1282.65,Y
CUST0000154,Liam,Harris,liam.harris467@example.com,South Africa,E-Commerce,2020-02-12,3861.36,N
CUST0000155,Jessica,Harris,jessica.harris240@example.com,Singapore,Corporate,2018-06-28,21720.18,Y
CUST0000156,Yuki,Harris,yuki.harris396@example.com,Australia,Wholesale,2023-07-22,1885.72,N
CUST0000157,William,Allen,william.allen989@example.com,Brazil,E-Commerce,2019-02-16,6075.78,Y
CUST0000158,Hans,Miller,hans.miller539@example.com,South Africa,Corporate,2018-03-04,7669.44,Y
CUST0000159,Carlos,Martinez,carlos.martinez77@example.com,China,E-Commerce,2021-10-18,1856.67,Y
CUST0000160,Priya,Garcia,priya.garcia873@example.com,UAE,VIP,2022-04-06,7013.74,N
CUST0000161,Sakura,Wright,sakura.wright37@example.com,Brazil,Retail,2020-08-19,2792.61,Y
CUST0000162,Charles,Anderson,charles.anderson765@example.com,Canada,Corporate,2019-02-08,5502.52,Y
CUST0000163,Michael,Lewis,michael.lewis171@example.com,Mexico,E-Commerce,2018-04-29,5519.19,Y
CUST0000164,Patricia,Jackson,patricia.jackson368@example.com,UAE,Corporate,2019-08-20,4336.93,Y
CUST0000165,Carlos,Lopez,carlos.lopez175@example.com,UK,Retail,2024-11-01,973.15,Y
CUST0000166,Jessica,Young,jessica.young935@example.com,Brazil,Wholesale,2020-08-09,9518.22,Y
CUST0000167,Thomas,Robinson,thomas.robinson262@example.com,Australia,Retail,2023-03-21,2434.05,N
CUST0000168,Liam,Hernandez,liam.hernandez76@example.com,China,E-Commerce,2024-08-03,1532.16,Y
CUST0000169,Sofia,Taylor,sofia.taylor468@example.com,Singapore,E-Commerce,2020-03-26,708.15,N
CUST0000170,Yuki,Miller,yuki.miller243@example.com,India,VIP,2022-01-10,4968.89,Y
CUST0000171,Charles,Johnson,charles.johnson850@example.com,Australia,Corporate,2021-01-29,6159.26,Y
CUST0000172,Patricia,Young,patricia.young853@example.com,South Africa,E-Commerce,2020-07-31,583.63,Y
CUST0000173,Wei,Anderson,wei.anderson652@example.com,Germany,VIP,2020-10-23,4088.15,Y
CUST0000174,William,Miller,william.miller926@example.com,Australia,Retail,2021-06-19,1784.12,Y
CUST0000175,Robert,White,robert.white750@example.com,UK,Retail,2021-04-23,5680.62,Y
CUST0000176,Carlos,Lopez,carlos.lopez206@example.com,UK,VIP,2022-02-07,1458.02,Y
CUST0000177,Sarah,Hernandez,sarah.hernandez264@example.com,South Africa,Corporate,2021-04-23,6371.06,Y
CUST0000178,Fatima,Davis,fatima.davis480@example.com,Canada,Wholesale,2026-06-17,2944.79,N
CUST0000179,Priya,Scott,priya.scott375@example.com,Canada,Corporate,2018-02-27,14301.72,Y
CUST0000180,Linda,Robinson,linda.robinson378@example.com,Australia,E-Commerce,2024-07-22,1239.72,Y
CUST0000181,Mei,Miller,mei.miller692@example.com,Germany,Corporate,2018-04-13,2585.66,Y
CUST0000182,Olivia,Lee,olivia.lee938@example.com,Brazil,Wholesale,2025-04-06,1102.22,Y
CUST0000183,Ingrid,Martin,ingrid.martin665@example.com,India,Retail,2019-07-27,13430.95,Y
CUST0000184,Robert,Martin,robert.martin505@example.com,Canada,Retail,2020-08-19,10991.67,Y
CUST0000185,William,Harris,william.harris465@example.com,UAE,VIP,2022-09-13,1991.64,Y
CUST0000186,Elizabeth,Clark,elizabeth.clark671@example.com,Canada,Corporate,2024-11-26,5893.81,Y
CUST0000187,Sarah,Williams,sarah.williams707@example.com,UAE,Wholesale,2022-12-22,8997.42,Y
CUST0000188,Jessica,White,jessica.white102@example.com,Australia,E-Commerce,2024-02-09,4550.66,N
CUST0000189,Wei,Brown,wei.brown408@example.com,France,Wholesale,2019-05-16,4271.4,N
CUST0000190,Ingrid,Garcia,ingrid.garcia679@example.com,Germany,VIP,2018-03-29,1884.39,Y
CUST0000191,Fatima,Thomas,fatima.thomas129@example.com,Saudi Arabia,VIP,2020-04-20,988.63,Y
CUST0000192,Olivia,Wilson,olivia.wilson601@example.com,Germany,Wholesale,2021-09-07,11875.62,Y
CUST0000193,James,Moore,james.moore880@example.com,UK,Wholesale,2024-01-22,12033.87,Y
CUST0000194,Barbara,Davis,barbara.davis677@example.com,Singapore,Retail,2019-06-24,5513.35,Y
CUST0000195,Jessica,Lee,jessica.lee17@example.com,UK,E-Commerce,2018-08-03,2570.23,Y
CUST0000196,Carlos,King,carlos.king117@example.com,Mexico,Retail,2023-05-05,2647.84,Y
CUST0000197,Mei,Allen,mei.allen608@example.com,Canada,Corporate,2023-08-26,6972.33,Y
CUST0000198,Robert,King,robert.king309@example.com,China,Retail,2018-09-07,11870.49,N
CUST0000199,Priya,Ramirez,priya.ramirez703@example.com,Canada,Corporate,2025-12-27,11405.66,N
CUST0000200,John,Garcia,john.garcia330@example.com,Brazil,Wholesale,2018-09-27,8067.81,Y
CUST0000201,Olivia,Lee,olivia.lee391@example.com,Brazil,VIP,2021-04-22,5636.55,Y
CUST0000202,Sofia,Miller,sofia.miller813@example.com,Mexico,Retail,2025-05-05,939.46,Y
CUST0000203,Olivia,Wilson,olivia.wilson441@example.com,China,Wholesale,2022-08-22,1381.47,Y
CUST0000204,Ingrid,Sanchez,ingrid.sanchez426@example.com,Mexico,Retail,2021-07-04,11941.15,Y
CUST0000205,Thomas,White,thomas.white977@example.com,UK,Corporate,2018-10-02,5162.47,Y
CUST0000206,Jennifer,Garcia,jennifer.garcia443@example.com,Canada,E-Commerce,2019-06-17,546.2,Y
CUST0000207,Olivia,Scott,olivia.scott338@example.com,Australia,Retail,2022-08-10,1034.98,Y
CUST0000208,Sofia,Brown,sofia.brown992@example.com,France,VIP,2021-07-03,5945.81,Y
CUST0000209,Omar,Wilson,omar.wilson159@example.com,Australia,Corporate,2020-07-07,525.37,Y
CUST0000210,Wei,Scott,wei.scott377@example.com,Canada,E-Commerce,2024-06-09,1376.58,Y
CUST0000211,Sofia,Scott,sofia.scott998@example.com,Saudi Arabia,VIP,2024-11-18,4478.49,Y
CUST0000212,Olivia,Johnson,olivia.johnson624@example.com,South Africa,E-Commerce,2018-04-29,6386.58,Y
CUST0000213,Karen,Perez,karen.perez360@example.com,USA,Wholesale,2019-08-10,5777.21,Y
CUST0000214,Priya,Jones,priya.jones146@example.com,Mexico,Retail,2019-01-11,1769.75,Y
CUST0000215,Susan,Harris,susan.harris430@example.com,China,E-Commerce,2019-10-07,6727.09,Y
CUST0000216,Ahmed,Garcia,ahmed.garcia905@example.com,USA,Wholesale,2019-10-07,1854.12,Y
CUST0000217,Patricia,Garcia,patricia.garcia279@example.com,China,Corporate,2023-06-13,2468.17,Y
CUST0000218,Carlos,Moore,carlos.moore221@example.com,Saudi Arabia,VIP,2019-04-12,7361.79,Y
CUST0000219,Linda,Jackson,linda.jackson695@example.com,Australia,VIP,2023-06-17,5743.87,Y
CUST0000220,Karen,Williams,karen.williams226@example.com,India,VIP,2018-08-13,9959.78,Y
CUST0000221,Karen,Wilson,karen.wilson786@example.com,UK,E-Commerce,2021-03-31,5859.07,Y
CUST0000222,James,Young,james.young765@example.com,India,Wholesale,2019-06-14,4700.22,Y
CUST0000223,Joseph,Allen,joseph.allen573@example.com,Singapore,E-Commerce,2018-10-23,991.79,Y
CUST0000224,Robert,Ramirez,robert.ramirez20@example.com,China,Retail,2021-07-06,2792.08,Y
CUST0000225,Priya,Clark,priya.clark297@example.com,Canada,Corporate,2018-03-27,2040.8,N
CUST0000226,David,Robinson,david.robinson852@example.com,Mexico,E-Commerce,2018-12-27,1898.5,Y
CUST0000227,Michael,Thomas,michael.thomas447@example.com,Brazil,Corporate,2023-11-17,18561.55,Y
CUST0000228,Karen,Perez,karen.perez227@example.com,UAE,Wholesale,2018-11-09,2996.94,Y
CUST0000229,Linda,King,linda.king523@example.com,Germany,E-Commerce,2021-12-09,11630.28,Y
CUST0000230,Elizabeth,Thomas,elizabeth.thomas106@example.com,UK,E-Commerce,2020-03-19,5486.67,Y
CUST0000231,Elizabeth,Jones,elizabeth.jones182@example.com,Saudi Arabia,Corporate,2023-03-16,8419.13,Y
CUST0000232,Hans,Lee,hans.lee885@example.com,Australia,E-Commerce,2019-09-11,3992.18,Y
CUST0000233,Yuki,Lewis,yuki.lewis647@example.com,France,E-Commerce,2024-08-19,4800.78,Y
CUST0000234,Omar,Jones,omar.jones318@example.com,China,Corporate,2018-06-04,3891.47,Y
CUST0000235,Charles,Jones,charles.jones661@example.com,Singapore,Retail,2024-11-24,1586.07,Y
CUST0000236,Raj,Robinson,raj.robinson595@example.com,Japan,Retail,2023-01-17,6908.81,N
CUST0000237,Richard,Lee,richard.lee620@example.com,China,VIP,2019-09-10,2147.89,N
CUST0000238,Hans,Miller,hans.miller831@example.com,South Africa,E-Commerce,2026-01-04,623.08,Y
CUST0000239,Barbara,Williams,barbara.williams254@example.com,Mexico,Corporate,2022-12-05,5684.84,Y
CUST0000240,David,White,david.white382@example.com,South Africa,E-Commerce,2022-05-06,1474.67,Y
CUST0000241,Fatima,Brown,fatima.brown809@example.com,Australia,E-Commerce,2018-09-27,14605.42,Y
CUST0000242,Olivia,Harris,olivia.harris291@example.com,France,VIP,2019-09-08,15887.81,Y
CUST0000243,Elizabeth,Thompson,elizabeth.thompson318@example.com,Australia,Corporate,2019-06-13,12817.55,Y
CUST0000244,Jennifer,Martin,jennifer.martin573@example.com,India,E-Commerce,2019-06-08,2811.44,Y
CUST0000245,Layla,Garcia,layla.garcia662@example.com,Australia,Corporate,2023-09-14,577.89,Y
CUST0000246,Mei,Martin,mei.martin185@example.com,Germany,E-Commerce,2026-08-05,13677.62,Y
CUST0000247,Joseph,Rodriguez,joseph.rodriguez159@example.com,Canada,E-Commerce,2019-02-19,3294.69,Y
CUST0000248,Liam,King,liam.king39@example.com,Australia,E-Commerce,2026-08-05,17504.21,Y
CUST0000249,Raj,Martinez,raj.martinez167@example.com,UK,VIP,2019-11-10,17068.68,Y
CUST0000250,Robert,Clark,robert.clark374@example.com,Australia,Wholesale,2022-12-25,10086.94,Y
CUST0000251,Hans,Anderson,hans.anderson547@example.com,Germany,E-Commerce,2023-04-06,2243.88,N
CUST0000252,Richard,,richard.white695@example.com,Brazil,Corporate,2023-03-07,2931.46,Y
CUST0000253,Raj,Allen,raj.allen541@example.com,India,Wholesale,2020-03-28,10023.63,Y
CUST0000254,William,Taylor,william.taylor54@example.com,Australia,Corporate,2022-03-01,2405.73,Y
CUST0000255,Michael,King,michael.king872@example.com,Canada,E-Commerce,2018-12-10,1428.59,Y
CUST0000256,Sarah,Lewis,sarah.lewis928@example.com,Japan,Wholesale,2022-11-27,4568.68,Y
CUST0000257,Joseph,Lewis,joseph.lewis906@example.com,UAE,Retail,2022-08-27,14256.47,Y
CUST0000258,Omar,White,omar.white242@example.com,India,Retail,2022-03-16,6454.13,Y
CUST0000259,Ahmed,Miller,ahmed.miller860@example.com,Mexico,E-Commerce,2019-08-22,4720.56,Y
CUST0000260,Charles,Walker,charles.walker713@example.com,Singapore,Wholesale,2026-07-06,1011.14,Y
CUST0000261,Hans,Smith,hans.smith928@example.com,Canada,Retail,2020-11-14,5272.65,Y
CUST0000262,Elizabeth,Scott,elizabeth.scott963@example.com,Mexico,VIP,2023-12-02,23552.85,Y
CUST0000263,Charles,Thomas,charles.thomas309@example.com,Canada,Retail,2020-09-03,1254.6,Y
CUST0000264,Ingrid,Jones,ingrid.jones114@example.com,Singapore,Corporate,2024-09-10,4152.48,Y
CUST0000265,Omar,Thomas,omar.thomas736@example.com,UK,E-Commerce,2022-10-25,10993.04,Y
CUST0000266,Wei,Thomas,wei.thomas585@example.com,India,Wholesale,2025-06-14,7250.17,Y
CUST0000267,Layla,White,layla.white70@example.com,Japan,VIP,2023-09-10,6470.37,Y
CUST0000268,Omar,Scott,omar.scott21@example.com,India,Corporate,2018-06-28,6561.44,Y
CUST0000269,Mei,Taylor,mei.taylor766@example.com,USA,E-Commerce,2018-10-04,2727.46,Y
CUST0000270,Michael,Perez,michael.perez137@example.com,USA,E-Commerce,2024-02-15,2237.81,Y
CUST0000271,Barbara,Robinson,barbara.robinson713@example.com,China,Wholesale,2019-07-07,8786.87,Y
CUST0000272,Ingrid,Williams,ingrid.williams301@example.com,Germany,Retail,2020-03-28,8806.64,Y
CUST0000273,Ahmed,Martin,ahmed.martin528@example.com,India,VIP,2023-04-24,10589.75,Y
CUST0000274,Richard,Jackson,richard.jackson366@example.com,Singapore,Retail,2025-05-09,12723.08,Y
CUST0000275,Linda,White,linda.white448@example.com,South Africa,Corporate,2026-05-03,4080.47,Y
CUST0000276,Raj,Perez,raj.perez998@example.com,UK,Corporate,2025-10-05,3980.92,Y
CUST0000277,Layla,Moore,layla.moore821@example.com,Canada,Corporate,2018-11-20,8504.75,Y
CUST0000278,Barbara,Wright,barbara.wright301@example.com,UAE,Retail,2018-11-24,5748.6,Y
CUST0000279,Charles,Martin,charles.martin457@example.com,Brazil,Corporate,2019-11-14,6552.75,Y
CUST0000280,Wei,Lewis,wei.lewis44@example.com,Mexico,E-Commerce,2024-11-23,8443.1,N
CUST0000281,Sarah,Brown,sarah.brown77@example.com,Australia,Corporate,2022-01-28,11536.62,Y
CUST0000282,David,Johnson,david.johnson147@example.com,Singapore,VIP,2025-08-09,2562.41,Y
CUST0000283,Robert,Rodriguez,robert.rodriguez69@example.com,Germany,E-Commerce,2022-01-23,2854.68,Y
CUST0000284,Robert,,robert.martinez696@example.com,China,E-Commerce,2022-03-04,993.48,Y
CUST0000285,John,Rodriguez,john.rodriguez543@example.com,UAE,Corporate,2021-07-11,4817.07,Y
CUST0000286,Jessica,Davis,jessica.davis27@example.com,Mexico,Wholesale,2023-08-07,683.02,Y
CUST0000287,Olivia,Davis,olivia.davis269@example.com,Saudi Arabia,E-Commerce,2025-11-23,3633.03,Y
CUST0000288,Charles,Young,charles.young205@example.com,Canada,Wholesale,2018-10-31,4411.47,Y
CUST0000289,Hans,Garcia,hans.garcia830@example.com,Australia,E-Commerce,2025-06-28,2188.15,Y
CUST0000290,John,Scott,john.scott556@example.com,France,E-Commerce,2019-10-08,4968.16,Y
CUST0000291,Barbara,White,barbara.white521@example.com,Germany,Retail,2020-04-03,654.88,Y
CUST0000292,Jessica,Young,jessica.young27@example.com,UAE,VIP,2024-06-02,690.32,Y
CUST0000293,Olivia,Rodriguez,olivia.rodriguez627@example.com,South Africa,Retail,2018-09-27,9146.76,Y
CUST0000294,Yuki,King,yuki.king421@example.com,Saudi Arabia,Corporate,2024-06-12,2732.93,Y
CUST0000295,Ahmed,Jones,ahmed.jones461@example.com,China,VIP,2021-11-12,1179.45,Y
CUST0000296,Olivia,Lopez,olivia.lopez787@example.com,UK,Corporate,2023-08-22,4193.27,N
CUST0000297,Patricia,Davis,patricia.davis531@example.com,UK,E-Commerce,2019-11-06,7848.24,Y
CUST0000298,Joseph,Thompson,joseph.thompson971@example.com,Japan,E-Commerce,2018-11-20,1715.59,Y
CUST0000299,Olivia,Moore,olivia.moore129@example.com,Australia,E-Commerce,2024-11-21,5376.1,Y
CUST0000300,Omar,Hernandez,omar.hernandez607@example.com,Brazil,Wholesale,2019-12-03,946.06,Y
CUST0000301,Fatima,Williams,fatima.williams846@example.com,Singapore,Retail,2018-11-29,765.33,Y
CUST0000302,Thomas,Wilson,thomas.wilson786@example.com,Brazil,Corporate,2024-12-06,4289.54,Y
CUST0000303,Sakura,Wright,sakura.wright297@example.com,Australia,E-Commerce,2023-06-02,4389.55,Y
CUST0000304,Priya,Martin,priya.martin465@example.com,Canada,Retail,2019-10-10,5572.69,Y
CUST0000305,Yuki,Robinson,yuki.robinson209@example.com,UAE,VIP,2019-08-12,6974.8,Y
CUST0000306,Ahmed,Thompson,ahmed.thompson999@example.com,India,Wholesale,2026-07-13,19117.79,Y
CUST0000307,Olivia,Miller,olivia.miller327@example.com,Germany,Corporate,2019-05-17,4131.46,Y
CUST0000308,Jessica,Martinez,jessica.martinez100@example.com,USA,E-Commerce,2022-04-23,2450.1,Y
CUST0000309,Carlos,Thomas,carlos.thomas986@example.com,Singapore,Wholesale,2021-09-03,8428.27,N
CUST0000310,Ahmed,Gonzalez,ahmed.gonzalez782@example.com,UK,Corporate,2023-10-10,2079.26,Y
CUST0000311,Karen,Young,karen.young24@example.com,Canada,Corporate,2023-09-02,3389.92,Y
CUST0000312,Jessica,Wilson,jessica.wilson598@example.com,UAE,Retail,2018-07-27,908.53,Y
CUST0000313,Yuki,Jackson,yuki.jackson550@example.com,USA,Retail,2022-11-01,628.39,Y
CUST0000314,Thomas,White,thomas.white783@example.com,India,E-Commerce,2018-07-05,16936.9,Y
CUST0000315,Olivia,Gonzalez,olivia.gonzalez372@example.com,Japan,E-Commerce,2018-10-29,9538.84,Y
CUST0000316,Hans,Scott,hans.scott287@example.com,Singapore,VIP,2025-08-18,6453.21,Y
CUST0000317,William,Miller,william.miller404@example.com,UAE,E-Commerce,2024-04-03,3129.3,N
CUST0000318,Elizabeth,Gonzalez,elizabeth.gonzalez617@example.com,Japan,Corporate,2023-08-11,1451.53,Y
CUST0000319,Robert,Rodriguez,robert.rodriguez731@example.com,UAE,Corporate,2023-10-29,1350.6,Y
CUST0000320,Omar,Rodriguez,omar.rodriguez336@example.com,South Africa,VIP,2021-07-28,1940.03,Y
CUST0000321,Karen,Perez,karen.perez520@example.com,Singapore,VIP,2023-12-21,4483.95,Y
CUST0000322,Karen,Walker,karen.walker836@example.com,USA,E-Commerce,2021-09-18,6769.25,Y
CUST0000323,Carlos,Martin,,South Africa,Retail,2024-09-10,5896.95,Y
CUST0000324,Joseph,Brown,joseph.brown598@example.com,China,Wholesale,2023-11-18,2142.06,Y
CUST0000325,Raj,Martinez,raj.martinez842@example.com,Australia,Wholesale,2018-05-10,15990.52,Y
CUST0000326,Linda,Gonzalez,linda.gonzalez20@example.com,China,E-Commerce,2022-09-12,7195.09,Y
CUST0000327,Susan,Clark,susan.clark514@example.com,Saudi Arabia,VIP,2023-04-16,4541.15,Y
CUST0000328,Patricia,Rodriguez,patricia.rodriguez532@example.com,Germany,VIP,2021-08-24,5230.15,N
CUST0000329,Yuki,King,yuki.king386@example.com,UAE,Wholesale,2023-02-26,3220.19,N
CUST0000330,Fatima,Wright,fatima.wright363@example.com,Australia,E-Commerce,2024-11-03,1923.31,Y
CUST0000331,Jessica,Moore,jessica.moore572@example.com,France,Wholesale,2021-05-04,2700.07,Y
CUST0000332,Susan,Young,susan.young325@example.com,China,E-Commerce,2024-04-14,7590.91,N
CUST0000333,Sarah,Jackson,sarah.jackson125@example.com,Brazil,VIP,2022-04-05,572.49,Y
CUST0000334,Priya,Thompson,priya.thompson978@example.com,Saudi Arabia,Wholesale,2021-04-04,1116.9,Y
CUST0000335,Jennifer,Thompson,jennifer.thompson947@example.com,China,E-Commerce,2026-05-20,735.47,Y
CUST0000336,Richard,Wright,richard.wright278@example.com,South Africa,VIP,2025-10-22,707.91,Y
CUST0000337,Michael,Thomas,michael.thomas249@example.com,USA,VIP,2020-07-13,10171.02,Y
CUST0000338,Patricia,Miller,patricia.miller424@example.com,UAE,Corporate,2019-02-16,6581.2,Y
CUST0000339,William,Smith,william.smith988@example.com,Japan,Wholesale,2022-07-25,3713.92,Y
CUST0000340,Yuki,Walker,yuki.walker667@example.com,Germany,E-Commerce,2021-08-08,1014.78,Y
CUST0000341,Patricia,Garcia,patricia.garcia668@example.com,Brazil,Wholesale,2024-01-01,3882.59,Y
CUST0000342,Robert,Lopez,robert.lopez428@example.com,South Africa,Wholesale,2018-05-29,3707.25,N
CUST0000343,Priya,Young,priya.young191@example.com,South Africa,E-Commerce,2018-06-03,1450.97,Y
CUST0000344,Michael,Perez,michael.perez292@example.com,China,VIP,2023-11-18,3344.5,Y
CUST0000345,William,,william.allen480@example.com,France,Wholesale,2019-04-07,3041.68,Y
CUST0000346,Ingrid,Taylor,ingrid.taylor736@example.com,UK,Retail,2026-04-06,5283.61,Y
CUST0000347,Charles,Gonzalez,charles.gonzalez180@example.com,Brazil,Corporate,2022-10-18,5540.57,Y
CUST0000348,Jennifer,Sanchez,jennifer.sanchez686@example.com,Canada,Wholesale,2019-07-30,731.81,Y
CUST0000349,Jessica,Smith,jessica.smith268@example.com,India,Wholesale,2023-01-04,2846.92,Y
CUST0000350,Fatima,Martin,fatima.martin597@example.com,Mexico,VIP,2018-02-16,5415.62,Y
CUST0000351,Mei,,mei.thomas64@example.com,Australia,Retail,2023-03-22,3997.2,Y
CUST0000352,Priya,Allen,priya.allen946@example.com,South Africa,E-Commerce,2025-09-28,10206.75,Y
CUST0000353,Charles,White,charles.white630@example.com,Germany,Wholesale,2019-07-02,5874.87,Y
CUST0000354,Ingrid,White,ingrid.white426@example.com,Mexico,VIP,2023-04-13,1389.26,Y
CUST0000355,Susan,Thomas,susan.thomas697@example.com,Saudi Arabia,VIP,2018-12-02,865.91,Y
CUST0000356,Layla,White,layla.white80@example.com,South Africa,VIP,2019-04-05,5641.97,Y
CUST0000357,Olivia,Allen,olivia.allen208@example.com,Brazil,VIP,2019-09-06,634.35,Y
CUST0000358,Layla,Lewis,layla.lewis120@example.com,Australia,Wholesale,2026-01-15,4906.74,Y
CUST0000359,Jennifer,Allen,jennifer.allen457@example.com,Saudi Arabia,Retail,2023-02-01,14586.28,Y
CUST0000360,Carlos,Robinson,carlos.robinson578@example.com,USA,VIP,2023-03-09,4783.91,Y
CUST0000361,Karen,Johnson,karen.johnson406@example.com,France,Retail,2026-05-13,2956.5,Y
CUST0000362,John,Williams,john.williams434@example.com,UAE,Retail,2024-01-26,5654.14,N
CUST0000363,John,Walker,john.walker33@example.com,France,Corporate,2020-01-08,3564.78,Y
CUST0000364,Carlos,White,carlos.white913@example.com,India,Corporate,2022-03-27,4444.07,Y
CUST0000365,Liam,Rodriguez,liam.rodriguez670@example.com,Singapore,E-Commerce,2019-05-01,14690.64,Y
CUST0000366,Liam,Sanchez,liam.sanchez542@example.com,UK,Wholesale,2018-01-15,2939.64,Y
CUST0000367,Karen,Robinson,karen.robinson690@example.com,Mexico,VIP,2022-10-04,16745.46,Y
CUST0000368,Joseph,Thomas,joseph.thomas472@example.com,UAE,Wholesale,2021-02-03,12287.88,Y
CUST0000369,Linda,Williams,linda.williams829@example.com,Australia,Corporate,2024-11-23,1589.48,Y
CUST0000370,Mary,Thomas,mary.thomas212@example.com,Canada,Retail,2024-08-29,859.42,Y
CUST0000371,Patricia,Thomas,patricia.thomas759@example.com,USA,Corporate,2022-12-03,1031.13,Y
CUST0000372,Susan,Brown,susan.brown144@example.com,Japan,E-Commerce,2020-08-17,591.95,Y
CUST0000373,Ahmed,Lee,ahmed.lee243@example.com,France,Wholesale,2025-05-28,996.03,Y
CUST0000374,Carlos,Martin,carlos.martin282@example.com,USA,VIP,2024-08-20,6244.37,Y
CUST0000375,Barbara,Ramirez,barbara.ramirez570@example.com,China,Retail,2021-11-11,869.25,N
CUST0000376,Raj,King,raj.king327@example.com,Mexico,Corporate,2022-07-31,2420.79,Y
CUST0000377,Raj,Lopez,raj.lopez773@example.com,Japan,Corporate,2020-09-14,9817.63,Y
CUST0000378,Karen,Martinez,karen.martinez826@example.com,China,Retail,2024-04-22,617.74,Y
CUST0000379,Carlos,Scott,carlos.scott543@example.com,UK,Corporate,2020-09-21,8922.65,Y
CUST0000380,Fatima,Garcia,fatima.garcia945@example.com,China,E-Commerce,2019-01-14,2155.42,Y
CUST0000381,Richard,Brown,richard.brown275@example.com,India,VIP,2024-10-05,1128.75,Y
CUST0000382,John,Gonzalez,john.gonzalez824@example.com,Saudi Arabia,VIP,2026-02-14,6465.78,Y
CUST0000383,Susan,Walker,susan.walker214@example.com,Singapore,E-Commerce,2021-05-26,5457.0,N
CUST0000384,James,Wilson,james.wilson960@example.com,Germany,Retail,2026-05-18,10997.08,N
CUST0000385,Yuki,Thomas,yuki.thomas713@example.com,Brazil,Wholesale,2022-06-13,7141.47,N
CUST0000386,Olivia,Lee,olivia.lee795@example.com,France,Corporate,2023-03-25,8634.98,Y
CUST0000387,Wei,Martin,wei.martin268@example.com,UAE,VIP,2023-07-30,2156.67,Y
CUST0000388,Yuki,Lee,yuki.lee937@example.com,Germany,E-Commerce,2021-07-05,1476.67,Y
CUST0000389,Joseph,Martinez,joseph.martinez17@example.com,France,VIP,2024-07-20,7443.78,Y
CUST0000390,Carlos,Jackson,carlos.jackson157@example.com,Germany,E-Commerce,2020-07-31,8721.05,Y
CUST0000391,Jessica,Young,jessica.young564@example.com,Australia,E-Commerce,2020-11-20,23785.02,Y
CUST0000392,Sakura,Young,sakura.young472@example.com,UK,E-Commerce,2019-11-25,3160.4,Y
CUST0000393,Liam,Young,liam.young189@example.com,South Africa,VIP,2025-03-13,2826.22,N
CUST0000394,Layla,Williams,layla.williams860@example.com,Singapore,Retail,2025-06-30,7989.77,Y
CUST0000395,James,Clark,james.clark141@example.com,Singapore,Wholesale,2018-10-06,2583.67,Y
CUST0000396,James,Wilson,james.wilson518@example.com,China,E-Commerce,2018-09-05,13850.69,Y
CUST0000397,Yuki,Young,yuki.young17@example.com,USA,VIP,2024-03-09,10274.2,Y
CUST0000398,Mary,King,mary.king740@example.com,France,VIP,2021-03-20,3301.78,Y
CUST0000399,Sofia,Lopez,sofia.lopez110@example.com,South Africa,Retail,2023-11-18,7448.92,Y
CUST0000400,Richard,King,richard.king259@example.com,Singapore,E-Commerce,2020-12-30,7523.16,Y
CUST0000401,Jennifer,White,jennifer.white983@example.com,India,Corporate,2024-05-03,1044.19,Y
CUST0000402,Joseph,Martin,joseph.martin701@example.com,Singapore,Retail,2025-05-01,12142.23,N
CUST0000403,Robert,Garcia,robert.garcia416@example.com,India,Corporate,2024-03-13,4018.54,Y
CUST0000404,James,Hernandez,james.hernandez85@example.com,China,Corporate,2025-03-26,9256.66,Y
CUST0000405,Michael,King,michael.king942@example.com,USA,Wholesale,2020-05-15,2428.68,N
CUST0000406,Yuki,Moore,yuki.moore48@example.com,South Africa,Retail,2025-09-04,11793.95,N
CUST0000407,Liam,Williams,liam.williams184@example.com,South Africa,E-Commerce,2018-03-06,2964.94,N
CUST0000408,Elizabeth,Sanchez,elizabeth.sanchez952@example.com,Canada,E-Commerce,2019-10-28,554.48,Y
CUST0000409,Raj,Wright,raj.wright340@example.com,India,Wholesale,2025-09-24,12289.54,Y
CUST0000410,Omar,Thompson,omar.thompson55@example.com,Canada,Corporate,2020-08-08,978.63,Y
CUST0000411,Fatima,Sanchez,fatima.sanchez993@example.com,Saudi Arabia,E-Commerce,2018-05-02,2423.27,Y
CUST0000412,Hans,Young,hans.young234@example.com,UAE,VIP,2022-03-18,15484.86,Y
CUST0000413,Raj,Garcia,raj.garcia791@example.com,Brazil,E-Commerce,2020-10-06,15539.75,Y
CUST0000414,Jennifer,Moore,jennifer.moore158@example.com,India,Wholesale,2026-04-18,4759.99,Y
CUST0000415,Mei,Miller,mei.miller94@example.com,USA,E-Commerce,2022-12-27,5496.15,Y
CUST0000416,Sarah,Miller,sarah.miller136@example.com,Canada,Wholesale,2022-11-01,3475.07,Y
CUST0000417,Olivia,Allen,olivia.allen418@example.com,Canada,Retail,2019-01-03,2235.11,Y
CUST0000418,Jennifer,Lee,jennifer.lee885@example.com,India,Retail,2021-04-10,2492.43,Y
CUST0000419,Jennifer,Scott,jennifer.scott927@example.com,Germany,VIP,2023-11-05,6081.62,Y
CUST0000420,Raj,Hernandez,raj.hernandez143@example.com,France,E-Commerce,2021-01-04,7479.19,Y
CUST0000421,John,Hernandez,john.hernandez446@example.com,France,Corporate,2021-05-12,8340.98,Y
CUST0000422,John,White,john.white258@example.com,Germany,Corporate,2024-08-29,8294.16,Y
CUST0000423,Ingrid,Miller,ingrid.miller139@example.com,France,Retail,2022-06-09,978.18,Y
CUST0000424,Raj,Perez,raj.perez451@example.com,UAE,Corporate,2025-04-20,3910.25,N
CUST0000425,William,,william.martin329@example.com,Brazil,Wholesale,2023-05-17,796.41,Y
CUST0000426,Priya,Lee,priya.lee299@example.com,Mexico,Corporate,2024-06-16,4487.31,Y
CUST0000427,Ahmed,Harris,ahmed.harris288@example.com,Singapore,Corporate,2022-02-04,3412.78,Y
CUST0000428,Richard,Wright,richard.wright185@example.com,Australia,VIP,2018-04-21,11433.09,N
CUST0000429,Ingrid,Wilson,ingrid.wilson449@example.com,Saudi Arabia,E-Commerce,2025-10-08,2660.96,Y
CUST0000430,Carlos,Young,carlos.young143@example.com,Australia,E-Commerce,2020-09-18,1122.53,Y
CUST0000431,Elizabeth,Ramirez,elizabeth.ramirez809@example.com,India,Retail,2023-01-14,1271.54,N
CUST0000432,Yuki,Sanchez,yuki.sanchez548@example.com,Japan,Corporate,2024-02-05,7667.15,Y
CUST0000433,Mei,Wright,,Australia,Retail,2019-03-24,5314.53,Y
CUST0000434,Wei,Hernandez,wei.hernandez663@example.com,Brazil,Retail,2024-04-25,1033.04,N
CUST0000435,Priya,Perez,priya.perez989@example.com,Saudi Arabia,Corporate,2019-03-10,939.28,Y
CUST0000436,Thomas,Anderson,thomas.anderson523@example.com,Mexico,VIP,2024-04-04,6536.04,Y
CUST0000437,Joseph,Lewis,joseph.lewis384@example.com,India,Corporate,2025-08-15,877.73,Y
CUST0000438,Omar,Martinez,omar.martinez354@example.com,USA,Corporate,2019-03-05,9125.93,Y
CUST0000439,Jennifer,Davis,jennifer.davis852@example.com,Mexico,Wholesale,2021-11-27,6625.0,Y
CUST0000440,Ingrid,Wilson,ingrid.wilson534@example.com,China,E-Commerce,2023-05-05,924.24,Y
CUST0000441,Hans,Lee,hans.lee69@example.com,France,Retail,2025-12-21,943.27,Y
CUST0000442,Fatima,Miller,fatima.miller694@example.com,Saudi Arabia,Wholesale,2026-04-22,22077.29,Y
CUST0000443,Barbara,Scott,barbara.scott164@example.com,UAE,VIP,2022-10-13,2844.19,N
CUST0000444,Joseph,Sanchez,joseph.sanchez645@example.com,UK,Wholesale,2025-03-08,2815.28,Y
CUST0000445,Priya,Johnson,priya.johnson756@example.com,Brazil,Wholesale,2023-01-16,8877.88,Y
CUST0000446,Raj,Smith,raj.smith722@example.com,Germany,Wholesale,2021-02-14,15210.82,Y
CUST0000447,John,Miller,john.miller819@example.com,Singapore,VIP,2020-02-05,21843.87,Y
CUST0000448,Richard,Robinson,richard.robinson117@example.com,France,Corporate,2023-12-02,7499.5,N
CUST0000449,Ahmed,Harris,ahmed.harris626@example.com,India,VIP,2019-04-13,2860.1,Y
CUST0000450,Ingrid,Lopez,ingrid.lopez834@example.com,Australia,E-Commerce,2024-11-21,935.97,Y
CUST0000451,William,Lee,william.lee121@example.com,Germany,E-Commerce,2019-04-25,8006.21,Y
CUST0000452,Elizabeth,Allen,elizabeth.allen398@example.com,India,VIP,2019-07-19,4586.8,Y
CUST0000453,Sofia,Lopez,sofia.lopez499@example.com,Australia,VIP,2025-10-11,3260.17,N
CUST0000454,Barbara,Scott,barbara.scott171@example.com,China,E-Commerce,2019-07-29,12341.19,Y
CUST0000455,Hans,Brown,hans.brown887@example.com,UAE,Retail,2023-06-08,1089.4,Y
CUST0000456,Raj,Scott,raj.scott518@example.com,Australia,Corporate,2022-08-03,3892.53,Y
CUST0000457,Carlos,Lewis,carlos.lewis501@example.com,UK,Retail,2024-05-04,557.09,Y
CUST0000458,Joseph,Jackson,joseph.jackson34@example.com,France,Wholesale,2024-01-12,3661.77,Y
CUST0000459,Ingrid,Young,ingrid.young563@example.com,Japan,Retail,2024-06-03,789.75,Y
CUST0000460,Liam,White,liam.white556@example.com,Singapore,Retail,2026-07-10,1132.45,Y
CUST0000461,Liam,Wilson,liam.wilson436@example.com,Canada,Wholesale,2021-05-04,1125.13,Y
CUST0000462,Robert,Lewis,robert.lewis270@example.com,UAE,Retail,2022-12-04,5737.84,Y
CUST0000463,Linda,Thomas,linda.thomas215@example.com,Saudi Arabia,VIP,2025-09-23,7352.99,Y
CUST0000464,Sofia,Hernandez,sofia.hernandez631@example.com,UK,Wholesale,2020-04-27,4877.77,Y
CUST0000465,Wei,Wright,wei.wright288@example.com,Brazil,VIP,2019-11-21,16873.6,Y
CUST0000466,Charles,Jackson,charles.jackson587@example.com,France,VIP,2025-08-14,2848.98,Y
CUST0000467,William,Clark,william.clark941@example.com,USA,E-Commerce,2025-05-10,2182.35,Y
CUST0000468,William,Thomas,william.thomas150@example.com,Mexico,E-Commerce,2020-10-10,10647.51,Y
CUST0000469,Priya,Young,priya.young146@example.com,Brazil,E-Commerce,2025-01-15,1765.41,Y
CUST0000470,Hans,Jones,hans.jones649@example.com,Saudi Arabia,Retail,2022-07-09,17014.35,Y
CUST0000471,Sarah,White,sarah.white466@example.com,China,E-Commerce,2024-07-11,561.14,Y
CUST0000472,Jennifer,Robinson,jennifer.robinson651@example.com,Australia,E-Commerce,2018-09-17,18012.63,Y
CUST0000473,Priya,Wilson,priya.wilson992@example.com,India,Wholesale,2023-07-20,720.59,Y
CUST0000474,Charles,Perez,charles.perez561@example.com,Brazil,Wholesale,2024-05-07,11588.61,Y
CUST0000475,Fatima,Brown,fatima.brown48@example.com,Canada,Corporate,2018-03-08,4250.72,Y
CUST0000476,David,Lewis,david.lewis468@example.com,USA,Corporate,2020-04-08,25284.14,N
CUST0000477,William,Martin,william.martin163@example.com,Singapore,E-Commerce,2019-01-18,883.31,Y
CUST0000478,Thomas,Garcia,thomas.garcia381@example.com,Australia,Wholesale,2018-08-01,4535.55,Y
CUST0000479,Karen,Anderson,karen.anderson440@example.com,Australia,Retail,2025-11-22,17917.88,Y
CUST0000480,Susan,Walker,susan.walker80@example.com,UK,VIP,2020-07-15,4202.22,Y
CUST0000481,Hans,Smith,hans.smith9@example.com,Mexico,E-Commerce,2019-05-09,5463.14,N
CUST0000482,Sofia,Rodriguez,sofia.rodriguez490@example.com,Canada,Wholesale,2022-04-19,6449.51,Y
CUST0000483,Michael,Miller,michael.miller321@example.com,UAE,E-Commerce,2019-07-16,3530.64,Y
CUST0000484,William,Martinez,william.martinez71@example.com,Japan,VIP,2018-02-04,5438.37,Y
CUST0000485,David,Lewis,david.lewis360@example.com,Mexico,Wholesale,2025-01-16,4889.13,Y
CUST0000486,Carlos,Lewis,carlos.lewis881@example.com,Germany,Retail,2019-02-16,12071.16,Y
CUST0000487,Linda,Harris,linda.harris360@example.com,India,E-Commerce,2019-07-27,732.56,Y
CUST0000488,Jennifer,Thomas,jennifer.thomas567@example.com,Brazil,VIP,2026-02-01,2149.21,Y
CUST0000489,Mary,Martin,mary.martin211@example.com,Japan,VIP,2023-09-19,15519.98,Y
CUST0000490,Priya,Jackson,priya.jackson662@example.com,USA,Wholesale,2023-07-21,11548.38,Y
CUST0000491,Jessica,Young,jessica.young654@example.com,Brazil,Retail,2023-12-04,3540.88,Y
CUST0000492,James,White,james.white957@example.com,UAE,Wholesale,2022-05-04,5339.67,Y
CUST0000493,Carlos,White,carlos.white560@example.com,Australia,Wholesale,2026-07-22,2124.37,Y
CUST0000494,John,Johnson,john.johnson602@example.com,Canada,Retail,2020-12-09,1542.02,Y
CUST0000495,Patricia,Sanchez,patricia.sanchez519@example.com,France,VIP,2026-08-09,3615.29,Y
CUST0000496,Priya,Garcia,priya.garcia656@example.com,Japan,VIP,2024-11-28,2679.77,Y
CUST0000497,Jennifer,Martin,jennifer.martin81@example.com,Japan,Wholesale,2019-09-29,4881.22,Y
CUST0000498,Priya,Jones,priya.jones318@example.com,Mexico,Corporate,2026-03-09,904.61,N
CUST0000499,Jessica,Brown,jessica.brown251@example.com,Canada,Corporate,2019-04-21,18824.8,Y
CUST0000500,Patricia,Martin,patricia.martin683@example.com,Mexico,Wholesale,2019-05-05,21919.33,Y
CUST0000501,William,Smith,william.smith168@example.com,China,E-Commerce,2023-11-13,6489.32,Y
CUST0000502,Thomas,Hernandez,thomas.hernandez381@example.com,UK,E-Commerce,2026-03-22,4340.39,Y
CUST0000503,Mary,Perez,mary.perez827@example.com,India,E-Commerce,2023-11-16,2351.9,Y
CUST0000504,John,Young,john.young467@example.com,Japan,E-Commerce,2018-08-16,8904.54,Y
CUST0000505,David,White,david.white162@example.com,France,Retail,2024-06-08,6271.65,Y
CUST0000506,Linda,Anderson,linda.anderson759@example.com,Japan,Retail,2018-06-30,1387.37,Y
CUST0000507,James,Thomas,james.thomas48@example.com,China,E-Commerce,2022-04-18,12591.51,N
CUST0000508,Barbara,Williams,barbara.williams567@example.com,Saudi Arabia,Corporate,2020-07-08,9144.97,Y
CUST0000509,Carlos,Lee,carlos.lee278@example.com,Singapore,Retail,2024-05-30,15458.69,Y
CUST0000510,Omar,Brown,omar.brown184@example.com,Germany,VIP,2018-07-08,6968.02,N
CUST0000511,John,Robinson,john.robinson887@example.com,France,E-Commerce,2021-09-02,5252.02,Y
CUST0000512,Ingrid,Smith,ingrid.smith378@example.com,Germany,E-Commerce,2024-04-28,3208.51,Y
CUST0000513,Jessica,Robinson,jessica.robinson378@example.com,Brazil,Corporate,2020-03-11,13995.09,Y
CUST0000514,Liam,Thomas,liam.thomas155@example.com,USA,Corporate,2018-04-08,10551.96,Y
CUST0000515,Wei,Smith,wei.smith974@example.com,UAE,Retail,2026-07-06,731.36,Y
CUST0000516,Karen,Miller,karen.miller211@example.com,Japan,Wholesale,2022-09-16,633.6,Y
CUST0000517,Patricia,Martinez,patricia.martinez729@example.com,France,Retail,2018-06-29,2861.74,N
CUST0000518,Layla,Clark,layla.clark718@example.com,South Africa,E-Commerce,2023-02-21,8818.24,N
CUST0000519,Jennifer,Miller,jennifer.miller518@example.com,UK,Corporate,2018-11-03,22321.38,Y
CUST0000520,Patricia,Ramirez,patricia.ramirez679@example.com,UK,Wholesale,2021-04-09,1315.05,Y
CUST0000521,Ahmed,Sanchez,ahmed.sanchez718@example.com,Singapore,E-Commerce,2021-07-26,5008.62,Y
CUST0000522,Joseph,Jones,joseph.jones967@example.com,Germany,Wholesale,2024-07-22,2897.37,Y
CUST0000523,Michael,Hernandez,michael.hernandez461@example.com,China,E-Commerce,2022-07-24,18018.54,Y
CUST0000524,Wei,Wilson,wei.wilson463@example.com,France,Corporate,2020-12-21,9729.57,Y
CUST0000525,Jennifer,,jennifer.hernandez827@example.com,Australia,E-Commerce,2025-11-26,9610.95,Y
CUST0000526,Robert,Wilson,robert.wilson856@example.com,Singapore,E-Commerce,2019-08-31,3662.08,Y
CUST0000527,Jessica,Thompson,jessica.thompson406@example.com,Japan,Retail,2025-08-05,3179.17,Y
CUST0000528,Barbara,Johnson,barbara.johnson975@example.com,India,Corporate,2024-03-27,2096.94,Y
CUST0000529,Jessica,Miller,jessica.miller474@example.com,Canada,Wholesale,2019-05-13,790.13,Y
CUST0000530,Joseph,Rodriguez,joseph.rodriguez203@example.com,Singapore,Corporate,2022-03-05,10502.13,Y
CUST0000531,Jennifer,Taylor,jennifer.taylor940@example.com,Singapore,Retail,2018-03-31,8880.59,N
CUST0000532,Richard,Lewis,richard.lewis829@example.com,UK,Retail,2021-09-20,41362.23,Y
CUST0000533,Ingrid,Brown,ingrid.brown173@example.com,South Africa,VIP,2022-11-10,28974.37,Y
CUST0000534,Priya,Young,priya.young31@example.com,India,Corporate,2019-12-09,4553.26,Y
CUST0000535,Barbara,Moore,barbara.moore287@example.com,China,Wholesale,2018-05-22,7826.42,Y
CUST0000536,Jessica,Jackson,jessica.jackson511@example.com,India,VIP,2023-05-17,14980.86,Y
CUST0000537,Sarah,Harris,sarah.harris141@example.com,India,Wholesale,2025-03-17,9973.86,Y
CUST0000538,Layla,Thomas,layla.thomas646@example.com,Saudi Arabia,VIP,2018-03-21,1920.76,N
CUST0000539,Wei,Walker,wei.walker558@example.com,Saudi Arabia,Corporate,2021-11-10,3494.13,N
CUST0000540,Omar,Lee,omar.lee398@example.com,France,Wholesale,2018-04-17,-1191.48,Y
CUST0000541,Joseph,Johnson,joseph.johnson918@example.com,Saudi Arabia,E-Commerce,2018-08-28,15901.12,Y
CUST0000542,Yuki,King,yuki.king367@example.com,Saudi Arabia,VIP,2020-08-11,5159.24,N
CUST0000543,Michael,Thomas,michael.thomas673@example.com,Germany,E-Commerce,2023-12-26,1798.02,Y
CUST0000544,Patricia,Anderson,patricia.anderson590@example.com,Singapore,Corporate,2021-12-24,6069.15,N
CUST0000545,Barbara,Lopez,barbara.lopez243@example.com,Brazil,E-Commerce,2026-04-12,5313.35,Y
CUST0000546,Mary,Thompson,mary.thompson971@example.com,Brazil,VIP,2019-08-06,2717.1,Y
CUST0000547,Richard,Young,richard.young556@example.com,France,Wholesale,2023-07-02,1102.7,Y
CUST0000548,Patricia,Anderson,patricia.anderson617@example.com,Germany,Retail,2023-11-27,6067.21,Y
CUST0000549,Fatima,Gonzalez,fatima.gonzalez826@example.com,UK,E-Commerce,2026-01-15,4173.05,Y
CUST0000550,Ahmed,Brown,ahmed.brown23@example.com,UK,VIP,2025-11-26,7899.04,N
CUST0000551,Linda,King,linda.king882@example.com,UAE,Retail,2022-03-11,4171.55,Y
CUST0000552,Priya,Miller,priya.miller345@example.com,France,E-Commerce,2019-07-13,10058.85,N
CUST0000553,Sofia,Young,sofia.young665@example.com,UAE,Wholesale,2025-12-06,4513.77,N
CUST0000554,Wei,Anderson,wei.anderson682@example.com,Brazil,Wholesale,2022-03-30,4615.57,Y
CUST0000555,Charles,Rodriguez,charles.rodriguez182@example.com,Mexico,Retail,2025-11-15,10963.79,N
CUST0000556,Priya,Williams,priya.williams187@example.com,Brazil,E-Commerce,2024-11-09,3083.24,Y
CUST0000557,Michael,Young,michael.young145@example.com,UAE,Retail,2020-09-01,1219.44,Y
CUST0000558,Ahmed,Hernandez,ahmed.hernandez652@example.com,South Africa,Retail,2025-12-13,646.03,Y
CUST0000559,Fatima,Lewis,fatima.lewis12@example.com,France,Wholesale,2020-10-19,7535.29,Y
CUST0000560,Wei,Taylor,wei.taylor806@example.com,Canada,Retail,2018-07-17,5341.99,Y
CUST0000561,Carlos,Hernandez,carlos.hernandez906@example.com,India,Corporate,2022-04-01,6588.33,Y
CUST0000562,Raj,Miller,raj.miller849@example.com,China,VIP,2025-04-20,1697.41,Y
CUST0000563,Joseph,Hernandez,joseph.hernandez463@example.com,Canada,Retail,2021-04-22,1233.06,Y
CUST0000564,Thomas,Miller,thomas.miller76@example.com,UAE,Wholesale,2022-03-18,573.26,Y
CUST0000565,John,Scott,john.scott965@example.com,South Africa,Retail,2021-10-16,2658.44,Y
CUST0000566,Yuki,Johnson,yuki.johnson442@example.com,Australia,Wholesale,2024-10-23,4956.99,Y
CUST0000567,David,Brown,david.brown104@example.com,UAE,Wholesale,2020-02-18,2989.91,Y
CUST0000568,Olivia,Wright,olivia.wright272@example.com,Australia,E-Commerce,2021-05-03,3376.6,Y
CUST0000569,Patricia,Sanchez,patricia.sanchez586@example.com,Japan,Corporate,2019-09-22,12225.31,Y
CUST0000570,James,Ramirez,james.ramirez90@example.com,France,VIP,2023-05-22,2640.51,Y
CUST0000571,Mary,Wilson,mary.wilson175@example.com,Australia,E-Commerce,2018-12-02,4107.63,Y
CUST0000572,Linda,Martin,linda.martin804@example.com,India,Corporate,2023-06-27,8154.36,Y
CUST0000573,Thomas,Garcia,thomas.garcia658@example.com,Japan,Corporate,2020-01-28,3025.4,Y
CUST0000574,Raj,White,raj.white192@example.com,China,Retail,2020-12-14,5365.45,Y
CUST0000575,Thomas,Anderson,thomas.anderson858@example.com,France,VIP,2018-09-10,10415.7,Y
CUST0000576,Michael,Garcia,michael.garcia685@example.com,UAE,VIP,2022-08-23,15430.95,N
CUST0000577,Joseph,Scott,joseph.scott63@example.com,Singapore,Corporate,2023-11-11,1295.41,Y
CUST0000578,Liam,Walker,liam.walker587@example.com,South Africa,Wholesale,2023-05-05,13558.31,Y
CUST0000579,Priya,Williams,priya.williams515@example.com,Brazil,VIP,2024-05-29,3887.51,Y
CUST0000580,Elizabeth,Davis,elizabeth.davis973@example.com,Saudi Arabia,Corporate,2019-12-10,1993.68,N
CUST0000581,David,Wilson,david.wilson828@example.com,Germany,Wholesale,2018-06-24,3572.93,Y
CUST0000582,Sofia,Gonzalez,sofia.gonzalez843@example.com,Australia,Wholesale,2024-09-03,20068.27,Y
CUST0000583,John,Garcia,john.garcia398@example.com,Japan,Corporate,2024-03-11,3892.46,Y
CUST0000584,Sarah,King,sarah.king470@example.com,South Africa,Retail,2025-11-08,2493.08,Y
CUST0000585,Layla,Clark,layla.clark116@example.com,India,Wholesale,2019-08-31,5517.43,Y
CUST0000586,Michael,Miller,michael.miller577@example.com,Saudi Arabia,Retail,2021-03-17,1873.14,Y
CUST0000587,Wei,Clark,wei.clark271@example.com,India,Corporate,2024-06-01,894.48,Y
CUST0000588,Robert,Lopez,robert.lopez283@example.com,India,Wholesale,2024-12-07,1189.88,Y
CUST0000589,Priya,Williams,priya.williams406@example.com,South Africa,E-Commerce,2025-09-29,1185.09,Y
CUST0000590,Yuki,Moore,yuki.moore919@example.com,UAE,Retail,2021-10-15,1323.8,Y
CUST0000591,Karen,Martin,karen.martin288@example.com,Singapore,Corporate,2025-10-22,1247.3,Y
CUST0000592,Joseph,Rodriguez,joseph.rodriguez308@example.com,Mexico,Corporate,2021-08-07,5620.42,Y
CUST0000593,Carlos,Garcia,carlos.garcia193@example.com,China,Wholesale,2022-07-26,1503.73,Y
CUST0000594,Layla,White,layla.white841@example.com,USA,VIP,2019-10-14,2620.7,Y
CUST0000595,Omar,Sanchez,omar.sanchez139@example.com,Saudi Arabia,VIP,2024-05-18,11854.87,Y
CUST0000596,Richard,Gonzalez,richard.gonzalez858@example.com,USA,Wholesale,2018-05-16,3711.91,Y
CUST0000597,Mei,Gonzalez,mei.gonzalez281@example.com,UAE,Corporate,2023-08-31,6006.45,Y
CUST0000598,Linda,Johnson,linda.johnson248@example.com,UAE,Corporate,2024-08-30,1445.64,Y
CUST0000599,Yuki,Scott,yuki.scott359@example.com,UAE,Wholesale,2020-11-25,1567.75,Y
CUST0000600,Jennifer,Jackson,jennifer.jackson29@example.com,India,Retail,2019-10-30,708.64,Y
CUST0000601,Susan,Anderson,susan.anderson663@example.com,Germany,Wholesale,2021-01-07,1425.24,Y
CUST0000602,Omar,Johnson,omar.johnson886@example.com,Saudi Arabia,Retail,2023-04-26,2132.74,N
CUST0000603,Barbara,Smith,barbara.smith230@example.com,France,VIP,2021-06-05,1474.06,Y
CUST0000604,Sarah,Ramirez,sarah.ramirez917@example.com,India,E-Commerce,2023-02-24,964.43,Y
CUST0000605,Ingrid,Martin,ingrid.martin694@example.com,Japan,VIP,2022-06-15,1142.78,Y
CUST0000606,James,Allen,james.allen679@example.com,Singapore,E-Commerce,2024-04-18,3588.15,Y
CUST0000607,Charles,Martin,charles.martin701@example.com,Canada,Corporate,2018-09-19,1655.46,Y
CUST0000608,Sarah,Lee,sarah.lee883@example.com,France,E-Commerce,2025-05-11,2764.91,Y
CUST0000609,Karen,Gonzalez,karen.gonzalez154@example.com,Japan,Wholesale,2018-08-21,4000.03,Y
CUST0000610,Priya,Lee,priya.lee698@example.com,UK,Retail,2025-05-08,6362.29,Y
CUST0000611,Charles,Taylor,charles.taylor929@example.com,India,Corporate,2022-05-10,700.53,Y
CUST0000612,Richard,Perez,richard.perez744@example.com,Mexico,Wholesale,2025-09-12,8532.47,Y
CUST0000613,Yuki,Thompson,yuki.thompson520@example.com,France,Wholesale,2025-05-17,5442.97,Y
CUST0000614,Barbara,Jackson,barbara.jackson100@example.com,China,Wholesale,2026-04-23,926.48,Y
CUST0000615,Olivia,Lopez,olivia.lopez970@example.com,Australia,E-Commerce,2025-05-04,10840.67,Y
CUST0000616,Wei,Anderson,wei.anderson763@example.com,Singapore,E-Commerce,2022-09-19,13183.47,Y
CUST0000617,Fatima,White,fatima.white267@example.com,Brazil,E-Commerce,2023-03-15,815.11,Y
CUST0000618,Yuki,Brown,yuki.brown888@example.com,Australia,VIP,2024-07-04,2120.88,N
CUST0000619,John,Walker,john.walker911@example.com,Germany,VIP,2019-05-06,8704.68,Y
CUST0000620,Raj,King,raj.king306@example.com,India,Retail,2019-09-10,7396.79,Y
CUST0000621,Richard,Perez,richard.perez420@example.com,Brazil,Corporate,2019-08-10,1519.9,Y
CUST0000622,Barbara,Garcia,barbara.garcia500@example.com,UAE,Wholesale,2021-07-07,1674.5,Y
CUST0000623,James,Lewis,james.lewis281@example.com,Germany,Wholesale,2024-06-18,2813.93,Y
CUST0000624,Sakura,Garcia,sakura.garcia133@example.com,Brazil,Corporate,2025-02-07,3813.31,Y
CUST0000625,Sofia,Walker,not_an_email,USA,Retail,2023-12-27,5315.01,Y
CUST0000626,Mei,Smith,mei.smith914@example.com,UAE,VIP,2020-02-20,2801.56,Y
CUST0000627,James,Thomas,james.thomas232@example.com,Mexico,E-Commerce,2021-07-02,3604.46,Y
CUST0000628,Raj,Allen,raj.allen603@example.com,France,Wholesale,2018-09-25,7381.14,Y
CUST0000629,Karen,Jackson,karen.jackson467@example.com,Mexico,VIP,2024-09-08,686.86,Y
CUST0000630,Sofia,Rodriguez,sofia.rodriguez351@example.com,South Africa,Corporate,2022-01-11,1954.68,Y
CUST0000631,David,Sanchez,david.sanchez20@example.com,Germany,Wholesale,2026-02-26,6747.46,N
CUST0000632,Susan,Johnson,susan.johnson604@example.com,Japan,Wholesale,2019-05-20,11778.83,Y
CUST0000633,Robert,Harris,robert.harris898@example.com,Australia,E-Commerce,2023-12-31,4083.9,Y
CUST0000634,Patricia,Miller,patricia.miller670@example.com,Singapore,Retail,2018-07-17,4297.65,Y
CUST0000635,Carlos,Lewis,carlos.lewis390@example.com,Canada,VIP,2020-11-01,1066.81,Y
CUST0000636,Elizabeth,Wilson,elizabeth.wilson712@example.com,Australia,Retail,2021-05-18,3465.72,Y
CUST0000637,Michael,King,michael.king277@example.com,Brazil,VIP,2025-11-10,4303.03,Y
CUST0000638,Michael,Allen,michael.allen737@example.com,Brazil,Retail,2021-03-03,1888.46,Y
CUST0000639,Michael,Young,michael.young204@example.com,Brazil,Wholesale,2020-12-13,2068.37,Y
CUST0000640,Richard,Thompson,richard.thompson721@example.com,India,E-Commerce,2019-10-19,2868.32,Y
CUST0000641,Sakura,Wilson,sakura.wilson705@example.com,South Africa,Corporate,2021-09-16,601.38,Y
CUST0000642,James,Garcia,james.garcia929@example.com,Canada,VIP,2025-07-03,2443.62,Y
CUST0000643,Jennifer,Allen,jennifer.allen77@example.com,Mexico,Retail,2020-11-14,1687.78,Y
CUST0000644,Ingrid,Jackson,ingrid.jackson271@example.com,China,Retail,2019-02-13,2483.75,Y
CUST0000645,Robert,Jackson,robert.jackson369@example.com,Saudi Arabia,E-Commerce,2022-10-11,1137.82,Y
CUST0000646,Michael,Williams,michael.williams10@example.com,Singapore,Wholesale,2025-06-10,11560.4,Y
CUST0000647,Fatima,Thompson,fatima.thompson916@example.com,China,VIP,2021-01-03,5001.99,Y
CUST0000648,Jennifer,White,jennifer.white835@example.com,UAE,Wholesale,2019-04-12,6183.16,Y
CUST0000649,Ingrid,Moore,ingrid.moore856@example.com,India,Corporate,2022-09-24,8283.55,Y
CUST0000650,David,Davis,david.davis136@example.com,Mexico,Retail,2019-10-15,3950.18,Y
CUST0000651,Yuki,Lewis,yuki.lewis186@example.com,Brazil,Corporate,2022-01-08,954.66,Y
CUST0000652,William,Walker,william.walker943@example.com,China,Retail,2022-08-12,4351.29,Y
CUST0000653,John,Taylor,john.taylor671@example.com,UAE,Retail,2025-11-25,4919.62,Y
CUST0000654,Layla,Anderson,layla.anderson979@example.com,Australia,E-Commerce,2023-10-28,7341.08,Y
CUST0000655,Michael,Ramirez,michael.ramirez678@example.com,Mexico,Wholesale,2023-05-28,3325.17,Y
CUST0000656,Raj,Martinez,raj.martinez860@example.com,Singapore,VIP,2024-11-15,1182.42,Y
CUST0000657,David,Allen,david.allen870@example.com,China,Corporate,2019-11-09,2168.81,Y
CUST0000658,Sakura,Lee,sakura.lee247@example.com,UAE,E-Commerce,2018-07-26,2755.57,Y
CUST0000659,Olivia,Harris,olivia.harris413@example.com,Singapore,Wholesale,2018-11-19,5691.12,Y
CUST0000660,Hans,Garcia,hans.garcia878@example.com,China,Corporate,2021-07-18,4728.91,Y
CUST0000661,Sakura,Johnson,sakura.johnson106@example.com,India,Corporate,2018-05-27,2701.03,Y
CUST0000662,James,Garcia,james.garcia811@example.com,Brazil,VIP,2025-02-24,22030.98,Y
CUST0000663,Omar,Scott,omar.scott212@example.com,Australia,Corporate,2021-10-28,5154.17,Y
CUST0000664,Patricia,Anderson,patricia.anderson865@example.com,China,E-Commerce,2024-04-13,1853.97,Y
CUST0000665,Yuki,White,yuki.white734@example.com,China,Retail,2019-02-04,1036.72,Y
CUST0000666,Joseph,Smith,joseph.smith350@example.com,UAE,E-Commerce,2024-02-22,1329.44,Y
CUST0000667,Michael,Williams,michael.williams919@example.com,UK,Corporate,2019-07-30,1911.53,Y
CUST0000668,Carlos,Miller,carlos.miller261@example.com,Brazil,Wholesale,2020-02-08,1375.82,Y
CUST0000669,Priya,Wilson,priya.wilson469@example.com,Singapore,Wholesale,2026-01-14,1532.46,Y
CUST0000670,Carlos,Williams,carlos.williams949@example.com,Australia,VIP,2019-05-20,2178.03,Y
CUST0000671,Hans,Robinson,hans.robinson675@example.com,Brazil,VIP,2019-07-06,1452.01,N
CUST0000672,James,King,james.king754@example.com,USA,VIP,2022-11-08,11853.76,Y
CUST0000673,Yuki,Allen,yuki.allen800@example.com,South Africa,Wholesale,2025-10-04,918.18,Y
CUST0000674,William,Miller,william.miller397@example.com,Australia,VIP,2024-10-18,4217.06,Y
CUST0000675,Omar,Harris,omar.harris429@example.com,Brazil,Wholesale,2021-01-25,3141.53,Y
CUST0000676,Fatima,Jackson,fatima.jackson464@example.com,Saudi Arabia,Wholesale,2019-07-20,20693.21,Y
CUST0000677,Omar,Martin,omar.martin864@example.com,Mexico,VIP,2021-07-09,1094.14,Y
CUST0000678,Olivia,Wilson,olivia.wilson206@example.com,Germany,VIP,2026-01-05,3036.29,Y
CUST0000679,Wei,Rodriguez,wei.rodriguez728@example.com,Australia,Wholesale,2023-08-26,17945.3,Y
CUST0000680,Ahmed,Davis,ahmed.davis780@example.com,UAE,VIP,2023-05-22,10531.22,Y
CUST0000681,Carlos,Wright,carlos.wright293@example.com,South Africa,Corporate,2018-02-22,8993.32,Y
CUST0000682,Mary,Harris,mary.harris149@example.com,USA,Retail,2020-03-29,1991.38,Y
CUST0000683,David,Jackson,david.jackson700@example.com,France,Wholesale,2018-09-12,1437.0,Y
CUST0000684,Charles,Wilson,charles.wilson772@example.com,Japan,Retail,2022-01-09,6022.8,Y
CUST0000685,Michael,Scott,michael.scott886@example.com,Germany,VIP,2022-05-12,13751.93,Y
CUST0000686,Charles,Brown,charles.brown949@example.com,India,Corporate,2022-09-03,4568.25,N
CUST0000687,Ahmed,Scott,ahmed.scott56@example.com,USA,E-Commerce,2020-04-11,4738.64,Y
CUST0000688,Hans,Anderson,hans.anderson934@example.com,Australia,E-Commerce,2026-06-20,2142.38,Y
CUST0000689,Richard,Gonzalez,richard.gonzalez302@example.com,China,Wholesale,2025-08-28,7837.37,Y
CUST0000690,Barbara,Allen,barbara.allen123@example.com,India,Retail,2022-10-22,1535.39,Y
CUST0000691,Thomas,Rodriguez,thomas.rodriguez165@example.com,Brazil,E-Commerce,2018-01-24,2455.44,Y
CUST0000692,Elizabeth,Williams,elizabeth.williams158@example.com,South Africa,E-Commerce,2024-09-10,3270.72,Y
CUST0000693,Karen,Young,karen.young809@example.com,Brazil,VIP,2022-01-06,4042.42,Y
CUST0000694,Ahmed,King,ahmed.king226@example.com,UK,VIP,2018-10-07,1888.06,Y
CUST0000695,David,Clark,david.clark557@example.com,Japan,Corporate,2019-01-12,1109.92,Y
CUST0000696,Susan,Perez,susan.perez340@example.com,UAE,E-Commerce,2020-06-13,5216.0,N
CUST0000697,Layla,Walker,layla.walker575@example.com,Singapore,Retail,2019-04-15,2202.82,Y
CUST0000698,Hans,Thomas,hans.thomas927@example.com,Australia,VIP,2024-12-19,4852.27,Y
CUST0000699,Robert,Lee,robert.lee391@example.com,South Africa,Retail,2022-04-30,1338.32,Y
CUST0000700,Charles,Johnson,charles.johnson934@example.com,Japan,E-Commerce,2023-10-08,-3780.61,Y
CUST0000701,Hans,Young,hans.young45@example.com,France,Wholesale,2021-08-05,4302.74,Y
CUST0000702,Michael,Hernandez,michael.hernandez995@example.com,Saudi Arabia,VIP,2023-12-25,766.07,Y
CUST0000703,John,Wilson,john.wilson687@example.com,Australia,Wholesale,2025-09-08,2551.92,Y
CUST0000704,Michael,Wilson,michael.wilson551@example.com,Singapore,Corporate,2025-04-02,1221.75,Y
CUST0000705,John,Martinez,john.martinez25@example.com,China,E-Commerce,2018-06-05,827.36,Y
CUST0000706,Patricia,Lopez,patricia.lopez814@example.com,France,VIP,2018-10-16,23506.01,Y
CUST0000707,Joseph,Taylor,joseph.taylor418@example.com,India,Corporate,2025-01-25,2445.65,Y
CUST0000708,Ahmed,Johnson,ahmed.johnson399@example.com,Australia,Retail,2023-12-31,8800.35,Y
CUST0000709,John,Williams,john.williams718@example.com,Singapore,Retail,2022-01-05,1969.44,N
CUST0000710,Michael,Jackson,michael.jackson806@example.com,Australia,E-Commerce,2024-10-20,6220.71,Y
CUST0000711,Hans,Harris,hans.harris405@example.com,Singapore,Retail,2023-04-26,7640.33,Y
CUST0000712,Joseph,Rodriguez,joseph.rodriguez765@example.com,India,VIP,2021-04-23,5027.23,N
CUST0000713,Elizabeth,Martin,elizabeth.martin694@example.com,South Africa,E-Commerce,2018-02-15,3689.28,Y
CUST0000714,Olivia,Martinez,olivia.martinez127@example.com,USA,Retail,2024-06-03,3153.79,Y
CUST0000715,Liam,Scott,liam.scott970@example.com,Canada,E-Commerce,2020-05-10,2645.22,Y
CUST0000716,Wei,Wilson,wei.wilson423@example.com,South Africa,VIP,2019-08-07,13762.78,Y
CUST0000717,Joseph,Taylor,joseph.taylor199@example.com,Canada,Wholesale,2025-07-11,9378.04,Y
CUST0000718,Patricia,Scott,patricia.scott473@example.com,Australia,VIP,2018-10-27,17265.88,Y
CUST0000719,John,Taylor,john.taylor101@example.com,Germany,VIP,2023-06-19,1163.64,N
CUST0000720,Wei,Rodriguez,wei.rodriguez688@example.com,Australia,Wholesale,2019-02-14,7062.76,Y
CUST0000721,John,Gonzalez,john.gonzalez326@example.com,China,Corporate,2021-09-06,14430.64,Y
CUST0000722,Karen,Martinez,karen.martinez580@example.com,Brazil,E-Commerce,2021-07-19,1499.78,N
CUST0000723,David,Smith,david.smith321@example.com,Germany,Wholesale,2025-12-27,844.05,Y
CUST0000724,Sofia,Moore,sofia.moore861@example.com,UAE,Wholesale,2025-08-15,7256.97,Y
CUST0000725,Yuki,Robinson,yuki.robinson457@example.com,UAE,E-Commerce,2023-06-18,4772.14,Y
CUST0000726,Barbara,Garcia,barbara.garcia862@example.com,France,Wholesale,2024-01-16,9720.39,Y
CUST0000727,John,Jones,john.jones914@example.com,USA,VIP,2025-01-31,1252.79,Y
CUST0000728,Priya,Wilson,priya.wilson929@example.com,USA,VIP,2020-12-03,8430.25,Y
CUST0000729,Liam,Walker,liam.walker670@example.com,Saudi Arabia,Wholesale,2022-02-07,1625.9,Y
CUST0000730,Charles,Rodriguez,charles.rodriguez476@example.com,Japan,VIP,2019-01-06,1393.58,Y
CUST0000731,Omar,Smith,omar.smith679@example.com,Germany,VIP,2025-09-03,1397.22,Y
CUST0000732,Omar,Rodriguez,omar.rodriguez457@example.com,UK,Wholesale,2024-05-08,8925.52,N
CUST0000733,Elizabeth,Walker,elizabeth.walker962@example.com,UAE,Retail,2020-06-15,5971.07,Y
CUST0000734,Joseph,Jones,joseph.jones271@example.com,UAE,Wholesale,2018-06-25,4201.88,Y
CUST0000735,Layla,White,layla.white398@example.com,China,Corporate,2018-07-10,2722.31,Y
CUST0000736,Ahmed,Miller,ahmed.miller721@example.com,Japan,E-Commerce,2026-04-27,10986.01,Y
CUST0000737,Liam,,liam.lopez386@example.com,Australia,Corporate,2022-02-05,2991.56,Y
CUST0000738,John,King,john.king258@example.com,India,Wholesale,2023-10-17,8980.41,Y
CUST0000739,Wei,Young,wei.young812@example.com,China,VIP,2018-01-28,3391.37,Y
CUST0000740,William,Lewis,william.lewis170@example.com,Germany,Retail,2023-10-09,2865.6,Y
CUST0000741,Susan,Martinez,susan.martinez192@example.com,UK,E-Commerce,2024-10-01,3605.81,Y
CUST0000742,Linda,Anderson,linda.anderson425@example.com,Saudi Arabia,E-Commerce,2026-01-29,2293.23,Y
CUST0000743,Yuki,Walker,yuki.walker216@example.com,Brazil,Wholesale,2025-04-05,7383.89,Y
CUST0000744,Mary,Thomas,mary.thomas45@example.com,UK,VIP,2024-08-23,3993.01,Y
CUST0000745,Omar,Williams,omar.williams913@example.com,Brazil,Wholesale,2018-08-18,1821.21,Y
CUST0000746,Barbara,King,barbara.king982@example.com,India,VIP,2024-04-27,11991.7,Y
CUST0000747,Charles,Garcia,charles.garcia222@example.com,China,VIP,2023-04-15,2921.66,Y
CUST0000748,David,Anderson,david.anderson851@example.com,India,VIP,2019-08-08,4421.41,Y
CUST0000749,Barbara,Allen,barbara.allen271@example.com,UK,E-Commerce,2023-02-01,12347.48,Y
CUST0000750,John,Anderson,john.anderson388@example.com,India,Wholesale,2019-03-21,5394.0,Y
CUST0000751,Layla,Allen,layla.allen701@example.com,India,Wholesale,2024-10-16,1121.57,Y
CUST0000752,Yuki,Williams,yuki.williams899@example.com,Saudi Arabia,VIP,2023-08-24,14553.08,Y
CUST0000753,Jennifer,Walker,jennifer.walker676@example.com,UK,VIP,2024-01-18,5440.38,Y
CUST0000754,Sofia,King,sofia.king431@example.com,UAE,Retail,2025-10-28,2539.13,Y
CUST0000755,Joseph,Walker,joseph.walker809@example.com,Saudi Arabia,Corporate,2021-12-06,1249.88,Y
CUST0000756,Michael,Ramirez,michael.ramirez138@example.com,France,Corporate,2026-08-03,8400.01,Y
CUST0000757,Jennifer,Jackson,jennifer.jackson613@example.com,South Africa,VIP,2022-08-01,5338.88,Y
CUST0000758,James,Smith,james.smith592@example.com,Japan,Retail,2023-10-30,4312.07,Y
CUST0000759,Susan,Lee,susan.lee419@example.com,UAE,Retail,2019-09-26,11716.52,Y
CUST0000760,Thomas,Taylor,thomas.taylor876@example.com,Japan,Corporate,2024-05-01,8269.95,Y
CUST0000761,Sarah,Sanchez,sarah.sanchez774@example.com,Germany,Corporate,2024-03-11,1322.46,Y
CUST0000762,Yuki,Lopez,yuki.lopez380@example.com,Japan,VIP,2023-06-05,2367.81,Y
CUST0000763,Karen,Thompson,karen.thompson793@example.com,Mexico,Corporate,2026-04-02,1928.35,Y
CUST0000764,Linda,Anderson,linda.anderson458@example.com,Saudi Arabia,Wholesale,2019-02-15,7311.84,Y
CUST0000765,Priya,Perez,priya.perez821@example.com,Japan,VIP,2025-10-26,670.54,Y
CUST0000766,Patricia,Hernandez,patricia.hernandez399@example.com,Australia,Retail,2019-01-09,4718.57,Y
CUST0000767,Yuki,Ramirez,yuki.ramirez91@example.com,Canada,E-Commerce,2020-06-27,7687.07,Y
CUST0000768,Robert,Harris,robert.harris954@example.com,India,VIP,2025-05-11,10968.34,Y
CUST0000769,Patricia,Lopez,patricia.lopez656@example.com,China,Corporate,2018-02-13,2593.37,Y
CUST0000770,Layla,Jackson,layla.jackson200@example.com,USA,VIP,2023-09-23,9109.04,Y
CUST0000771,Joseph,Hernandez,joseph.hernandez691@example.com,USA,E-Commerce,2020-09-06,1086.22,Y
CUST0000772,David,Garcia,david.garcia283@example.com,Saudi Arabia,Corporate,2021-12-17,9868.72,Y
CUST0000773,Priya,Gonzalez,priya.gonzalez531@example.com,USA,Retail,2019-01-05,1181.9,Y
CUST0000774,Olivia,Thompson,olivia.thompson356@example.com,Singapore,E-Commerce,2020-07-15,3031.57,Y
CUST0000775,Richard,Robinson,richard.robinson953@example.com,India,VIP,2018-01-20,8480.03,Y
CUST0000776,Carlos,Allen,carlos.allen110@example.com,Japan,Retail,2023-08-23,1312.11,Y
CUST0000777,Linda,Allen,linda.allen980@example.com,France,VIP,2024-06-12,1801.97,Y
CUST0000778,Hans,Harris,hans.harris577@example.com,China,Wholesale,2026-06-30,6905.22,Y
CUST0000779,Ingrid,Robinson,ingrid.robinson919@example.com,Brazil,Retail,2023-05-29,6865.48,Y
CUST0000780,John,Harris,john.harris649@example.com,Saudi Arabia,Wholesale,2025-08-04,5624.22,Y
CUST0000781,Ahmed,Clark,ahmed.clark979@example.com,UAE,VIP,2024-01-04,6420.01,Y
CUST0000782,Thomas,Thomas,thomas.thomas295@example.com,Canada,Corporate,2025-07-22,4412.35,Y
CUST0000783,Fatima,Jones,fatima.jones568@example.com,South Africa,Wholesale,2023-05-06,1950.42,Y
CUST0000784,Susan,Moore,susan.moore188@example.com,Mexico,Wholesale,2023-08-06,2620.92,Y
CUST0000785,Jessica,Thomas,jessica.thomas894@example.com,France,Wholesale,2020-07-27,1502.01,Y
CUST0000786,Jessica,Thompson,jessica.thompson160@example.com,Saudi Arabia,Retail,2019-05-07,12454.38,N
CUST0000787,Sakura,Smith,sakura.smith783@example.com,Singapore,VIP,2018-06-23,4878.05,Y
CUST0000788,Mei,Lee,mei.lee505@example.com,South Africa,VIP,2021-01-30,3061.23,Y
CUST0000789,Omar,Moore,omar.moore408@example.com,Germany,VIP,2019-06-10,3599.54,Y
CUST0000790,Sofia,Walker,sofia.walker963@example.com,Japan,Retail,2023-08-21,15214.12,Y
CUST0000791,Barbara,Robinson,barbara.robinson124@example.com,Mexico,VIP,2023-02-28,1332.35,Y
CUST0000792,James,Smith,james.smith691@example.com,Germany,Corporate,2024-07-07,4912.22,Y
CUST0000793,Mei,Taylor,mei.taylor192@example.com,Japan,E-Commerce,2020-08-29,4024.97,Y
CUST0000794,Fatima,White,fatima.white189@example.com,China,Corporate,2020-05-12,5226.72,Y
CUST0000795,Mei,White,mei.white875@example.com,India,E-Commerce,2023-01-21,591.38,Y
CUST0000796,William,Anderson,,Canada,E-Commerce,2020-08-23,10783.47,Y
CUST0000797,Raj,Gonzalez,raj.gonzalez150@example.com,Saudi Arabia,Wholesale,2023-04-22,13949.94,Y
CUST0000798,Barbara,Clark,barbara.clark512@example.com,UK,VIP,2023-12-28,4663.58,Y
CUST0000799,Sakura,Martin,sakura.martin257@example.com,Japan,VIP,2018-07-15,6464.35,Y
CUST0000800,David,Brown,david.brown221@example.com,Singapore,E-Commerce,2023-05-06,13287.35,Y
CUST0000801,Michael,Lewis,michael.lewis763@example.com,UAE,E-Commerce,2022-01-18,6641.99,Y
CUST0000802,Olivia,Taylor,olivia.taylor353@example.com,USA,Corporate,2019-05-12,1327.55,Y
CUST0000803,Richard,Wright,richard.wright179@example.com,Saudi Arabia,E-Commerce,2021-12-25,4793.51,Y
CUST0000804,Omar,Young,omar.young794@example.com,Mexico,Corporate,2018-11-18,5166.1,Y
CUST0000805,Charles,Robinson,charles.robinson647@example.com,UK,Wholesale,2025-03-08,3259.37,Y
CUST0000806,Fatima,Clark,fatima.clark647@example.com,Brazil,VIP,2022-07-16,7167.45,Y
CUST0000807,John,Garcia,john.garcia166@example.com,UAE,Wholesale,2021-07-08,14118.38,Y
CUST0000808,Charles,Moore,charles.moore620@example.com,Australia,Corporate,2021-01-16,13489.38,Y
CUST0000809,Mei,King,mei.king989@example.com,China,Corporate,2019-11-17,3496.82,Y
CUST0000810,Mary,,mary.rodriguez746@example.com,Germany,E-Commerce,2026-05-05,1100.89,Y
CUST0000811,Jennifer,Wilson,jennifer.wilson171@example.com,India,Retail,2019-01-27,21445.87,Y
CUST0000812,Yuki,Scott,yuki.scott56@example.com,USA,Corporate,2023-11-17,9628.59,Y
CUST0000813,Jennifer,Miller,jennifer.miller269@example.com,Brazil,Wholesale,2018-12-12,1165.73,Y
CUST0000814,Raj,Martin,raj.martin235@example.com,Germany,E-Commerce,2022-12-21,13181.54,Y
CUST0000815,William,King,william.king859@example.com,UK,Retail,2018-05-24,10697.12,Y
CUST0000816,Ahmed,Walker,ahmed.walker479@example.com,Singapore,VIP,2021-01-20,4157.76,Y
CUST0000817,William,Wright,william.wright182@example.com,Brazil,VIP,2023-02-14,4973.57,Y
CUST0000818,Sofia,King,sofia.king656@example.com,Australia,VIP,2021-06-22,3045.82,N
CUST0000819,Yuki,Wright,yuki.wright233@example.com,Saudi Arabia,Retail,2022-12-15,781.59,Y
CUST0000820,Carlos,Taylor,carlos.taylor160@example.com,France,Retail,2018-01-01,2541.32,Y
CUST0000821,William,Thompson,william.thompson294@example.com,China,VIP,2018-02-04,8619.04,Y
CUST0000822,Sakura,Walker,sakura.walker307@example.com,USA,Corporate,2021-04-14,523.21,Y
CUST0000823,James,Scott,james.scott383@example.com,Germany,Corporate,2024-04-15,2528.57,Y
CUST0000824,Jessica,Hernandez,jessica.hernandez733@example.com,Mexico,Corporate,2022-03-30,3038.89,Y
CUST0000825,Jennifer,Ramirez,jennifer.ramirez641@example.com,Germany,VIP,2026-07-29,4354.42,Y
CUST0000826,Sarah,Jackson,sarah.jackson665@example.com,Mexico,VIP,2021-01-06,13119.63,Y
CUST0000827,John,Lopez,john.lopez140@example.com,France,Retail,2025-02-21,2625.89,Y
CUST0000828,Hans,Moore,hans.moore718@example.com,Brazil,Corporate,2020-02-09,2630.53,Y
CUST0000829,Elizabeth,Brown,elizabeth.brown993@example.com,Japan,Retail,2020-02-01,7187.54,N
CUST0000830,Charles,Moore,charles.moore129@example.com,Mexico,Corporate,2026-02-26,3509.39,Y
CUST0000831,Jennifer,Martinez,jennifer.martinez16@example.com,China,Wholesale,2021-11-01,1771.91,Y
CUST0000832,Sakura,White,sakura.white475@example.com,Mexico,Retail,2021-09-14,3511.41,Y
CUST0000833,Elizabeth,Brown,elizabeth.brown273@example.com,Saudi Arabia,Corporate,2018-10-20,1259.1,Y
CUST0000834,Barbara,Gonzalez,barbara.gonzalez918@example.com,Singapore,E-Commerce,2022-04-12,1470.27,Y
CUST0000835,Linda,Thomas,linda.thomas395@example.com,Saudi Arabia,Corporate,2020-10-09,3949.44,Y
CUST0000836,Robert,Gonzalez,robert.gonzalez472@example.com,Mexico,Retail,2023-11-05,3214.38,Y
CUST0000837,Susan,Walker,susan.walker399@example.com,Australia,E-Commerce,2021-08-16,12816.46,Y
CUST0000838,Robert,Scott,robert.scott534@example.com,Canada,E-Commerce,2023-05-26,2750.17,Y
CUST0000839,Richard,White,richard.white909@example.com,USA,Wholesale,2019-04-08,4844.51,Y
CUST0000840,Sofia,Lee,sofia.lee16@example.com,UK,E-Commerce,2024-07-22,5501.95,Y
CUST0000841,Jessica,Smith,jessica.smith993@example.com,USA,VIP,2025-09-30,565.9,Y
CUST0000842,Elizabeth,White,elizabeth.white790@example.com,Canada,Wholesale,2019-10-08,5946.34,Y
CUST0000843,Fatima,Brown,fatima.brown62@example.com,UAE,Wholesale,2025-11-12,1480.29,Y
CUST0000844,Michael,Rodriguez,michael.rodriguez500@example.com,Germany,E-Commerce,2024-04-06,16729.99,Y
CUST0000845,Wei,Lewis,wei.lewis751@example.com,Germany,Retail,2025-09-24,1304.73,Y
CUST0000846,William,Taylor,william.taylor921@example.com,USA,Corporate,2025-12-04,3177.51,Y
CUST0000847,Charles,Wright,charles.wright714@example.com,China,Wholesale,2024-05-10,946.07,Y
CUST0000848,Wei,Lee,wei.lee750@example.com,China,E-Commerce,2024-09-18,29340.41,N
CUST0000849,Olivia,Hernandez,olivia.hernandez71@example.com,Japan,Wholesale,2023-01-15,3987.73,Y
CUST0000850,Thomas,Wright,thomas.wright376@example.com,China,Retail,2025-02-26,5024.1,Y
CUST0000851,Barbara,Johnson,barbara.johnson635@example.com,Singapore,E-Commerce,2024-12-15,847.16,Y
CUST0000852,John,Wright,john.wright839@example.com,India,Wholesale,2023-11-17,7430.68,Y
CUST0000853,Olivia,Martinez,olivia.martinez628@example.com,France,E-Commerce,2022-08-06,1678.01,Y
CUST0000854,Linda,Miller,linda.miller536@example.com,Australia,Retail,2018-06-29,11916.57,Y
CUST0000855,William,Lopez,william.lopez895@example.com,USA,Wholesale,2019-03-15,1647.94,Y
CUST0000856,Michael,Williams,michael.williams585@example.com,Australia,Corporate,2025-05-18,1557.85,Y
CUST0000857,Thomas,Brown,thomas.brown376@example.com,Germany,VIP,2026-01-19,686.17,Y
CUST0000858,Susan,Young,susan.young951@example.com,South Africa,Retail,2023-04-02,3693.93,Y
CUST0000859,Patricia,White,patricia.white572@example.com,Mexico,Corporate,2022-02-20,4660.22,Y
CUST0000860,Patricia,Moore,,USA,Retail,2021-05-29,839.83,Y
CUST0000861,Susan,King,susan.king100@example.com,Canada,Wholesale,2023-12-18,7970.01,Y
CUST0000862,Richard,King,richard.king673@example.com,Germany,VIP,2025-01-05,3519.17,N
CUST0000863,Olivia,Scott,olivia.scott426@example.com,Mexico,Retail,2026-08-05,4215.79,Y
CUST0000864,Wei,Robinson,wei.robinson720@example.com,Australia,Corporate,2019-03-03,3405.91,Y
CUST0000865,Barbara,Scott,barbara.scott412@example.com,Japan,E-Commerce,2025-05-17,3060.49,Y
CUST0000866,Hans,Thompson,hans.thompson925@example.com,UAE,VIP,2021-08-22,4600.82,Y
CUST0000867,Carlos,Ramirez,carlos.ramirez846@example.com,Mexico,E-Commerce,2024-10-28,1343.52,Y
CUST0000868,Liam,Wilson,liam.wilson385@example.com,Saudi Arabia,VIP,2026-05-08,1504.03,Y
CUST0000869,Hans,Lewis,hans.lewis983@example.com,India,Retail,2026-02-22,10394.75,Y
CUST0000870,Charles,Johnson,charles.johnson531@example.com,UK,E-Commerce,2018-01-27,15104.56,Y
CUST0000871,Joseph,Wilson,joseph.wilson877@example.com,UAE,Retail,2025-09-26,2836.51,Y
CUST0000872,Olivia,Allen,olivia.allen570@example.com,Brazil,VIP,2019-09-26,2078.66,Y
CUST0000873,Ingrid,Thompson,ingrid.thompson160@example.com,UK,E-Commerce,2022-02-12,5664.12,Y
CUST0000874,Jessica,,jessica.anderson263@example.com,Saudi Arabia,E-Commerce,2019-01-12,3127.45,Y
CUST0000875,Susan,Jones,susan.jones741@example.com,UAE,Corporate,2019-12-10,628.57,Y
CUST0000876,Michael,Martin,michael.martin39@example.com,Mexico,VIP,2022-04-12,1348.92,Y
CUST0000877,Patricia,Perez,patricia.perez357@example.com,South Africa,Corporate,2022-09-03,6793.42,N
CUST0000878,Linda,Anderson,linda.anderson766@example.com,Australia,VIP,2018-02-16,5878.25,Y
CUST0000879,Raj,Brown,raj.brown313@example.com,Japan,Retail,2021-07-31,637.35,Y
CUST0000880,Elizabeth,Lee,elizabeth.lee515@example.com,Mexico,Wholesale,2019-09-20,1754.96,Y
CUST0000881,Priya,,priya.lewis771@example.com,Brazil,VIP,2023-08-30,1813.81,Y
CUST0000882,Sofia,Jackson,sofia.jackson806@example.com,India,Wholesale,2019-06-26,6072.07,Y
CUST0000883,Yuki,Brown,yuki.brown562@example.com,India,E-Commerce,2018-12-15,599.54,Y
CUST0000884,Sofia,Rodriguez,sofia.rodriguez781@example.com,UK,Corporate,2024-04-09,1049.68,Y
CUST0000885,Priya,Gonzalez,priya.gonzalez575@example.com,Brazil,VIP,2020-10-05,8545.09,Y
CUST0000886,Sarah,Ramirez,sarah.ramirez332@example.com,Australia,VIP,2019-01-02,1483.39,Y
CUST0000887,Carlos,Ramirez,carlos.ramirez375@example.com,UAE,Wholesale,2021-08-06,5788.5,Y
CUST0000888,Mary,Martin,mary.martin174@example.com,UAE,VIP,2022-12-17,1860.24,Y
CUST0000889,Hans,Williams,hans.williams947@example.com,Singapore,Wholesale,2020-03-28,1023.7,Y
CUST0000890,Elizabeth,Garcia,elizabeth.garcia116@example.com,Mexico,Retail,2020-09-22,1893.1,N
CUST0000891,Elizabeth,Jackson,elizabeth.jackson15@example.com,UAE,Retail,2021-06-03,6905.47,Y
CUST0000892,Mary,Perez,mary.perez215@example.com,Mexico,VIP,2020-05-17,10179.18,Y
CUST0000893,Layla,Taylor,layla.taylor562@example.com,China,VIP,2026-03-09,9366.25,N
CUST0000894,Mary,Harris,mary.harris597@example.com,South Africa,VIP,2018-06-28,3030.71,Y
CUST0000895,Patricia,Jackson,patricia.jackson206@example.com,Saudi Arabia,VIP,2021-01-16,6014.38,Y
CUST0000896,James,Jones,james.jones398@example.com,Australia,E-Commerce,2025-06-08,1646.97,Y
CUST0000897,Mei,Miller,mei.miller20@example.com,France,Corporate,2020-08-04,2234.67,N
CUST0000898,Omar,Miller,omar.miller926@example.com,UAE,Corporate,2024-09-11,11832.99,Y
CUST0000899,Barbara,Gonzalez,barbara.gonzalez513@example.com,China,VIP,2025-12-28,565.44,Y
CUST0000900,Jessica,King,jessica.king313@example.com,UAE,Corporate,2022-05-31,946.94,Y
CUST0000901,Mary,Thompson,mary.thompson701@example.com,UAE,E-Commerce,2025-01-04,1665.25,Y
CUST0000902,Omar,Moore,omar.moore832@example.com,USA,E-Commerce,2022-05-05,634.45,Y
CUST0000903,Mary,Scott,mary.scott972@example.com,France,Wholesale,2019-09-14,1501.02,Y
CUST0000904,Priya,Rodriguez,priya.rodriguez90@example.com,Mexico,Corporate,2023-11-03,4873.84,N
CUST0000905,Joseph,Clark,joseph.clark247@example.com,Brazil,Wholesale,2022-10-13,3235.93,N
CUST0000906,Fatima,Lewis,fatima.lewis556@example.com,UK,Wholesale,2025-04-26,11659.32,Y
CUST0000907,Liam,Gonzalez,liam.gonzalez884@example.com,UK,E-Commerce,2025-09-21,9003.48,Y
CUST0000908,Layla,Rodriguez,layla.rodriguez441@example.com,South Africa,Wholesale,2025-05-11,2591.36,N
CUST0000909,David,Lee,david.lee70@example.com,Japan,VIP,2026-01-25,2001.63,Y
CUST0000910,Ahmed,Martinez,ahmed.martinez745@example.com,USA,E-Commerce,2022-08-23,2887.7,N
CUST0000911,Karen,Lewis,karen.lewis764@example.com,South Africa,E-Commerce,2019-09-15,4961.59,Y
CUST0000912,Michael,Rodriguez,michael.rodriguez190@example.com,USA,VIP,2024-12-02,2060.31,Y
CUST0000913,Joseph,Anderson,joseph.anderson237@example.com,Australia,Retail,2022-01-11,5392.81,Y
CUST0000914,Yuki,Rodriguez,yuki.rodriguez515@example.com,Singapore,VIP,2023-04-05,3133.18,Y
CUST0000915,Mei,Lopez,mei.lopez873@example.com,India,Corporate,2023-04-25,4515.34,Y
CUST0000916,Richard,Anderson,richard.anderson34@example.com,India,Retail,2021-01-10,3364.63,N
CUST0000917,Joseph,Gonzalez,joseph.gonzalez776@example.com,Germany,Retail,2019-12-27,2244.0,N
CUST0000918,Hans,Young,hans.young705@example.com,UAE,Corporate,2020-10-07,15326.34,Y
CUST0000919,Robert,Harris,robert.harris738@example.com,UAE,Corporate,2024-11-09,7711.27,N
CUST0000920,Liam,King,not_an_email,South Africa,Retail,2023-11-03,1254.77,Y
CUST0000921,Ingrid,Williams,ingrid.williams899@example.com,Germany,VIP,2024-01-13,10642.52,Y
CUST0000922,Robert,Scott,robert.scott397@example.com,Japan,Retail,2020-02-17,3841.6,Y
CUST0000923,Priya,Martin,priya.martin793@example.com,Singapore,E-Commerce,2023-03-05,11747.7,Y
CUST0000924,Charles,Brown,charles.brown707@example.com,Japan,Wholesale,2023-03-14,8543.57,Y
CUST0000925,Hans,Garcia,hans.garcia740@example.com,Japan,Retail,2020-01-07,3268.78,Y
CUST0000926,Liam,Rodriguez,liam.rodriguez403@example.com,India,E-Commerce,2023-01-21,613.63,Y
CUST0000927,Ingrid,Gonzalez,ingrid.gonzalez904@example.com,China,Retail,2020-10-21,2064.5,Y
CUST0000928,David,Davis,david.davis94@example.com,Canada,Corporate,2025-02-10,4400.44,Y
CUST0000929,Layla,Harris,layla.harris745@example.com,Saudi Arabia,VIP,2024-11-12,5518.49,N
CUST0000930,Raj,Scott,raj.scott390@example.com,USA,Wholesale,2021-10-04,1991.27,Y
CUST0000931,Elizabeth,Hernandez,elizabeth.hernandez890@example.com,UK,Wholesale,2025-12-26,1250.37,Y
CUST0000932,Karen,Martin,karen.martin748@example.com,Saudi Arabia,Corporate,2021-03-28,9506.94,Y
CUST0000933,Linda,Rodriguez,linda.rodriguez984@example.com,Germany,Retail,2024-12-25,21303.12,Y
CUST0000934,James,Robinson,james.robinson510@example.com,Singapore,Corporate,2024-02-05,4229.47,Y
CUST0000935,Sakura,Thomas,sakura.thomas223@example.com,Brazil,Corporate,2023-02-02,1441.77,Y
CUST0000936,Jennifer,Smith,jennifer.smith251@example.com,South Africa,VIP,2021-02-13,2089.38,Y
CUST0000937,Olivia,,olivia.wilson51@example.com,UK,Wholesale,2018-08-14,592.81,Y
CUST0000938,Robert,Martinez,robert.martinez875@example.com,USA,VIP,2024-10-07,12784.44,Y
CUST0000939,Jennifer,Brown,jennifer.brown112@example.com,India,Wholesale,2019-10-23,1126.41,Y
CUST0000940,Olivia,Lopez,olivia.lopez990@example.com,China,VIP,2022-01-15,4796.2,N
CUST0000941,Jennifer,Martin,jennifer.martin331@example.com,UAE,Corporate,2018-10-05,2101.41,Y
CUST0000942,Olivia,Jones,olivia.jones300@example.com,China,Wholesale,2019-05-15,4539.18,Y
CUST0000943,Sarah,Perez,sarah.perez540@example.com,India,VIP,2020-05-09,5769.44,Y
CUST0000944,Patricia,Miller,patricia.miller586@example.com,Mexico,VIP,2018-12-26,9352.2,Y
CUST0000945,Charles,Ramirez,charles.ramirez624@example.com,Singapore,E-Commerce,2020-11-29,1656.01,Y
CUST0000946,Wei,Rodriguez,wei.rodriguez630@example.com,Brazil,Corporate,2023-10-30,555.28,Y
CUST0000947,Sakura,Young,sakura.young828@example.com,UK,VIP,2020-08-11,1236.04,Y
CUST0000948,Richard,Smith,richard.smith122@example.com,USA,Corporate,2025-01-05,12013.86,Y
CUST0000949,Susan,Clark,susan.clark424@example.com,USA,E-Commerce,2021-12-03,10853.01,Y
CUST0000950,Susan,Smith,susan.smith656@example.com,Germany,E-Commerce,2020-11-08,5049.22,Y
CUST0000951,Karen,Martin,karen.martin519@example.com,Japan,E-Commerce,2026-08-08,5087.92,Y
CUST0000952,Fatima,Perez,fatima.perez406@example.com,Mexico,VIP,2024-11-28,5968.67,N
CUST0000953,Barbara,Gonzalez,barbara.gonzalez339@example.com,Singapore,E-Commerce,2025-07-17,1464.11,Y
CUST0000954,Yuki,Williams,yuki.williams662@example.com,UK,Corporate,2019-09-29,12791.05,Y
CUST0000955,Liam,Perez,liam.perez474@example.com,Saudi Arabia,Corporate,2026-04-30,3213.05,Y
CUST0000956,Layla,Martin,,Mexico,E-Commerce,2024-03-24,2915.55,Y
CUST0000957,Susan,Perez,susan.perez819@example.com,South Africa,E-Commerce,2018-09-29,4158.58,N
CUST0000958,Sarah,Johnson,sarah.johnson348@example.com,India,VIP,2019-11-11,740.52,Y
CUST0000959,Raj,Lopez,raj.lopez610@example.com,Canada,E-Commerce,2025-11-28,1409.31,Y
CUST0000960,Robert,Moore,robert.moore424@example.com,Canada,Corporate,2020-08-31,7197.7,Y
CUST0000961,Karen,Wilson,karen.wilson538@example.com,France,Wholesale,2019-04-05,932.14,Y
CUST0000962,Robert,Gonzalez,robert.gonzalez936@example.com,Canada,Corporate,2023-09-04,5121.01,Y
CUST0000963,Yuki,Allen,yuki.allen158@example.com,Germany,E-Commerce,2023-06-04,1907.5,Y
CUST0000964,Layla,Martin,layla.martin795@example.com,UAE,Wholesale,2019-02-07,2965.71,Y
CUST0000965,Layla,Rodriguez,layla.rodriguez211@example.com,Mexico,Retail,2023-02-25,2203.26,Y
CUST0000966,Layla,Davis,layla.davis5@example.com,France,Retail,2025-09-15,2697.74,Y
CUST0000967,Jennifer,Perez,jennifer.perez479@example.com,South Africa,Retail,2019-02-27,6847.82,Y
CUST0000968,Karen,Johnson,karen.johnson592@example.com,Saudi Arabia,E-Commerce,2025-03-01,2262.86,Y
CUST0000969,Ahmed,Gonzalez,ahmed.gonzalez198@example.com,France,E-Commerce,2023-12-21,4678.22,Y
CUST0000970,Hans,Davis,hans.davis280@example.com,UK,Wholesale,2021-01-25,3731.8,Y
CUST0000971,Olivia,Allen,olivia.allen105@example.com,Germany,VIP,2021-12-05,5948.33,Y
CUST0000972,Sarah,Martinez,sarah.martinez966@example.com,Mexico,E-Commerce,2024-06-09,14309.61,Y
CUST0000973,John,Martin,john.martin628@example.com,South Africa,E-Commerce,2024-01-24,7094.53,Y
CUST0000974,William,Johnson,william.johnson483@example.com,South Africa,Retail,2019-03-10,1709.98,Y
CUST0000975,Jennifer,Ramirez,jennifer.ramirez402@example.com,UK,VIP,2024-08-24,658.4,Y
CUST0000976,Hans,Thompson,hans.thompson320@example.com,UAE,Wholesale,2025-12-30,2020.85,Y
CUST0000977,Liam,Garcia,liam.garcia998@example.com,South Africa,Corporate,2024-05-14,5020.3,Y
CUST0000978,Ingrid,Miller,ingrid.miller467@example.com,France,Corporate,2023-04-12,763.98,Y
CUST0000979,Joseph,Martinez,joseph.martinez882@example.com,South Africa,VIP,2020-11-22,3929.53,N
CUST0000980,Priya,Lopez,priya.lopez717@example.com,South Africa,E-Commerce,2021-08-23,5042.14,Y
CUST0000981,Mary,Jones,mary.jones487@example.com,Canada,E-Commerce,2023-05-15,2534.16,Y
CUST0000982,David,Jackson,david.jackson787@example.com,UAE,VIP,2024-06-11,7868.25,Y
CUST0000983,Michael,Sanchez,michael.sanchez838@example.com,Mexico,Retail,2021-08-27,1063.59,Y
CUST0000984,John,Martin,john.martin546@example.com,China,Corporate,2024-08-15,890.55,Y
CUST0000985,Jessica,Scott,jessica.scott163@example.com,China,Corporate,2018-09-28,7013.24,Y
CUST0000986,Sofia,Ramirez,sofia.ramirez581@example.com,Saudi Arabia,E-Commerce,2024-02-09,3920.85,Y
CUST0000987,Barbara,Jones,barbara.jones758@example.com,South Africa,VIP,2023-06-17,6330.21,Y
CUST0000988,Ingrid,Lee,ingrid.lee569@example.com,Canada,Corporate,2019-12-23,3353.12,Y
CUST0000989,Priya,Jones,priya.jones613@example.com,Canada,VIP,2022-04-02,1914.48,Y
CUST0000990,Patricia,Garcia,patricia.garcia223@example.com,Singapore,Wholesale,2024-07-06,9049.12,N
CUST0000991,James,Martinez,james.martinez677@example.com,UK,Corporate,2023-12-17,8532.61,Y
CUST0000992,Hans,Gonzalez,hans.gonzalez211@example.com,Australia,E-Commerce,2021-05-12,6432.24,Y
CUST0000993,Karen,Ramirez,karen.ramirez736@example.com,South Africa,E-Commerce,2019-01-01,2088.27,Y
CUST0000994,Omar,Sanchez,omar.sanchez868@example.com,UK,E-Commerce,2018-09-13,4960.8,Y
CUST0000995,Olivia,Brown,olivia.brown1@example.com,Mexico,VIP,2022-01-11,2739.05,Y
CUST0000996,Charles,Johnson,charles.johnson241@example.com,India,VIP,2022-06-03,980.25,Y
CUST0000997,Raj,Sanchez,raj.sanchez391@example.com,India,VIP,2020-05-15,12963.5,Y
CUST0000998,Yuki,Rodriguez,yuki.rodriguez193@example.com,Japan,Corporate,2022-01-15,1235.65,Y
CUST0000999,Elizabeth,Jackson,elizabeth.jackson894@example.com,Australia,Wholesale,2019-07-05,15502.45,Y
CUST0001000,Mary,Martinez,mary.martinez739@example.com,South Africa,Corporate,2025-05-18,3453.01,Y
CUST0001001,William,Garcia,william.garcia141@example.com,Australia,Corporate,2023-02-11,1523.65,Y
CUST0001002,Sofia,Lopez,sofia.lopez466@example.com,Japan,Corporate,2024-03-11,4403.35,Y
CUST0001003,Raj,Thompson,raj.thompson232@example.com,UK,Corporate,2024-10-12,10815.71,Y
CUST0001004,Sakura,Thomas,sakura.thomas730@example.com,Japan,E-Commerce,2022-08-10,7088.04,N
CUST0001005,Mei,Williams,mei.williams39@example.com,Brazil,Corporate,2025-11-27,8713.97,Y
CUST0001006,Yuki,Garcia,yuki.garcia146@example.com,Mexico,VIP,2026-06-02,5876.19,Y
CUST0001007,Ingrid,King,ingrid.king81@example.com,Japan,VIP,2018-12-29,6392.77,Y
CUST0001008,John,Wright,john.wright818@example.com,Brazil,E-Commerce,2024-11-16,9958.86,Y
CUST0001009,Fatima,Wright,fatima.wright798@example.com,USA,Corporate,2023-02-03,1936.2,Y
CUST0001010,Yuki,Perez,yuki.perez432@example.com,UAE,E-Commerce,2021-03-30,3861.09,Y
CUST0001011,Karen,Taylor,karen.taylor63@example.com,Australia,Corporate,2024-06-26,1750.07,Y
CUST0001012,Patricia,Jackson,patricia.jackson829@example.com,Mexico,VIP,2018-04-22,22477.79,Y
CUST0001013,Jennifer,Rodriguez,jennifer.rodriguez518@example.com,Canada,E-Commerce,2020-10-29,14917.32,Y
CUST0001014,Sarah,Moore,sarah.moore879@example.com,France,Retail,2026-04-25,701.13,Y
CUST0001015,Barbara,,barbara.martinez675@example.com,China,E-Commerce,2019-12-20,6613.66,Y
CUST0001016,Jessica,Young,jessica.young186@example.com,Saudi Arabia,VIP,2018-05-16,13467.92,Y
CUST0001017,Jennifer,Martinez,jennifer.martinez610@example.com,South Africa,Wholesale,2023-07-25,1495.76,Y
CUST0001018,Carlos,Harris,carlos.harris244@example.com,Australia,Corporate,2026-02-21,4696.01,Y
CUST0001019,Susan,Thompson,susan.thompson56@example.com,Australia,E-Commerce,2026-06-22,12854.33,Y
CUST0001020,Patricia,Hernandez,patricia.hernandez476@example.com,India,Corporate,2021-05-19,672.68,Y
CUST0001021,Liam,Anderson,liam.anderson389@example.com,Australia,Corporate,2023-04-28,6477.05,Y
CUST0001022,Layla,Ramirez,layla.ramirez13@example.com,France,Corporate,2022-04-14,2264.47,Y
CUST0001023,Layla,Williams,layla.williams100@example.com,South Africa,VIP,2025-02-23,13411.24,Y
CUST0001024,Sofia,Moore,sofia.moore344@example.com,France,E-Commerce,2019-02-07,18212.35,Y
CUST0001025,Priya,Robinson,priya.robinson792@example.com,Australia,Wholesale,2026-03-27,14935.87,Y
CUST0001026,Richard,King,richard.king346@example.com,Australia,Wholesale,2021-07-07,3714.31,Y
CUST0001027,James,Jones,james.jones13@example.com,India,Retail,2023-11-22,10404.05,Y
CUST0001028,Hans,,hans.thompson225@example.com,Mexico,E-Commerce,2020-10-28,9807.14,Y
CUST0001029,Mary,Garcia,mary.garcia59@example.com,Brazil,Wholesale,2024-09-21,2421.7,Y
CUST0001030,Linda,Garcia,linda.garcia877@example.com,Brazil,Wholesale,2022-03-20,9327.99,Y
CUST0001031,Barbara,Davis,barbara.davis713@example.com,UK,E-Commerce,2021-04-21,688.55,Y
CUST0001032,John,Robinson,john.robinson945@example.com,France,Corporate,2025-10-06,5035.04,N
CUST0001033,Ahmed,Taylor,ahmed.taylor166@example.com,Saudi Arabia,Retail,2021-02-09,1806.88,Y
CUST0001034,Raj,Harris,raj.harris341@example.com,USA,E-Commerce,2020-12-20,1142.39,Y
CUST0001035,John,Young,john.young951@example.com,Germany,VIP,2022-05-28,900.38,Y
CUST0001036,Sakura,Miller,sakura.miller148@example.com,Japan,Corporate,2020-06-13,6458.39,Y
CUST0001037,Michael,Lewis,michael.lewis733@example.com,France,Retail,2018-05-23,2576.63,Y
CUST0001038,Thomas,Lewis,thomas.lewis20@example.com,South Africa,Corporate,2019-09-02,6950.68,Y
CUST0001039,James,Williams,james.williams681@example.com,India,E-Commerce,2019-09-13,837.95,Y
CUST0001040,Priya,Smith,priya.smith528@example.com,Mexico,Corporate,2023-05-13,2393.8,Y
CUST0001041,John,Wright,john.wright232@example.com,USA,Corporate,2025-09-24,4377.12,Y
CUST0001042,Yuki,Davis,yuki.davis581@example.com,Japan,E-Commerce,2021-09-27,8320.49,Y
CUST0001043,Priya,Brown,priya.brown648@example.com,Australia,Retail,2022-02-05,2419.15,Y
CUST0001044,Fatima,Garcia,fatima.garcia862@example.com,China,E-Commerce,2025-04-07,5416.05,Y
CUST0001045,Olivia,Williams,olivia.williams991@example.com,India,Wholesale,2021-05-09,11356.81,Y
CUST0001046,Michael,Thompson,michael.thompson499@example.com,Canada,Corporate,2026-03-31,5283.78,Y
CUST0001047,Robert,Gonzalez,robert.gonzalez26@example.com,Mexico,VIP,2020-09-03,1826.08,Y
CUST0001048,John,Wright,john.wright659@example.com,France,Corporate,2023-12-28,623.52,N
CUST0001049,Hans,Johnson,hans.johnson38@example.com,UAE,Retail,2021-10-15,10704.91,Y
CUST0001050,Robert,Sanchez,robert.sanchez122@example.com,Germany,VIP,2023-02-21,607.49,N
CUST0001051,Liam,Martinez,liam.martinez759@example.com,Brazil,Wholesale,2018-10-23,10885.29,Y
CUST0001052,Elizabeth,Young,elizabeth.young670@example.com,USA,Corporate,2024-12-07,4263.82,Y
CUST0001053,William,Smith,william.smith177@example.com,Australia,Retail,2021-06-12,14489.96,Y
CUST0001054,Michael,Robinson,michael.robinson626@example.com,UK,VIP,2018-09-19,8516.86,Y
CUST0001055,Michael,Davis,michael.davis510@example.com,Brazil,VIP,2020-06-22,31410.97,Y
CUST0001056,Richard,Ramirez,richard.ramirez346@example.com,Saudi Arabia,Corporate,2021-08-21,2659.39,Y
CUST0001057,Liam,Rodriguez,liam.rodriguez330@example.com,Singapore,Wholesale,2026-07-28,7787.63,Y
CUST0001058,Barbara,Perez,barbara.perez65@example.com,Canada,E-Commerce,2019-08-02,3070.25,Y
CUST0001059,David,White,david.white567@example.com,UK,Corporate,2020-09-24,3768.44,N
CUST0001060,Robert,Rodriguez,robert.rodriguez103@example.com,Saudi Arabia,VIP,2022-03-21,5437.66,Y
CUST0001061,Mary,Young,mary.young83@example.com,USA,Retail,2020-01-05,10844.57,N
CUST0001062,Charles,Clark,charles.clark711@example.com,Saudi Arabia,Corporate,2025-10-06,21201.99,Y
CUST0001063,Elizabeth,Moore,elizabeth.moore536@example.com,China,Corporate,2020-09-06,7810.99,N
CUST0001064,Robert,Lopez,robert.lopez735@example.com,China,VIP,2018-12-27,3204.42,Y
CUST0001065,Karen,Thompson,karen.thompson429@example.com,USA,VIP,2020-08-23,3235.35,Y
CUST0001066,Layla,Miller,layla.miller634@example.com,UAE,VIP,2023-09-10,7189.09,Y
CUST0001067,Susan,Moore,susan.moore55@example.com,Germany,Retail,2019-09-04,1864.15,Y
CUST0001068,Yuki,Young,yuki.young181@example.com,UK,Retail,2018-08-10,1085.33,Y
CUST0001069,Charles,Wilson,charles.wilson446@example.com,France,E-Commerce,2024-12-01,2689.6,Y
CUST0001070,Ingrid,Williams,ingrid.williams107@example.com,Mexico,Retail,2024-01-11,2193.05,Y
CUST0001071,Mary,Young,mary.young528@example.com,Canada,Retail,2020-08-21,2257.07,Y
CUST0001072,Ahmed,Clark,ahmed.clark204@example.com,Mexico,E-Commerce,2020-07-31,1830.31,Y
CUST0001073,Ahmed,Anderson,ahmed.anderson101@example.com,Germany,Corporate,2020-03-30,715.02,Y
CUST0001074,Joseph,Jones,joseph.jones483@example.com,Brazil,Corporate,2018-08-11,590.18,Y
CUST0001075,Elizabeth,Wilson,elizabeth.wilson951@example.com,Brazil,Corporate,2019-12-31,22499.89,Y
CUST0001076,William,Robinson,william.robinson738@example.com,Germany,E-Commerce,2021-01-09,3291.1,Y
CUST0001077,William,Williams,william.williams709@example.com,Brazil,Retail,2021-02-23,2925.19,Y
CUST0001078,Ingrid,Robinson,ingrid.robinson429@example.com,UK,E-Commerce,2020-06-19,6191.66,Y
CUST0001079,David,Hernandez,david.hernandez592@example.com,Japan,Wholesale,2018-12-21,1731.13,Y
CUST0001080,Layla,Young,layla.young883@example.com,Germany,VIP,2023-04-24,15474.78,Y
CUST0001081,Sarah,Smith,sarah.smith748@example.com,India,Wholesale,2020-10-12,8216.96,Y
CUST0001082,Joseph,Martinez,joseph.martinez936@example.com,Brazil,Retail,2022-09-08,968.32,N
CUST0001083,Robert,Walker,robert.walker752@example.com,Saudi Arabia,VIP,2018-05-18,3202.82,Y
CUST0001084,Priya,Walker,priya.walker830@example.com,Saudi Arabia,Retail,2023-01-28,11064.71,Y
CUST0001085,Jennifer,Scott,jennifer.scott772@example.com,USA,Corporate,2020-06-11,14977.81,Y
CUST0001086,Charles,Thomas,charles.thomas664@example.com,Canada,Retail,2023-05-20,3649.94,Y
CUST0001087,David,,david.robinson879@example.com,Brazil,VIP,2018-04-10,5251.97,N
CUST0001088,Ingrid,Rodriguez,ingrid.rodriguez896@example.com,Mexico,Corporate,2020-01-28,1413.81,Y
CUST0001089,Mei,Robinson,mei.robinson721@example.com,Australia,Retail,2025-01-13,24147.22,Y
CUST0001090,Fatima,King,fatima.king34@example.com,France,Corporate,2026-06-11,1817.69,Y
CUST0001091,Liam,Wilson,liam.wilson807@example.com,Australia,Retail,2024-12-16,14800.05,Y
CUST0001092,Patricia,Allen,patricia.allen969@example.com,South Africa,E-Commerce,2018-07-31,5744.07,Y
CUST0001093,Mei,Robinson,mei.robinson634@example.com,USA,E-Commerce,2022-02-09,5179.11,Y
CUST0001094,Olivia,Jones,olivia.jones575@example.com,Mexico,Wholesale,2019-07-21,4094.26,N
CUST0001095,Jessica,Wright,jessica.wright117@example.com,Australia,Corporate,2026-04-09,1811.18,N
CUST0001096,Susan,Anderson,susan.anderson329@example.com,UAE,E-Commerce,2023-08-25,1471.13,Y
CUST0001097,Sarah,Brown,sarah.brown65@example.com,UAE,E-Commerce,2023-01-28,1745.42,Y
CUST0001098,Layla,Davis,layla.davis482@example.com,Mexico,VIP,2025-08-10,1531.67,Y
CUST0001099,Charles,Lewis,charles.lewis636@example.com,UAE,Retail,2020-02-11,8061.2,Y
CUST0001100,Ingrid,Garcia,ingrid.garcia83@example.com,India,Wholesale,2021-03-27,2654.88,N
CUST0001101,John,Miller,john.miller169@example.com,France,Retail,2025-10-26,797.92,Y
CUST0001102,Elizabeth,Wilson,elizabeth.wilson534@example.com,Australia,Retail,2021-04-15,17885.42,Y
CUST0001103,Liam,Rodriguez,liam.rodriguez486@example.com,UAE,Corporate,2022-12-24,11261.6,Y
CUST0001104,Mary,Jackson,mary.jackson194@example.com,Canada,Retail,2020-08-09,13638.27,Y
CUST0001105,Layla,Perez,layla.perez422@example.com,Brazil,E-Commerce,2025-05-09,26900.25,Y
CUST0001106,Ahmed,Young,ahmed.young608@example.com,Australia,VIP,2024-02-25,1455.17,Y
CUST0001107,Karen,Rodriguez,karen.rodriguez920@example.com,Saudi Arabia,E-Commerce,2019-12-05,3022.91,Y
CUST0001108,Joseph,Walker,joseph.walker381@example.com,France,Retail,2019-08-31,7599.02,Y
CUST0001109,Ingrid,Hernandez,ingrid.hernandez634@example.com,South Africa,Wholesale,2025-12-25,6453.98,Y
CUST0001110,Barbara,Lopez,barbara.lopez860@example.com,Mexico,Wholesale,2019-10-23,1335.56,Y
CUST0001111,Robert,Lee,robert.lee589@example.com,UK,Corporate,2020-12-02,8959.57,Y
CUST0001112,Susan,Scott,susan.scott725@example.com,USA,E-Commerce,2021-11-09,1770.85,Y
CUST0001113,Hans,Wright,hans.wright999@example.com,UK,VIP,2021-05-20,1766.84,Y
CUST0001114,Mary,Sanchez,mary.sanchez954@example.com,China,Wholesale,2023-02-20,4349.86,N
CUST0001115,Elizabeth,Smith,elizabeth.smith994@example.com,Mexico,VIP,2023-09-10,4993.97,Y
CUST0001116,Charles,,charles.walker918@example.com,France,VIP,2025-06-24,4838.53,Y
CUST0001117,Hans,Perez,hans.perez706@example.com,Canada,Corporate,2018-06-14,979.73,Y
CUST0001118,Olivia,Davis,olivia.davis316@example.com,USA,Corporate,2024-12-04,10996.62,Y
CUST0001119,Hans,Thompson,hans.thompson95@example.com,UAE,Retail,2024-10-26,2043.51,Y
CUST0001120,Layla,Anderson,layla.anderson801@example.com,South Africa,E-Commerce,2020-03-12,1193.52,Y
CUST0001121,Liam,Lewis,liam.lewis694@example.com,Australia,Retail,2023-09-28,11479.79,Y
CUST0001122,Sakura,Lee,sakura.lee618@example.com,Brazil,VIP,2018-08-18,16078.38,N
CUST0001123,Mei,Sanchez,mei.sanchez152@example.com,Mexico,Corporate,2022-02-23,-10407.13,Y
CUST0001124,James,Jackson,james.jackson354@example.com,UAE,E-Commerce,2022-12-31,8790.94,Y
CUST0001125,Jennifer,Wilson,jennifer.wilson746@example.com,South Africa,Corporate,2026-04-26,5824.56,N
CUST0001126,Hans,Jackson,hans.jackson168@example.com,Saudi Arabia,Corporate,2026-03-04,4502.07,Y
CUST0001127,William,Garcia,william.garcia148@example.com,Germany,E-Commerce,2023-04-29,955.02,N
CUST0001128,Layla,Perez,layla.perez68@example.com,South Africa,VIP,2026-06-25,3125.07,Y
CUST0001129,James,Clark,james.clark655@example.com,South Africa,E-Commerce,2022-08-25,2831.56,Y
CUST0001130,Ingrid,Rodriguez,ingrid.rodriguez205@example.com,UK,Corporate,2021-03-31,2003.86,Y
CUST0001131,Robert,Martin,robert.martin855@example.com,Brazil,E-Commerce,2023-07-17,6926.28,Y
CUST0001132,Ingrid,Anderson,ingrid.anderson28@example.com,Saudi Arabia,Retail,2019-09-23,3924.66,Y
CUST0001133,Yuki,Davis,yuki.davis670@example.com,Australia,E-Commerce,2022-09-05,922.6,Y
CUST0001134,Jessica,Johnson,jessica.johnson123@example.com,Saudi Arabia,E-Commerce,2023-07-13,1743.48,N
CUST0001135,John,White,john.white596@example.com,China,VIP,2022-11-22,6248.35,Y
CUST0001136,Yuki,Davis,yuki.davis383@example.com,Japan,VIP,2018-03-13,895.92,Y
CUST0001137,David,Brown,david.brown150@example.com,UAE,Corporate,2025-10-10,10025.99,Y
CUST0001138,David,Brown,david.brown280@example.com,UAE,Corporate,2025-02-19,3917.44,N
CUST0001139,Wei,Brown,wei.brown297@example.com,France,VIP,2025-03-02,3775.28,N
CUST0001140,Omar,Gonzalez,omar.gonzalez785@example.com,Australia,Wholesale,2026-07-30,4987.44,Y
CUST0001141,David,Wright,david.wright331@example.com,Singapore,E-Commerce,2025-09-06,9205.74,Y
CUST0001142,Sarah,White,sarah.white99@example.com,Japan,VIP,2021-12-11,2637.09,Y
CUST0001143,James,Rodriguez,james.rodriguez531@example.com,France,E-Commerce,2023-06-10,6166.27,Y
CUST0001144,David,Miller,david.miller224@example.com,UK,VIP,2020-06-24,4670.47,Y
CUST0001145,Olivia,King,olivia.king867@example.com,Japan,VIP,2025-11-16,2053.24,Y
CUST0001146,Linda,Clark,linda.clark472@example.com,South Africa,Retail,2019-04-23,11044.56,Y
CUST0001147,Mary,Walker,mary.walker357@example.com,France,E-Commerce,2019-07-24,8483.25,Y
CUST0001148,Layla,Perez,layla.perez177@example.com,Mexico,E-Commerce,2018-04-28,5871.33,Y
CUST0001149,Linda,Anderson,linda.anderson132@example.com,Singapore,Wholesale,2025-09-19,10005.03,Y
CUST0001150,William,Wilson,william.wilson134@example.com,Canada,Corporate,2025-09-30,10598.1,Y
CUST0001151,Linda,Jones,linda.jones20@example.com,Saudi Arabia,Corporate,2026-06-30,6661.23,Y
CUST0001152,Richard,Miller,richard.miller34@example.com,Saudi Arabia,VIP,2024-08-26,9570.43,Y
CUST0001153,Linda,Taylor,linda.taylor45@example.com,Canada,E-Commerce,2025-06-27,6477.9,Y
CUST0001154,Michael,Davis,michael.davis943@example.com,Brazil,Wholesale,2024-08-03,6199.37,N
CUST0001155,Barbara,Thompson,barbara.thompson30@example.com,Canada,Wholesale,2026-05-15,5319.68,N
CUST0001156,Wei,Thompson,wei.thompson165@example.com,Singapore,VIP,2026-03-04,7486.1,Y
CUST0001157,Omar,Jones,omar.jones102@example.com,Singapore,VIP,2026-07-24,1363.47,Y
CUST0001158,Susan,Gonzalez,susan.gonzalez988@example.com,France,Wholesale,2026-06-16,11137.73,Y
CUST0001159,Michael,Wilson,michael.wilson943@example.com,Japan,Corporate,2022-02-10,10772.52,Y
CUST0001160,Barbara,Lewis,barbara.lewis690@example.com,Canada,Wholesale,2021-12-24,648.42,N
CUST0001161,Sofia,Wilson,sofia.wilson527@example.com,Germany,Corporate,2019-04-08,9238.24,Y
CUST0001162,Ahmed,Davis,ahmed.davis478@example.com,Canada,VIP,2019-07-11,1189.82,Y
CUST0001163,Mei,,mei.jackson571@example.com,Mexico,Retail,2018-12-03,2540.73,Y
CUST0001164,Linda,Harris,linda.harris291@example.com,China,VIP,2026-04-04,7303.29,Y
CUST0001165,Hans,Anderson,hans.anderson568@example.com,India,E-Commerce,2022-10-19,1376.29,Y
CUST0001166,John,Walker,john.walker962@example.com,Australia,E-Commerce,2020-01-05,9017.84,Y
CUST0001167,Sakura,Miller,not_an_email,China,VIP,2025-05-21,9422.95,Y
CUST0001168,Linda,Martinez,linda.martinez405@example.com,India,VIP,2019-02-21,4040.98,Y
CUST0001169,David,Jones,david.jones373@example.com,Germany,E-Commerce,2020-03-31,532.03,Y
CUST0001170,Priya,Davis,priya.davis239@example.com,Singapore,Corporate,2026-02-18,2191.64,Y
CUST0001171,Sarah,Sanchez,sarah.sanchez365@example.com,China,VIP,2022-07-15,5297.65,N
CUST0001172,Omar,Moore,omar.moore151@example.com,Saudi Arabia,Corporate,2019-03-19,20365.82,Y
CUST0001173,Sakura,Young,sakura.young237@example.com,Australia,Wholesale,2018-05-02,5495.83,Y
CUST0001174,Patricia,Jones,patricia.jones511@example.com,Australia,Retail,2020-01-04,2004.2,Y
CUST0001175,Ahmed,Martinez,ahmed.martinez311@example.com,Brazil,VIP,2019-01-30,5525.69,Y
CUST0001176,Layla,Young,layla.young812@example.com,China,Wholesale,2021-04-17,4382.49,Y
CUST0001177,Sakura,Allen,sakura.allen268@example.com,Japan,E-Commerce,2024-01-24,8067.13,Y
CUST0001178,Robert,Ramirez,robert.ramirez902@example.com,South Africa,Retail,2022-04-21,1065.74,Y
CUST0001179,Raj,Lewis,raj.lewis471@example.com,USA,Retail,2019-12-26,7657.04,Y
CUST0001180,Karen,Hernandez,karen.hernandez504@example.com,India,Wholesale,2021-07-03,4396.43,Y
CUST0001181,Sakura,Davis,sakura.davis583@example.com,Australia,Corporate,2025-05-27,16983.11,Y
CUST0001182,Liam,Walker,liam.walker488@example.com,Japan,Wholesale,2023-09-07,2591.78,Y
CUST0001183,Thomas,Young,thomas.young606@example.com,India,VIP,2025-08-02,5506.82,Y
CUST0001184,Charles,Lee,charles.lee63@example.com,USA,VIP,2018-07-04,13943.3,Y
CUST0001185,Mei,Thompson,mei.thompson829@example.com,Mexico,VIP,2018-04-21,1040.76,Y
CUST0001186,Fatima,Harris,fatima.harris100@example.com,India,E-Commerce,2022-01-03,14341.27,Y
CUST0001187,Patricia,Thomas,patricia.thomas254@example.com,Germany,E-Commerce,2024-08-24,6321.93,Y
CUST0001188,John,Martin,john.martin118@example.com,UAE,Wholesale,2018-03-22,851.24,Y
CUST0001189,Robert,Robinson,robert.robinson674@example.com,Singapore,Corporate,2024-05-15,2290.26,Y
CUST0001190,Carlos,Moore,carlos.moore21@example.com,Mexico,Corporate,2024-08-05,6657.95,Y
CUST0001191,Ahmed,Harris,ahmed.harris585@example.com,India,E-Commerce,2024-06-03,848.63,Y
CUST0001192,Sakura,Miller,sakura.miller708@example.com,Australia,Wholesale,2021-10-08,4863.41,Y
CUST0001193,Fatima,Hernandez,fatima.hernandez630@example.com,France,E-Commerce,2022-11-21,2622.35,Y
CUST0001194,John,Wright,john.wright220@example.com,France,E-Commerce,2018-07-14,5349.98,Y
CUST0001195,Priya,Anderson,priya.anderson640@example.com,Mexico,Retail,2026-01-18,734.11,Y
CUST0001196,Michael,Perez,michael.perez280@example.com,Canada,VIP,2023-12-16,10760.56,Y
CUST0001197,Susan,Thompson,susan.thompson815@example.com,Canada,E-Commerce,2023-08-30,18650.97,Y
CUST0001198,Sofia,Wright,sofia.wright321@example.com,Germany,Corporate,2022-07-06,17849.18,Y
CUST0001199,Omar,Robinson,omar.robinson688@example.com,Saudi Arabia,VIP,2020-01-10,7424.51,Y
CUST0001200,Layla,Lopez,layla.lopez591@example.com,China,Wholesale,2025-05-30,1196.81,N
CUST0001201,Ingrid,,ingrid.moore960@example.com,Australia,VIP,2024-11-21,7599.53,Y
CUST0001202,Sofia,Brown,sofia.brown535@example.com,Germany,E-Commerce,2023-03-10,624.47,Y
CUST0001203,Elizabeth,Martin,elizabeth.martin865@example.com,India,Corporate,2021-07-29,611.86,Y
CUST0001204,John,Wilson,john.wilson867@example.com,India,E-Commerce,2021-03-21,2454.93,Y
CUST0001205,Thomas,Thomas,thomas.thomas416@example.com,Germany,Retail,2019-09-07,-3853.44,Y
CUST0001206,Jessica,Martin,jessica.martin476@example.com,China,VIP,2022-11-22,7857.24,Y
CUST0001207,Robert,Gonzalez,robert.gonzalez164@example.com,France,Wholesale,2018-04-30,6248.93,Y
CUST0001208,Sarah,Scott,sarah.scott181@example.com,Australia,Retail,2026-02-07,3452.07,Y
CUST0001209,Mary,Brown,mary.brown881@example.com,South Africa,Retail,2021-07-09,2098.46,Y
CUST0001210,John,Clark,john.clark919@example.com,UAE,Retail,2022-06-14,29757.64,N
CUST0001211,William,Thomas,william.thomas115@example.com,Brazil,VIP,2019-05-10,3277.21,Y
CUST0001212,Layla,Taylor,layla.taylor509@example.com,South Africa,Retail,2020-09-02,3501.81,Y
CUST0001213,Ahmed,Perez,ahmed.perez853@example.com,Brazil,Corporate,2026-05-24,1393.38,Y
CUST0001214,Sofia,Wilson,sofia.wilson148@example.com,Canada,Wholesale,2020-05-26,8419.08,N
CUST0001215,Hans,Clark,hans.clark261@example.com,Singapore,VIP,2018-08-18,6415.66,Y
CUST0001216,Mei,Davis,mei.davis325@example.com,Japan,Corporate,2023-04-30,1747.24,Y
CUST0001217,Sarah,Martinez,sarah.martinez372@example.com,China,E-Commerce,2021-06-16,929.87,Y
CUST0001218,Robert,Brown,robert.brown708@example.com,South Africa,Wholesale,2020-11-02,6204.98,Y
CUST0001219,Karen,White,karen.white925@example.com,Saudi Arabia,Retail,2023-12-31,5813.98,Y
CUST0001220,Hans,Harris,hans.harris9@example.com,South Africa,Corporate,2020-11-12,2095.93,Y
CUST0001221,Jessica,Martin,jessica.martin216@example.com,Singapore,Wholesale,2022-12-03,15565.77,Y
CUST0001222,Carlos,Williams,carlos.williams281@example.com,Singapore,Retail,2023-07-07,1318.82,Y
CUST0001223,Carlos,Perez,carlos.perez735@example.com,India,Retail,2019-10-19,3331.12,Y
CUST0001224,Omar,Jones,omar.jones361@example.com,India,VIP,2026-03-06,14877.84,Y
CUST0001225,Ahmed,Robinson,ahmed.robinson712@example.com,USA,Retail,2025-03-12,3221.29,Y
CUST0001226,Hans,Rodriguez,hans.rodriguez4@example.com,India,Wholesale,2025-01-17,5587.83,Y
CUST0001227,Jennifer,Davis,jennifer.davis162@example.com,Germany,VIP,2026-01-01,3034.12,N
CUST0001228,William,Clark,william.clark812@example.com,UAE,Corporate,2023-05-14,2102.51,Y
CUST0001229,William,Taylor,william.taylor178@example.com,Australia,VIP,2021-09-03,21168.85,Y
CUST0001230,Richard,Garcia,richard.garcia425@example.com,UAE,Wholesale,2022-05-31,3132.52,Y
CUST0001231,Joseph,Johnson,joseph.johnson971@example.com,USA,VIP,2025-04-04,11726.26,Y
CUST0001232,Joseph,Garcia,joseph.garcia998@example.com,China,Wholesale,2020-12-08,1806.53,Y
CUST0001233,David,Brown,david.brown411@example.com,Brazil,Corporate,2024-09-25,1698.3,Y
CUST0001234,Jennifer,White,jennifer.white175@example.com,Brazil,Retail,2018-02-27,658.15,Y
CUST0001235,Sofia,Robinson,sofia.robinson848@example.com,Australia,Corporate,2019-05-01,5772.98,Y
CUST0001236,Susan,Gonzalez,susan.gonzalez969@example.com,Singapore,E-Commerce,2021-03-25,2798.5,Y
CUST0001237,Raj,Rodriguez,raj.rodriguez442@example.com,Singapore,Wholesale,2024-09-23,10488.69,Y
CUST0001238,Charles,Gonzalez,charles.gonzalez429@example.com,UK,Corporate,2019-08-21,3704.77,Y
CUST0001239,Thomas,Thomas,thomas.thomas633@example.com,China,Wholesale,2022-02-23,17740.41,Y
CUST0001240,Ingrid,Garcia,ingrid.garcia11@example.com,China,Wholesale,2021-08-17,1526.06,N
CUST0001241,Priya,Wilson,priya.wilson731@example.com,India,Corporate,2026-04-04,10648.43,Y
CUST0001242,John,Miller,john.miller571@example.com,USA,Retail,2021-09-25,7993.89,N
CUST0001243,Yuki,Thompson,yuki.thompson621@example.com,Australia,VIP,2025-12-16,7868.46,Y
CUST0001244,Robert,Smith,robert.smith260@example.com,Japan,VIP,2022-04-10,9814.66,Y
CUST0001245,Priya,White,priya.white136@example.com,South Africa,VIP,2018-06-18,7656.96,Y
CUST0001246,Thomas,Hernandez,thomas.hernandez516@example.com,China,E-Commerce,2023-04-02,5420.44,Y
CUST0001247,Ahmed,King,ahmed.king444@example.com,UK,E-Commerce,2019-04-24,1203.47,Y
CUST0001248,William,Young,william.young893@example.com,Singapore,E-Commerce,2026-05-22,665.33,Y
CUST0001249,Sofia,Jackson,sofia.jackson925@example.com,South Africa,E-Commerce,2024-11-15,13181.92,Y
CUST0001250,Thomas,King,thomas.king321@example.com,India,Wholesale,2021-07-16,5294.04,Y
CUST0001251,Sakura,Martinez,sakura.martinez570@example.com,Singapore,Corporate,2018-08-06,8461.36,Y
CUST0001252,Patricia,Anderson,patricia.anderson188@example.com,USA,Corporate,2020-12-01,3784.29,Y
CUST0001253,Ingrid,Ramirez,ingrid.ramirez119@example.com,South Africa,Corporate,2018-06-17,1123.9,Y
CUST0001254,Olivia,Young,olivia.young469@example.com,China,Retail,2026-01-27,1168.72,Y
CUST0001255,Linda,Thompson,linda.thompson96@example.com,Germany,E-Commerce,2020-01-10,6284.89,Y
CUST0001256,Omar,Moore,omar.moore577@example.com,South Africa,VIP,2020-05-19,3313.28,Y
CUST0001257,James,King,james.king786@example.com,Brazil,Wholesale,2022-09-02,1619.0,N
CUST0001258,Jessica,Young,jessica.young694@example.com,Canada,E-Commerce,2018-04-17,3882.38,Y
CUST0001259,Linda,Sanchez,linda.sanchez383@example.com,Brazil,Retail,2021-08-18,831.82,Y
CUST0001260,Jennifer,Robinson,jennifer.robinson851@example.com,Mexico,Corporate,2023-02-03,4861.03,Y
CUST0001261,Sarah,Smith,not_an_email,USA,VIP,2023-01-30,2066.66,Y
CUST0001262,William,Wilson,william.wilson884@example.com,USA,E-Commerce,2021-08-16,8486.54,Y
CUST0001263,John,Scott,john.scott975@example.com,Brazil,Corporate,2019-01-15,2357.94,Y
CUST0001264,Barbara,Thomas,barbara.thomas989@example.com,Saudi Arabia,Corporate,2019-01-01,3536.87,Y
CUST0001265,Susan,Hernandez,susan.hernandez398@example.com,Saudi Arabia,Corporate,2021-03-13,558.44,Y
CUST0001266,Elizabeth,Davis,elizabeth.davis306@example.com,China,Corporate,2026-04-03,876.03,Y
CUST0001267,Karen,Rodriguez,karen.rodriguez368@example.com,Australia,Retail,2022-02-14,2991.96,Y
CUST0001268,Sakura,Lewis,sakura.lewis907@example.com,India,Corporate,2021-01-04,3769.04,Y
CUST0001269,Sofia,Garcia,sofia.garcia775@example.com,India,E-Commerce,2024-11-19,5081.71,Y
CUST0001270,Sofia,Garcia,sofia.garcia42@example.com,Japan,E-Commerce,2023-03-14,2224.17,Y
CUST0001271,Elizabeth,Young,elizabeth.young540@example.com,Australia,VIP,2018-12-10,6436.92,Y
CUST0001272,Sofia,Garcia,sofia.garcia929@example.com,Saudi Arabia,Corporate,2021-05-15,10334.94,Y
CUST0001273,William,Martin,william.martin862@example.com,Germany,VIP,2022-10-18,8067.25,Y
CUST0001274,Patricia,Scott,patricia.scott79@example.com,South Africa,Retail,2023-10-04,702.13,Y
CUST0001275,Sofia,Clark,sofia.clark97@example.com,China,VIP,2020-11-03,3774.51,Y
CUST0001276,Jennifer,Allen,jennifer.allen17@example.com,Canada,Corporate,2020-01-06,1054.27,Y
CUST0001277,Priya,Williams,priya.williams86@example.com,India,E-Commerce,2021-07-09,1885.66,Y
CUST0001278,Ingrid,Lewis,ingrid.lewis639@example.com,Saudi Arabia,E-Commerce,2021-10-30,22085.91,N
CUST0001279,Barbara,Wilson,barbara.wilson190@example.com,Canada,VIP,2020-11-28,1268.64,Y
CUST0001280,Michael,Ramirez,michael.ramirez548@example.com,USA,Retail,2022-06-06,3954.63,Y
CUST0001281,David,Walker,david.walker472@example.com,Mexico,Corporate,2025-05-18,5313.71,N
CUST0001282,Sakura,Martin,sakura.martin634@example.com,Singapore,VIP,2022-01-17,6561.12,Y
CUST0001283,Priya,Martin,priya.martin90@example.com,UK,Wholesale,2018-02-26,4600.91,Y
CUST0001284,Mary,Gonzalez,mary.gonzalez880@example.com,USA,Wholesale,2023-05-25,549.09,Y
CUST0001285,Jessica,Ramirez,jessica.ramirez863@example.com,Australia,VIP,2020-02-21,2476.05,Y
CUST0001286,Ingrid,Martinez,ingrid.martinez486@example.com,India,Retail,2019-04-23,4146.07,Y
CUST0001287,Elizabeth,Lewis,elizabeth.lewis987@example.com,China,Corporate,2018-03-22,959.84,Y
CUST0001288,Jessica,Gonzalez,jessica.gonzalez302@example.com,Brazil,Corporate,2018-07-28,2658.74,Y
CUST0001289,Michael,Ramirez,michael.ramirez426@example.com,Singapore,Corporate,2026-04-08,668.83,Y
CUST0001290,Olivia,Jackson,olivia.jackson38@example.com,China,Corporate,2023-06-15,909.19,Y
CUST0001291,Sakura,Anderson,sakura.anderson732@example.com,USA,VIP,2018-03-19,3028.55,Y
CUST0001292,Ahmed,Scott,ahmed.scott66@example.com,France,Corporate,2023-04-23,1211.94,Y
CUST0001293,Wei,Lewis,wei.lewis715@example.com,India,Retail,2019-10-23,4691.34,Y
CUST0001294,Richard,Walker,richard.walker353@example.com,China,Wholesale,2023-09-11,6347.29,Y
CUST0001295,Fatima,Robinson,fatima.robinson135@example.com,South Africa,E-Commerce,2026-02-09,8561.88,Y
CUST0001296,Carlos,White,carlos.white816@example.com,China,Wholesale,2024-12-22,1616.66,Y
CUST0001297,Jennifer,Walker,jennifer.walker133@example.com,UK,Wholesale,2019-10-03,1416.51,Y
CUST0001298,Michael,,michael.clark966@example.com,China,E-Commerce,2020-08-19,1052.24,Y
CUST0001299,Patricia,Johnson,patricia.johnson368@example.com,South Africa,E-Commerce,2022-01-02,5558.92,Y
CUST0001300,Barbara,Allen,barbara.allen33@example.com,Saudi Arabia,Retail,2021-10-15,6628.97,Y
CUST0001301,Joseph,Davis,joseph.davis576@example.com,Germany,Corporate,2020-11-22,660.48,N
CUST0001302,Wei,Williams,wei.williams789@example.com,South Africa,VIP,2020-12-31,14260.97,Y
CUST0001303,Omar,Miller,omar.miller724@example.com,USA,Corporate,2023-02-16,766.85,N
CUST0001304,Linda,Miller,linda.miller801@example.com,Brazil,VIP,2019-02-22,4396.75,Y
CUST0001305,Robert,Allen,robert.allen108@example.com,UK,Retail,2020-04-21,6673.2,N
CUST0001306,David,Jackson,david.jackson726@example.com,China,VIP,2023-08-04,10738.52,Y
CUST0001307,Michael,Martinez,michael.martinez663@example.com,UAE,E-Commerce,2019-07-19,6760.34,Y
CUST0001308,Richard,Lewis,richard.lewis993@example.com,India,Retail,2020-10-01,8590.58,Y
CUST0001309,Yuki,Perez,yuki.perez294@example.com,Japan,Wholesale,2018-12-16,2573.41,Y
CUST0001310,Carlos,White,carlos.white645@example.com,Australia,Wholesale,2019-09-13,8932.27,Y
CUST0001311,Layla,Clark,layla.clark807@example.com,Germany,Wholesale,2022-10-23,917.53,Y
CUST0001312,Carlos,Robinson,carlos.robinson975@example.com,Singapore,VIP,2025-08-26,11760.25,Y
CUST0001313,Mary,Lewis,mary.lewis150@example.com,Saudi Arabia,Retail,2026-01-18,4465.86,Y
CUST0001314,John,Garcia,john.garcia347@example.com,UAE,Corporate,2019-11-05,8999.49,Y
CUST0001315,Priya,Williams,priya.williams677@example.com,South Africa,Wholesale,2024-06-11,3510.3,Y
CUST0001316,Layla,Jackson,layla.jackson430@example.com,India,VIP,2021-05-31,5658.2,Y
CUST0001317,Ahmed,Thompson,ahmed.thompson9@example.com,Singapore,E-Commerce,2023-12-02,4236.99,Y
CUST0001318,Elizabeth,Sanchez,elizabeth.sanchez457@example.com,Australia,Wholesale,2024-02-08,7076.19,Y
CUST0001319,Hans,Thompson,hans.thompson909@example.com,Saudi Arabia,Corporate,2020-03-19,925.77,Y
CUST0001320,Jennifer,Williams,jennifer.williams551@example.com,UAE,Corporate,2026-02-18,811.25,Y
CUST0001321,William,King,william.king554@example.com,France,Wholesale,2019-01-16,1919.14,Y
CUST0001322,Karen,King,karen.king349@example.com,Saudi Arabia,Wholesale,2018-04-06,1369.06,Y
CUST0001323,Liam,Taylor,liam.taylor248@example.com,Singapore,E-Commerce,2026-02-23,10770.18,Y
CUST0001324,Omar,Davis,omar.davis750@example.com,USA,E-Commerce,2020-11-29,1737.27,Y
CUST0001325,Wei,Davis,wei.davis49@example.com,Saudi Arabia,Retail,2023-01-13,19120.51,Y
CUST0001326,James,Robinson,james.robinson348@example.com,Germany,VIP,2024-05-05,2554.12,Y
CUST0001327,Liam,Anderson,liam.anderson359@example.com,France,E-Commerce,2025-06-24,1505.19,Y
CUST0001328,William,Harris,william.harris533@example.com,Mexico,Wholesale,2019-03-08,8296.07,Y
CUST0001329,Richard,White,richard.white466@example.com,Canada,Wholesale,2025-12-24,5875.08,Y
CUST0001330,Carlos,Garcia,carlos.garcia95@example.com,USA,Corporate,2019-06-17,3947.73,Y
CUST0001331,Hans,Jones,hans.jones379@example.com,Australia,VIP,2022-07-08,4552.49,Y
CUST0001332,Layla,Sanchez,layla.sanchez893@example.com,France,VIP,2023-08-06,6850.59,Y
CUST0001333,Hans,Young,hans.young750@example.com,India,Wholesale,2019-08-15,1796.8,Y
CUST0001334,Sakura,Robinson,sakura.robinson133@example.com,Mexico,VIP,2023-12-08,28543.16,Y
CUST0001335,Susan,Robinson,susan.robinson485@example.com,USA,Wholesale,2024-04-08,18903.2,Y
CUST0001336,Linda,Clark,linda.clark113@example.com,Canada,E-Commerce,2024-05-30,5753.77,Y
CUST0001337,Layla,Martinez,layla.martinez121@example.com,UAE,E-Commerce,2022-03-14,1612.86,Y
CUST0001338,Sakura,Johnson,sakura.johnson811@example.com,UK,Wholesale,2024-08-12,6200.74,Y
CUST0001339,Karen,Jackson,karen.jackson221@example.com,UK,Corporate,2018-01-09,874.69,Y
CUST0001340,Wei,Jones,wei.jones892@example.com,USA,Corporate,2023-05-25,655.66,Y
CUST0001341,Hans,Perez,hans.perez801@example.com,India,Corporate,2026-01-28,1989.89,Y
CUST0001342,William,Rodriguez,william.rodriguez517@example.com,Australia,Corporate,2026-07-17,3605.28,Y
CUST0001343,Hans,Martinez,hans.martinez888@example.com,Mexico,E-Commerce,2019-01-01,10635.1,Y
CUST0001344,Carlos,Harris,carlos.harris239@example.com,South Africa,Corporate,2021-10-20,6994.51,Y
CUST0001345,Hans,Moore,hans.moore662@example.com,Canada,Wholesale,2025-12-06,7287.69,Y
CUST0001346,Karen,Scott,karen.scott661@example.com,Canada,VIP,2018-12-15,3271.22,Y
CUST0001347,Liam,Brown,liam.brown981@example.com,Brazil,VIP,2020-02-15,2622.74,Y
CUST0001348,Omar,Johnson,omar.johnson124@example.com,Australia,VIP,2020-01-07,2818.43,N
CUST0001349,Sarah,Wilson,sarah.wilson252@example.com,Singapore,VIP,2022-12-25,22470.32,Y
CUST0001350,Liam,Lee,liam.lee412@example.com,Brazil,Retail,2023-07-07,704.68,Y
CUST0001351,Mary,Perez,mary.perez448@example.com,UK,Corporate,2018-04-09,10588.21,Y
CUST0001352,Ahmed,Harris,ahmed.harris264@example.com,Canada,Retail,2019-02-11,4821.76,Y
CUST0001353,Charles,Martinez,charles.martinez188@example.com,France,Retail,2019-09-24,3386.75,Y
CUST0001354,Carlos,Hernandez,carlos.hernandez61@example.com,Brazil,E-Commerce,2020-01-14,6959.61,Y
CUST0001355,Patricia,Martin,patricia.martin400@example.com,Canada,E-Commerce,2019-08-07,3834.17,Y
CUST0001356,Ahmed,Taylor,ahmed.taylor385@example.com,Singapore,Retail,2018-08-01,10834.53,Y
CUST0001357,Jessica,Young,jessica.young521@example.com,Saudi Arabia,VIP,2022-04-27,12048.14,N
CUST0001358,Sarah,Brown,sarah.brown326@example.com,China,VIP,2022-07-26,3238.49,Y
CUST0001359,Mary,Clark,mary.clark649@example.com,Germany,Retail,2021-01-07,2120.54,Y
CUST0001360,Michael,Thomas,michael.thomas782@example.com,Japan,Wholesale,2021-06-01,4986.74,Y
CUST0001361,Hans,Garcia,hans.garcia867@example.com,Australia,VIP,2020-04-13,12672.78,Y
CUST0001362,Elizabeth,White,elizabeth.white554@example.com,UK,Wholesale,2024-01-11,1682.8,N
CUST0001363,Olivia,Lewis,olivia.lewis43@example.com,USA,Corporate,2024-12-17,5377.11,Y
CUST0001364,David,Smith,david.smith62@example.com,South Africa,Corporate,2021-01-24,5492.39,Y
CUST0001365,Raj,Thompson,raj.thompson863@example.com,Australia,Wholesale,2024-07-24,7104.65,Y
CUST0001366,Charles,Williams,charles.williams166@example.com,Mexico,VIP,2024-04-25,1205.33,Y
CUST0001367,Jennifer,Sanchez,jennifer.sanchez716@example.com,Canada,Wholesale,2026-02-17,6790.82,Y
CUST0001368,Sarah,Ramirez,sarah.ramirez216@example.com,Brazil,VIP,2021-07-27,12486.27,Y
CUST0001369,Fatima,Taylor,fatima.taylor771@example.com,Mexico,Corporate,2021-01-23,1490.32,Y
CUST0001370,Ahmed,Perez,ahmed.perez216@example.com,China,VIP,2021-09-07,1856.05,Y
CUST0001371,William,Smith,william.smith624@example.com,China,Retail,2018-02-09,18270.89,Y
CUST0001372,Carlos,Scott,carlos.scott917@example.com,Mexico,Corporate,2026-07-21,1498.22,Y
CUST0001373,Jennifer,Jones,jennifer.jones552@example.com,USA,Corporate,2025-07-16,10133.95,Y
CUST0001374,Raj,Thompson,raj.thompson397@example.com,UK,Retail,2019-05-27,3889.1,Y
CUST0001375,Richard,Lewis,richard.lewis10@example.com,Germany,Retail,2026-07-04,1919.98,Y
CUST0001376,Wei,Gonzalez,wei.gonzalez93@example.com,Singapore,VIP,2025-01-04,10730.03,Y
CUST0001377,Joseph,Anderson,joseph.anderson506@example.com,UAE,Retail,2021-02-23,3446.69,Y
CUST0001378,Susan,Smith,susan.smith201@example.com,Singapore,Corporate,2019-03-31,4116.15,Y
CUST0001379,Omar,Young,omar.young175@example.com,Japan,Wholesale,2025-05-26,2725.45,Y
CUST0001380,Barbara,Jones,barbara.jones603@example.com,UK,Retail,2019-06-06,4994.11,Y
CUST0001381,Joseph,King,joseph.king747@example.com,Saudi Arabia,E-Commerce,2020-02-25,1392.79,Y
CUST0001382,Mary,Wright,mary.wright630@example.com,France,VIP,2023-02-03,2980.35,Y
CUST0001383,Sofia,Brown,sofia.brown875@example.com,UAE,Corporate,2022-07-25,17935.79,Y
CUST0001384,Layla,Robinson,layla.robinson508@example.com,UAE,VIP,2026-07-06,1992.93,Y
CUST0001385,Joseph,Brown,joseph.brown285@example.com,South Africa,Corporate,2023-12-21,5846.29,Y
CUST0001386,James,Sanchez,james.sanchez200@example.com,UAE,Retail,2024-05-31,2466.62,Y
CUST0001387,Joseph,Ramirez,joseph.ramirez981@example.com,Canada,Wholesale,2020-03-17,7924.46,Y
CUST0001388,Karen,Jones,karen.jones642@example.com,Australia,Retail,2018-04-25,1201.33,Y
CUST0001389,Mary,Perez,mary.perez861@example.com,France,Wholesale,2019-03-18,18003.05,Y
CUST0001390,Fatima,Brown,fatima.brown842@example.com,UAE,VIP,2020-08-27,3523.75,N
CUST0001391,Hans,Miller,hans.miller641@example.com,China,VIP,2019-05-27,1846.27,Y
CUST0001392,Patricia,Williams,patricia.williams387@example.com,UAE,Retail,2019-06-07,881.69,Y
CUST0001393,Hans,Brown,hans.brown309@example.com,Brazil,Corporate,2018-09-27,1430.19,Y
CUST0001394,Patricia,Scott,patricia.scott54@example.com,France,Corporate,2022-07-04,4167.49,Y
CUST0001395,Carlos,Anderson,carlos.anderson886@example.com,Brazil,VIP,2018-02-13,2554.93,Y
CUST0001396,Ingrid,Ramirez,ingrid.ramirez902@example.com,Brazil,VIP,2019-02-19,9327.05,Y
CUST0001397,Mary,Robinson,mary.robinson530@example.com,UAE,VIP,2020-02-28,3318.39,Y
CUST0001398,James,Jones,james.jones608@example.com,Saudi Arabia,Wholesale,2024-06-05,1929.85,Y
CUST0001399,Omar,Taylor,omar.taylor364@example.com,India,Corporate,2026-02-16,5300.49,Y
CUST0001400,Barbara,Thomas,barbara.thomas141@example.com,Saudi Arabia,Retail,2018-09-05,6634.11,Y
CUST0001401,Sofia,Allen,sofia.allen983@example.com,Australia,E-Commerce,2021-06-28,1413.86,Y
CUST0001402,Liam,Martinez,liam.martinez151@example.com,China,E-Commerce,2024-10-07,1417.33,Y
CUST0001403,Mei,Smith,mei.smith531@example.com,Brazil,Wholesale,2018-08-23,686.8,Y
CUST0001404,Olivia,Brown,olivia.brown433@example.com,UAE,Wholesale,2020-03-31,7166.65,Y
CUST0001405,Richard,Jones,richard.jones350@example.com,Germany,Corporate,2025-10-16,5950.31,Y
CUST0001406,Ingrid,Perez,ingrid.perez873@example.com,Brazil,VIP,2021-10-06,3718.27,Y
CUST0001407,Carlos,Perez,carlos.perez167@example.com,Canada,Corporate,2018-06-22,9794.96,Y
CUST0001408,James,Anderson,james.anderson710@example.com,Germany,Corporate,2024-12-30,8690.99,Y
CUST0001409,Yuki,Perez,yuki.perez827@example.com,Mexico,Corporate,2020-04-20,4901.66,Y
CUST0001410,James,White,james.white11@example.com,Canada,E-Commerce,2018-05-03,10635.05,Y
CUST0001411,Elizabeth,Jackson,elizabeth.jackson451@example.com,Germany,VIP,2026-08-02,1652.36,Y
CUST0001412,Mary,Gonzalez,mary.gonzalez203@example.com,France,Wholesale,2020-06-15,1093.47,Y
CUST0001413,Barbara,Perez,barbara.perez868@example.com,Japan,Wholesale,2020-01-02,2071.84,Y
CUST0001414,Barbara,Taylor,barbara.taylor933@example.com,Canada,Retail,2025-08-06,793.91,Y
CUST0001415,Linda,Perez,linda.perez959@example.com,Germany,E-Commerce,2023-02-12,4287.57,Y
CUST0001416,Mei,Hernandez,mei.hernandez964@example.com,Japan,VIP,2022-11-12,14291.91,Y
CUST0001417,John,Davis,john.davis148@example.com,South Africa,Wholesale,2020-02-16,700.69,Y
CUST0001418,Raj,White,raj.white326@example.com,Brazil,Corporate,2025-02-18,1151.17,Y
CUST0001419,Robert,Gonzalez,robert.gonzalez875@example.com,Japan,E-Commerce,2019-09-01,3509.22,Y
CUST0001420,Patricia,Moore,,UK,VIP,2024-07-20,14081.04,Y
CUST0001421,Susan,Garcia,susan.garcia804@example.com,China,VIP,2018-09-23,2400.13,Y
CUST0001422,Raj,Allen,raj.allen384@example.com,China,VIP,2023-03-17,4038.61,Y
CUST0001423,Mei,King,mei.king712@example.com,China,Corporate,2023-04-25,712.31,Y
CUST0001424,Priya,Williams,priya.williams213@example.com,Germany,Wholesale,2023-01-26,1302.86,Y
CUST0001425,Priya,Wilson,priya.wilson314@example.com,India,Corporate,2024-05-29,22073.76,Y
CUST0001426,Mei,Taylor,mei.taylor564@example.com,Canada,Wholesale,2026-06-06,17279.02,Y
CUST0001427,Hans,King,hans.king361@example.com,Germany,VIP,2018-06-18,524.76,Y
CUST0001428,Fatima,Ramirez,fatima.ramirez462@example.com,China,Corporate,2022-08-03,15663.2,Y
CUST0001429,Sakura,Lee,sakura.lee280@example.com,India,Retail,2020-01-06,5596.05,Y
CUST0001430,Thomas,Jones,thomas.jones368@example.com,South Africa,Retail,2021-04-21,10621.67,Y
CUST0001431,Omar,Wright,omar.wright660@example.com,Canada,E-Commerce,2020-07-21,3532.46,Y
CUST0001432,John,White,john.white40@example.com,Japan,Wholesale,2021-09-29,4124.18,Y
CUST0001433,Fatima,Taylor,fatima.taylor310@example.com,Mexico,E-Commerce,2020-02-20,3855.43,Y
CUST0001434,William,Wright,william.wright935@example.com,France,Retail,2021-05-11,5996.03,Y
CUST0001435,Wei,Sanchez,wei.sanchez969@example.com,India,VIP,2026-07-01,1252.09,Y
CUST0001436,Yuki,Allen,yuki.allen780@example.com,UK,Corporate,2020-07-21,652.16,Y
CUST0001437,Susan,Walker,susan.walker240@example.com,Japan,VIP,2024-03-13,2340.34,Y
CUST0001438,Ingrid,Perez,ingrid.perez811@example.com,Canada,E-Commerce,2020-02-09,6598.49,Y
CUST0001439,Carlos,Wilson,carlos.wilson450@example.com,China,VIP,2018-05-04,1627.32,Y
CUST0001440,William,Martin,william.martin966@example.com,Mexico,Retail,2023-08-10,6095.59,Y
CUST0001441,Wei,Perez,wei.perez231@example.com,India,Corporate,2025-09-09,18018.15,Y
CUST0001442,Liam,Martin,liam.martin334@example.com,Brazil,Retail,2024-05-13,993.03,Y
CUST0001443,William,Martinez,william.martinez976@example.com,UAE,VIP,2025-01-23,6082.9,Y
CUST0001444,Priya,Harris,priya.harris210@example.com,India,Retail,2023-12-30,3432.69,Y
CUST0001445,Yuki,Miller,yuki.miller337@example.com,Brazil,Corporate,2025-03-02,10630.16,Y
CUST0001446,Jennifer,Hernandez,jennifer.hernandez107@example.com,Australia,VIP,2019-12-29,1474.91,Y
CUST0001447,Sakura,Johnson,sakura.johnson192@example.com,Germany,Retail,2022-04-30,6398.45,Y
CUST0001448,Joseph,Jackson,joseph.jackson676@example.com,Japan,Retail,2023-02-06,9604.35,Y
CUST0001449,Layla,Smith,layla.smith176@example.com,UAE,Corporate,2022-05-21,14967.16,Y
CUST0001450,Linda,Rodriguez,linda.rodriguez550@example.com,India,Corporate,2026-05-02,6248.18,Y
CUST0001451,Susan,Rodriguez,susan.rodriguez892@example.com,Germany,E-Commerce,2022-11-06,3937.56,Y
CUST0001452,Yuki,Hernandez,yuki.hernandez619@example.com,Brazil,E-Commerce,2024-08-03,5309.67,Y
CUST0001453,Ingrid,Moore,ingrid.moore207@example.com,USA,Wholesale,2022-12-31,10659.16,Y
CUST0001454,Priya,Thomas,priya.thomas539@example.com,UAE,VIP,2023-07-04,4726.95,Y
CUST0001455,Robert,Garcia,robert.garcia295@example.com,Australia,Corporate,2021-11-21,654.29,Y
CUST0001456,Karen,Sanchez,karen.sanchez628@example.com,Singapore,Wholesale,2022-08-28,13864.53,Y
CUST0001457,Sofia,Robinson,sofia.robinson394@example.com,South Africa,Wholesale,2025-11-01,6348.29,Y
CUST0001458,Priya,Williams,priya.williams246@example.com,South Africa,Wholesale,2021-01-26,6142.99,Y
CUST0001459,Liam,Jackson,liam.jackson683@example.com,South Africa,Retail,2025-10-30,1714.66,Y
CUST0001460,Susan,Young,susan.young422@example.com,Saudi Arabia,VIP,2019-05-12,5877.68,N
CUST0001461,John,Miller,john.miller517@example.com,Saudi Arabia,E-Commerce,2022-08-07,3003.26,Y
CUST0001462,Thomas,Wilson,thomas.wilson519@example.com,USA,Corporate,2018-04-20,5766.76,Y
CUST0001463,Ingrid,Harris,ingrid.harris352@example.com,Mexico,Corporate,2020-03-07,1063.57,Y
CUST0001464,James,Taylor,not_an_email,Mexico,Wholesale,2021-09-01,5862.46,Y
CUST0001465,Ingrid,Young,ingrid.young473@example.com,Canada,Retail,2024-02-25,37708.61,Y
CUST0001466,Hans,Rodriguez,hans.rodriguez483@example.com,Singapore,E-Commerce,2019-10-23,747.06,Y
CUST0001467,Mary,Miller,mary.miller182@example.com,France,Retail,2023-12-30,19399.32,Y
CUST0001468,David,Jones,david.jones688@example.com,Saudi Arabia,Retail,2025-08-06,3112.03,Y
CUST0001469,Hans,Thompson,hans.thompson183@example.com,Germany,Retail,2025-07-27,10730.17,Y
CUST0001470,Hans,Brown,hans.brown857@example.com,Australia,VIP,2025-03-10,8125.15,Y
CUST0001471,Michael,Harris,michael.harris707@example.com,France,Corporate,2018-08-03,4685.28,Y
CUST0001472,Patricia,Harris,patricia.harris786@example.com,Germany,Wholesale,2022-03-15,7205.63,N
CUST0001473,Richard,Garcia,richard.garcia17@example.com,India,Retail,2018-03-01,11039.85,Y
CUST0001474,Richard,Jones,richard.jones226@example.com,South Africa,Retail,2025-06-13,3088.75,Y
CUST0001475,David,Williams,david.williams426@example.com,Japan,Retail,2021-09-01,2480.3,Y
CUST0001476,Richard,Wilson,richard.wilson957@example.com,Japan,Corporate,2022-10-19,6006.98,Y
CUST0001477,Susan,Miller,susan.miller366@example.com,UAE,Wholesale,2018-03-03,8747.29,Y
CUST0001478,Ahmed,Smith,ahmed.smith399@example.com,Germany,Corporate,2020-06-20,7683.42,Y
CUST0001479,Sarah,White,sarah.white45@example.com,Canada,Wholesale,2022-08-11,8492.83,Y
CUST0001480,Sakura,Miller,sakura.miller730@example.com,Japan,VIP,2019-12-04,3359.81,Y
CUST0001481,Michael,Lee,michael.lee647@example.com,Mexico,Corporate,2025-08-08,9014.19,N
CUST0001482,William,Perez,william.perez180@example.com,Australia,E-Commerce,2025-06-22,1140.35,Y
CUST0001483,Fatima,Johnson,fatima.johnson624@example.com,South Africa,VIP,2023-01-13,4431.68,Y
CUST0001484,Joseph,Allen,joseph.allen602@example.com,Mexico,Retail,2020-08-10,528.88,Y
CUST0001485,Linda,Martin,linda.martin243@example.com,Mexico,Corporate,2026-06-29,2462.15,Y
CUST0001486,Jennifer,Brown,jennifer.brown141@example.com,UAE,Corporate,2021-04-29,2782.17,Y
CUST0001487,Raj,Wilson,raj.wilson658@example.com,USA,Wholesale,2026-02-18,3022.34,Y
CUST0001488,Hans,Perez,hans.perez138@example.com,France,E-Commerce,2025-03-21,6444.88,Y
CUST0001489,Robert,King,robert.king811@example.com,India,E-Commerce,2026-06-02,2959.68,Y
CUST0001490,Fatima,Perez,fatima.perez249@example.com,Germany,VIP,2018-08-10,3477.32,N
CUST0001491,Jessica,Anderson,jessica.anderson623@example.com,Singapore,Corporate,2023-11-06,1856.05,Y
CUST0001492,Hans,Smith,hans.smith67@example.com,Singapore,Corporate,2018-10-14,2836.05,N
CUST0001493,Patricia,Martinez,patricia.martinez961@example.com,Germany,Wholesale,2019-01-11,1789.13,Y
CUST0001494,Olivia,Wilson,olivia.wilson242@example.com,Japan,Retail,2022-10-12,880.07,Y
CUST0001495,Karen,Hernandez,karen.hernandez739@example.com,Germany,Wholesale,2022-10-03,5124.75,Y
CUST0001496,Jessica,Martin,,Brazil,Corporate,2025-02-16,6016.31,Y
CUST0001497,Yuki,Garcia,yuki.garcia974@example.com,UAE,Corporate,2022-03-28,5331.22,Y
CUST0001498,Hans,Ramirez,hans.ramirez518@example.com,Brazil,Corporate,2026-07-12,3613.39,Y
CUST0001499,Yuki,Johnson,yuki.johnson781@example.com,India,Corporate,2018-12-07,2888.45,Y
CUST0001500,Karen,Wright,karen.wright157@example.com,Japan,Wholesale,2020-11-19,10451.06,Y
CUST0001501,Karen,Robinson,karen.robinson291@example.com,India,VIP,2024-10-18,4160.29,Y
CUST0001502,Fatima,Rodriguez,fatima.rodriguez733@example.com,China,Wholesale,2019-09-26,3761.77,N
CUST0001503,James,Smith,james.smith883@example.com,Japan,E-Commerce,2023-07-06,629.88,Y
CUST0001504,Carlos,Sanchez,carlos.sanchez994@example.com,Mexico,E-Commerce,2022-04-23,2587.04,Y
CUST0001505,John,Clark,john.clark907@example.com,USA,Retail,2022-04-26,2891.76,N
CUST0001506,David,Gonzalez,david.gonzalez782@example.com,India,E-Commerce,2026-06-06,3044.33,Y
CUST0001507,Omar,Young,omar.young651@example.com,Mexico,E-Commerce,2025-10-23,4839.56,Y
CUST0001508,Raj,Ramirez,raj.ramirez754@example.com,Germany,Wholesale,2023-05-11,4313.59,Y
CUST0001509,Mei,Johnson,mei.johnson715@example.com,Australia,Wholesale,2020-12-06,5181.26,Y
CUST0001510,Elizabeth,Taylor,elizabeth.taylor254@example.com,Brazil,VIP,2025-06-07,7738.37,Y
CUST0001511,James,Davis,james.davis790@example.com,Canada,Corporate,2022-06-17,8882.85,Y
CUST0001512,Jennifer,King,jennifer.king932@example.com,Germany,Corporate,2019-11-11,6831.42,Y
CUST0001513,Thomas,Martin,thomas.martin513@example.com,Japan,Corporate,2024-07-28,16063.99,Y
CUST0001514,Carlos,Garcia,carlos.garcia112@example.com,Australia,VIP,2021-11-11,592.0,Y
CUST0001515,Sarah,Wilson,sarah.wilson953@example.com,Mexico,Corporate,2025-11-03,1589.4,Y
CUST0001516,David,Young,david.young2@example.com,Canada,Retail,2025-10-23,537.96,Y
CUST0001517,Carlos,Jackson,carlos.jackson751@example.com,India,Wholesale,2019-12-24,5713.16,Y
CUST0001518,William,Gonzalez,william.gonzalez499@example.com,UK,VIP,2019-03-28,11915.41,Y
CUST0001519,Susan,Lopez,susan.lopez206@example.com,USA,Wholesale,2026-07-07,1895.15,Y
CUST0001520,Carlos,Lewis,carlos.lewis642@example.com,South Africa,VIP,2019-03-24,13588.85,Y
CUST0001521,David,Garcia,david.garcia301@example.com,Canada,Corporate,2019-05-26,810.8,Y
CUST0001522,Fatima,Johnson,fatima.johnson600@example.com,Germany,Corporate,2023-06-11,14123.64,Y
CUST0001523,Michael,Smith,michael.smith63@example.com,France,Retail,2025-06-18,2666.41,Y
CUST0001524,Robert,Miller,robert.miller217@example.com,Japan,Retail,2022-03-19,1034.7,Y
CUST0001525,Sarah,Young,sarah.young485@example.com,Saudi Arabia,E-Commerce,2024-10-11,3826.41,Y
CUST0001526,Mei,Perez,mei.perez323@example.com,Singapore,Wholesale,2022-01-19,1983.79,Y
CUST0001527,Raj,Brown,raj.brown999@example.com,UAE,E-Commerce,2019-02-15,2176.47,Y
CUST0001528,Priya,Rodriguez,priya.rodriguez27@example.com,Brazil,Retail,2023-12-14,2335.72,Y
CUST0001529,Jessica,White,jessica.white463@example.com,Brazil,Corporate,2023-10-11,8623.42,Y
CUST0001530,Richard,Smith,richard.smith654@example.com,Singapore,E-Commerce,2018-03-10,4373.54,Y
CUST0001531,Robert,Lee,robert.lee695@example.com,China,Wholesale,2024-10-21,2364.8,Y
CUST0001532,Jennifer,Thompson,jennifer.thompson439@example.com,South Africa,Corporate,2025-05-20,5212.32,Y
CUST0001533,Michael,Harris,michael.harris301@example.com,Brazil,Wholesale,2025-12-26,6796.56,Y
CUST0001534,Layla,Allen,layla.allen33@example.com,UK,Corporate,2018-12-23,2091.56,Y
CUST0001535,Olivia,Robinson,olivia.robinson173@example.com,South Africa,Corporate,2019-04-19,3168.33,Y
CUST0001536,Liam,Thomas,liam.thomas250@example.com,Germany,Wholesale,2026-06-13,1149.89,N
CUST0001537,Jennifer,Miller,jennifer.miller446@example.com,Mexico,Retail,2019-10-19,1499.27,N
CUST0001538,Ahmed,Harris,ahmed.harris785@example.com,France,Wholesale,2026-01-24,6214.67,Y
CUST0001539,Yuki,Davis,yuki.davis682@example.com,UK,VIP,2025-02-08,1501.03,Y
CUST0001540,Jennifer,Perez,jennifer.perez893@example.com,Germany,VIP,2026-08-05,4223.92,N
CUST0001541,John,Perez,john.perez387@example.com,South Africa,Corporate,2025-05-02,6672.95,Y
CUST0001542,Olivia,Ramirez,olivia.ramirez828@example.com,Germany,Wholesale,2020-11-27,1065.15,Y
CUST0001543,Jennifer,Davis,jennifer.davis92@example.com,UAE,VIP,2020-02-10,4688.69,Y
CUST0001544,Linda,White,linda.white131@example.com,Singapore,E-Commerce,2022-04-07,1982.35,Y
CUST0001545,James,Martin,james.martin64@example.com,Brazil,VIP,2020-02-17,16974.31,Y
CUST0001546,Sofia,Lee,sofia.lee790@example.com,UAE,Wholesale,2023-10-30,3803.84,Y
CUST0001547,Joseph,Miller,joseph.miller405@example.com,USA,VIP,2023-03-02,8699.29,Y
CUST0001548,Charles,Anderson,charles.anderson512@example.com,Australia,Corporate,2019-08-27,4495.06,Y
CUST0001549,Elizabeth,Williams,elizabeth.williams614@example.com,UAE,E-Commerce,2023-08-20,721.92,N
CUST0001550,Linda,Moore,linda.moore869@example.com,Mexico,VIP,2023-05-14,5514.03,Y
CUST0001551,Susan,Young,susan.young299@example.com,Mexico,Corporate,2018-08-29,15621.0,N
CUST0001552,Fatima,Martinez,fatima.martinez848@example.com,Mexico,Wholesale,2026-03-20,5101.64,N
CUST0001553,Joseph,Brown,joseph.brown946@example.com,Singapore,Wholesale,2023-06-20,9051.51,Y
CUST0001554,Karen,Hernandez,karen.hernandez23@example.com,Japan,Corporate,2021-10-14,11279.73,Y
CUST0001555,Yuki,Thompson,yuki.thompson776@example.com,India,Corporate,2018-10-22,1794.37,Y
CUST0001556,Charles,Jackson,charles.jackson714@example.com,South Africa,Wholesale,2025-11-11,1691.57,Y
CUST0001557,Priya,Miller,priya.miller135@example.com,UAE,VIP,2018-08-10,5220.64,Y
CUST0001558,Karen,,karen.robinson671@example.com,UK,VIP,2019-07-18,3146.89,Y
CUST0001559,Yuki,Jackson,yuki.jackson919@example.com,UK,Wholesale,2020-06-12,9658.57,Y
CUST0001560,Richard,Smith,richard.smith371@example.com,Mexico,VIP,2019-02-22,12014.08,Y
CUST0001561,Elizabeth,Harris,elizabeth.harris974@example.com,India,Wholesale,2018-08-19,2680.3,Y
CUST0001562,Yuki,Lopez,yuki.lopez968@example.com,USA,Retail,2023-10-13,1851.64,Y
CUST0001563,Sofia,Martinez,sofia.martinez643@example.com,Mexico,Corporate,2020-09-30,8082.6,Y
CUST0001564,Jessica,Sanchez,jessica.sanchez501@example.com,France,VIP,2019-12-08,2106.58,Y
CUST0001565,Raj,Garcia,raj.garcia797@example.com,China,Corporate,2021-02-01,9147.14,Y
CUST0001566,Hans,White,hans.white12@example.com,Canada,Retail,2018-12-05,3255.97,Y
CUST0001567,Omar,Anderson,omar.anderson24@example.com,Brazil,VIP,2024-06-03,6006.33,Y
CUST0001568,Michael,Lopez,michael.lopez394@example.com,China,Corporate,2021-05-07,1002.06,Y
CUST0001569,Michael,Lee,michael.lee66@example.com,Mexico,VIP,2020-01-28,5388.96,Y
CUST0001570,Mary,Sanchez,mary.sanchez570@example.com,Singapore,VIP,2023-12-12,3505.28,Y
CUST0001571,Layla,Wright,layla.wright731@example.com,Singapore,Retail,2026-06-14,4916.8,Y
CUST0001572,Linda,Lopez,linda.lopez883@example.com,Brazil,Wholesale,2018-01-22,1419.7,Y
CUST0001573,Ahmed,Davis,ahmed.davis41@example.com,UK,VIP,2020-04-24,7175.61,Y
CUST0001574,Jennifer,Scott,jennifer.scott263@example.com,Singapore,Retail,2018-12-13,10431.47,N
CUST0001575,Omar,Martin,omar.martin373@example.com,Japan,Wholesale,2022-09-29,1721.45,N
CUST0001576,James,Thomas,james.thomas308@example.com,USA,VIP,2021-04-16,1003.05,Y
CUST0001577,Hans,Rodriguez,hans.rodriguez591@example.com,China,E-Commerce,2023-11-11,619.61,N
CUST0001578,Wei,Wright,wei.wright523@example.com,Germany,Retail,2025-06-07,5635.71,Y
CUST0001579,Jessica,Williams,,UK,E-Commerce,2020-05-31,5170.92,N
CUST0001580,Olivia,Wilson,olivia.wilson606@example.com,UAE,E-Commerce,2019-06-11,4455.98,Y
CUST0001581,Sofia,,sofia.jones564@example.com,France,E-Commerce,2022-04-13,1819.48,Y
CUST0001582,David,Sanchez,david.sanchez468@example.com,Canada,E-Commerce,2025-08-03,2978.91,Y
CUST0001583,Elizabeth,Wright,elizabeth.wright209@example.com,Canada,E-Commerce,2025-02-06,5012.88,Y
CUST0001584,Richard,White,richard.white578@example.com,Australia,VIP,2024-10-13,3933.51,Y
CUST0001585,Elizabeth,Lee,elizabeth.lee807@example.com,India,Corporate,2018-04-17,22525.67,N
CUST0001586,Jessica,Jones,jessica.jones277@example.com,Canada,VIP,2019-03-27,1233.46,Y
CUST0001587,Carlos,Jones,carlos.jones338@example.com,Australia,Retail,2022-01-26,6439.59,N
CUST0001588,Sarah,Martinez,sarah.martinez890@example.com,Saudi Arabia,Wholesale,2021-01-25,3090.25,Y
CUST0001589,Raj,Anderson,raj.anderson388@example.com,Canada,Retail,2019-12-21,3294.83,Y
CUST0001590,Karen,Young,karen.young98@example.com,Japan,E-Commerce,2025-11-09,6822.11,Y
CUST0001591,Charles,Scott,charles.scott278@example.com,Brazil,Retail,2018-07-16,6395.36,Y
CUST0001592,Raj,Lopez,raj.lopez354@example.com,Saudi Arabia,VIP,2024-03-09,24196.93,Y
CUST0001593,Priya,Walker,priya.walker607@example.com,UK,E-Commerce,2018-02-08,1187.09,Y
CUST0001594,Elizabeth,Rodriguez,elizabeth.rodriguez147@example.com,India,VIP,2026-04-01,1049.69,Y
CUST0001595,Mei,Thomas,mei.thomas695@example.com,Brazil,Corporate,2025-12-04,6942.91,Y
CUST0001596,Hans,Thompson,hans.thompson818@example.com,China,VIP,2021-03-20,4818.34,Y
CUST0001597,Sofia,King,sofia.king965@example.com,Mexico,Wholesale,2021-06-04,2102.13,Y
CUST0001598,Jennifer,Martin,jennifer.martin417@example.com,Saudi Arabia,E-Commerce,2019-01-05,913.75,Y
CUST0001599,John,Thomas,john.thomas968@example.com,Canada,Wholesale,2024-06-14,947.75,Y
CUST0001600,Charles,Scott,charles.scott952@example.com,China,Retail,2022-10-03,11730.59,Y
CUST0001601,William,Walker,william.walker510@example.com,Japan,VIP,2025-10-29,1565.15,Y
CUST0001602,James,Gonzalez,james.gonzalez933@example.com,Singapore,Retail,2026-01-04,2453.16,Y
CUST0001603,Liam,Thompson,liam.thompson251@example.com,Mexico,VIP,2025-09-02,1785.16,Y
CUST0001604,Hans,Hernandez,hans.hernandez691@example.com,South Africa,VIP,2020-07-10,2692.5,Y
CUST0001605,Mei,Rodriguez,mei.rodriguez527@example.com,UAE,Retail,2022-09-28,859.76,Y
CUST0001606,David,White,david.white994@example.com,Canada,E-Commerce,2025-08-13,4160.06,Y
CUST0001607,Liam,Davis,liam.davis298@example.com,France,Corporate,2021-04-17,850.03,Y
CUST0001608,James,Sanchez,james.sanchez223@example.com,South Africa,E-Commerce,2025-03-18,8556.11,Y
CUST0001609,Robert,Robinson,robert.robinson914@example.com,Brazil,Corporate,2018-08-24,1830.99,Y
CUST0001610,Ingrid,Perez,ingrid.perez306@example.com,UAE,Retail,2018-01-22,4382.77,Y
CUST0001611,Barbara,Sanchez,barbara.sanchez364@example.com,USA,Retail,2022-10-31,11104.61,Y
CUST0001612,Jennifer,King,jennifer.king527@example.com,South Africa,Wholesale,2022-08-10,5761.66,Y
CUST0001613,Sakura,Smith,sakura.smith160@example.com,Saudi Arabia,E-Commerce,2020-07-15,4306.68,Y
CUST0001614,Mei,Martin,mei.martin374@example.com,India,Wholesale,2024-01-07,2460.28,Y
CUST0001615,Michael,Lewis,michael.lewis673@example.com,Singapore,Corporate,2019-10-25,2524.84,Y
CUST0001616,Sofia,Smith,sofia.smith368@example.com,South Africa,Wholesale,2019-03-30,6035.55,Y
CUST0001617,Robert,Rodriguez,robert.rodriguez405@example.com,India,E-Commerce,2018-05-10,26197.48,Y
CUST0001618,Richard,Walker,richard.walker983@example.com,Australia,E-Commerce,2019-05-02,5921.17,Y
CUST0001619,Olivia,Young,olivia.young820@example.com,Australia,Wholesale,2021-08-23,4579.78,Y
CUST0001620,Priya,Allen,priya.allen744@example.com,South Africa,Corporate,2019-06-23,7058.73,Y
CUST0001621,Michael,Johnson,michael.johnson130@example.com,UK,E-Commerce,2023-08-11,3629.36,Y
CUST0001622,Jessica,Brown,jessica.brown695@example.com,Singapore,E-Commerce,2022-10-26,810.13,N
CUST0001623,James,Ramirez,james.ramirez492@example.com,France,E-Commerce,2023-06-14,4631.07,Y
CUST0001624,Sofia,Thomas,sofia.thomas633@example.com,UK,VIP,2020-02-05,16306.02,Y
CUST0001625,Linda,Taylor,linda.taylor718@example.com,Germany,Corporate,2020-03-23,1463.7,Y
CUST0001626,Michael,Allen,michael.allen626@example.com,UK,Wholesale,2024-08-18,6355.99,Y
CUST0001627,Elizabeth,Anderson,elizabeth.anderson124@example.com,UK,Corporate,2018-06-07,1621.56,Y
CUST0001628,Richard,Martinez,richard.martinez437@example.com,USA,VIP,2020-03-28,4337.5,Y
CUST0001629,Patricia,Harris,patricia.harris418@example.com,Japan,E-Commerce,2025-11-07,1008.37,Y
CUST0001630,Joseph,Anderson,joseph.anderson345@example.com,India,Corporate,2018-09-09,3492.56,Y
CUST0001631,Patricia,Martin,patricia.martin113@example.com,France,E-Commerce,2021-02-23,7556.28,N
CUST0001632,Carlos,Thomas,carlos.thomas328@example.com,South Africa,Retail,2020-01-15,2635.27,Y
CUST0001633,Patricia,Lee,patricia.lee218@example.com,France,Corporate,2021-02-21,5966.81,N
CUST0001634,Michael,Ramirez,michael.ramirez190@example.com,France,Corporate,2022-01-29,8434.71,Y
CUST0001635,Linda,Miller,linda.miller686@example.com,USA,VIP,2019-06-18,13598.67,Y
CUST0001636,Mei,King,mei.king620@example.com,UAE,Wholesale,2025-04-17,1837.06,Y
CUST0001637,Raj,Garcia,raj.garcia909@example.com,Canada,Wholesale,2025-01-22,3048.43,Y
CUST0001638,Linda,Williams,linda.williams601@example.com,South Africa,Wholesale,2020-03-01,1326.83,Y
CUST0001639,Michael,Jones,michael.jones965@example.com,Japan,VIP,2021-11-05,24953.27,Y
CUST0001640,Yuki,Gonzalez,yuki.gonzalez547@example.com,Mexico,Wholesale,2018-06-29,13586.55,Y
CUST0001641,Carlos,Scott,carlos.scott729@example.com,France,VIP,2021-11-23,4382.18,Y
CUST0001642,Hans,Davis,hans.davis933@example.com,India,Retail,2023-06-01,9726.85,Y
CUST0001643,Omar,Johnson,omar.johnson171@example.com,Brazil,E-Commerce,2025-10-24,4179.83,N
CUST0001644,Charles,Williams,charles.williams979@example.com,Brazil,Retail,2025-10-12,5385.32,Y
CUST0001645,Priya,Young,priya.young702@example.com,Japan,VIP,2018-11-04,966.74,Y
CUST0001646,Omar,Harris,omar.harris576@example.com,Saudi Arabia,Corporate,2022-06-30,7538.01,Y
CUST0001647,Susan,Lopez,susan.lopez4@example.com,UK,VIP,2020-06-11,1183.19,Y
CUST0001648,James,Allen,james.allen467@example.com,Japan,VIP,2020-11-26,9245.44,Y
CUST0001649,Joseph,Jackson,joseph.jackson726@example.com,France,VIP,2019-05-03,8116.95,Y
CUST0001650,Robert,Wright,robert.wright244@example.com,France,Retail,2025-03-04,6667.78,Y
CUST0001651,Sarah,Rodriguez,sarah.rodriguez277@example.com,Singapore,Retail,2025-03-16,684.15,N
CUST0001652,Susan,Wright,susan.wright119@example.com,USA,E-Commerce,2025-02-04,2305.77,Y
CUST0001653,Mei,Lee,mei.lee86@example.com,Mexico,VIP,2020-12-17,2026.6,Y
CUST0001654,Carlos,Jackson,carlos.jackson333@example.com,USA,Retail,2021-12-27,2732.5,Y
CUST0001655,Sarah,Lopez,sarah.lopez263@example.com,USA,VIP,2025-05-16,958.62,N
CUST0001656,Michael,Harris,michael.harris969@example.com,Australia,E-Commerce,2025-01-09,14319.76,Y
CUST0001657,Olivia,Wilson,olivia.wilson837@example.com,China,Wholesale,2021-08-21,4534.97,Y
CUST0001658,Priya,Martinez,priya.martinez457@example.com,Germany,Corporate,2022-02-18,2322.99,Y
CUST0001659,Yuki,Garcia,yuki.garcia508@example.com,UK,Corporate,2020-01-28,3029.04,Y
CUST0001660,Barbara,Gonzalez,barbara.gonzalez584@example.com,China,Wholesale,2025-04-06,3463.82,Y
CUST0001661,Karen,Hernandez,karen.hernandez907@example.com,UK,Corporate,2025-09-16,5088.89,Y
CUST0001662,John,Martinez,john.martinez74@example.com,India,Wholesale,2023-02-07,4125.04,N
CUST0001663,Priya,Miller,priya.miller742@example.com,Japan,Wholesale,2026-02-24,13090.79,Y
CUST0001664,James,Miller,james.miller387@example.com,India,Retail,2019-03-27,3935.46,Y
CUST0001665,Robert,Rodriguez,robert.rodriguez255@example.com,Saudi Arabia,Retail,2021-01-01,24741.32,Y
CUST0001666,James,Smith,james.smith981@example.com,Saudi Arabia,Retail,2024-01-31,10033.33,Y
CUST0001667,Fatima,Garcia,fatima.garcia208@example.com,UK,Corporate,2026-07-09,1669.19,Y
CUST0001668,Hans,Hernandez,hans.hernandez315@example.com,UAE,Corporate,2019-09-25,13839.0,Y
CUST0001669,Liam,Moore,liam.moore643@example.com,Japan,Retail,2018-03-28,1118.56,Y
CUST0001670,Michael,Wright,michael.wright304@example.com,Canada,VIP,2022-08-29,9003.65,Y
CUST0001671,Joseph,Johnson,joseph.johnson233@example.com,India,Corporate,2019-08-27,2895.21,Y
CUST0001672,Charles,Anderson,charles.anderson944@example.com,South Africa,Corporate,2025-09-13,11017.62,Y
CUST0001673,Linda,Young,linda.young174@example.com,Canada,Wholesale,2019-02-21,10626.91,N
CUST0001674,Charles,Thompson,charles.thompson79@example.com,Brazil,E-Commerce,2019-04-30,-8697.56,Y
CUST0001675,Jennifer,Williams,jennifer.williams620@example.com,UK,Wholesale,2022-10-22,8303.96,Y
CUST0001676,Barbara,Ramirez,barbara.ramirez154@example.com,South Africa,E-Commerce,2025-01-03,2316.91,Y
CUST0001677,Wei,Miller,wei.miller278@example.com,South Africa,Corporate,2025-06-03,921.91,Y
CUST0001678,Thomas,Jones,thomas.jones808@example.com,USA,Wholesale,2025-05-10,3079.02,Y
CUST0001679,Elizabeth,,elizabeth.harris458@example.com,Mexico,Corporate,2018-10-03,1452.93,Y
CUST0001680,Sofia,Moore,sofia.moore149@example.com,Canada,E-Commerce,2019-06-07,6436.42,Y
CUST0001681,Raj,Thompson,raj.thompson327@example.com,China,Corporate,2023-05-26,2624.0,Y
CUST0001682,Carlos,Perez,carlos.perez142@example.com,Saudi Arabia,Wholesale,2022-04-19,19067.95,Y
CUST0001683,Sakura,Wright,sakura.wright547@example.com,China,VIP,2024-01-06,5621.78,Y
CUST0001684,Raj,Garcia,raj.garcia595@example.com,Mexico,Corporate,2023-11-29,9143.38,Y
CUST0001685,Joseph,Garcia,joseph.garcia241@example.com,UAE,Retail,2020-04-12,1210.84,N
CUST0001686,Mary,White,mary.white572@example.com,China,Wholesale,2019-03-28,10403.03,Y
CUST0001687,Wei,White,wei.white870@example.com,Singapore,Wholesale,2021-04-22,13304.01,Y
CUST0001688,Olivia,Clark,olivia.clark249@example.com,Germany,Wholesale,2018-08-17,3838.0,Y
CUST0001689,Linda,Martinez,linda.martinez387@example.com,Mexico,Retail,2025-10-22,5160.23,N
CUST0001690,Mei,Brown,mei.brown719@example.com,Canada,VIP,2018-10-30,7736.8,Y
CUST0001691,David,Johnson,david.johnson151@example.com,UAE,Wholesale,2018-11-20,1460.88,Y
CUST0001692,James,Clark,james.clark154@example.com,Saudi Arabia,Wholesale,2023-04-09,3991.46,Y
CUST0001693,Layla,Martin,layla.martin482@example.com,India,E-Commerce,2022-12-24,3043.0,Y
CUST0001694,James,Jackson,james.jackson114@example.com,UK,Retail,2025-03-16,1291.31,Y
CUST0001695,Barbara,Allen,barbara.allen165@example.com,USA,Corporate,2022-10-02,2790.65,Y
CUST0001696,Ingrid,Scott,ingrid.scott729@example.com,Singapore,E-Commerce,2024-06-01,853.04,Y
CUST0001697,Joseph,Ramirez,joseph.ramirez954@example.com,UK,E-Commerce,2019-01-12,630.75,Y
CUST0001698,William,Wilson,william.wilson411@example.com,Brazil,Retail,2020-06-15,1226.09,Y
CUST0001699,Olivia,Jones,olivia.jones837@example.com,Mexico,Corporate,2023-05-10,16999.77,Y
CUST0001700,Priya,Harris,priya.harris169@example.com,USA,E-Commerce,2025-04-02,4487.31,Y
CUST0001701,Sarah,Miller,sarah.miller107@example.com,Canada,E-Commerce,2024-10-06,17380.89,Y
CUST0001702,Fatima,Johnson,fatima.johnson246@example.com,France,Wholesale,2024-01-28,3332.55,Y
CUST0001703,Susan,Smith,susan.smith775@example.com,South Africa,E-Commerce,2020-02-08,2368.5,Y
CUST0001704,Robert,Thomas,robert.thomas276@example.com,Canada,VIP,2024-05-02,4027.53,Y
CUST0001705,Yuki,Williams,yuki.williams50@example.com,UAE,Retail,2021-06-18,3394.73,Y
CUST0001706,Wei,Jackson,wei.jackson982@example.com,India,VIP,2020-03-09,1058.37,Y
CUST0001707,Priya,Thompson,priya.thompson998@example.com,UK,Retail,2021-09-19,5619.75,Y
CUST0001708,Omar,Miller,omar.miller515@example.com,Saudi Arabia,Wholesale,2018-04-08,1716.97,Y
CUST0001709,Raj,Walker,raj.walker601@example.com,Singapore,Retail,2021-04-03,5332.5,Y
CUST0001710,Ingrid,Garcia,ingrid.garcia907@example.com,Australia,Retail,2026-01-21,5751.98,Y
CUST0001711,Susan,Martinez,susan.martinez788@example.com,Mexico,Wholesale,2023-08-17,1324.52,Y
CUST0001712,Layla,Perez,layla.perez459@example.com,Saudi Arabia,Wholesale,2021-10-20,816.56,Y
CUST0001713,Sofia,Williams,sofia.williams913@example.com,Mexico,Corporate,2020-09-06,8087.98,Y
CUST0001714,John,Martinez,john.martinez581@example.com,Australia,Corporate,2019-02-03,3579.08,Y
CUST0001715,Elizabeth,Martin,elizabeth.martin561@example.com,Singapore,Retail,2023-08-06,799.62,Y
CUST0001716,Ahmed,Hernandez,ahmed.hernandez957@example.com,France,Wholesale,2018-10-07,26859.66,Y
CUST0001717,Mei,Thompson,mei.thompson92@example.com,Canada,Wholesale,2025-12-20,797.59,Y
CUST0001718,Thomas,Walker,thomas.walker263@example.com,Saudi Arabia,Corporate,2025-04-17,6437.8,N
CUST0001719,Linda,Young,linda.young41@example.com,UAE,E-Commerce,2022-07-01,21076.49,Y
CUST0001720,William,Lewis,william.lewis376@example.com,Japan,VIP,2021-07-08,1866.79,Y
CUST0001721,Carlos,Allen,carlos.allen461@example.com,France,Retail,2024-12-17,1267.21,N
CUST0001722,Patricia,Thomas,patricia.thomas717@example.com,Singapore,VIP,2018-02-02,1147.04,Y
CUST0001723,Michael,Jackson,michael.jackson385@example.com,UK,VIP,2022-06-24,2306.82,Y
CUST0001724,Joseph,Harris,joseph.harris896@example.com,China,Retail,2021-11-30,1032.62,Y
CUST0001725,Liam,Robinson,liam.robinson112@example.com,Canada,Wholesale,2026-03-17,6390.9,Y
CUST0001726,Priya,Ramirez,priya.ramirez205@example.com,India,E-Commerce,2018-09-22,821.58,Y
CUST0001727,Sakura,Wilson,sakura.wilson720@example.com,Mexico,Corporate,2019-04-14,4060.86,Y
CUST0001728,Robert,Wright,robert.wright160@example.com,China,Wholesale,2025-03-07,29064.4,Y
CUST0001729,Robert,Harris,robert.harris64@example.com,South Africa,E-Commerce,2022-10-28,8909.24,N
CUST0001730,Susan,,susan.brown217@example.com,Singapore,Retail,2026-07-05,5275.41,Y
CUST0001731,Sarah,Taylor,sarah.taylor651@example.com,UK,Retail,2019-08-04,2328.24,Y
CUST0001732,Priya,Garcia,priya.garcia306@example.com,Singapore,Corporate,2022-09-16,5389.45,Y
CUST0001733,Thomas,Lopez,thomas.lopez851@example.com,USA,Retail,2022-10-22,4243.74,Y
CUST0001734,Karen,Hernandez,karen.hernandez204@example.com,UAE,Corporate,2023-05-27,3276.36,Y
CUST0001735,David,Ramirez,david.ramirez364@example.com,South Africa,VIP,2022-05-13,1200.39,Y
CUST0001736,Olivia,Gonzalez,olivia.gonzalez80@example.com,Mexico,VIP,2024-11-30,11384.36,Y
CUST0001737,Ahmed,Smith,ahmed.smith155@example.com,South Africa,Corporate,2019-08-28,3487.23,Y
CUST0001738,Ahmed,Davis,ahmed.davis812@example.com,Australia,Corporate,2020-12-12,1582.22,Y
CUST0001739,James,Lewis,james.lewis966@example.com,Singapore,Wholesale,2025-02-11,2792.43,Y
CUST0001740,Michael,Williams,michael.williams224@example.com,Mexico,Wholesale,2022-09-18,3173.28,Y
CUST0001741,David,Harris,david.harris222@example.com,UAE,Wholesale,2020-02-22,9287.89,N
CUST0001742,James,White,james.white834@example.com,UAE,Retail,2021-05-21,7114.05,Y
CUST0001743,Omar,Davis,omar.davis717@example.com,China,Corporate,2022-08-23,7833.29,Y
CUST0001744,Wei,Wright,wei.wright437@example.com,Japan,E-Commerce,2019-04-10,555.46,N
CUST0001745,Ingrid,Ramirez,ingrid.ramirez383@example.com,UK,VIP,2024-09-02,3190.59,Y
CUST0001746,Sofia,Harris,sofia.harris292@example.com,Singapore,Corporate,2025-02-10,3782.57,Y
CUST0001747,Michael,Garcia,michael.garcia826@example.com,Singapore,Retail,2019-01-03,596.89,Y
CUST0001748,Carlos,Miller,,Mexico,VIP,2024-02-10,2004.26,Y
CUST0001749,Hans,Allen,hans.allen596@example.com,Saudi Arabia,Retail,2025-06-27,7641.62,Y
CUST0001750,Carlos,Wilson,carlos.wilson229@example.com,Saudi Arabia,Corporate,2024-03-09,1237.34,Y
CUST0001751,Richard,Walker,richard.walker974@example.com,Canada,E-Commerce,2023-03-16,4331.93,Y
CUST0001752,Priya,Smith,priya.smith963@example.com,UAE,Wholesale,2023-09-10,1711.64,Y
CUST0001753,Thomas,Martin,thomas.martin859@example.com,South Africa,Corporate,2025-07-20,560.97,Y
CUST0001754,Carlos,Williams,carlos.williams16@example.com,USA,Wholesale,2022-03-14,1880.09,Y
CUST0001755,Layla,Lee,layla.lee344@example.com,UK,VIP,2022-10-28,19122.28,Y
CUST0001756,Priya,Gonzalez,priya.gonzalez632@example.com,Australia,Corporate,2018-07-31,8585.77,Y
CUST0001757,Sofia,Rodriguez,sofia.rodriguez962@example.com,Australia,Corporate,2026-03-02,16541.74,Y
CUST0001758,Ahmed,King,ahmed.king163@example.com,India,Wholesale,2019-02-12,3845.73,Y
CUST0001759,William,Allen,william.allen122@example.com,Australia,VIP,2022-05-25,1081.19,Y
CUST0001760,Thomas,Scott,thomas.scott163@example.com,UAE,Wholesale,2019-01-17,4469.92,Y
CUST0001761,Sofia,Smith,sofia.smith644@example.com,Saudi Arabia,VIP,2019-09-19,3529.14,Y
CUST0001762,Liam,Garcia,liam.garcia586@example.com,India,Retail,2026-04-29,9800.95,Y
CUST0001763,Ingrid,Thompson,ingrid.thompson192@example.com,Germany,Wholesale,2021-05-01,1016.16,Y
CUST0001764,Jessica,Harris,jessica.harris789@example.com,France,Retail,2021-01-31,3849.51,Y
CUST0001765,Elizabeth,Johnson,elizabeth.johnson654@example.com,Brazil,Retail,2019-03-31,1312.88,Y
CUST0001766,Linda,Miller,linda.miller146@example.com,France,E-Commerce,2020-01-10,2462.81,Y
CUST0001767,Sakura,White,sakura.white935@example.com,Singapore,Wholesale,2022-05-20,7184.8,Y
CUST0001768,Mary,Clark,mary.clark76@example.com,China,Retail,2020-05-11,3731.49,Y
CUST0001769,Raj,Lee,raj.lee649@example.com,South Africa,Corporate,2019-10-22,2857.13,Y
CUST0001770,James,Lopez,james.lopez676@example.com,Brazil,VIP,2018-05-09,3008.31,Y
CUST0001771,Fatima,Thompson,fatima.thompson496@example.com,Brazil,VIP,2024-02-17,3575.81,Y
CUST0001772,Layla,Taylor,layla.taylor949@example.com,Canada,Wholesale,2024-10-18,8185.97,Y
CUST0001773,Mary,King,mary.king525@example.com,Saudi Arabia,Wholesale,2020-06-04,11632.04,Y
CUST0001774,Linda,Wilson,linda.wilson31@example.com,UAE,Wholesale,2020-06-19,16042.79,Y
CUST0001775,William,Moore,william.moore281@example.com,China,Wholesale,2019-01-12,8230.05,Y
CUST0001776,Olivia,Jackson,olivia.jackson479@example.com,Mexico,Corporate,2022-11-22,2394.65,Y
CUST0001777,Priya,Gonzalez,priya.gonzalez257@example.com,UK,Wholesale,2025-09-15,6325.92,Y
CUST0001778,Sarah,Sanchez,sarah.sanchez106@example.com,Brazil,VIP,2021-06-30,3377.74,Y
CUST0001779,Susan,Young,susan.young444@example.com,South Africa,Corporate,2022-10-02,1969.65,Y
CUST0001780,Sarah,Lee,sarah.lee638@example.com,Canada,VIP,2022-04-18,9690.22,Y
CUST0001781,Wei,White,wei.white920@example.com,Australia,Retail,2023-01-15,695.92,Y
CUST0001782,Robert,Allen,robert.allen260@example.com,Brazil,Corporate,2021-04-17,12101.81,Y
CUST0001783,Layla,Thompson,layla.thompson408@example.com,USA,Retail,2020-01-07,3594.63,Y
CUST0001784,Sofia,Lopez,sofia.lopez367@example.com,Germany,Retail,2020-05-31,5569.54,Y
CUST0001785,Mei,Martinez,mei.martinez799@example.com,UAE,Retail,2018-02-09,5884.56,Y
CUST0001786,James,Perez,james.perez219@example.com,China,VIP,2021-08-10,11774.58,Y
CUST0001787,Olivia,Jones,olivia.jones395@example.com,France,VIP,2020-05-19,5562.21,Y
CUST0001788,Michael,Scott,michael.scott285@example.com,Mexico,VIP,2025-07-12,5258.73,Y
CUST0001789,Carlos,Ramirez,carlos.ramirez326@example.com,Singapore,E-Commerce,2020-03-22,844.89,Y
CUST0001790,Sakura,Young,sakura.young48@example.com,France,Corporate,2019-05-04,4153.29,Y
CUST0001791,David,Lee,david.lee606@example.com,India,Wholesale,2024-06-18,1313.59,Y
CUST0001792,Mary,Smith,mary.smith934@example.com,China,E-Commerce,2019-06-21,7186.26,Y
CUST0001793,Priya,Williams,priya.williams918@example.com,Japan,VIP,2018-06-10,4089.47,Y
CUST0001794,Mary,Jones,mary.jones482@example.com,Canada,Corporate,2026-02-10,6200.73,Y
CUST0001795,Ahmed,Thompson,ahmed.thompson410@example.com,Canada,VIP,2021-07-06,712.83,Y
CUST0001796,Patricia,Sanchez,patricia.sanchez306@example.com,Mexico,Corporate,2023-07-14,943.02,Y
CUST0001797,Linda,White,linda.white961@example.com,Brazil,Retail,2018-04-30,6799.6,Y
CUST0001798,James,Rodriguez,james.rodriguez108@example.com,UAE,Corporate,2020-07-16,874.07,Y
CUST0001799,Richard,White,richard.white836@example.com,South Africa,VIP,2018-01-21,869.61,N
CUST0001800,Patricia,Taylor,patricia.taylor905@example.com,Saudi Arabia,Retail,2019-03-30,560.91,Y
CUST0001801,Karen,Jones,karen.jones271@example.com,UAE,VIP,2022-04-04,16175.13,Y
CUST0001802,David,Rodriguez,david.rodriguez598@example.com,China,Retail,2019-06-02,7187.68,Y
CUST0001803,Elizabeth,Clark,elizabeth.clark653@example.com,China,Retail,2023-11-08,2678.99,Y
CUST0001804,Yuki,Young,yuki.young288@example.com,UAE,Corporate,2020-07-14,2258.69,Y
CUST0001805,Charles,Garcia,,Japan,Wholesale,2025-05-25,2651.63,Y
CUST0001806,Susan,Jones,susan.jones77@example.com,China,Retail,2020-05-20,7950.58,Y
CUST0001807,Susan,Robinson,susan.robinson839@example.com,India,Wholesale,2023-06-21,5914.25,Y
CUST0001808,Susan,King,susan.king527@example.com,Singapore,E-Commerce,2026-07-12,1524.04,N
CUST0001809,Ingrid,Martinez,ingrid.martinez869@example.com,Japan,Retail,2019-06-17,1456.46,Y
CUST0001810,Mei,Harris,mei.harris999@example.com,China,VIP,2023-10-05,1017.9,Y
CUST0001811,Priya,Gonzalez,priya.gonzalez71@example.com,France,Corporate,2019-11-04,5898.5,Y
CUST0001812,Michael,Martinez,michael.martinez473@example.com,South Africa,Retail,2026-05-10,7727.52,Y
CUST0001813,Mary,Robinson,mary.robinson192@example.com,France,Retail,2023-05-05,2039.74,Y
CUST0001814,Hans,Thompson,hans.thompson272@example.com,Canada,VIP,2018-12-11,605.84,Y
CUST0001815,Susan,Martinez,susan.martinez407@example.com,Japan,Corporate,2023-09-12,928.72,Y
CUST0001816,Hans,Moore,hans.moore379@example.com,Canada,Retail,2025-04-10,17688.28,Y
CUST0001817,Sofia,Gonzalez,sofia.gonzalez302@example.com,Germany,Corporate,2019-12-25,2250.94,Y
CUST0001818,Layla,Young,layla.young532@example.com,India,Retail,2025-08-22,7831.52,Y
CUST0001819,Jessica,Davis,jessica.davis225@example.com,Canada,Retail,2018-05-27,5399.66,Y
CUST0001820,Jessica,Jones,jessica.jones545@example.com,Canada,E-Commerce,2020-07-16,2905.85,Y
CUST0001821,Priya,Sanchez,priya.sanchez403@example.com,Canada,Wholesale,2026-03-26,1651.39,Y
CUST0001822,Sarah,Young,sarah.young211@example.com,UK,Wholesale,2021-11-24,1147.05,Y
CUST0001823,Charles,Smith,charles.smith97@example.com,UK,VIP,2025-11-09,5272.73,Y
CUST0001824,Karen,Thomas,karen.thomas175@example.com,UAE,Retail,2019-11-14,7950.14,Y
CUST0001825,Ingrid,Martinez,ingrid.martinez986@example.com,USA,Corporate,2022-10-19,5662.78,Y
CUST0001826,Barbara,Taylor,barbara.taylor903@example.com,Canada,Wholesale,2025-08-14,4278.33,Y
CUST0001827,James,Thompson,james.thompson993@example.com,China,VIP,2018-01-05,714.28,Y
CUST0001828,Jessica,Walker,jessica.walker113@example.com,USA,Retail,2024-05-12,17787.06,Y
CUST0001829,Charles,Anderson,charles.anderson538@example.com,Japan,Wholesale,2026-06-20,8515.15,Y
CUST0001830,Michael,Miller,michael.miller312@example.com,Saudi Arabia,E-Commerce,2023-01-28,2232.36,Y
CUST0001831,Wei,Wright,wei.wright264@example.com,Australia,Corporate,2020-11-04,20052.7,Y
CUST0001832,James,Thompson,james.thompson309@example.com,Mexico,E-Commerce,2023-10-23,5105.03,Y
CUST0001833,Yuki,Davis,yuki.davis277@example.com,Australia,VIP,2026-03-02,4866.43,Y
CUST0001834,Elizabeth,Clark,elizabeth.clark877@example.com,Germany,Wholesale,2022-01-03,7393.08,Y
CUST0001835,Jessica,Ramirez,jessica.ramirez369@example.com,Germany,Retail,2020-03-04,8850.45,N
CUST0001836,Raj,Miller,raj.miller989@example.com,France,VIP,2023-01-15,5842.53,N
CUST0001837,Layla,Lopez,layla.lopez272@example.com,South Africa,E-Commerce,2021-09-18,1185.38,Y
CUST0001838,Carlos,Moore,carlos.moore317@example.com,Germany,Retail,2024-07-01,2564.47,Y
CUST0001839,Fatima,Davis,fatima.davis444@example.com,Saudi Arabia,Corporate,2024-05-10,13661.26,N
CUST0001840,Wei,Jackson,wei.jackson113@example.com,USA,Corporate,2025-09-08,1771.98,Y
CUST0001841,Elizabeth,King,elizabeth.king990@example.com,France,VIP,2024-04-05,-2827.41,Y
CUST0001842,Karen,Young,karen.young296@example.com,Canada,E-Commerce,2018-03-05,3328.85,Y
CUST0001843,Susan,Jackson,susan.jackson846@example.com,Brazil,Retail,2018-08-06,3393.78,Y
CUST0001844,James,Ramirez,james.ramirez361@example.com,Australia,Retail,2018-07-24,5245.87,Y
CUST0001845,Wei,Jackson,wei.jackson805@example.com,Singapore,VIP,2025-06-18,14830.18,N
CUST0001846,Olivia,Martinez,olivia.martinez977@example.com,Canada,E-Commerce,2019-08-08,1876.74,N
CUST0001847,Richard,Ramirez,richard.ramirez600@example.com,South Africa,Retail,2021-04-06,1147.7,Y
CUST0001848,Yuki,Thompson,yuki.thompson255@example.com,Saudi Arabia,Corporate,2022-09-27,1599.93,Y
CUST0001849,Michael,Taylor,michael.taylor943@example.com,France,VIP,2021-06-26,11398.52,Y
CUST0001850,Sofia,Lee,sofia.lee824@example.com,Brazil,Wholesale,2025-08-30,5689.62,Y
CUST0001851,Thomas,Rodriguez,thomas.rodriguez427@example.com,Japan,Wholesale,2021-05-18,2183.71,Y
CUST0001852,Karen,Robinson,karen.robinson559@example.com,UK,Corporate,2022-11-25,8962.66,Y
CUST0001853,Layla,Lewis,layla.lewis711@example.com,UAE,VIP,2025-09-07,10379.73,Y
CUST0001854,Ingrid,Thompson,ingrid.thompson438@example.com,China,Corporate,2022-08-08,9870.74,Y
CUST0001855,Olivia,Johnson,olivia.johnson981@example.com,Saudi Arabia,Corporate,2018-12-29,13062.0,Y
CUST0001856,Karen,Thomas,karen.thomas595@example.com,Japan,E-Commerce,2019-06-06,1953.37,Y
CUST0001857,Charles,Brown,charles.brown774@example.com,Singapore,Corporate,2019-05-31,7533.34,Y
CUST0001858,James,Robinson,james.robinson827@example.com,Saudi Arabia,VIP,2023-03-01,3585.93,Y
CUST0001859,Jennifer,Brown,jennifer.brown277@example.com,Singapore,Retail,2021-09-27,9725.76,Y
CUST0001860,Charles,Walker,charles.walker708@example.com,UAE,Retail,2019-05-13,7018.79,Y
CUST0001861,Omar,Brown,omar.brown719@example.com,Germany,VIP,2019-08-14,7990.54,Y
CUST0001862,Sakura,Rodriguez,sakura.rodriguez229@example.com,South Africa,Wholesale,2021-05-17,5837.92,Y
CUST0001863,James,,james.young639@example.com,Mexico,Wholesale,2019-04-15,1476.6,Y
CUST0001864,Elizabeth,Davis,elizabeth.davis533@example.com,Canada,Wholesale,2020-04-16,4437.59,Y
CUST0001865,Mary,Allen,mary.allen455@example.com,India,Retail,2019-05-14,21389.63,Y
CUST0001866,Yuki,Lopez,yuki.lopez840@example.com,Germany,VIP,2020-12-02,14354.0,Y
CUST0001867,Hans,Davis,hans.davis443@example.com,UK,Retail,2020-01-27,720.67,Y
CUST0001868,Jessica,Hernandez,jessica.hernandez524@example.com,Mexico,VIP,2020-03-31,1400.51,Y
CUST0001869,Charles,Jackson,charles.jackson684@example.com,Canada,VIP,2023-07-13,1206.26,Y
CUST0001870,Sarah,Sanchez,sarah.sanchez396@example.com,Mexico,Retail,2023-03-16,6972.77,Y
CUST0001871,Sofia,Martinez,sofia.martinez29@example.com,France,Corporate,2019-05-08,9012.85,Y
CUST0001872,James,Martin,james.martin35@example.com,Australia,VIP,2022-12-26,1700.89,Y
CUST0001873,Wei,Rodriguez,wei.rodriguez480@example.com,South Africa,Corporate,2021-02-08,4024.61,Y
CUST0001874,David,Thompson,david.thompson513@example.com,Singapore,VIP,2020-05-13,9684.93,Y
CUST0001875,Layla,Harris,layla.harris526@example.com,Canada,Wholesale,2025-05-10,7098.82,Y
CUST0001876,Fatima,Robinson,fatima.robinson733@example.com,Singapore,Wholesale,2021-02-14,4407.02,Y
CUST0001877,Karen,Sanchez,karen.sanchez70@example.com,South Africa,Corporate,2022-03-23,4962.23,N
CUST0001878,Barbara,Allen,barbara.allen795@example.com,Australia,VIP,2020-11-27,4050.05,Y
CUST0001879,Ahmed,Thompson,ahmed.thompson599@example.com,Brazil,Corporate,2018-10-04,2265.89,Y
CUST0001880,David,Anderson,david.anderson99@example.com,Australia,Retail,2023-08-08,4662.3,N
CUST0001881,Yuki,Lee,yuki.lee779@example.com,Germany,Wholesale,2019-03-08,6337.97,Y
CUST0001882,Barbara,Harris,barbara.harris774@example.com,India,Retail,2018-09-11,10830.57,Y
CUST0001883,Linda,Williams,linda.williams868@example.com,Mexico,Retail,2022-12-14,5557.01,Y
CUST0001884,Mary,Lopez,mary.lopez329@example.com,Canada,Corporate,2022-03-27,7659.0,Y
CUST0001885,Olivia,Gonzalez,olivia.gonzalez201@example.com,France,Corporate,2022-11-28,1372.19,Y
CUST0001886,Joseph,Gonzalez,joseph.gonzalez760@example.com,UK,Corporate,2023-12-05,3595.37,Y
CUST0001887,Richard,Garcia,richard.garcia597@example.com,USA,Retail,2020-04-13,546.88,Y
CUST0001888,William,Smith,william.smith369@example.com,Saudi Arabia,Corporate,2024-05-16,1916.32,Y
CUST0001889,John,Perez,john.perez190@example.com,Australia,VIP,2023-07-26,6981.57,Y
CUST0001890,Susan,Walker,susan.walker513@example.com,UAE,E-Commerce,2024-12-08,24524.18,Y
CUST0001891,William,Jones,william.jones450@example.com,India,Corporate,2018-10-18,1022.24,Y
CUST0001892,William,King,william.king306@example.com,Canada,Retail,2023-08-05,3066.6,Y
CUST0001893,Liam,Perez,liam.perez24@example.com,Germany,E-Commerce,2020-10-26,8548.96,Y
CUST0001894,Wei,Jones,wei.jones894@example.com,Singapore,Wholesale,2021-03-25,1641.0,Y
CUST0001895,Jessica,King,jessica.king955@example.com,Brazil,VIP,2021-07-02,4549.36,Y
CUST0001896,Patricia,Wright,patricia.wright715@example.com,South Africa,Retail,2024-07-15,7103.87,Y
CUST0001897,Thomas,Johnson,thomas.johnson34@example.com,UAE,Corporate,2020-12-04,5285.37,Y
CUST0001898,Patricia,Rodriguez,patricia.rodriguez210@example.com,Japan,E-Commerce,2026-06-30,1541.43,Y
CUST0001899,Patricia,Thomas,patricia.thomas506@example.com,Canada,VIP,2024-11-03,2695.51,Y
CUST0001900,Robert,Thompson,robert.thompson73@example.com,India,VIP,2026-04-17,8157.57,Y
CUST0001901,Jennifer,Scott,jennifer.scott491@example.com,UK,E-Commerce,2026-02-10,4539.72,Y
CUST0001902,Robert,Young,robert.young520@example.com,Germany,E-Commerce,2022-11-03,526.22,Y
CUST0001903,Joseph,Johnson,joseph.johnson954@example.com,USA,Retail,2020-03-14,7656.27,Y
CUST0001904,Raj,Johnson,raj.johnson566@example.com,China,Retail,2022-05-05,679.75,Y
CUST0001905,William,Ramirez,william.ramirez719@example.com,India,VIP,2019-07-19,7346.87,Y
CUST0001906,Linda,White,linda.white361@example.com,Germany,E-Commerce,2022-11-24,1631.25,N
CUST0001907,Jessica,Anderson,jessica.anderson95@example.com,Brazil,Retail,2020-07-19,16359.18,Y
CUST0001908,Liam,Williams,liam.williams822@example.com,USA,Wholesale,2018-08-21,2793.86,Y
CUST0001909,William,Lewis,william.lewis185@example.com,France,Retail,2021-07-10,2479.54,Y
CUST0001910,Jessica,Jackson,jessica.jackson133@example.com,Brazil,Corporate,2023-05-15,1306.06,Y
CUST0001911,John,Jones,john.jones257@example.com,Japan,Wholesale,2023-07-21,2323.57,Y
CUST0001912,Wei,Anderson,wei.anderson455@example.com,Mexico,E-Commerce,2022-02-11,10963.68,Y
CUST0001913,Charles,,charles.thomas540@example.com,South Africa,E-Commerce,2021-07-30,28543.73,Y
CUST0001914,Omar,Miller,omar.miller56@example.com,UAE,Corporate,2025-11-29,2796.78,N
CUST0001915,Sakura,Moore,sakura.moore81@example.com,Germany,Wholesale,2023-11-04,3476.57,Y
CUST0001916,Olivia,Wilson,olivia.wilson126@example.com,UAE,Wholesale,2018-05-27,6901.95,N
CUST0001917,Hans,Robinson,hans.robinson976@example.com,Canada,Retail,2023-08-06,11366.38,Y
CUST0001918,Sarah,Moore,sarah.moore603@example.com,India,E-Commerce,2018-12-13,4995.26,Y
CUST0001919,Raj,Young,raj.young20@example.com,Singapore,Corporate,2022-04-25,2984.0,Y
CUST0001920,Joseph,Wilson,joseph.wilson389@example.com,UK,Corporate,2023-12-22,3160.43,Y
CUST0001921,Karen,Williams,karen.williams555@example.com,Saudi Arabia,E-Commerce,2018-04-17,6447.36,N
CUST0001922,Fatima,Taylor,fatima.taylor830@example.com,Saudi Arabia,VIP,2020-06-05,516.12,Y
CUST0001923,Fatima,Ramirez,fatima.ramirez887@example.com,India,Retail,2019-03-24,5332.52,Y
CUST0001924,Charles,Wright,charles.wright475@example.com,India,VIP,2026-01-24,2696.35,Y
CUST0001925,Layla,Taylor,layla.taylor167@example.com,India,Corporate,2026-05-13,8404.19,N
CUST0001926,Jessica,Rodriguez,jessica.rodriguez930@example.com,USA,E-Commerce,2025-08-27,988.01,N
CUST0001927,Jennifer,Thomas,jennifer.thomas790@example.com,Japan,E-Commerce,2021-10-14,4936.11,Y
CUST0001928,Robert,Moore,robert.moore371@example.com,France,E-Commerce,2025-04-28,3779.0,Y
CUST0001929,James,Davis,james.davis315@example.com,Brazil,E-Commerce,2020-12-19,5640.66,Y
CUST0001930,Hans,Robinson,hans.robinson18@example.com,China,Retail,2023-03-26,835.26,Y
CUST0001931,Wei,Walker,wei.walker654@example.com,Singapore,VIP,2020-06-11,4837.31,Y
CUST0001932,Jennifer,Moore,jennifer.moore919@example.com,Brazil,VIP,2021-07-10,4621.8,N
CUST0001933,Hans,Lopez,hans.lopez265@example.com,Saudi Arabia,E-Commerce,2020-11-29,4612.41,Y
CUST0001934,William,Anderson,william.anderson646@example.com,UK,Wholesale,2024-12-06,5125.24,Y
CUST0001935,Joseph,Davis,joseph.davis671@example.com,USA,Wholesale,2025-09-04,6142.29,Y
CUST0001936,Hans,Lee,hans.lee43@example.com,Japan,Wholesale,2018-09-07,8673.5,N
CUST0001937,Thomas,Taylor,thomas.taylor17@example.com,Australia,E-Commerce,2024-01-23,2072.33,Y
CUST0001938,Jessica,Thompson,jessica.thompson112@example.com,Canada,VIP,2022-12-23,9216.26,Y
CUST0001939,John,Thomas,john.thomas209@example.com,UAE,VIP,2022-03-02,3948.32,Y
CUST0001940,Carlos,Jones,carlos.jones658@example.com,India,E-Commerce,2019-08-10,900.95,Y
CUST0001941,Mei,Perez,mei.perez999@example.com,India,E-Commerce,2023-04-12,801.68,N
CUST0001942,Charles,Johnson,charles.johnson165@example.com,UAE,Retail,2021-04-06,2534.12,N
CUST0001943,Mary,Miller,mary.miller624@example.com,Germany,E-Commerce,2023-09-24,8183.19,Y
CUST0001944,Omar,Thompson,omar.thompson963@example.com,Germany,Corporate,2024-07-14,6649.55,Y
CUST0001945,Elizabeth,Harris,elizabeth.harris781@example.com,Australia,Retail,2018-11-13,8270.37,N
CUST0001946,Joseph,Allen,joseph.allen589@example.com,Australia,VIP,2026-03-26,4141.48,Y
CUST0001947,Linda,King,linda.king818@example.com,USA,VIP,2023-04-19,3400.87,Y
CUST0001948,Layla,Lewis,layla.lewis325@example.com,France,Wholesale,2024-06-14,1297.63,Y
CUST0001949,Jessica,Perez,jessica.perez249@example.com,Saudi Arabia,E-Commerce,2020-08-03,2488.92,Y
CUST0001950,Linda,Thomas,linda.thomas456@example.com,Mexico,Corporate,2022-01-22,3345.98,Y
CUST0001951,Olivia,Allen,olivia.allen79@example.com,South Africa,E-Commerce,2025-04-30,963.87,Y
CUST0001952,Joseph,Lewis,joseph.lewis806@example.com,India,Wholesale,2024-05-21,1746.23,Y
CUST0001953,William,Wright,william.wright251@example.com,Saudi Arabia,Corporate,2025-07-24,5059.32,Y
CUST0001954,William,Taylor,william.taylor815@example.com,France,E-Commerce,2021-07-09,7152.65,Y
CUST0001955,Carlos,Clark,carlos.clark518@example.com,UK,VIP,2023-07-18,32527.36,Y
CUST0001956,Richard,Lopez,richard.lopez898@example.com,China,Retail,2019-11-15,14023.78,Y
CUST0001957,Thomas,Scott,thomas.scott729@example.com,South Africa,Corporate,2026-05-01,5644.01,Y
CUST0001958,Robert,Ramirez,robert.ramirez25@example.com,Mexico,Wholesale,2018-10-27,3234.41,Y
CUST0001959,Layla,Harris,layla.harris926@example.com,India,E-Commerce,2019-06-07,5555.44,Y
CUST0001960,Olivia,Thomas,olivia.thomas730@example.com,France,Retail,2021-10-11,8200.76,Y
CUST0001961,Fatima,Miller,fatima.miller740@example.com,USA,Retail,2026-04-14,1129.72,N
CUST0001962,Hans,Clark,hans.clark646@example.com,China,Corporate,2021-03-30,3137.36,Y
CUST0001963,William,Lopez,william.lopez742@example.com,Saudi Arabia,VIP,2023-09-18,9656.73,Y
CUST0001964,James,White,james.white691@example.com,Australia,Corporate,2022-04-03,2921.19,Y
CUST0001965,Barbara,Allen,barbara.allen740@example.com,Brazil,E-Commerce,2019-02-01,4741.67,Y
CUST0001966,Sakura,Perez,sakura.perez50@example.com,Brazil,VIP,2023-11-22,4930.86,Y
CUST0001967,Sofia,Jackson,sofia.jackson331@example.com,India,E-Commerce,2026-06-29,1519.62,Y
CUST0001968,Elizabeth,Williams,elizabeth.williams834@example.com,Mexico,Wholesale,2022-10-30,2748.93,Y
CUST0001969,Ahmed,Miller,ahmed.miller356@example.com,France,Wholesale,2019-05-01,-2536.17,Y
CUST0001970,Sakura,Lewis,sakura.lewis230@example.com,South Africa,Wholesale,2021-03-27,632.73,N
CUST0001971,Thomas,Miller,thomas.miller947@example.com,Germany,E-Commerce,2019-08-01,622.45,Y
CUST0001972,Olivia,Allen,olivia.allen773@example.com,UK,Retail,2024-09-17,9409.95,N
CUST0001973,Liam,Wright,liam.wright819@example.com,Germany,Retail,2023-06-24,2094.63,Y
CUST0001974,Mary,White,mary.white209@example.com,France,VIP,2022-10-13,4149.87,Y
CUST0001975,Layla,Rodriguez,layla.rodriguez851@example.com,China,E-Commerce,2019-03-25,2274.28,Y
CUST0001976,Linda,Lewis,linda.lewis911@example.com,India,Corporate,2020-12-13,14623.98,Y
CUST0001977,William,Moore,william.moore750@example.com,Australia,Retail,2021-12-19,2000.78,Y
CUST0001978,Joseph,Jones,joseph.jones335@example.com,UK,VIP,2021-10-05,3307.59,Y
CUST0001979,Omar,Jones,omar.jones724@example.com,Mexico,E-Commerce,2018-06-07,10807.23,Y
CUST0001980,Layla,Lee,layla.lee195@example.com,Singapore,VIP,2025-05-31,9723.7,Y
CUST0001981,Robert,Smith,robert.smith252@example.com,UK,VIP,2022-03-21,1529.6,Y
CUST0001982,Joseph,Gonzalez,joseph.gonzalez272@example.com,China,Wholesale,2023-06-08,8613.71,Y
CUST0001983,Sakura,Jackson,sakura.jackson135@example.com,Germany,Retail,2023-10-16,3564.17,Y
CUST0001984,Susan,Smith,susan.smith445@example.com,Canada,Corporate,2024-04-03,3798.26,Y
CUST0001985,Barbara,Williams,barbara.williams429@example.com,Mexico,E-Commerce,2024-11-17,1216.35,Y
CUST0001986,Jessica,Thompson,jessica.thompson496@example.com,Japan,Wholesale,2021-05-14,920.18,Y
CUST0001987,Charles,Young,charles.young502@example.com,Saudi Arabia,Corporate,2024-09-14,7008.65,Y
CUST0001988,Yuki,Jackson,yuki.jackson99@example.com,Germany,Retail,2026-06-20,3930.47,Y
CUST0001989,Carlos,Lewis,carlos.lewis334@example.com,Germany,Corporate,2019-04-20,3371.05,Y
CUST0001990,Ahmed,Davis,ahmed.davis356@example.com,Mexico,Corporate,2025-11-26,7037.57,Y
CUST0001991,Yuki,Young,yuki.young616@example.com,India,Wholesale,2018-04-29,7751.77,Y
CUST0001992,Omar,Wilson,omar.wilson912@example.com,Singapore,Corporate,2018-09-07,1365.27,Y
CUST0001993,Ahmed,Taylor,ahmed.taylor692@example.com,UAE,Corporate,2022-05-23,5210.93,Y
CUST0001994,Sofia,Sanchez,sofia.sanchez267@example.com,South Africa,Retail,2021-01-04,1227.18,Y
CUST0001995,Joseph,Perez,joseph.perez652@example.com,Singapore,Retail,2021-06-17,7459.05,Y
CUST0001996,Joseph,Hernandez,joseph.hernandez549@example.com,Germany,Retail,2024-11-17,5849.47,Y
CUST0001997,William,Wright,william.wright21@example.com,Mexico,Retail,2022-04-03,16188.16,Y
CUST0001998,Fatima,Thompson,fatima.thompson786@example.com,Saudi Arabia,VIP,2018-09-17,857.25,Y
CUST0001999,Layla,Wilson,layla.wilson371@example.com,Japan,Wholesale,2019-10-06,793.74,Y
CUST0002000,Priya,Anderson,priya.anderson298@example.com,Saudi Arabia,Wholesale,2022-03-12,2157.73,Y
CUST0002001,Susan,Scott,susan.scott751@example.com,Germany,Retail,2018-05-28,2017.06,Y
CUST0002002,Layla,Miller,layla.miller514@example.com,India,Corporate,2018-06-23,1918.31,Y
CUST0002003,Karen,Johnson,karen.johnson236@example.com,Australia,Wholesale,2018-05-19,12335.86,Y
CUST0002004,Linda,Harris,linda.harris672@example.com,India,Wholesale,2026-04-22,1935.39,Y
CUST0002005,Jennifer,Jones,jennifer.jones76@example.com,Japan,Corporate,2018-03-24,2086.93,Y
CUST0002006,Liam,Martinez,liam.martinez98@example.com,Mexico,VIP,2022-05-22,7623.06,Y
CUST0002007,Karen,Lee,karen.lee436@example.com,Japan,Retail,2021-05-22,3486.82,Y
CUST0002008,Richard,Miller,richard.miller271@example.com,Australia,VIP,2023-04-15,7996.43,Y
CUST0002009,Sofia,Garcia,sofia.garcia228@example.com,India,VIP,2021-02-14,838.0,Y
CUST0002010,Liam,Allen,liam.allen251@example.com,India,Retail,2023-07-29,3842.97,Y
CUST0002011,Mei,Wright,mei.wright732@example.com,Canada,Corporate,2020-07-06,670.96,Y
CUST0002012,Mary,Sanchez,mary.sanchez790@example.com,Germany,Corporate,2022-02-23,823.51,Y
CUST0002013,Michael,Martin,michael.martin341@example.com,UK,Retail,2019-01-26,12345.63,Y
CUST0002014,Susan,Young,susan.young608@example.com,Germany,Retail,2019-08-02,1249.73,Y
CUST0002015,Yuki,King,yuki.king741@example.com,Singapore,VIP,2026-07-13,4300.93,Y
CUST0002016,Sakura,Taylor,sakura.taylor422@example.com,France,E-Commerce,2019-09-09,3147.46,Y
CUST0002017,Carlos,Smith,carlos.smith275@example.com,Mexico,Wholesale,2026-06-20,2633.52,Y
CUST0002018,Sakura,Wright,sakura.wright512@example.com,UAE,Wholesale,2021-08-11,12004.6,Y
CUST0002019,Yuki,Allen,yuki.allen569@example.com,Singapore,Retail,2019-03-07,610.33,Y
CUST0002020,John,Harris,john.harris131@example.com,Saudi Arabia,Retail,2019-10-26,5950.09,Y
CUST0002021,Linda,Hernandez,linda.hernandez203@example.com,China,Retail,2018-06-09,17037.77,Y
CUST0002022,Sakura,Hernandez,sakura.hernandez642@example.com,Saudi Arabia,VIP,2023-06-19,4606.81,Y
CUST0002023,Olivia,Clark,olivia.clark409@example.com,USA,E-Commerce,2019-04-27,14309.03,Y
CUST0002024,Charles,Moore,charles.moore536@example.com,UAE,VIP,2022-03-03,768.36,Y
CUST0002025,David,Martinez,david.martinez298@example.com,Japan,Wholesale,2024-11-19,3213.24,N
CUST0002026,Mei,King,mei.king620@example.com,France,Corporate,2023-03-11,2006.59,Y
CUST0002027,Fatima,Rodriguez,fatima.rodriguez169@example.com,Japan,Corporate,2018-02-10,7061.89,Y
CUST0002028,Barbara,Martinez,barbara.martinez482@example.com,Canada,Retail,2021-07-01,20395.38,Y
CUST0002029,Richard,Miller,richard.miller551@example.com,China,E-Commerce,2019-01-23,1982.13,Y
CUST0002030,Ingrid,Hernandez,ingrid.hernandez69@example.com,UAE,VIP,2020-07-14,5809.11,Y
CUST0002031,James,Gonzalez,james.gonzalez282@example.com,France,Corporate,2024-07-21,1603.84,Y
CUST0002032,Mei,Sanchez,mei.sanchez957@example.com,France,VIP,2024-01-26,4665.84,Y
CUST0002033,Richard,Jones,richard.jones607@example.com,UK,Retail,2026-03-12,3617.48,Y
CUST0002034,Barbara,Taylor,barbara.taylor578@example.com,Canada,Wholesale,2023-11-10,18378.71,Y
CUST0002035,Raj,Perez,raj.perez590@example.com,Saudi Arabia,VIP,2024-10-13,5189.2,Y
CUST0002036,Yuki,Wilson,yuki.wilson173@example.com,USA,Wholesale,2020-06-05,2650.12,Y
CUST0002037,Elizabeth,Martinez,elizabeth.martinez169@example.com,China,Retail,2021-08-17,1105.73,Y
CUST0002038,Patricia,Rodriguez,patricia.rodriguez524@example.com,Saudi Arabia,Corporate,2022-10-09,1319.93,Y
CUST0002039,Ahmed,Martin,ahmed.martin513@example.com,Saudi Arabia,Retail,2020-09-13,1776.51,Y
CUST0002040,Raj,,raj.harris724@example.com,China,E-Commerce,2021-06-30,1944.86,Y
CUST0002041,Ahmed,King,ahmed.king81@example.com,South Africa,VIP,2020-05-26,10006.18,N
CUST0002042,Sarah,Martinez,sarah.martinez861@example.com,India,VIP,2022-12-14,4618.82,Y
CUST0002043,Thomas,Davis,thomas.davis572@example.com,South Africa,Corporate,2025-04-24,4205.29,Y
CUST0002044,Mary,White,mary.white876@example.com,China,E-Commerce,2026-03-03,1109.53,Y
CUST0002045,Olivia,Gonzalez,olivia.gonzalez392@example.com,UAE,Wholesale,2026-05-21,10335.56,N
CUST0002046,Richard,Lewis,richard.lewis370@example.com,Japan,Wholesale,2018-01-23,6915.34,Y
CUST0002047,Fatima,Miller,fatima.miller933@example.com,UAE,E-Commerce,2023-08-22,850.33,N
CUST0002048,Sarah,Williams,sarah.williams663@example.com,France,Corporate,2022-06-20,6652.18,Y
CUST0002049,Thomas,Moore,thomas.moore641@example.com,USA,VIP,2018-05-05,4421.25,Y
CUST0002050,Yuki,Robinson,yuki.robinson503@example.com,UK,Corporate,2026-05-30,926.29,Y
CUST0002051,Liam,Miller,liam.miller40@example.com,UAE,Retail,2024-11-15,3565.22,Y
CUST0002052,Elizabeth,Lopez,elizabeth.lopez892@example.com,Singapore,Wholesale,2018-12-06,3814.99,Y
CUST0002053,Linda,Brown,linda.brown455@example.com,Australia,Retail,2021-07-11,1406.26,Y
CUST0002054,Liam,Moore,liam.moore874@example.com,Germany,VIP,2026-04-09,15065.98,Y
CUST0002055,Ahmed,Hernandez,ahmed.hernandez928@example.com,Brazil,E-Commerce,2023-10-16,9984.78,Y
CUST0002056,Priya,Clark,priya.clark858@example.com,Australia,Retail,2018-09-24,6028.52,Y
CUST0002057,Omar,Martinez,omar.martinez747@example.com,France,Retail,2019-12-08,3602.23,Y
CUST0002058,Sarah,Gonzalez,sarah.gonzalez706@example.com,Japan,Corporate,2019-12-10,3153.15,Y
CUST0002059,James,Martin,james.martin281@example.com,Japan,E-Commerce,2019-04-28,5763.04,Y
CUST0002060,Jennifer,Robinson,jennifer.robinson91@example.com,Canada,Retail,2020-01-18,4442.04,Y
CUST0002061,Barbara,Lee,barbara.lee606@example.com,Australia,Retail,2026-08-07,821.48,Y
CUST0002062,James,Wilson,james.wilson654@example.com,UAE,Corporate,2018-11-29,4092.35,Y
CUST0002063,Jessica,Martin,jessica.martin858@example.com,Australia,Wholesale,2026-05-20,8709.9,Y
CUST0002064,William,Martin,william.martin55@example.com,India,E-Commerce,2019-12-31,3573.9,Y
CUST0002065,Ahmed,Clark,ahmed.clark232@example.com,Singapore,Wholesale,2021-01-22,766.77,Y
CUST0002066,Barbara,Jackson,barbara.jackson266@example.com,Mexico,Corporate,2020-12-19,8215.4,Y
CUST0002067,Wei,White,wei.white358@example.com,Saudi Arabia,VIP,2023-01-16,1624.25,Y
CUST0002068,David,Williams,david.williams973@example.com,Singapore,VIP,2022-04-29,1996.22,Y
CUST0002069,Susan,Ramirez,susan.ramirez356@example.com,Australia,E-Commerce,2020-04-29,1399.86,Y
CUST0002070,Omar,Scott,omar.scott850@example.com,Mexico,E-Commerce,2019-01-07,2503.99,Y
CUST0002071,Susan,Taylor,susan.taylor224@example.com,China,E-Commerce,2018-05-09,7568.36,N
CUST0002072,Layla,Lopez,,UK,Corporate,2024-07-31,4163.45,Y
CUST0002073,Raj,Williams,raj.williams331@example.com,Mexico,Retail,2025-01-22,1646.32,Y
CUST0002074,James,Hernandez,james.hernandez432@example.com,China,E-Commerce,2021-10-11,11011.71,Y
CUST0002075,Michael,Lopez,michael.lopez936@example.com,UAE,E-Commerce,2019-10-29,11083.93,Y
CUST0002076,Barbara,Johnson,barbara.johnson450@example.com,Saudi Arabia,VIP,2023-02-13,10723.4,Y
CUST0002077,Sofia,Sanchez,sofia.sanchez485@example.com,Singapore,Wholesale,2020-10-31,1864.27,Y
CUST0002078,Fatima,Walker,fatima.walker695@example.com,India,E-Commerce,2018-06-14,3500.46,N
CUST0002079,Joseph,Allen,joseph.allen111@example.com,India,Corporate,2021-01-08,21495.08,N
CUST0002080,Priya,Johnson,priya.johnson168@example.com,Japan,Wholesale,2021-05-16,7892.32,Y
CUST0002081,Layla,Gonzalez,layla.gonzalez975@example.com,Brazil,Wholesale,2019-06-17,637.72,Y
CUST0002082,Patricia,Garcia,patricia.garcia317@example.com,Saudi Arabia,Wholesale,2021-11-18,837.14,Y
CUST0002083,David,Robinson,david.robinson1@example.com,Australia,Wholesale,2020-03-31,3617.47,Y
CUST0002084,Karen,Martin,karen.martin83@example.com,UK,Wholesale,2020-04-12,12496.59,Y
CUST0002085,Jessica,Martinez,jessica.martinez702@example.com,Japan,E-Commerce,2018-01-21,4368.55,Y
CUST0002086,Wei,Miller,wei.miller483@example.com,Japan,Corporate,2025-11-02,3943.91,Y
CUST0002087,Yuki,Harris,yuki.harris852@example.com,China,Wholesale,2026-07-23,1057.3,N
CUST0002088,Raj,Rodriguez,raj.rodriguez326@example.com,Saudi Arabia,Wholesale,2022-06-26,5846.92,Y
CUST0002089,Charles,Ramirez,charles.ramirez612@example.com,India,VIP,2018-10-21,9132.76,Y
CUST0002090,Mary,Anderson,mary.anderson907@example.com,Brazil,Wholesale,2026-08-12,2893.57,Y
CUST0002091,Mei,Perez,mei.perez514@example.com,Singapore,Retail,2024-11-05,7971.89,Y
CUST0002092,Priya,Jones,priya.jones662@example.com,Germany,Wholesale,2023-08-10,17187.83,Y
CUST0002093,Susan,Martin,susan.martin446@example.com,Canada,E-Commerce,2022-04-23,1639.31,Y
CUST0002094,Sofia,Martinez,sofia.martinez292@example.com,France,Corporate,2025-07-28,4204.65,Y
CUST0002095,Robert,Taylor,robert.taylor982@example.com,India,Wholesale,2019-11-01,2192.34,Y
CUST0002096,Layla,Miller,layla.miller477@example.com,Saudi Arabia,Retail,2021-11-19,8371.67,Y
CUST0002097,Michael,Sanchez,michael.sanchez823@example.com,Saudi Arabia,Retail,2019-10-21,4808.93,Y
CUST0002098,Omar,Harris,omar.harris703@example.com,China,Retail,2023-06-15,5533.57,Y
CUST0002099,Priya,Ramirez,priya.ramirez790@example.com,USA,E-Commerce,2022-10-07,8495.31,Y
CUST0002100,Linda,Lewis,linda.lewis515@example.com,UAE,Corporate,2025-12-26,3020.66,Y
CUST0002101,Liam,White,liam.white115@example.com,Saudi Arabia,Wholesale,2022-10-03,12830.82,Y
CUST0002102,Raj,Garcia,raj.garcia154@example.com,USA,E-Commerce,2025-12-08,4307.44,Y
CUST0002103,Richard,Allen,richard.allen833@example.com,Brazil,Corporate,2022-11-17,1359.61,Y
CUST0002104,Charles,Williams,charles.williams125@example.com,Singapore,Corporate,2023-03-01,6451.98,Y
CUST0002105,Mei,Taylor,mei.taylor436@example.com,UAE,E-Commerce,2026-08-07,8381.5,Y
CUST0002106,Liam,Moore,liam.moore184@example.com,France,E-Commerce,2022-09-05,2404.56,Y
CUST0002107,Ahmed,Martin,ahmed.martin652@example.com,USA,VIP,2019-04-03,10230.82,Y
CUST0002108,Robert,Wright,robert.wright757@example.com,India,Wholesale,2019-12-19,12329.93,Y
CUST0002109,Michael,Rodriguez,michael.rodriguez745@example.com,UK,Corporate,2022-11-01,2121.07,Y
CUST0002110,Wei,Robinson,wei.robinson706@example.com,Brazil,Wholesale,2026-03-21,21028.49,Y
CUST0002111,Ingrid,Williams,ingrid.williams79@example.com,UAE,E-Commerce,2018-06-06,1258.25,Y
CUST0002112,Michael,Harris,michael.harris525@example.com,Mexico,Retail,2021-10-15,1628.33,N
CUST0002113,Karen,Ramirez,karen.ramirez411@example.com,USA,Wholesale,2026-05-17,1518.08,Y
CUST0002114,Jennifer,Ramirez,jennifer.ramirez989@example.com,Canada,Wholesale,2024-05-27,11721.1,Y
CUST0002115,Karen,Allen,karen.allen553@example.com,Singapore,Wholesale,2025-10-14,5810.81,Y
CUST0002116,Mei,Walker,mei.walker221@example.com,Saudi Arabia,Corporate,2021-01-30,1324.99,Y
CUST0002117,Barbara,Moore,barbara.moore514@example.com,Australia,Retail,2024-10-12,3401.98,Y
CUST0002118,Barbara,Jackson,barbara.jackson280@example.com,USA,Corporate,2020-04-28,5276.43,Y
CUST0002119,Carlos,Rodriguez,carlos.rodriguez282@example.com,France,Corporate,2024-09-19,935.77,Y
CUST0002120,Ahmed,,ahmed.miller227@example.com,Germany,Retail,2025-12-14,11203.03,Y
CUST0002121,John,Jackson,john.jackson746@example.com,Mexico,VIP,2023-03-02,8638.1,Y
CUST0002122,Fatima,Wright,fatima.wright399@example.com,China,VIP,2018-02-21,4018.08,Y
CUST0002123,Ahmed,Thompson,ahmed.thompson843@example.com,China,Wholesale,2023-03-08,17575.46,Y
CUST0002124,Sakura,Wilson,sakura.wilson546@example.com,Mexico,Wholesale,2025-07-19,3204.37,Y
CUST0002125,Priya,Williams,priya.williams677@example.com,Singapore,VIP,2018-11-18,21210.43,Y
CUST0002126,Olivia,Thompson,olivia.thompson86@example.com,Germany,VIP,2022-02-21,6011.9,Y
CUST0002127,Ahmed,Lewis,ahmed.lewis691@example.com,China,Retail,2019-10-01,5534.79,Y
CUST0002128,David,Thompson,david.thompson579@example.com,India,Corporate,2026-07-31,1407.34,Y
CUST0002129,Charles,Scott,charles.scott762@example.com,China,Wholesale,2022-03-18,11182.29,N
CUST0002130,William,Harris,william.harris622@example.com,Singapore,Retail,2019-02-02,3288.62,Y
CUST0002131,Susan,Davis,susan.davis585@example.com,France,Wholesale,2019-10-14,1385.08,Y
CUST0002132,Priya,Scott,priya.scott419@example.com,UAE,Wholesale,2022-09-09,563.44,N
CUST0002133,Sarah,Lee,sarah.lee789@example.com,UAE,Retail,2025-06-13,4602.13,Y
CUST0002134,Ahmed,Allen,ahmed.allen549@example.com,Japan,Corporate,2020-07-11,4247.53,Y
CUST0002135,Sakura,Robinson,sakura.robinson294@example.com,Singapore,Corporate,2019-10-05,6853.3,N
CUST0002136,Barbara,Sanchez,barbara.sanchez296@example.com,USA,VIP,2021-09-30,11548.12,Y
CUST0002137,Barbara,Miller,barbara.miller393@example.com,Brazil,Corporate,2022-09-10,913.68,Y
CUST0002138,Mary,Anderson,mary.anderson142@example.com,Brazil,VIP,2023-08-24,7074.46,N
CUST0002139,Carlos,Johnson,carlos.johnson333@example.com,Brazil,Wholesale,2019-11-13,1537.65,Y
CUST0002140,Yuki,Garcia,yuki.garcia975@example.com,UAE,Retail,2026-05-02,10265.88,Y
CUST0002141,Raj,Scott,raj.scott524@example.com,Singapore,Wholesale,2019-10-24,9048.05,Y
CUST0002142,Jessica,Lopez,jessica.lopez484@example.com,South Africa,Wholesale,2021-08-14,4391.28,Y
CUST0002143,John,Johnson,john.johnson212@example.com,Brazil,Corporate,2023-02-24,6693.56,Y
CUST0002144,Hans,Thomas,hans.thomas816@example.com,UK,Corporate,2023-08-11,2386.94,Y
CUST0002145,Fatima,Hernandez,fatima.hernandez251@example.com,China,Retail,2018-01-29,3685.42,Y
CUST0002146,Carlos,King,carlos.king482@example.com,Singapore,Corporate,2018-10-16,9119.67,Y
CUST0002147,Thomas,Wright,thomas.wright124@example.com,Mexico,VIP,2025-04-04,3574.13,N
CUST0002148,Mary,Lewis,mary.lewis493@example.com,Singapore,Retail,2021-04-14,2714.26,Y
CUST0002149,Robert,White,robert.white410@example.com,Mexico,VIP,2025-01-21,3908.19,Y
CUST0002150,Sofia,Davis,sofia.davis107@example.com,UK,E-Commerce,2026-07-02,9308.55,Y
CUST0002151,Linda,Hernandez,linda.hernandez376@example.com,India,E-Commerce,2019-08-05,2541.41,N
CUST0002152,Yuki,Wilson,yuki.wilson271@example.com,Canada,E-Commerce,2025-03-14,1454.36,Y
CUST0002153,Ingrid,Young,ingrid.young771@example.com,Germany,E-Commerce,2021-11-03,6724.22,Y
CUST0002154,Hans,Perez,hans.perez807@example.com,China,E-Commerce,2024-05-16,9242.87,Y
CUST0002155,Robert,Rodriguez,robert.rodriguez152@example.com,Japan,E-Commerce,2018-04-17,1030.35,Y
CUST0002156,Mei,White,mei.white731@example.com,France,E-Commerce,2026-01-11,1871.36,Y
CUST0002157,Karen,Walker,karen.walker731@example.com,China,E-Commerce,2019-09-25,1265.59,Y
CUST0002158,William,Martinez,william.martinez623@example.com,France,Corporate,2020-11-19,2638.1,Y
CUST0002159,Mary,Wilson,mary.wilson598@example.com,France,Wholesale,2024-07-21,3492.38,Y
CUST0002160,Mei,Allen,mei.allen764@example.com,Singapore,VIP,2022-07-21,7408.05,Y
CUST0002161,David,Thompson,david.thompson660@example.com,UK,VIP,2023-08-15,5765.53,Y
CUST0002162,Mei,Harris,mei.harris887@example.com,South Africa,Corporate,2025-04-09,5350.15,Y
CUST0002163,Layla,Walker,layla.walker180@example.com,China,Corporate,2018-02-28,2672.22,Y
CUST0002164,John,Perez,john.perez231@example.com,France,Wholesale,2020-07-07,9708.35,Y
CUST0002165,Linda,Gonzalez,linda.gonzalez366@example.com,China,Corporate,2024-05-21,3686.55,N
CUST0002166,James,King,james.king920@example.com,Germany,Wholesale,2022-01-29,19841.21,Y
CUST0002167,Priya,Miller,priya.miller975@example.com,UAE,VIP,2018-10-03,5527.55,Y
CUST0002168,Liam,Wright,liam.wright894@example.com,Canada,Retail,2023-01-04,1174.89,Y
CUST0002169,Jessica,Thomas,jessica.thomas263@example.com,Saudi Arabia,Wholesale,2025-09-26,6137.8,N
CUST0002170,Jessica,Anderson,jessica.anderson707@example.com,Mexico,Corporate,2019-12-28,2465.98,Y
CUST0002171,Sarah,Scott,sarah.scott285@example.com,Canada,Wholesale,2026-03-23,6297.02,Y
CUST0002172,John,Rodriguez,john.rodriguez536@example.com,France,Retail,2020-04-30,860.92,Y
CUST0002173,Yuki,Robinson,yuki.robinson101@example.com,Japan,Retail,2021-07-30,1461.14,Y
CUST0002174,John,Gonzalez,john.gonzalez490@example.com,Canada,Corporate,2018-12-08,10180.6,Y
CUST0002175,Michael,Wright,michael.wright604@example.com,Germany,VIP,2023-06-19,1788.54,Y
CUST0002176,James,Ramirez,james.ramirez882@example.com,South Africa,Retail,2026-01-28,9571.29,Y
CUST0002177,Richard,Robinson,richard.robinson1@example.com,France,Corporate,2024-09-29,2137.5,Y
CUST0002178,Barbara,Perez,barbara.perez520@example.com,China,VIP,2021-03-08,5648.44,N
CUST0002179,Karen,Taylor,karen.taylor889@example.com,Japan,Wholesale,2021-10-29,6423.31,Y
CUST0002180,Olivia,Allen,olivia.allen317@example.com,Australia,Corporate,2019-04-02,4093.91,N
CUST0002181,Barbara,Young,barbara.young7@example.com,UAE,VIP,2023-04-12,2321.45,Y
CUST0002182,Barbara,Jones,barbara.jones779@example.com,India,E-Commerce,2019-01-23,1695.38,N
CUST0002183,Hans,Perez,hans.perez654@example.com,Australia,VIP,2020-01-19,668.76,Y
CUST0002184,Michael,Anderson,michael.anderson219@example.com,France,VIP,2021-06-04,2311.64,Y
CUST0002185,Layla,Walker,layla.walker106@example.com,Australia,E-Commerce,2024-11-01,5794.5,Y
CUST0002186,Elizabeth,Lee,elizabeth.lee161@example.com,Germany,Corporate,2019-12-05,14427.75,Y
CUST0002187,David,Lee,david.lee980@example.com,Japan,Corporate,2025-04-30,10747.65,Y
CUST0002188,Carlos,Moore,carlos.moore235@example.com,South Africa,E-Commerce,2023-04-18,7763.56,N
CUST0002189,Karen,White,karen.white149@example.com,France,E-Commerce,2026-02-24,8266.41,Y
CUST0002190,Ahmed,Lewis,ahmed.lewis316@example.com,India,VIP,2022-05-31,5967.9,Y
CUST0002191,James,Sanchez,,India,E-Commerce,2025-03-30,2007.46,Y
CUST0002192,Ingrid,Moore,ingrid.moore20@example.com,Singapore,Wholesale,2020-05-04,12386.28,Y
CUST0002193,Thomas,Jackson,thomas.jackson853@example.com,UAE,Retail,2021-08-11,6054.42,Y
CUST0002194,Raj,Lee,raj.lee572@example.com,Japan,Wholesale,2020-05-30,4609.91,Y
CUST0002195,Hans,Moore,hans.moore110@example.com,Canada,Wholesale,2019-10-20,1088.23,Y
CUST0002196,Yuki,Walker,yuki.walker975@example.com,USA,Corporate,2025-09-18,3462.49,N
CUST0002197,Sakura,Thomas,sakura.thomas287@example.com,Brazil,VIP,2022-03-17,3584.25,Y
CUST0002198,Patricia,Perez,patricia.perez283@example.com,Japan,E-Commerce,2022-11-30,10496.27,N
CUST0002199,Linda,Walker,linda.walker138@example.com,South Africa,Retail,2021-08-22,4455.43,N
CUST0002200,Carlos,Martinez,carlos.martinez895@example.com,UK,VIP,2021-05-09,2893.41,Y
CUST0002201,Olivia,Garcia,olivia.garcia449@example.com,Germany,E-Commerce,2024-06-03,19318.09,Y
CUST0002202,Thomas,Scott,thomas.scott544@example.com,Singapore,E-Commerce,2025-09-25,1086.72,Y
CUST0002203,John,Lee,,Singapore,E-Commerce,2023-01-01,3245.65,Y
CUST0002204,Susan,Lopez,susan.lopez329@example.com,China,Wholesale,2023-03-03,714.67,Y
CUST0002205,Richard,Taylor,richard.taylor262@example.com,Brazil,Retail,2019-07-29,7233.52,Y
CUST0002206,Carlos,Ramirez,carlos.ramirez406@example.com,Saudi Arabia,Corporate,2018-07-16,13009.85,Y
CUST0002207,Patricia,Allen,patricia.allen383@example.com,USA,VIP,2022-11-26,2142.78,N
CUST0002208,Omar,Lee,omar.lee810@example.com,Japan,Corporate,2021-03-03,10271.69,Y
CUST0002209,John,Jones,john.jones579@example.com,Canada,VIP,2019-04-06,2228.1,Y
CUST0002210,Omar,Garcia,omar.garcia588@example.com,South Africa,Corporate,2024-11-03,12582.7,Y
CUST0002211,Richard,Jones,richard.jones786@example.com,Australia,Corporate,2021-02-08,7511.34,Y
CUST0002212,Elizabeth,Perez,elizabeth.perez75@example.com,UK,VIP,2021-10-23,8671.39,Y
CUST0002213,Sofia,Johnson,sofia.johnson412@example.com,Brazil,E-Commerce,2018-01-27,590.85,Y
CUST0002214,Raj,Johnson,raj.johnson9@example.com,Germany,E-Commerce,2022-10-16,16958.62,Y
CUST0002215,Joseph,Lee,joseph.lee546@example.com,China,Wholesale,2024-06-10,6985.4,N
CUST0002216,Elizabeth,Gonzalez,elizabeth.gonzalez792@example.com,UK,Wholesale,2021-06-17,2317.43,Y
CUST0002217,Mary,Wright,mary.wright617@example.com,Singapore,Retail,2019-06-06,9342.01,Y
CUST0002218,John,Lee,john.lee892@example.com,UAE,Wholesale,2025-05-19,2153.1,Y
CUST0002219,Karen,Hernandez,karen.hernandez435@example.com,France,Wholesale,2020-06-08,10808.16,Y
CUST0002220,Mary,Rodriguez,mary.rodriguez899@example.com,South Africa,Corporate,2019-05-20,1097.19,Y
CUST0002221,Raj,Johnson,raj.johnson455@example.com,Singapore,Wholesale,2022-04-08,6581.68,Y
CUST0002222,Hans,Sanchez,hans.sanchez204@example.com,Germany,Corporate,2024-08-14,4390.24,Y
CUST0002223,Jennifer,Lopez,jennifer.lopez519@example.com,South Africa,VIP,2026-02-15,1007.59,Y
CUST0002224,David,Wilson,david.wilson124@example.com,China,VIP,2022-01-07,1884.66,Y
CUST0002225,Ahmed,Clark,ahmed.clark196@example.com,Germany,Retail,2023-09-08,562.41,Y
CUST0002226,Thomas,Allen,thomas.allen115@example.com,China,Retail,2018-01-30,3662.78,Y
CUST0002227,Carlos,Sanchez,carlos.sanchez985@example.com,Singapore,Retail,2021-12-23,2292.42,Y
CUST0002228,Karen,Jones,karen.jones445@example.com,Singapore,E-Commerce,2020-07-28,5060.96,N
CUST0002229,Jennifer,Harris,jennifer.harris897@example.com,China,Retail,2021-01-30,2263.68,Y
CUST0002230,Ahmed,Williams,ahmed.williams145@example.com,Singapore,Wholesale,2019-12-28,2282.8,Y
CUST0002231,William,King,william.king160@example.com,UK,Corporate,2026-07-20,7297.16,Y
CUST0002232,Susan,Jackson,susan.jackson381@example.com,Brazil,Corporate,2019-10-08,746.7,Y
CUST0002233,Barbara,King,barbara.king989@example.com,UK,Wholesale,2022-02-04,12159.81,Y
CUST0002234,Linda,Hernandez,linda.hernandez31@example.com,China,Wholesale,2021-06-07,10061.64,Y
CUST0002235,Mei,Taylor,mei.taylor637@example.com,UAE,Retail,2018-04-16,6010.16,Y
CUST0002236,Yuki,Williams,yuki.williams753@example.com,Singapore,Wholesale,2022-07-28,4997.43,Y
CUST0002237,Raj,King,raj.king174@example.com,UK,Retail,2018-03-03,11642.14,Y
CUST0002238,Joseph,Garcia,joseph.garcia430@example.com,Canada,Retail,2023-05-03,1524.86,Y
CUST0002239,Carlos,Wright,carlos.wright451@example.com,UK,VIP,2025-02-21,911.31,Y
CUST0002240,Yuki,Walker,yuki.walker922@example.com,South Africa,E-Commerce,2019-06-10,1868.96,Y
CUST0002241,Liam,White,liam.white980@example.com,Brazil,Retail,2023-05-12,8413.45,Y
CUST0002242,Richard,Rodriguez,richard.rodriguez225@example.com,Japan,Wholesale,2019-08-08,676.43,Y
CUST0002243,Jennifer,Miller,jennifer.miller735@example.com,India,E-Commerce,2024-11-24,4871.03,Y
CUST0002244,Joseph,Taylor,not_an_email,Mexico,E-Commerce,2021-09-08,27449.44,Y
CUST0002245,Ingrid,King,ingrid.king530@example.com,Brazil,E-Commerce,2026-07-10,10179.17,Y
CUST0002246,Ahmed,Ramirez,ahmed.ramirez384@example.com,Australia,Wholesale,2024-07-01,4184.93,Y
CUST0002247,Robert,Harris,robert.harris648@example.com,USA,Wholesale,2020-01-17,828.78,Y
CUST0002248,Robert,Thomas,robert.thomas166@example.com,India,E-Commerce,2018-02-17,9400.35,Y
CUST0002249,Yuki,Thompson,yuki.thompson193@example.com,Australia,VIP,2022-07-20,5068.7,Y
CUST0002250,Susan,Robinson,susan.robinson637@example.com,France,VIP,2022-12-07,1110.46,Y
CUST0002251,Sarah,Allen,sarah.allen947@example.com,UAE,E-Commerce,2020-02-03,992.79,Y
CUST0002252,Sakura,Scott,sakura.scott468@example.com,Australia,Retail,2025-06-29,12519.04,Y
CUST0002253,Layla,Taylor,layla.taylor65@example.com,Saudi Arabia,E-Commerce,2022-10-14,6031.21,Y
CUST0002254,Liam,Rodriguez,liam.rodriguez97@example.com,Germany,Corporate,2019-04-01,9338.85,Y
CUST0002255,Charles,Rodriguez,charles.rodriguez895@example.com,UAE,E-Commerce,2023-01-28,11058.95,Y
CUST0002256,Jennifer,Allen,jennifer.allen187@example.com,India,VIP,2020-03-09,4740.5,Y
CUST0002257,Joseph,Johnson,joseph.johnson204@example.com,Mexico,E-Commerce,2023-11-23,4143.32,Y
CUST0002258,Elizabeth,King,elizabeth.king538@example.com,USA,VIP,2022-01-25,3314.35,Y
CUST0002259,Layla,Hernandez,layla.hernandez384@example.com,UK,Retail,2025-08-18,2405.91,Y
CUST0002260,Joseph,Martinez,joseph.martinez554@example.com,Brazil,Corporate,2020-04-08,3351.07,Y
CUST0002261,Priya,Jackson,priya.jackson400@example.com,South Africa,VIP,2022-09-22,7933.44,Y
CUST0002262,Ingrid,Lee,ingrid.lee140@example.com,Mexico,E-Commerce,2018-01-02,5105.55,Y
CUST0002263,Olivia,Martin,olivia.martin214@example.com,South Africa,VIP,2024-08-29,11652.41,N
CUST0002264,Patricia,Clark,patricia.clark144@example.com,UK,Corporate,2019-10-19,3429.36,Y
CUST0002265,Jessica,Sanchez,jessica.sanchez806@example.com,UK,Corporate,2022-05-21,5170.87,Y
CUST0002266,Jessica,Thompson,jessica.thompson73@example.com,Germany,E-Commerce,2019-07-30,5488.96,Y
CUST0002267,Linda,Martinez,linda.martinez211@example.com,China,Wholesale,2025-07-16,4978.73,Y
CUST0002268,Ahmed,Smith,ahmed.smith653@example.com,Canada,VIP,2021-06-28,6563.95,Y
CUST0002269,Yuki,Anderson,yuki.anderson677@example.com,China,E-Commerce,2019-05-27,1855.33,Y
CUST0002270,Ingrid,Martinez,ingrid.martinez73@example.com,South Africa,E-Commerce,2021-01-19,4090.93,N
CUST0002271,Robert,Harris,robert.harris859@example.com,South Africa,E-Commerce,2019-04-08,1050.33,Y
CUST0002272,Sofia,Hernandez,sofia.hernandez898@example.com,Mexico,Corporate,2026-07-04,2926.69,Y
CUST0002273,Layla,Miller,layla.miller91@example.com,Mexico,VIP,2024-09-19,3843.9,Y
CUST0002274,Jessica,,jessica.young857@example.com,Mexico,Corporate,2022-09-24,5780.99,Y
CUST0002275,Michael,Moore,michael.moore863@example.com,Mexico,E-Commerce,2020-10-27,15532.05,Y
CUST0002276,Fatima,Clark,fatima.clark683@example.com,Singapore,E-Commerce,2021-12-31,5089.6,Y
CUST0002277,Michael,Young,michael.young249@example.com,Brazil,Corporate,2020-06-25,7304.96,Y
CUST0002278,Sarah,Miller,sarah.miller800@example.com,Singapore,Corporate,2024-04-15,4028.79,Y
CUST0002279,Raj,King,raj.king892@example.com,South Africa,Corporate,2018-06-22,5527.03,Y
CUST0002280,Michael,Miller,michael.miller121@example.com,Saudi Arabia,Wholesale,2022-01-17,867.87,Y
CUST0002281,Carlos,Sanchez,carlos.sanchez736@example.com,Mexico,Retail,2021-11-23,1967.77,Y
CUST0002282,Hans,Robinson,hans.robinson588@example.com,Singapore,VIP,2018-06-02,2745.93,N
CUST0002283,Sofia,Johnson,sofia.johnson222@example.com,Brazil,Wholesale,2018-04-09,3697.97,Y
CUST0002284,Fatima,Miller,fatima.miller300@example.com,South Africa,Corporate,2018-04-27,733.62,Y
CUST0002285,Thomas,Thompson,thomas.thompson839@example.com,Australia,E-Commerce,2021-12-14,1254.25,N
CUST0002286,Jessica,Moore,jessica.moore457@example.com,Saudi Arabia,Retail,2021-08-22,2120.45,Y
CUST0002287,Thomas,Hernandez,thomas.hernandez215@example.com,Japan,VIP,2025-04-09,18294.99,Y
CUST0002288,Priya,Thompson,priya.thompson800@example.com,Singapore,Wholesale,2023-08-10,2512.45,Y
CUST0002289,Fatima,Thompson,fatima.thompson632@example.com,Japan,Wholesale,2021-07-20,3789.3,Y
CUST0002290,Michael,Garcia,michael.garcia655@example.com,India,E-Commerce,2024-12-21,1591.39,Y
CUST0002291,Barbara,Harris,barbara.harris208@example.com,France,Corporate,2021-12-07,5218.05,Y
CUST0002292,Hans,White,hans.white773@example.com,UK,Wholesale,2021-08-15,2147.27,Y
CUST0002293,Richard,Martin,richard.martin931@example.com,Japan,VIP,2021-04-28,1659.61,Y
CUST0002294,Liam,Lopez,liam.lopez408@example.com,Brazil,Retail,2020-03-24,4134.27,Y
CUST0002295,Priya,,priya.taylor150@example.com,Mexico,E-Commerce,2023-12-23,527.61,Y
CUST0002296,William,Harris,william.harris107@example.com,Singapore,E-Commerce,2024-11-17,538.47,Y
CUST0002297,Jennifer,Lee,jennifer.lee231@example.com,China,Retail,2020-10-04,1736.34,Y
CUST0002298,Sarah,Johnson,sarah.johnson507@example.com,Germany,Wholesale,2020-10-01,687.06,Y
CUST0002299,Hans,Wilson,,USA,E-Commerce,2020-09-25,1071.59,N
CUST0002300,Yuki,Lewis,yuki.lewis425@example.com,Japan,VIP,2024-05-15,2568.95,Y
CUST0002301,Barbara,King,barbara.king595@example.com,India,VIP,2022-05-05,8612.25,Y
CUST0002302,Mei,Taylor,mei.taylor442@example.com,UAE,E-Commerce,2020-08-19,4743.73,Y
CUST0002303,Wei,Jones,wei.jones982@example.com,Mexico,Wholesale,2021-08-10,4094.05,Y
CUST0002304,Jessica,Wright,jessica.wright593@example.com,UK,Retail,2023-09-10,2237.08,Y
CUST0002305,Liam,Lee,liam.lee108@example.com,Saudi Arabia,VIP,2020-07-22,13923.16,Y
CUST0002306,Olivia,Anderson,olivia.anderson477@example.com,France,VIP,2018-08-06,3029.32,Y
CUST0002307,Hans,Young,not_an_email,India,Retail,2019-12-03,955.61,Y
CUST0002308,Hans,Scott,hans.scott666@example.com,USA,E-Commerce,2023-05-07,5299.47,Y
CUST0002309,Elizabeth,Jones,elizabeth.jones699@example.com,UAE,Retail,2026-01-23,1104.28,Y
CUST0002310,Thomas,Johnson,thomas.johnson731@example.com,Brazil,Corporate,2022-10-31,2617.3,Y
CUST0002311,William,Sanchez,william.sanchez221@example.com,Australia,Corporate,2021-06-23,4040.41,Y
CUST0002312,Karen,Perez,karen.perez239@example.com,Brazil,VIP,2022-07-26,10866.21,Y
CUST0002313,Liam,Lee,liam.lee884@example.com,USA,VIP,2018-08-05,3901.61,Y
CUST0002314,Wei,Davis,wei.davis794@example.com,Canada,VIP,2018-09-18,6557.65,Y
CUST0002315,David,Gonzalez,david.gonzalez255@example.com,Brazil,Wholesale,2020-01-13,25180.08,Y
CUST0002316,Sakura,Davis,sakura.davis340@example.com,Canada,Retail,2022-07-11,1204.88,Y
CUST0002317,Raj,Clark,raj.clark391@example.com,Mexico,Corporate,2019-07-22,2106.07,Y
CUST0002318,Barbara,Miller,barbara.miller319@example.com,UAE,Wholesale,2025-12-06,3009.13,Y
CUST0002319,Thomas,Young,thomas.young93@example.com,UK,E-Commerce,2022-07-03,3239.42,Y
CUST0002320,Wei,Garcia,wei.garcia348@example.com,China,Retail,2023-11-16,3146.82,Y
CUST0002321,Patricia,Scott,patricia.scott61@example.com,Australia,E-Commerce,2019-01-27,12408.74,Y
CUST0002322,Layla,Smith,layla.smith5@example.com,UAE,Corporate,2021-06-08,6759.39,Y
CUST0002323,Mei,Jones,mei.jones979@example.com,UK,Wholesale,2025-02-20,5181.26,Y
CUST0002324,Barbara,Wright,barbara.wright224@example.com,UAE,Retail,2025-08-30,2350.77,N
CUST0002325,Mei,Lopez,mei.lopez913@example.com,China,Wholesale,2023-09-10,9180.4,Y
CUST0002326,Hans,Johnson,hans.johnson638@example.com,USA,VIP,2019-05-08,16012.19,Y
CUST0002327,Karen,Jackson,karen.jackson111@example.com,UAE,Wholesale,2024-08-14,9107.39,Y
CUST0002328,Michael,Young,michael.young198@example.com,Brazil,Wholesale,2024-11-16,507.83,N
CUST0002329,Ingrid,Scott,ingrid.scott852@example.com,India,Corporate,2019-04-22,5558.52,Y
CUST0002330,John,Perez,john.perez253@example.com,UAE,Wholesale,2020-09-07,762.45,N
CUST0002331,Sakura,Gonzalez,sakura.gonzalez814@example.com,India,Retail,2022-01-07,1989.38,Y
CUST0002332,Yuki,Miller,yuki.miller869@example.com,Japan,Retail,2025-06-10,806.85,Y
CUST0002333,Layla,Wright,layla.wright535@example.com,India,VIP,2025-03-19,5129.12,Y
CUST0002334,Ahmed,Rodriguez,ahmed.rodriguez459@example.com,Saudi Arabia,Wholesale,2021-04-14,6301.21,N
CUST0002335,Sofia,Sanchez,sofia.sanchez446@example.com,India,Retail,2023-07-02,1107.94,Y
CUST0002336,Michael,Lee,michael.lee575@example.com,China,VIP,2022-05-12,2921.23,Y
CUST0002337,Charles,Brown,charles.brown541@example.com,Singapore,Retail,2020-02-10,3546.2,N
CUST0002338,Karen,Wright,karen.wright178@example.com,Australia,E-Commerce,2026-04-16,2802.67,Y
CUST0002339,Mary,Brown,mary.brown990@example.com,France,Corporate,2020-02-11,1144.99,Y
CUST0002340,Liam,Brown,liam.brown844@example.com,Singapore,Corporate,2026-04-14,3214.57,Y
CUST0002341,Barbara,Allen,barbara.allen380@example.com,Australia,Retail,2020-05-28,7455.09,Y
CUST0002342,Barbara,Anderson,barbara.anderson730@example.com,UAE,Retail,2026-01-03,868.27,Y
CUST0002343,Susan,Smith,susan.smith47@example.com,South Africa,Corporate,2020-04-23,917.89,N
CUST0002344,Linda,Jackson,linda.jackson5@example.com,South Africa,Wholesale,2025-05-25,2690.75,Y
CUST0002345,Fatima,Lopez,fatima.lopez400@example.com,Singapore,Wholesale,2022-03-03,14712.97,N
CUST0002346,Priya,Williams,priya.williams160@example.com,UK,VIP,2020-10-05,6021.73,Y
CUST0002347,Thomas,Ramirez,thomas.ramirez697@example.com,Brazil,E-Commerce,2020-04-19,6176.43,N
CUST0002348,Sarah,Clark,sarah.clark707@example.com,USA,Corporate,2022-08-22,2746.46,Y
CUST0002349,Richard,Young,richard.young260@example.com,Brazil,Retail,2025-01-10,5002.83,Y
CUST0002350,Robert,Lewis,robert.lewis132@example.com,Australia,Wholesale,2018-10-16,550.91,Y
CUST0002351,Linda,Hernandez,linda.hernandez924@example.com,Saudi Arabia,Corporate,2018-09-30,5554.33,Y
CUST0002352,Ahmed,Hernandez,ahmed.hernandez967@example.com,Mexico,E-Commerce,2025-08-20,12725.75,Y
CUST0002353,Priya,Jackson,priya.jackson550@example.com,France,E-Commerce,2024-05-24,5241.15,Y
CUST0002354,Linda,Sanchez,linda.sanchez843@example.com,South Africa,Wholesale,2018-12-21,10845.42,Y
CUST0002355,Sakura,Gonzalez,sakura.gonzalez131@example.com,Japan,Retail,2023-04-05,6936.28,Y
CUST0002356,Linda,Anderson,linda.anderson39@example.com,Singapore,Corporate,2020-01-26,1142.34,Y
CUST0002357,John,Thomas,john.thomas447@example.com,Brazil,E-Commerce,2022-11-30,12137.12,Y
CUST0002358,Hans,Williams,hans.williams679@example.com,South Africa,VIP,2026-08-07,843.77,N
CUST0002359,Susan,Lee,susan.lee45@example.com,Brazil,Retail,2019-09-18,4317.5,Y
CUST0002360,Thomas,Lopez,thomas.lopez359@example.com,China,Wholesale,2025-03-23,1266.56,Y
CUST0002361,Raj,Martinez,,France,VIP,2018-09-18,558.88,Y
CUST0002362,Richard,Perez,,Mexico,Corporate,2018-04-14,3241.2,Y
CUST0002363,John,Thomas,john.thomas617@example.com,Japan,E-Commerce,2024-03-30,2248.08,Y
CUST0002364,Olivia,Lee,olivia.lee59@example.com,Canada,Retail,2022-08-07,3827.66,Y
CUST0002365,Mary,Hernandez,mary.hernandez742@example.com,South Africa,E-Commerce,2022-02-26,4804.28,Y
CUST0002366,Michael,Anderson,michael.anderson7@example.com,India,Retail,2024-04-23,723.62,Y
CUST0002367,Raj,Davis,raj.davis878@example.com,Germany,Retail,2024-04-27,1156.26,Y
CUST0002368,Mary,Walker,mary.walker960@example.com,Brazil,Corporate,2021-03-02,4589.5,Y
CUST0002369,Raj,Lewis,raj.lewis933@example.com,Mexico,Wholesale,2025-08-29,2601.63,Y
CUST0002370,Thomas,Thompson,thomas.thompson652@example.com,China,Corporate,2019-09-20,7031.38,Y
CUST0002371,Mei,Anderson,mei.anderson148@example.com,France,Wholesale,2022-05-11,5781.96,N
CUST0002372,David,White,david.white758@example.com,USA,Corporate,2021-05-13,9841.18,Y
CUST0002373,Ingrid,Clark,ingrid.clark728@example.com,South Africa,VIP,2020-07-18,6396.28,N
CUST0002374,William,Thompson,william.thompson214@example.com,India,Corporate,2022-09-08,3309.99,Y
CUST0002375,Hans,Lewis,hans.lewis976@example.com,India,Corporate,2022-01-29,6088.47,Y
CUST0002376,Priya,Rodriguez,priya.rodriguez741@example.com,Japan,Wholesale,2020-10-04,2110.55,Y
CUST0002377,Richard,Gonzalez,richard.gonzalez971@example.com,Singapore,VIP,2022-01-28,2328.68,N
CUST0002378,Olivia,Clark,olivia.clark384@example.com,Australia,E-Commerce,2020-05-24,8279.13,Y
CUST0002379,Yuki,Miller,yuki.miller556@example.com,Australia,Corporate,2021-05-15,3456.74,N
CUST0002380,Carlos,Brown,carlos.brown205@example.com,Germany,E-Commerce,2024-03-09,8506.86,Y
CUST0002381,Raj,King,raj.king443@example.com,UK,Corporate,2018-04-08,9141.74,Y
CUST0002382,Raj,Lopez,raj.lopez280@example.com,Mexico,VIP,2019-10-01,10244.25,Y
CUST0002383,Richard,Martinez,richard.martinez422@example.com,UAE,Corporate,2020-10-03,12922.65,Y
CUST0002384,William,Young,william.young324@example.com,Brazil,VIP,2023-12-14,3319.24,Y
CUST0002385,Robert,Miller,robert.miller806@example.com,Canada,Retail,2018-03-29,2419.99,Y
CUST0002386,Patricia,Perez,patricia.perez874@example.com,Canada,E-Commerce,2022-01-01,4863.75,Y
CUST0002387,Elizabeth,Wilson,elizabeth.wilson315@example.com,Singapore,Retail,2022-01-26,2819.49,Y
CUST0002388,Ahmed,Lewis,ahmed.lewis487@example.com,UAE,Wholesale,2021-04-01,5094.9,Y
CUST0002389,Olivia,Hernandez,olivia.hernandez923@example.com,South Africa,Wholesale,2019-10-31,6613.84,Y
CUST0002390,Liam,Clark,liam.clark163@example.com,Japan,VIP,2025-01-19,6330.26,Y
CUST0002391,Sarah,Thomas,sarah.thomas117@example.com,Australia,Wholesale,2022-12-28,2846.44,Y
CUST0002392,Robert,Rodriguez,robert.rodriguez902@example.com,India,Corporate,2022-04-03,1412.77,Y
CUST0002393,Mary,White,mary.white954@example.com,China,VIP,2024-05-31,3315.24,Y
CUST0002394,Mary,Young,mary.young970@example.com,Australia,VIP,2021-11-09,1269.22,Y
CUST0002395,Jennifer,White,jennifer.white71@example.com,UK,Wholesale,2024-12-31,11540.79,Y
CUST0002396,Priya,Martinez,priya.martinez114@example.com,South Africa,Wholesale,2025-02-10,2622.3,Y
CUST0002397,Jennifer,Thompson,jennifer.thompson618@example.com,Saudi Arabia,Corporate,2018-03-07,1338.9,Y
CUST0002398,Carlos,Hernandez,carlos.hernandez374@example.com,Singapore,E-Commerce,2020-02-26,628.89,Y
CUST0002399,Layla,Johnson,layla.johnson502@example.com,UAE,Wholesale,2018-08-02,5689.78,Y
CUST0002400,Karen,Taylor,karen.taylor460@example.com,India,E-Commerce,2018-06-15,5565.42,Y
CUST0002401,Ingrid,Garcia,ingrid.garcia341@example.com,Japan,Retail,2019-06-20,2582.16,Y
CUST0002402,James,Johnson,james.johnson310@example.com,India,Wholesale,2023-04-10,872.07,Y
CUST0002403,Robert,Moore,robert.moore714@example.com,India,E-Commerce,2022-02-11,3135.02,Y
CUST0002404,Sofia,Clark,sofia.clark725@example.com,UAE,Wholesale,2021-11-19,2364.15,Y
CUST0002405,Olivia,Gonzalez,olivia.gonzalez501@example.com,France,E-Commerce,2018-12-08,6152.38,N
CUST0002406,Jennifer,Lee,jennifer.lee883@example.com,Japan,Retail,2018-04-05,5154.22,Y
CUST0002407,Michael,Thomas,michael.thomas77@example.com,UK,E-Commerce,2018-09-24,2767.45,Y
CUST0002408,Jessica,Garcia,jessica.garcia885@example.com,Canada,Retail,2026-02-09,1728.82,Y
CUST0002409,Fatima,Jones,fatima.jones160@example.com,Brazil,Corporate,2025-01-28,22629.25,Y
CUST0002410,Michael,Davis,michael.davis58@example.com,Mexico,Wholesale,2020-03-28,3525.7,N
CUST0002411,Jennifer,Lopez,jennifer.lopez94@example.com,Mexico,Retail,2018-01-16,6328.16,Y
CUST0002412,Joseph,Wilson,joseph.wilson52@example.com,Mexico,Retail,2022-05-04,1257.33,Y
CUST0002413,Layla,Gonzalez,layla.gonzalez488@example.com,Singapore,Wholesale,2025-12-10,3823.67,N
CUST0002414,Barbara,Walker,barbara.walker295@example.com,Mexico,VIP,2018-09-08,639.61,Y
CUST0002415,Omar,Smith,omar.smith82@example.com,UK,Wholesale,2020-12-14,4020.59,Y
CUST0002416,Liam,Gonzalez,liam.gonzalez717@example.com,Canada,Retail,2020-02-10,17123.6,Y
CUST0002417,Ahmed,Anderson,ahmed.anderson167@example.com,India,VIP,2021-04-30,2924.22,Y
CUST0002418,Omar,Jackson,omar.jackson224@example.com,India,E-Commerce,2021-11-13,698.88,Y
CUST0002419,Layla,Smith,layla.smith671@example.com,South Africa,E-Commerce,2021-02-26,657.23,Y
CUST0002420,John,Brown,john.brown65@example.com,China,E-Commerce,2026-03-22,2955.01,Y
CUST0002421,Sofia,Garcia,sofia.garcia691@example.com,Saudi Arabia,Corporate,2018-02-19,1371.92,N
CUST0002422,Jennifer,Lee,jennifer.lee603@example.com,Saudi Arabia,E-Commerce,2025-10-30,618.15,Y
CUST0002423,John,Taylor,john.taylor745@example.com,Singapore,E-Commerce,2023-01-21,7557.31,Y
CUST0002424,Yuki,White,yuki.white512@example.com,France,Corporate,2021-07-07,3567.27,Y
CUST0002425,Richard,Anderson,richard.anderson602@example.com,UK,Retail,2025-09-30,2207.14,Y
CUST0002426,Ingrid,Robinson,ingrid.robinson333@example.com,South Africa,Corporate,2023-03-15,12017.09,Y
CUST0002427,Ingrid,Lewis,ingrid.lewis157@example.com,UK,Corporate,2022-09-15,1117.28,N
CUST0002428,William,Lee,william.lee391@example.com,Singapore,Wholesale,2022-06-25,16108.61,Y
CUST0002429,Sofia,Lopez,sofia.lopez155@example.com,Brazil,Wholesale,2020-06-07,2384.15,Y
CUST0002430,Priya,Walker,priya.walker154@example.com,France,E-Commerce,2020-03-21,11464.34,Y
CUST0002431,Priya,Hernandez,priya.hernandez311@example.com,Singapore,VIP,2021-02-11,5118.38,Y
CUST0002432,Sakura,,sakura.young444@example.com,India,Wholesale,2023-06-20,9263.87,N
CUST0002433,Patricia,Thompson,patricia.thompson985@example.com,Canada,Retail,2021-08-17,21179.95,Y
CUST0002434,Charles,Martinez,charles.martinez241@example.com,Japan,Corporate,2020-06-05,2201.23,Y
CUST0002435,James,Martin,james.martin647@example.com,UK,E-Commerce,2025-01-26,16738.37,Y
CUST0002436,Sofia,Davis,sofia.davis614@example.com,UK,VIP,2021-02-28,2967.24,Y
CUST0002437,Mei,Rodriguez,mei.rodriguez379@example.com,Brazil,Corporate,2018-09-16,2934.83,Y
CUST0002438,Mei,Clark,mei.clark253@example.com,Germany,E-Commerce,2025-09-20,2580.51,Y
CUST0002439,Ahmed,Walker,ahmed.walker806@example.com,France,VIP,2021-10-27,4397.97,Y
CUST0002440,Fatima,Gonzalez,fatima.gonzalez924@example.com,UK,E-Commerce,2025-02-04,1337.04,Y
CUST0002441,Joseph,Thomas,joseph.thomas833@example.com,Singapore,Wholesale,2023-06-25,4533.95,Y
CUST0002442,Mary,Lee,mary.lee524@example.com,South Africa,Retail,2022-04-23,4401.21,Y
CUST0002443,Ahmed,Garcia,ahmed.garcia542@example.com,China,Corporate,2024-10-04,7675.36,N
CUST0002444,Sarah,Jones,sarah.jones461@example.com,India,Wholesale,2021-02-05,9468.31,Y
CUST0002445,Mei,Brown,mei.brown486@example.com,Germany,Wholesale,2025-02-06,3403.03,Y
CUST0002446,Wei,Walker,wei.walker576@example.com,UK,E-Commerce,2021-08-03,2300.07,Y
CUST0002447,Ahmed,Wright,ahmed.wright205@example.com,Singapore,Wholesale,2024-09-13,2001.03,Y
CUST0002448,Charles,Brown,charles.brown754@example.com,South Africa,Wholesale,2023-11-15,1582.23,Y
CUST0002449,Charles,Thomas,charles.thomas810@example.com,India,Corporate,2025-11-09,796.88,Y
CUST0002450,James,Martin,james.martin268@example.com,Germany,Wholesale,2021-04-27,2596.16,Y
CUST0002451,Carlos,,carlos.garcia378@example.com,China,Wholesale,2023-01-04,2075.25,Y
CUST0002452,Olivia,Hernandez,olivia.hernandez609@example.com,China,E-Commerce,2019-03-18,17468.73,N
CUST0002453,Ingrid,Moore,ingrid.moore203@example.com,Mexico,VIP,2023-01-31,4578.93,Y
CUST0002454,William,Lee,william.lee980@example.com,USA,Retail,2018-08-03,2633.01,Y
CUST0002455,Olivia,Walker,olivia.walker378@example.com,UK,E-Commerce,2026-01-30,4843.07,Y
CUST0002456,Mary,Ramirez,mary.ramirez662@example.com,UAE,Corporate,2019-12-31,1249.45,Y
CUST0002457,Robert,Jackson,robert.jackson332@example.com,Brazil,VIP,2018-06-11,3435.33,Y
CUST0002458,Patricia,Rodriguez,patricia.rodriguez509@example.com,Canada,Retail,2019-07-28,5420.63,Y
CUST0002459,Layla,Hernandez,layla.hernandez963@example.com,Mexico,Wholesale,2019-01-12,3855.93,Y
CUST0002460,Wei,Perez,wei.perez84@example.com,India,E-Commerce,2026-06-03,3068.97,Y
CUST0002461,Priya,Wright,priya.wright64@example.com,Japan,Corporate,2025-03-13,25955.21,Y
CUST0002462,Elizabeth,Scott,elizabeth.scott843@example.com,Canada,Wholesale,2023-01-12,11114.45,Y
CUST0002463,Thomas,Anderson,thomas.anderson246@example.com,USA,VIP,2018-04-10,5382.94,Y
CUST0002464,Joseph,Walker,joseph.walker44@example.com,USA,Wholesale,2026-07-04,4712.62,Y
CUST0002465,Elizabeth,Rodriguez,elizabeth.rodriguez513@example.com,UAE,E-Commerce,2022-05-07,5346.62,Y
CUST0002466,Priya,Johnson,not_an_email,Saudi Arabia,E-Commerce,2023-07-10,1623.93,Y
CUST0002467,Carlos,Scott,carlos.scott70@example.com,USA,Wholesale,2024-08-12,3013.77,Y
CUST0002468,Joseph,Young,joseph.young8@example.com,UAE,Retail,2024-07-10,701.3,Y
CUST0002469,Omar,Hernandez,omar.hernandez407@example.com,Germany,Wholesale,2024-01-06,3726.99,Y
CUST0002470,Charles,Moore,charles.moore570@example.com,UAE,VIP,2022-05-10,4415.63,Y
CUST0002471,Richard,Taylor,richard.taylor343@example.com,Germany,E-Commerce,2020-12-02,1792.23,Y
CUST0002472,Charles,Lewis,charles.lewis30@example.com,China,VIP,2025-04-22,17125.19,Y
CUST0002473,Priya,Wilson,priya.wilson190@example.com,Canada,Retail,2022-05-07,12509.52,Y
CUST0002474,Susan,Gonzalez,susan.gonzalez778@example.com,Brazil,E-Commerce,2025-09-26,6903.25,Y
CUST0002475,Karen,White,karen.white475@example.com,USA,Wholesale,2024-05-10,4311.27,Y
CUST0002476,Thomas,Wilson,thomas.wilson524@example.com,USA,E-Commerce,2018-02-20,10699.92,Y
CUST0002477,Barbara,Perez,barbara.perez212@example.com,China,Corporate,2026-01-27,1200.06,Y
CUST0002478,Priya,Hernandez,priya.hernandez943@example.com,China,Corporate,2024-04-16,8315.39,Y
CUST0002479,Jessica,Jones,jessica.jones632@example.com,Canada,Retail,2018-05-08,1166.63,Y
CUST0002480,James,Moore,james.moore953@example.com,USA,E-Commerce,2022-12-28,8404.51,Y
CUST0002481,David,Miller,david.miller55@example.com,UAE,Wholesale,2025-03-30,2113.21,Y
CUST0002482,Sofia,White,sofia.white78@example.com,France,Corporate,2025-05-01,10981.54,Y
CUST0002483,Robert,Davis,robert.davis310@example.com,UK,E-Commerce,2023-02-15,14915.78,N
CUST0002484,Susan,Davis,susan.davis942@example.com,Australia,Retail,2023-05-06,1305.52,Y
CUST0002485,Linda,Garcia,not_an_email,Germany,Corporate,2024-07-02,3605.77,Y
CUST0002486,Sarah,Moore,sarah.moore24@example.com,Mexico,VIP,2023-05-19,20313.26,Y
CUST0002487,Elizabeth,Wilson,elizabeth.wilson67@example.com,India,Corporate,2018-05-03,3802.5,Y
CUST0002488,Sofia,Robinson,sofia.robinson423@example.com,UK,Retail,2024-06-20,10458.89,Y
CUST0002489,John,Moore,john.moore727@example.com,France,Corporate,2020-04-10,4942.55,Y
CUST0002490,Mary,Moore,mary.moore987@example.com,Singapore,Wholesale,2020-08-19,2852.66,Y
CUST0002491,James,Williams,james.williams895@example.com,Brazil,Corporate,2024-04-08,2182.85,N
CUST0002492,Sakura,Anderson,sakura.anderson733@example.com,Singapore,Retail,2021-03-19,1635.9,Y
CUST0002493,Mei,Robinson,mei.robinson841@example.com,China,VIP,2019-11-03,7673.19,Y
CUST0002494,Mei,Scott,mei.scott554@example.com,UK,E-Commerce,2026-03-31,2943.21,Y
CUST0002495,Carlos,Lopez,carlos.lopez595@example.com,India,E-Commerce,2023-03-30,4079.78,N
CUST0002496,Charles,Martinez,charles.martinez834@example.com,Australia,Corporate,2025-07-30,3889.57,Y
CUST0002497,Mei,Ramirez,mei.ramirez89@example.com,Brazil,E-Commerce,2019-07-18,4805.21,Y
CUST0002498,Wei,Robinson,wei.robinson462@example.com,Saudi Arabia,VIP,2025-08-18,10533.82,Y
CUST0002499,Robert,Perez,robert.perez519@example.com,South Africa,Wholesale,2024-09-18,20248.45,Y
CUST0002500,David,Rodriguez,david.rodriguez836@example.com,Saudi Arabia,Wholesale,2025-10-10,3117.73,Y
CUST0002501,Carlos,Davis,carlos.davis514@example.com,Japan,Retail,2023-10-30,9287.34,Y
CUST0002502,James,Taylor,james.taylor957@example.com,Japan,Wholesale,2026-04-18,7730.81,Y
CUST0002503,Fatima,Young,fatima.young120@example.com,UAE,E-Commerce,2024-02-25,4761.05,N
CUST0002504,Layla,Sanchez,layla.sanchez225@example.com,Brazil,E-Commerce,2026-05-30,16123.19,Y
CUST0002505,Michael,Anderson,michael.anderson656@example.com,Australia,Corporate,2019-09-30,1618.68,Y
CUST0002506,Richard,Smith,richard.smith915@example.com,Saudi Arabia,VIP,2019-03-18,1078.54,Y
CUST0002507,John,Martin,john.martin248@example.com,Saudi Arabia,Corporate,2021-05-25,10119.44,Y
CUST0002508,Liam,Miller,liam.miller975@example.com,Singapore,Wholesale,2018-04-07,3391.51,Y
CUST0002509,Charles,Davis,charles.davis213@example.com,UK,Retail,2018-10-02,9885.57,Y
CUST0002510,Linda,Ramirez,linda.ramirez968@example.com,UAE,Corporate,2018-02-13,11678.85,Y
CUST0002511,Karen,Perez,karen.perez398@example.com,UAE,Wholesale,2021-05-29,822.47,Y
CUST0002512,Yuki,Williams,yuki.williams696@example.com,China,Retail,2023-08-10,11247.81,Y
CUST0002513,Mary,Taylor,mary.taylor718@example.com,China,Corporate,2026-06-11,3473.93,Y
CUST0002514,Michael,Ramirez,michael.ramirez706@example.com,Brazil,VIP,2021-12-08,4071.16,N
CUST0002515,Sakura,Johnson,sakura.johnson390@example.com,USA,Corporate,2026-07-07,5425.42,N
CUST0002516,Yuki,Taylor,yuki.taylor557@example.com,Canada,Retail,2020-10-02,13544.37,Y
CUST0002517,Michael,Robinson,michael.robinson389@example.com,Mexico,E-Commerce,2020-09-15,596.51,Y
CUST0002518,Yuki,Williams,yuki.williams331@example.com,France,VIP,2025-11-23,3739.37,Y
CUST0002519,Susan,Clark,susan.clark98@example.com,USA,Wholesale,2024-08-27,6319.31,Y
CUST0002520,Mary,Allen,mary.allen456@example.com,Canada,VIP,2020-01-13,6913.4,Y
CUST0002521,Raj,Wright,raj.wright670@example.com,Mexico,Retail,2020-11-03,6396.93,Y
CUST0002522,Layla,Young,layla.young179@example.com,South Africa,Corporate,2021-04-16,1221.86,Y
CUST0002523,Robert,Jackson,robert.jackson616@example.com,UAE,Corporate,2019-03-26,2279.06,Y
CUST0002524,John,Gonzalez,john.gonzalez494@example.com,China,Wholesale,2018-01-24,2721.41,Y
CUST0002525,Barbara,Harris,barbara.harris45@example.com,France,Wholesale,2020-07-04,8659.37,Y
CUST0002526,Sakura,Anderson,sakura.anderson731@example.com,China,Retail,2019-02-20,2133.92,Y
CUST0002527,William,Johnson,william.johnson449@example.com,China,E-Commerce,2025-11-02,1683.08,Y
CUST0002528,Layla,White,layla.white651@example.com,Japan,Retail,2022-09-11,16285.14,Y
CUST0002529,Sarah,Ramirez,sarah.ramirez571@example.com,Mexico,Corporate,2018-10-02,544.51,Y
CUST0002530,Thomas,Thompson,thomas.thompson487@example.com,India,VIP,2020-09-23,31144.11,N
CUST0002531,William,Davis,william.davis25@example.com,UK,Retail,2024-05-25,6147.75,Y
CUST0002532,Richard,Lewis,richard.lewis676@example.com,Japan,E-Commerce,2024-04-01,9314.97,Y
CUST0002533,John,Lopez,john.lopez597@example.com,India,Retail,2024-04-11,2245.09,Y
CUST0002534,Richard,Martinez,richard.martinez308@example.com,UK,Corporate,2018-02-15,572.09,Y
CUST0002535,Omar,Smith,omar.smith116@example.com,Japan,E-Commerce,2024-07-26,7194.56,Y
CUST0002536,Karen,Rodriguez,karen.rodriguez328@example.com,South Africa,Wholesale,2023-05-22,9483.19,Y
CUST0002537,Richard,Walker,richard.walker490@example.com,China,Wholesale,2019-02-10,7244.53,Y
CUST0002538,Olivia,Wright,olivia.wright880@example.com,Saudi Arabia,Retail,2019-08-22,1270.71,Y
CUST0002539,Omar,Martinez,omar.martinez882@example.com,Saudi Arabia,Retail,2023-05-11,7500.5,Y
CUST0002540,John,Hernandez,john.hernandez253@example.com,Australia,Corporate,2025-01-06,7825.02,Y
CUST0002541,Joseph,Taylor,joseph.taylor417@example.com,USA,Corporate,2018-06-25,5872.63,Y
CUST0002542,Priya,Johnson,priya.johnson198@example.com,Australia,E-Commerce,2022-05-20,7764.65,Y
CUST0002543,Joseph,Rodriguez,joseph.rodriguez491@example.com,Brazil,VIP,2022-07-24,9851.46,Y
CUST0002544,David,Thomas,david.thomas614@example.com,Japan,E-Commerce,2023-07-30,5254.46,Y
CUST0002545,Sofia,Johnson,sofia.johnson428@example.com,Canada,VIP,2018-12-14,963.89,Y
CUST0002546,Elizabeth,Williams,elizabeth.williams379@example.com,France,Corporate,2021-02-24,3843.52,Y
CUST0002547,Fatima,Martin,fatima.martin857@example.com,Japan,VIP,2021-09-01,904.15,N
CUST0002548,Yuki,Allen,yuki.allen500@example.com,India,VIP,2025-10-18,3117.39,Y
CUST0002549,William,Walker,william.walker346@example.com,Canada,Corporate,2021-11-03,3113.7,Y
CUST0002550,John,Taylor,john.taylor645@example.com,France,E-Commerce,2021-03-29,841.45,Y
CUST0002551,Joseph,Lee,joseph.lee950@example.com,South Africa,E-Commerce,2020-09-07,2644.85,Y
CUST0002552,Wei,Martin,wei.martin197@example.com,Singapore,E-Commerce,2023-10-22,1088.28,Y
CUST0002553,Sarah,Taylor,sarah.taylor613@example.com,India,Wholesale,2024-11-16,8757.43,Y
CUST0002554,William,Jackson,william.jackson195@example.com,Australia,E-Commerce,2025-12-28,15252.65,Y
CUST0002555,Ahmed,Wilson,ahmed.wilson818@example.com,China,VIP,2023-11-01,875.32,Y
CUST0002556,Charles,Thomas,charles.thomas211@example.com,Brazil,E-Commerce,2020-01-20,16018.28,Y
CUST0002557,Sakura,White,sakura.white252@example.com,India,Corporate,2026-01-16,4196.76,Y
CUST0002558,Ingrid,Wright,ingrid.wright350@example.com,UK,E-Commerce,2024-10-18,2280.27,Y
CUST0002559,Linda,Harris,linda.harris833@example.com,Japan,Corporate,2018-01-14,899.88,Y
CUST0002560,Thomas,Young,thomas.young466@example.com,South Africa,VIP,2024-07-18,3971.98,Y
CUST0002561,Omar,Clark,omar.clark204@example.com,France,Retail,2022-10-18,8411.92,Y
CUST0002562,Sakura,Miller,sakura.miller488@example.com,India,Corporate,2021-07-06,6639.39,Y
CUST0002563,Barbara,Davis,barbara.davis371@example.com,Saudi Arabia,Retail,2018-06-18,757.66,Y
CUST0002564,Sarah,Miller,sarah.miller562@example.com,Japan,E-Commerce,2019-06-06,878.48,Y
CUST0002565,Sofia,Wilson,sofia.wilson41@example.com,South Africa,VIP,2018-09-03,3078.13,Y
CUST0002566,Fatima,Moore,fatima.moore292@example.com,India,Wholesale,2020-08-02,2249.85,Y
CUST0002567,Sarah,Scott,sarah.scott363@example.com,Singapore,Wholesale,2019-09-14,1822.33,Y
CUST0002568,Ahmed,Anderson,ahmed.anderson176@example.com,Saudi Arabia,Corporate,2020-04-12,2149.5,Y
CUST0002569,Mary,Hernandez,mary.hernandez94@example.com,Brazil,VIP,2021-01-09,8635.03,Y
CUST0002570,Linda,Miller,linda.miller253@example.com,Singapore,Corporate,2020-06-24,13741.46,Y
CUST0002571,David,Lopez,david.lopez940@example.com,Germany,E-Commerce,2019-03-16,3096.83,Y
CUST0002572,Karen,Ramirez,karen.ramirez594@example.com,Singapore,VIP,2022-05-03,12328.21,Y
CUST0002573,Joseph,Miller,joseph.miller868@example.com,Canada,Corporate,2025-12-28,2439.32,Y
CUST0002574,Elizabeth,Harris,elizabeth.harris872@example.com,Brazil,Corporate,2018-04-05,3735.49,Y
CUST0002575,Sarah,Wilson,sarah.wilson903@example.com,Australia,Corporate,2022-11-24,1781.1,Y
CUST0002576,Layla,Perez,layla.perez330@example.com,USA,Corporate,2023-09-10,5614.87,Y
CUST0002577,Hans,Wilson,hans.wilson382@example.com,UK,Retail,2024-09-27,19811.67,Y
CUST0002578,Raj,Hernandez,raj.hernandez807@example.com,India,Wholesale,2020-06-11,5125.31,Y
CUST0002579,Priya,Moore,priya.moore255@example.com,Mexico,E-Commerce,2020-08-03,2714.39,Y
CUST0002580,Yuki,Johnson,yuki.johnson703@example.com,South Africa,VIP,2020-09-26,5718.03,Y
CUST0002581,John,Lewis,john.lewis731@example.com,Saudi Arabia,Retail,2022-05-12,-1155.79,Y
CUST0002582,Mei,Harris,mei.harris21@example.com,China,Corporate,2026-02-14,11475.79,Y
CUST0002583,Sofia,Garcia,sofia.garcia448@example.com,France,E-Commerce,2020-07-25,3996.67,Y
CUST0002584,Thomas,Walker,thomas.walker162@example.com,UK,Wholesale,2024-07-26,3483.28,Y
CUST0002585,Layla,Gonzalez,layla.gonzalez867@example.com,USA,Corporate,2022-02-02,4907.81,Y
CUST0002586,Joseph,Garcia,joseph.garcia725@example.com,South Africa,Wholesale,2019-01-14,5401.27,Y
CUST0002587,Olivia,Brown,olivia.brown257@example.com,Canada,VIP,2020-11-11,872.41,Y
CUST0002588,Charles,Martinez,charles.martinez880@example.com,India,E-Commerce,2020-02-01,6238.23,Y
CUST0002589,Karen,Hernandez,karen.hernandez534@example.com,Canada,Wholesale,2019-01-13,1884.91,Y
CUST0002590,Barbara,Jackson,barbara.jackson562@example.com,China,Corporate,2019-11-19,6757.99,Y
CUST0002591,Richard,Jones,richard.jones69@example.com,Saudi Arabia,Retail,2021-01-07,9144.9,Y
CUST0002592,Barbara,Wright,barbara.wright128@example.com,Saudi Arabia,Corporate,2024-03-16,8647.14,Y
CUST0002593,Barbara,Martinez,barbara.martinez547@example.com,South Africa,Wholesale,2020-10-03,4520.4,Y
CUST0002594,Ahmed,Hernandez,ahmed.hernandez785@example.com,France,VIP,2018-03-26,4171.62,Y
CUST0002595,Patricia,Sanchez,patricia.sanchez139@example.com,UK,Retail,2023-04-06,1270.86,Y
CUST0002596,William,Thomas,william.thomas883@example.com,Brazil,E-Commerce,2024-06-08,7965.97,Y
CUST0002597,Ingrid,Thomas,ingrid.thomas466@example.com,UK,Retail,2026-01-01,2083.22,Y
CUST0002598,Robert,Jones,robert.jones387@example.com,UK,Retail,2021-03-22,3932.8,Y
CUST0002599,Sakura,Sanchez,sakura.sanchez564@example.com,Japan,Corporate,2023-11-21,2172.29,Y
CUST0002600,Layla,Thompson,layla.thompson806@example.com,Brazil,VIP,2026-01-21,1218.36,Y
CUST0002601,Priya,Taylor,priya.taylor537@example.com,South Africa,Corporate,2019-11-15,5465.29,Y
CUST0002602,Sakura,Rodriguez,sakura.rodriguez825@example.com,USA,Wholesale,2018-10-28,779.32,Y
CUST0002603,Mei,Martin,mei.martin119@example.com,Brazil,Corporate,2022-04-17,7404.45,Y
CUST0002604,Mei,Johnson,mei.johnson323@example.com,China,Wholesale,2026-06-01,2410.6,Y
CUST0002605,Sofia,Martinez,sofia.martinez461@example.com,Singapore,VIP,2026-07-05,500.67,Y
CUST0002606,Karen,Sanchez,karen.sanchez251@example.com,UK,Retail,2020-07-19,4078.28,N
CUST0002607,Thomas,Young,thomas.young409@example.com,China,Corporate,2022-03-02,739.92,Y
CUST0002608,Ingrid,Rodriguez,ingrid.rodriguez426@example.com,USA,Wholesale,2019-08-20,2115.99,Y
CUST0002609,Michael,Jackson,michael.jackson384@example.com,USA,E-Commerce,2023-03-21,6637.51,N
CUST0002610,Sofia,Jones,sofia.jones613@example.com,France,E-Commerce,2023-10-01,823.7,Y
CUST0002611,Robert,Walker,robert.walker70@example.com,UAE,E-Commerce,2020-03-03,9642.28,Y
CUST0002612,Omar,Hernandez,omar.hernandez12@example.com,Canada,Wholesale,2026-05-07,519.14,Y
CUST0002613,Sarah,Brown,sarah.brown26@example.com,Japan,Wholesale,2025-01-27,1917.28,Y
CUST0002614,Mary,Lewis,mary.lewis414@example.com,UAE,VIP,2023-03-01,7252.78,Y
CUST0002615,Ahmed,Jackson,ahmed.jackson377@example.com,USA,VIP,2024-07-26,2400.96,Y
CUST0002616,Hans,Young,hans.young444@example.com,Saudi Arabia,VIP,2018-05-29,1037.33,Y
CUST0002617,Olivia,Allen,olivia.allen69@example.com,UK,Corporate,2021-09-14,2733.26,Y
CUST0002618,Hans,Moore,hans.moore148@example.com,UK,Wholesale,2019-01-17,2076.25,Y
CUST0002619,Sarah,Sanchez,sarah.sanchez226@example.com,USA,Retail,2021-05-25,9748.38,Y
CUST0002620,William,Gonzalez,william.gonzalez429@example.com,Brazil,Wholesale,2022-09-07,2379.64,Y
CUST0002621,Elizabeth,Ramirez,elizabeth.ramirez561@example.com,Brazil,E-Commerce,2020-05-12,8277.89,Y
CUST0002622,John,Hernandez,john.hernandez880@example.com,USA,E-Commerce,2026-02-26,11622.2,Y
CUST0002623,John,Anderson,john.anderson480@example.com,South Africa,Wholesale,2025-07-18,3344.19,Y
CUST0002624,Jennifer,Robinson,jennifer.robinson832@example.com,South Africa,E-Commerce,2024-12-01,12536.57,Y
CUST0002625,Mei,Walker,mei.walker979@example.com,France,VIP,2024-04-06,2868.6,Y
CUST0002626,Fatima,Lee,fatima.lee540@example.com,UK,VIP,2023-11-01,17132.08,Y
CUST0002627,Jessica,Anderson,jessica.anderson835@example.com,USA,Corporate,2023-06-03,967.65,Y
CUST0002628,Omar,Martin,omar.martin511@example.com,Mexico,Corporate,2018-07-30,6308.07,N
CUST0002629,Karen,Taylor,karen.taylor110@example.com,Singapore,Wholesale,2024-03-23,3904.26,Y
CUST0002630,Joseph,Thomas,joseph.thomas476@example.com,South Africa,Wholesale,2019-02-08,2952.25,Y
CUST0002631,Omar,White,omar.white423@example.com,Mexico,Corporate,2022-09-14,5508.04,Y
CUST0002632,Karen,Garcia,karen.garcia249@example.com,UK,VIP,2023-05-25,6584.57,N
CUST0002633,John,Lee,john.lee949@example.com,South Africa,Retail,2022-11-20,521.86,Y
CUST0002634,Sofia,Martinez,sofia.martinez425@example.com,China,Retail,2021-09-29,1413.33,N
CUST0002635,Linda,Martin,linda.martin242@example.com,China,Corporate,2022-06-12,6742.17,Y
CUST0002636,Priya,Ramirez,priya.ramirez870@example.com,Germany,E-Commerce,2020-09-23,5988.84,Y
CUST0002637,David,Perez,david.perez164@example.com,Brazil,E-Commerce,2024-08-27,17413.96,Y
CUST0002638,Jennifer,Miller,jennifer.miller85@example.com,Canada,Retail,2019-09-07,7657.25,Y
CUST0002639,Sakura,Garcia,sakura.garcia957@example.com,Saudi Arabia,Wholesale,2018-07-30,15556.54,Y
CUST0002640,Barbara,Williams,barbara.williams137@example.com,France,E-Commerce,2025-08-12,6562.39,Y
CUST0002641,Wei,Garcia,wei.garcia42@example.com,UK,E-Commerce,2021-09-14,2269.48,Y
CUST0002642,Jennifer,Williams,jennifer.williams630@example.com,USA,Wholesale,2019-11-28,1056.7,Y
CUST0002643,Sakura,Miller,sakura.miller274@example.com,Brazil,E-Commerce,2024-11-25,8112.26,Y
CUST0002644,John,Jackson,john.jackson142@example.com,Canada,Corporate,2024-10-18,5666.22,Y
CUST0002645,David,Allen,david.allen99@example.com,China,VIP,2020-07-05,746.93,Y
CUST0002646,Robert,Sanchez,,UAE,Wholesale,2025-10-17,2731.83,Y
CUST0002647,Hans,Thompson,hans.thompson975@example.com,Japan,E-Commerce,2021-04-17,16209.55,Y
CUST0002648,Priya,Clark,priya.clark827@example.com,South Africa,Wholesale,2021-06-20,3969.75,Y
CUST0002649,Susan,Thomas,susan.thomas473@example.com,UK,Wholesale,2018-05-31,3334.59,Y
CUST0002650,Linda,Martinez,linda.martinez111@example.com,China,Wholesale,2019-09-04,3559.68,Y
CUST0002651,Charles,Perez,charles.perez705@example.com,UAE,VIP,2020-09-06,1671.55,Y
CUST0002652,Sofia,Clark,sofia.clark126@example.com,South Africa,VIP,2026-03-07,2799.93,Y
CUST0002653,Susan,Walker,susan.walker672@example.com,USA,E-Commerce,2019-10-04,2808.7,Y
CUST0002654,Wei,Jones,wei.jones51@example.com,USA,E-Commerce,2022-05-15,768.88,Y
CUST0002655,Sakura,Robinson,sakura.robinson675@example.com,India,E-Commerce,2023-01-16,7795.78,Y
CUST0002656,Ahmed,Ramirez,ahmed.ramirez675@example.com,UAE,VIP,2025-11-06,3193.59,Y
CUST0002657,David,Taylor,david.taylor426@example.com,Canada,Corporate,2021-10-02,9134.91,Y
CUST0002658,William,Thomas,william.thomas526@example.com,Brazil,Corporate,2021-02-12,9997.21,N
CUST0002659,Barbara,Clark,barbara.clark40@example.com,Saudi Arabia,Retail,2025-01-30,1691.25,Y
CUST0002660,Fatima,White,fatima.white346@example.com,USA,Retail,2023-06-01,5855.28,Y
CUST0002661,Omar,Gonzalez,omar.gonzalez217@example.com,UK,E-Commerce,2025-08-18,3695.96,Y
CUST0002662,Omar,Moore,omar.moore544@example.com,India,VIP,2024-08-15,11107.85,Y
CUST0002663,Richard,Ramirez,richard.ramirez789@example.com,Mexico,Retail,2023-02-07,1715.08,N
CUST0002664,Olivia,Jackson,olivia.jackson552@example.com,Saudi Arabia,Corporate,2018-07-02,6163.12,Y
CUST0002665,Mary,Clark,mary.clark604@example.com,Australia,Retail,2023-04-28,5179.31,Y
CUST0002666,Carlos,Robinson,carlos.robinson937@example.com,South Africa,VIP,2024-05-31,2249.93,Y
CUST0002667,Ahmed,Anderson,ahmed.anderson461@example.com,France,E-Commerce,2025-04-24,1234.39,Y
CUST0002668,Joseph,Taylor,joseph.taylor405@example.com,France,Retail,2023-12-14,5772.59,Y
CUST0002669,Joseph,Lewis,joseph.lewis245@example.com,India,Retail,2022-10-28,7208.47,Y
CUST0002670,John,Moore,john.moore549@example.com,Singapore,VIP,2022-09-04,2396.26,Y
CUST0002671,Karen,Brown,karen.brown509@example.com,Brazil,Wholesale,2023-12-28,5675.83,Y
CUST0002672,Charles,Davis,charles.davis876@example.com,Germany,Corporate,2024-04-15,3013.72,Y
CUST0002673,Barbara,Wright,barbara.wright672@example.com,Germany,Retail,2025-09-07,6744.97,Y
CUST0002674,Fatima,Thomas,fatima.thomas970@example.com,China,Retail,2019-02-12,1610.82,Y
CUST0002675,Thomas,Hernandez,thomas.hernandez674@example.com,France,E-Commerce,2022-08-30,11546.16,Y
CUST0002676,Sofia,Wilson,sofia.wilson747@example.com,UK,E-Commerce,2019-02-04,2194.24,Y
CUST0002677,Charles,Martin,charles.martin556@example.com,Mexico,VIP,2025-03-02,2792.64,Y
CUST0002678,Elizabeth,Davis,elizabeth.davis874@example.com,South Africa,Retail,2020-09-08,799.24,Y
CUST0002679,Sarah,Lopez,sarah.lopez117@example.com,Saudi Arabia,Corporate,2021-10-14,1091.17,Y
CUST0002680,Liam,Robinson,liam.robinson524@example.com,Canada,Corporate,2025-06-29,4126.93,Y
CUST0002681,Jennifer,Thompson,jennifer.thompson808@example.com,Canada,E-Commerce,2019-12-24,2057.09,Y
CUST0002682,Richard,Wright,richard.wright968@example.com,France,Retail,2024-12-15,9523.62,Y
CUST0002683,Jennifer,Jones,jennifer.jones167@example.com,UK,E-Commerce,2019-10-19,574.01,Y
CUST0002684,Liam,Gonzalez,liam.gonzalez491@example.com,South Africa,E-Commerce,2018-05-03,2882.88,Y
CUST0002685,Raj,Ramirez,raj.ramirez107@example.com,Saudi Arabia,VIP,2022-07-07,2557.51,Y
CUST0002686,Richard,Walker,richard.walker793@example.com,Brazil,Retail,2026-05-09,597.58,Y
CUST0002687,Sakura,Scott,sakura.scott790@example.com,China,Corporate,2021-08-12,1164.05,Y
CUST0002688,Richard,Williams,richard.williams38@example.com,China,Wholesale,2018-01-16,3169.13,Y
CUST0002689,Mary,White,mary.white665@example.com,UAE,Corporate,2026-05-29,3894.89,Y
CUST0002690,Ahmed,Robinson,ahmed.robinson88@example.com,UK,Retail,2024-09-01,3090.0,Y
CUST0002691,Linda,Rodriguez,linda.rodriguez485@example.com,China,VIP,2024-03-09,4285.1,Y
CUST0002692,Fatima,Davis,fatima.davis640@example.com,Saudi Arabia,Retail,2025-02-26,5020.97,Y
CUST0002693,Karen,Wright,karen.wright842@example.com,India,E-Commerce,2018-06-09,549.87,Y
CUST0002694,Patricia,Martin,patricia.martin681@example.com,UK,E-Commerce,2022-04-04,3618.99,N
CUST0002695,Sarah,Perez,sarah.perez871@example.com,India,Retail,2023-12-15,17052.11,Y
CUST0002696,Sakura,Martin,sakura.martin757@example.com,France,Corporate,2018-04-04,4159.78,Y
CUST0002697,Charles,Lee,charles.lee190@example.com,Mexico,Retail,2019-07-17,6158.92,N
CUST0002698,Michael,White,michael.white117@example.com,Canada,E-Commerce,2026-08-12,2368.84,Y
CUST0002699,Linda,Lopez,linda.lopez591@example.com,Germany,VIP,2018-11-19,7935.91,Y
CUST0002700,Sarah,Martin,sarah.martin862@example.com,Saudi Arabia,VIP,2026-06-19,7912.3,Y
CUST0002701,Jennifer,Scott,jennifer.scott958@example.com,Brazil,VIP,2021-05-02,4183.36,N
CUST0002702,Karen,Miller,karen.miller917@example.com,India,Retail,2021-07-01,19151.39,N
CUST0002703,Carlos,Garcia,carlos.garcia674@example.com,UAE,E-Commerce,2026-04-24,1170.8,Y
CUST0002704,John,Miller,john.miller972@example.com,Brazil,Retail,2019-03-14,585.46,Y
CUST0002705,Robert,Walker,robert.walker829@example.com,UAE,Corporate,2024-01-29,7851.82,Y
CUST0002706,David,Scott,david.scott917@example.com,Saudi Arabia,Wholesale,2018-12-02,8729.36,Y
CUST0002707,Barbara,,barbara.miller646@example.com,Saudi Arabia,Retail,2023-04-11,1140.34,Y
CUST0002708,William,Hernandez,william.hernandez756@example.com,Singapore,VIP,2020-09-04,2043.39,N
CUST0002709,James,King,james.king897@example.com,France,VIP,2026-03-09,588.54,Y
CUST0002710,Richard,Young,richard.young561@example.com,Germany,Retail,2022-10-27,2235.81,Y
CUST0002711,Raj,Gonzalez,raj.gonzalez845@example.com,Japan,E-Commerce,2021-11-11,7917.15,Y
CUST0002712,Carlos,Jackson,carlos.jackson276@example.com,Germany,VIP,2019-05-26,4148.65,Y
CUST0002713,Thomas,Young,thomas.young2@example.com,Canada,Corporate,2024-08-16,2639.29,Y
CUST0002714,Thomas,Rodriguez,thomas.rodriguez591@example.com,UK,VIP,2019-05-07,2824.0,N
CUST0002715,Jessica,Rodriguez,jessica.rodriguez729@example.com,USA,Wholesale,2020-10-20,506.77,Y
CUST0002716,John,Sanchez,john.sanchez137@example.com,Germany,E-Commerce,2019-04-07,2281.95,Y
CUST0002717,Susan,Davis,susan.davis850@example.com,Mexico,Retail,2022-08-21,5698.78,Y
CUST0002718,Susan,Lewis,susan.lewis148@example.com,UK,Retail,2022-02-19,18785.83,Y
CUST0002719,Carlos,Harris,carlos.harris676@example.com,Japan,E-Commerce,2022-12-22,9888.57,Y
CUST0002720,Elizabeth,Wilson,elizabeth.wilson399@example.com,UAE,Wholesale,2025-06-20,619.39,Y
CUST0002721,Jessica,Young,jessica.young501@example.com,France,Corporate,2018-07-20,11941.47,Y
CUST0002722,Sofia,Robinson,sofia.robinson163@example.com,USA,Retail,2026-05-24,8143.86,Y
CUST0002723,Charles,Wilson,charles.wilson424@example.com,Canada,E-Commerce,2019-07-31,8079.19,Y
CUST0002724,Barbara,Ramirez,barbara.ramirez788@example.com,USA,Corporate,2026-07-21,3562.41,Y
CUST0002725,Ingrid,Thompson,ingrid.thompson311@example.com,Australia,Wholesale,2023-01-15,3037.53,Y
CUST0002726,Sarah,Walker,sarah.walker987@example.com,India,E-Commerce,2019-10-20,2304.24,Y
CUST0002727,Hans,Rodriguez,hans.rodriguez18@example.com,Saudi Arabia,Wholesale,2025-03-27,839.76,Y
CUST0002728,Joseph,Scott,joseph.scott522@example.com,Australia,Wholesale,2019-03-26,1795.38,Y
CUST0002729,Mei,King,mei.king261@example.com,Mexico,Retail,2021-01-18,1915.82,Y
CUST0002730,Layla,Martin,layla.martin765@example.com,India,Retail,2018-09-15,3808.99,Y
CUST0002731,Michael,Thomas,michael.thomas921@example.com,France,E-Commerce,2020-09-27,7380.62,Y
CUST0002732,Olivia,King,olivia.king944@example.com,UK,Corporate,2023-12-05,3710.46,Y
CUST0002733,Mary,Lee,mary.lee787@example.com,Mexico,VIP,2022-09-16,797.92,Y
CUST0002734,James,Walker,james.walker199@example.com,UK,Retail,2026-03-20,16325.47,Y
CUST0002735,Sofia,Taylor,sofia.taylor713@example.com,Saudi Arabia,E-Commerce,2024-07-29,14799.4,Y
CUST0002736,Priya,Thompson,priya.thompson99@example.com,India,Corporate,2025-01-02,8190.0,Y
CUST0002737,Jessica,Lee,jessica.lee47@example.com,Singapore,E-Commerce,2022-01-01,24238.22,Y
CUST0002738,Jessica,Wright,jessica.wright342@example.com,China,Wholesale,2022-10-31,4431.6,N
CUST0002739,Mary,Jones,mary.jones106@example.com,Brazil,Wholesale,2020-08-05,16952.98,Y
CUST0002740,Robert,Wilson,robert.wilson479@example.com,India,VIP,2026-04-14,893.08,Y
CUST0002741,Olivia,Lewis,olivia.lewis736@example.com,UK,Wholesale,2026-04-11,2776.01,Y
CUST0002742,Mei,Miller,mei.miller38@example.com,France,Retail,2024-08-03,-1776.92,Y
CUST0002743,Sarah,Lewis,sarah.lewis915@example.com,Germany,Retail,2021-10-27,1589.74,N
CUST0002744,Linda,Garcia,linda.garcia825@example.com,France,VIP,2024-01-09,1258.78,Y
CUST0002745,Jessica,Williams,jessica.williams488@example.com,Mexico,E-Commerce,2024-01-26,5369.78,Y
CUST0002746,James,Young,james.young837@example.com,Germany,Corporate,2021-09-16,8100.77,Y
CUST0002747,Omar,Anderson,omar.anderson948@example.com,Brazil,E-Commerce,2018-01-01,4817.29,Y
CUST0002748,Wei,Thompson,wei.thompson772@example.com,China,VIP,2025-10-21,1294.76,Y
CUST0002749,Michael,Johnson,michael.johnson684@example.com,France,Wholesale,2019-12-06,8833.32,Y
CUST0002750,Joseph,Williams,joseph.williams751@example.com,UK,Wholesale,2020-05-06,5552.38,Y
CUST0002751,Charles,Robinson,charles.robinson63@example.com,Australia,Corporate,2020-07-13,2956.47,Y
CUST0002752,Robert,Davis,robert.davis744@example.com,South Africa,Wholesale,2022-02-10,6106.29,Y
CUST0002753,Karen,Ramirez,karen.ramirez158@example.com,Mexico,Retail,2019-10-14,2004.88,Y
CUST0002754,James,Hernandez,james.hernandez384@example.com,USA,VIP,2019-12-19,2617.07,Y
CUST0002755,Carlos,Miller,carlos.miller87@example.com,Saudi Arabia,Wholesale,2020-05-17,12973.93,Y
CUST0002756,Carlos,Miller,carlos.miller446@example.com,Germany,Wholesale,2020-12-26,2216.01,Y
CUST0002757,Olivia,King,olivia.king973@example.com,South Africa,VIP,2024-07-26,3674.28,N
CUST0002758,Hans,Hernandez,hans.hernandez849@example.com,Brazil,VIP,2025-05-29,11542.79,Y
CUST0002759,Hans,Ramirez,hans.ramirez177@example.com,Brazil,Corporate,2021-02-17,6650.24,Y
CUST0002760,Susan,Johnson,susan.johnson201@example.com,India,E-Commerce,2022-03-19,821.11,Y
CUST0002761,Ingrid,Garcia,ingrid.garcia896@example.com,Brazil,Retail,2025-10-15,1296.76,Y
CUST0002762,Patricia,Anderson,patricia.anderson755@example.com,Mexico,VIP,2019-04-09,539.36,Y
CUST0002763,Priya,Rodriguez,priya.rodriguez55@example.com,Japan,Wholesale,2024-01-17,5483.73,Y
CUST0002764,William,Thomas,william.thomas930@example.com,USA,VIP,2024-10-21,3468.08,Y
CUST0002765,John,Thomas,john.thomas552@example.com,Japan,Retail,2021-10-21,1220.94,Y
CUST0002766,Jennifer,Taylor,jennifer.taylor268@example.com,UAE,VIP,2019-07-12,16342.59,Y
CUST0002767,Robert,Ramirez,robert.ramirez503@example.com,Singapore,Wholesale,2019-07-27,4271.49,Y
CUST0002768,Joseph,Garcia,joseph.garcia531@example.com,UK,VIP,2022-12-17,1884.66,Y
CUST0002769,Liam,Garcia,liam.garcia756@example.com,Saudi Arabia,E-Commerce,2023-03-03,3971.78,Y
CUST0002770,Sarah,Perez,sarah.perez31@example.com,USA,Retail,2018-04-22,6191.24,Y
CUST0002771,Mary,Johnson,mary.johnson86@example.com,UAE,Wholesale,2026-06-30,896.51,Y
CUST0002772,Jennifer,Garcia,jennifer.garcia705@example.com,Germany,Corporate,2019-02-07,2105.88,Y
CUST0002773,Liam,White,liam.white59@example.com,Saudi Arabia,VIP,2018-04-16,8724.43,Y
CUST0002774,Wei,Lee,wei.lee389@example.com,Australia,Retail,2023-08-27,3577.83,Y
CUST0002775,Charles,Taylor,charles.taylor164@example.com,Canada,VIP,2019-08-29,4454.65,Y
CUST0002776,Liam,Walker,liam.walker295@example.com,China,VIP,2026-08-12,3335.36,Y
CUST0002777,Barbara,Jackson,barbara.jackson514@example.com,Brazil,Retail,2021-07-10,724.46,Y
CUST0002778,Robert,Allen,robert.allen446@example.com,China,Retail,2018-06-30,1406.11,Y
CUST0002779,James,Taylor,james.taylor908@example.com,Germany,Corporate,2021-11-15,3448.82,Y
CUST0002780,Jennifer,White,jennifer.white742@example.com,Japan,E-Commerce,2023-12-12,1673.46,Y
CUST0002781,Raj,Davis,raj.davis242@example.com,India,Wholesale,2021-01-08,756.36,Y
CUST0002782,Ahmed,White,ahmed.white678@example.com,USA,E-Commerce,2021-06-24,9778.28,Y
CUST0002783,Raj,Williams,raj.williams566@example.com,Mexico,Retail,2025-01-04,20367.51,Y
CUST0002784,Carlos,Wilson,carlos.wilson247@example.com,India,VIP,2024-11-20,8378.63,Y
CUST0002785,Wei,Johnson,wei.johnson791@example.com,Brazil,VIP,2020-01-27,10113.38,Y
CUST0002786,Patricia,Moore,patricia.moore822@example.com,USA,Retail,2022-05-24,1885.21,Y
CUST0002787,Layla,Davis,layla.davis912@example.com,Japan,VIP,2026-04-13,16673.37,Y
CUST0002788,Thomas,Lopez,thomas.lopez561@example.com,China,Corporate,2020-10-16,1596.54,Y
CUST0002789,Raj,Gonzalez,raj.gonzalez542@example.com,Australia,Retail,2022-06-26,15623.73,Y
CUST0002790,Elizabeth,Jones,elizabeth.jones145@example.com,Mexico,Corporate,2024-12-10,26814.07,Y
CUST0002791,David,King,david.king586@example.com,Australia,E-Commerce,2022-07-28,6719.16,Y
CUST0002792,Mary,Thomas,mary.thomas901@example.com,India,Wholesale,2022-02-17,20354.55,Y
CUST0002793,Layla,Ramirez,layla.ramirez220@example.com,Canada,E-Commerce,2020-10-28,4714.5,Y
CUST0002794,Robert,Harris,robert.harris299@example.com,Australia,Corporate,2019-10-04,2002.43,Y
CUST0002795,Mei,Jackson,mei.jackson888@example.com,Singapore,Retail,2020-02-04,3372.34,Y
CUST0002796,Joseph,White,joseph.white349@example.com,Japan,Wholesale,2021-04-18,5001.61,Y
CUST0002797,Mary,Garcia,mary.garcia482@example.com,India,E-Commerce,2022-08-12,879.45,Y
CUST0002798,Charles,Allen,charles.allen590@example.com,Singapore,VIP,2023-09-01,5368.85,N
CUST0002799,Mary,Anderson,mary.anderson749@example.com,Canada,E-Commerce,2020-09-15,20363.6,Y
CUST0002800,Omar,King,omar.king183@example.com,Singapore,E-Commerce,2021-09-20,1554.27,Y
CUST0002801,William,Robinson,william.robinson625@example.com,Singapore,Retail,2025-07-22,8365.41,Y
CUST0002802,Robert,Jackson,robert.jackson704@example.com,Australia,Retail,2021-04-08,12424.34,Y
CUST0002803,Susan,Wilson,susan.wilson994@example.com,Saudi Arabia,E-Commerce,2020-03-06,14885.45,Y
CUST0002804,Thomas,Lee,thomas.lee905@example.com,Mexico,Retail,2022-06-05,16611.36,Y
CUST0002805,Elizabeth,Miller,elizabeth.miller93@example.com,Canada,VIP,2023-02-06,4185.07,Y
CUST0002806,Linda,Wright,linda.wright50@example.com,Brazil,Wholesale,2020-09-14,19428.69,Y
CUST0002807,Richard,Young,richard.young222@example.com,UK,Corporate,2025-03-22,7579.86,Y
CUST0002808,Joseph,Williams,joseph.williams904@example.com,India,Retail,2026-02-10,1381.73,Y
CUST0002809,Jennifer,Allen,jennifer.allen509@example.com,Saudi Arabia,E-Commerce,2022-05-14,3739.91,Y
CUST0002810,Omar,Clark,omar.clark798@example.com,Japan,VIP,2018-02-04,6835.12,Y
CUST0002811,Barbara,Wilson,barbara.wilson841@example.com,USA,Retail,2024-07-28,1920.71,Y
CUST0002812,Carlos,Davis,carlos.davis563@example.com,UK,VIP,2023-11-16,5616.81,N
CUST0002813,Jessica,Harris,jessica.harris342@example.com,China,Corporate,2020-12-16,5992.07,Y
CUST0002814,Linda,Clark,linda.clark939@example.com,USA,VIP,2025-08-17,1387.86,Y
CUST0002815,Mei,Thompson,mei.thompson138@example.com,South Africa,Retail,2018-11-09,4663.03,Y
CUST0002816,John,Davis,john.davis892@example.com,Japan,VIP,2021-03-20,7883.87,Y
CUST0002817,Charles,Anderson,charles.anderson237@example.com,India,VIP,2023-05-10,3954.7,Y
CUST0002818,Mary,Rodriguez,mary.rodriguez775@example.com,India,Wholesale,2019-11-30,560.88,Y
CUST0002819,David,Wilson,david.wilson622@example.com,Brazil,VIP,2019-08-29,545.4,Y
CUST0002820,Hans,Moore,hans.moore344@example.com,UAE,Corporate,2018-11-11,2708.28,Y
CUST0002821,Robert,Jackson,robert.jackson134@example.com,Japan,VIP,2022-07-27,13531.58,N
CUST0002822,Robert,White,robert.white646@example.com,USA,E-Commerce,2020-08-31,1798.24,Y
CUST0002823,Priya,Ramirez,priya.ramirez446@example.com,Saudi Arabia,Retail,2023-10-29,5530.58,Y
CUST0002824,Linda,Rodriguez,linda.rodriguez437@example.com,Saudi Arabia,Retail,2018-06-22,1755.63,N
CUST0002825,Patricia,King,patricia.king907@example.com,Germany,E-Commerce,2022-05-19,2440.61,Y
CUST0002826,Jennifer,Johnson,jennifer.johnson396@example.com,UK,Corporate,2018-10-25,9920.76,Y
CUST0002827,Susan,Miller,susan.miller976@example.com,UK,Wholesale,2020-11-06,7025.63,Y
CUST0002828,Wei,Brown,wei.brown838@example.com,India,VIP,2024-03-03,1001.31,Y
CUST0002829,Michael,Young,michael.young642@example.com,Singapore,Corporate,2022-10-05,3299.22,Y
CUST0002830,Elizabeth,Wilson,elizabeth.wilson538@example.com,Singapore,E-Commerce,2021-04-04,648.02,Y
CUST0002831,Robert,Davis,robert.davis248@example.com,France,VIP,2018-01-21,3778.2,Y
CUST0002832,Hans,Gonzalez,hans.gonzalez351@example.com,France,Wholesale,2023-05-08,5929.97,Y
CUST0002833,Olivia,King,olivia.king140@example.com,India,Retail,2020-05-18,1130.67,Y
CUST0002834,Mei,Davis,mei.davis55@example.com,Canada,E-Commerce,2023-01-24,2204.61,Y
CUST0002835,Mary,Brown,mary.brown520@example.com,UAE,VIP,2024-07-07,3036.13,Y
CUST0002836,Charles,Jackson,charles.jackson588@example.com,UK,Retail,2026-01-06,13099.42,N
CUST0002837,Thomas,Hernandez,thomas.hernandez413@example.com,Saudi Arabia,VIP,2025-12-02,25494.78,Y
CUST0002838,Carlos,Harris,carlos.harris891@example.com,Saudi Arabia,E-Commerce,2024-03-13,729.76,Y
CUST0002839,Ingrid,Garcia,ingrid.garcia911@example.com,Japan,E-Commerce,2019-08-18,7656.62,Y
CUST0002840,Mei,Harris,mei.harris653@example.com,Brazil,Wholesale,2019-08-25,2823.88,Y
CUST0002841,Michael,Jackson,michael.jackson22@example.com,Saudi Arabia,VIP,2021-06-22,2991.67,Y
CUST0002842,Richard,Lopez,richard.lopez912@example.com,Germany,Retail,2020-01-28,7517.51,Y
CUST0002843,Joseph,Jackson,joseph.jackson800@example.com,UK,Corporate,2022-07-14,13031.25,Y
CUST0002844,Patricia,Clark,patricia.clark638@example.com,Mexico,Retail,2024-04-04,15572.39,Y
CUST0002845,Priya,Davis,priya.davis469@example.com,Saudi Arabia,Corporate,2018-05-06,4803.36,Y
CUST0002846,Barbara,Wilson,barbara.wilson317@example.com,Japan,Wholesale,2023-10-31,-2709.0,Y
CUST0002847,Ahmed,White,ahmed.white666@example.com,Germany,VIP,2019-07-22,8245.22,Y
CUST0002848,Olivia,Johnson,olivia.johnson857@example.com,Singapore,E-Commerce,2018-01-13,1945.09,Y
CUST0002849,Carlos,Davis,carlos.davis146@example.com,South Africa,VIP,2024-11-03,4651.41,Y
CUST0002850,Mary,Scott,mary.scott824@example.com,Singapore,Wholesale,2022-07-22,2720.34,Y
CUST0002851,Wei,Wright,wei.wright693@example.com,UK,Corporate,2025-05-31,5844.75,Y
CUST0002852,Olivia,Harris,olivia.harris587@example.com,India,E-Commerce,2022-07-25,1874.81,Y
CUST0002853,Susan,Smith,susan.smith576@example.com,China,Corporate,2019-02-07,1563.45,Y
CUST0002854,Elizabeth,Gonzalez,elizabeth.gonzalez827@example.com,Japan,E-Commerce,2024-05-29,13019.78,Y
CUST0002855,Linda,Taylor,linda.taylor864@example.com,Germany,E-Commerce,2022-06-21,1036.83,Y
CUST0002856,Jessica,Martin,jessica.martin871@example.com,Japan,E-Commerce,2025-01-08,4025.67,Y
CUST0002857,Mary,Hernandez,mary.hernandez490@example.com,Saudi Arabia,Wholesale,2018-01-05,1747.78,Y
CUST0002858,Omar,Ramirez,omar.ramirez615@example.com,India,Corporate,2018-09-14,698.54,N
CUST0002859,Linda,Harris,linda.harris516@example.com,Germany,Retail,2018-11-29,683.42,Y
CUST0002860,Fatima,Johnson,fatima.johnson50@example.com,Canada,Corporate,2023-12-02,1463.2,Y
CUST0002861,Sarah,Garcia,sarah.garcia301@example.com,Australia,VIP,2018-10-27,10578.4,Y
CUST0002862,Ahmed,Brown,ahmed.brown465@example.com,India,Wholesale,2025-01-22,2159.76,Y
CUST0002863,Hans,Clark,hans.clark643@example.com,UK,Retail,2026-03-09,15524.79,Y
CUST0002864,Sarah,Moore,sarah.moore18@example.com,South Africa,Corporate,2022-12-10,4856.85,Y
CUST0002865,Charles,Sanchez,charles.sanchez167@example.com,USA,Corporate,2019-07-27,3368.95,Y
CUST0002866,Carlos,Rodriguez,carlos.rodriguez611@example.com,UK,E-Commerce,2018-03-21,4838.56,Y
CUST0002867,Jennifer,Young,jennifer.young743@example.com,Australia,Corporate,2022-04-24,4135.57,N
CUST0002868,David,Jones,david.jones788@example.com,Saudi Arabia,E-Commerce,2018-04-04,7610.15,Y
CUST0002869,Layla,Wright,layla.wright270@example.com,Canada,Wholesale,2020-03-23,2159.88,Y
CUST0002870,Joseph,Garcia,joseph.garcia960@example.com,UK,E-Commerce,2022-01-05,2677.43,Y
CUST0002871,David,Gonzalez,david.gonzalez354@example.com,South Africa,Corporate,2019-03-22,11726.03,Y
CUST0002872,Jennifer,Robinson,jennifer.robinson11@example.com,Germany,Wholesale,2025-08-09,15136.31,Y
CUST0002873,David,Smith,david.smith389@example.com,Canada,Wholesale,2026-06-01,11654.03,Y
CUST0002874,Omar,Lee,omar.lee136@example.com,China,Corporate,2024-02-15,3218.88,Y
CUST0002875,Wei,Harris,wei.harris125@example.com,Germany,Wholesale,2023-01-07,8078.95,Y
CUST0002876,Liam,Jackson,liam.jackson315@example.com,France,VIP,2018-07-21,3734.52,Y
CUST0002877,David,Lee,david.lee49@example.com,UK,Corporate,2021-04-19,3941.19,Y
CUST0002878,Michael,Ramirez,michael.ramirez283@example.com,France,Retail,2020-08-26,1645.05,Y
CUST0002879,Thomas,Miller,thomas.miller408@example.com,China,VIP,2019-03-20,4971.79,N
CUST0002880,Ingrid,Young,ingrid.young684@example.com,Japan,Wholesale,2020-02-04,1529.81,Y
CUST0002881,David,Garcia,david.garcia900@example.com,China,VIP,2024-01-06,2514.08,Y
CUST0002882,Michael,Gonzalez,michael.gonzalez268@example.com,Japan,Corporate,2019-12-04,10156.15,Y
CUST0002883,Fatima,Young,fatima.young804@example.com,Mexico,VIP,2022-11-29,1660.14,Y
CUST0002884,Sofia,Anderson,sofia.anderson896@example.com,Singapore,VIP,2020-09-22,869.08,Y
CUST0002885,Omar,Lopez,omar.lopez557@example.com,Australia,E-Commerce,2022-07-31,857.52,Y
CUST0002886,Joseph,Lewis,joseph.lewis983@example.com,Mexico,Retail,2023-07-12,14632.86,Y
CUST0002887,Liam,Ramirez,liam.ramirez413@example.com,Australia,Retail,2023-02-01,4035.42,Y
CUST0002888,Patricia,Sanchez,patricia.sanchez882@example.com,China,Wholesale,2022-07-18,3133.18,Y
CUST0002889,Elizabeth,Smith,elizabeth.smith374@example.com,Saudi Arabia,Retail,2022-03-21,8826.83,Y
CUST0002890,Jennifer,Hernandez,jennifer.hernandez185@example.com,Germany,E-Commerce,2021-09-05,9534.14,Y
CUST0002891,Jennifer,,jennifer.sanchez696@example.com,Singapore,E-Commerce,2018-03-02,2518.77,Y
CUST0002892,Liam,Lewis,liam.lewis960@example.com,Canada,E-Commerce,2022-07-17,6414.61,Y
CUST0002893,John,King,john.king667@example.com,Saudi Arabia,Wholesale,2018-10-25,7872.85,N
CUST0002894,William,Lee,william.lee582@example.com,India,Corporate,2026-06-20,5815.99,Y
CUST0002895,Robert,Scott,robert.scott605@example.com,Japan,E-Commerce,2020-08-21,1321.99,Y
CUST0002896,Liam,Jackson,liam.jackson803@example.com,Japan,Retail,2019-10-11,10932.66,Y
CUST0002897,Robert,Perez,robert.perez818@example.com,USA,VIP,2025-10-04,4372.81,Y
CUST0002898,Liam,Ramirez,liam.ramirez999@example.com,Mexico,VIP,2026-01-14,2159.72,Y
CUST0002899,Omar,Jackson,omar.jackson664@example.com,UK,E-Commerce,2024-10-16,3268.91,Y
CUST0002900,Omar,Scott,omar.scott645@example.com,Canada,Retail,2021-03-07,691.48,Y
CUST0002901,Liam,Allen,liam.allen469@example.com,Saudi Arabia,Retail,2025-10-18,1184.07,Y
CUST0002902,Jennifer,Thompson,jennifer.thompson946@example.com,UK,Wholesale,2024-02-07,7752.5,Y
CUST0002903,Raj,Walker,raj.walker201@example.com,Japan,Wholesale,2018-04-18,500.06,N
CUST0002904,Hans,Moore,hans.moore390@example.com,Saudi Arabia,Retail,2024-11-20,3194.12,Y
CUST0002905,Ingrid,Young,ingrid.young626@example.com,Japan,Corporate,2022-04-24,4196.06,Y
CUST0002906,Sofia,Allen,sofia.allen510@example.com,Mexico,Wholesale,2019-06-15,780.92,Y
CUST0002907,Richard,Young,richard.young768@example.com,USA,VIP,2021-07-27,18574.09,Y
CUST0002908,James,Sanchez,james.sanchez659@example.com,UK,Wholesale,2022-02-19,1781.73,Y
CUST0002909,Sarah,Johnson,sarah.johnson680@example.com,South Africa,E-Commerce,2026-06-22,-2313.46,N
CUST0002910,Raj,Perez,raj.perez703@example.com,China,VIP,2018-06-06,2311.62,Y
CUST0002911,Linda,Hernandez,linda.hernandez287@example.com,South Africa,VIP,2019-12-22,1809.53,Y
CUST0002912,Fatima,White,not_an_email,France,Wholesale,2023-11-15,507.37,Y
CUST0002913,Priya,Gonzalez,priya.gonzalez144@example.com,UAE,VIP,2021-04-19,7034.55,Y
CUST0002914,Jessica,Rodriguez,jessica.rodriguez700@example.com,Japan,VIP,2021-01-07,17532.88,Y
CUST0002915,Joseph,Gonzalez,joseph.gonzalez560@example.com,South Africa,VIP,2019-02-27,1769.91,Y
CUST0002916,David,Taylor,david.taylor82@example.com,Australia,E-Commerce,2020-02-04,5939.06,Y
CUST0002917,Fatima,Walker,fatima.walker183@example.com,South Africa,E-Commerce,2022-05-13,7271.97,Y
CUST0002918,David,Sanchez,david.sanchez969@example.com,Brazil,Wholesale,2025-10-16,9933.39,Y
CUST0002919,Layla,White,layla.white105@example.com,Germany,VIP,2019-03-12,3246.35,Y
CUST0002920,Priya,White,priya.white375@example.com,USA,Corporate,2023-10-27,2304.35,Y
CUST0002921,Raj,Scott,raj.scott333@example.com,USA,VIP,2021-08-05,2467.4,Y
CUST0002922,Charles,Taylor,charles.taylor230@example.com,USA,Wholesale,2021-06-09,6734.77,Y
CUST0002923,Linda,Allen,linda.allen845@example.com,Brazil,Retail,2019-04-09,8985.32,N
CUST0002924,Yuki,Hernandez,yuki.hernandez49@example.com,Germany,VIP,2025-11-26,1502.11,Y
CUST0002925,Jessica,Moore,jessica.moore813@example.com,USA,Retail,2022-01-31,2817.65,Y
CUST0002926,Karen,Garcia,karen.garcia334@example.com,France,Corporate,2019-03-17,12110.89,Y
CUST0002927,Ahmed,Gonzalez,ahmed.gonzalez110@example.com,Germany,Wholesale,2022-02-08,8717.39,Y
CUST0002928,Susan,Clark,susan.clark488@example.com,Mexico,VIP,2019-02-03,21451.55,Y
CUST0002929,Sofia,Lewis,sofia.lewis872@example.com,UAE,Retail,2018-03-07,7517.17,N
CUST0002930,Sarah,Martinez,sarah.martinez714@example.com,Singapore,Retail,2021-03-07,2997.74,N
CUST0002931,Jennifer,Williams,jennifer.williams795@example.com,UAE,Wholesale,2023-02-14,4965.78,Y
CUST0002932,Layla,Davis,layla.davis713@example.com,Brazil,VIP,2023-04-21,5908.99,Y
CUST0002933,William,Walker,william.walker7@example.com,France,E-Commerce,2019-06-16,908.52,Y
CUST0002934,Omar,King,omar.king572@example.com,Singapore,E-Commerce,2022-07-06,4431.76,Y
CUST0002935,William,Perez,william.perez571@example.com,Saudi Arabia,Corporate,2022-09-01,6677.68,Y
CUST0002936,Ahmed,Allen,ahmed.allen426@example.com,Saudi Arabia,Corporate,2024-01-17,1415.54,Y
CUST0002937,Karen,Hernandez,karen.hernandez142@example.com,China,E-Commerce,2023-09-21,8085.02,Y
CUST0002938,Sarah,Wright,sarah.wright648@example.com,UAE,VIP,2022-09-25,4882.62,N
CUST0002939,Ahmed,Jackson,ahmed.jackson183@example.com,Japan,Wholesale,2021-06-01,15705.93,N
CUST0002940,Linda,Garcia,linda.garcia832@example.com,Mexico,Corporate,2021-09-23,716.74,Y
CUST0002941,James,Williams,james.williams44@example.com,UK,E-Commerce,2022-03-06,2041.64,Y
CUST0002942,Joseph,Jones,joseph.jones982@example.com,Germany,Wholesale,2025-03-17,5100.91,Y
CUST0002943,Linda,Lee,linda.lee890@example.com,UAE,Retail,2020-05-03,2258.86,Y
CUST0002944,Fatima,Walker,fatima.walker35@example.com,Japan,Wholesale,2025-02-07,6766.24,Y
CUST0002945,Olivia,Lopez,olivia.lopez699@example.com,Canada,E-Commerce,2021-05-27,7614.9,Y
CUST0002946,Layla,King,layla.king632@example.com,India,Corporate,2024-07-30,1040.8,Y
CUST0002947,Sakura,Martinez,sakura.martinez512@example.com,Singapore,Wholesale,2022-09-29,4106.24,Y
CUST0002948,Hans,Jackson,hans.jackson659@example.com,India,Wholesale,2026-05-18,4055.44,Y
CUST0002949,Mei,Allen,mei.allen757@example.com,Mexico,Wholesale,2022-02-19,2804.47,Y
CUST0002950,John,King,john.king224@example.com,Saudi Arabia,Wholesale,2025-12-08,14009.71,Y
CUST0002951,Michael,Rodriguez,michael.rodriguez195@example.com,Singapore,Retail,2019-06-02,9286.97,Y
CUST0002952,Elizabeth,Smith,elizabeth.smith642@example.com,France,VIP,2019-01-15,6473.57,Y
CUST0002953,James,Garcia,james.garcia533@example.com,Germany,Corporate,2020-12-10,6764.53,Y
CUST0002954,Susan,Scott,susan.scott475@example.com,UAE,Retail,2023-12-22,3596.85,Y
CUST0002955,Yuki,Sanchez,yuki.sanchez532@example.com,Mexico,Retail,2025-06-17,13191.19,Y
CUST0002956,Barbara,Thompson,barbara.thompson492@example.com,China,E-Commerce,2020-12-02,6430.59,Y
CUST0002957,Mei,Scott,mei.scott643@example.com,France,Corporate,2019-07-10,7027.83,Y
CUST0002958,Robert,Lee,robert.lee146@example.com,Brazil,Retail,2023-09-24,10391.32,Y
CUST0002959,Ingrid,Harris,ingrid.harris922@example.com,Australia,VIP,2020-09-14,2101.52,Y
CUST0002960,Priya,Brown,priya.brown563@example.com,Singapore,Wholesale,2026-01-21,8727.16,Y
CUST0002961,Linda,Walker,linda.walker180@example.com,Canada,Corporate,2025-09-16,1586.06,Y
CUST0002962,Hans,Wilson,hans.wilson949@example.com,Brazil,VIP,2020-02-02,2618.21,N
CUST0002963,Mary,Lee,mary.lee187@example.com,UK,Wholesale,2024-06-19,2544.43,N
CUST0002964,Susan,Clark,susan.clark903@example.com,UK,Retail,2026-03-21,19704.44,Y
CUST0002965,Ahmed,Jones,ahmed.jones656@example.com,France,Wholesale,2024-03-15,10208.4,Y
CUST0002966,Jessica,Hernandez,jessica.hernandez333@example.com,Australia,E-Commerce,2025-11-17,6539.4,N
CUST0002967,Liam,Wilson,liam.wilson328@example.com,Japan,E-Commerce,2020-12-28,6992.46,Y
CUST0002968,Sakura,Robinson,sakura.robinson755@example.com,Mexico,Corporate,2020-06-15,4628.51,Y
CUST0002969,Priya,Jackson,priya.jackson254@example.com,USA,VIP,2021-09-24,15195.88,Y
CUST0002970,Thomas,Young,thomas.young626@example.com,Mexico,Retail,2020-01-10,3928.46,Y
CUST0002971,Hans,Smith,hans.smith192@example.com,Brazil,Wholesale,2022-12-08,2894.36,Y
CUST0002972,Patricia,Perez,patricia.perez253@example.com,Australia,VIP,2023-04-04,1389.87,Y
CUST0002973,Sakura,Davis,sakura.davis220@example.com,China,E-Commerce,2019-07-21,8213.7,Y
CUST0002974,Olivia,King,olivia.king249@example.com,UK,Wholesale,2018-04-26,7129.65,Y
CUST0002975,Michael,Rodriguez,michael.rodriguez813@example.com,UAE,Corporate,2026-03-06,2925.42,Y
CUST0002976,Patricia,Scott,patricia.scott193@example.com,UK,Retail,2018-07-02,627.58,Y
CUST0002977,Olivia,Young,olivia.young622@example.com,Saudi Arabia,Corporate,2023-10-26,9631.67,Y
CUST0002978,Hans,Thompson,hans.thompson701@example.com,Germany,E-Commerce,2025-06-26,557.42,Y
CUST0002979,Barbara,Thomas,barbara.thomas653@example.com,Japan,Corporate,2018-09-07,6581.91,Y
CUST0002980,Robert,Gonzalez,robert.gonzalez18@example.com,France,E-Commerce,2020-08-25,18075.83,N
CUST0002981,Jennifer,Lee,jennifer.lee113@example.com,China,Retail,2021-11-21,3378.25,Y
CUST0002982,David,Wilson,david.wilson893@example.com,Mexico,VIP,2019-01-19,1839.22,Y
CUST0002983,Elizabeth,Hernandez,elizabeth.hernandez798@example.com,South Africa,VIP,2026-05-28,6601.71,Y
CUST0002984,Mary,Garcia,mary.garcia311@example.com,Germany,Corporate,2021-02-09,8994.85,Y
CUST0002985,Omar,Gonzalez,omar.gonzalez59@example.com,Brazil,Wholesale,2018-01-21,4453.03,Y
CUST0002986,Yuki,Garcia,yuki.garcia216@example.com,Australia,VIP,2023-08-10,17561.59,Y
CUST0002987,Linda,Martinez,linda.martinez408@example.com,USA,Wholesale,2026-03-17,765.26,Y
CUST0002988,Susan,Hernandez,susan.hernandez121@example.com,Singapore,Corporate,2022-08-07,4013.92,Y
CUST0002989,William,Brown,william.brown118@example.com,Brazil,Retail,2019-04-20,6837.3,Y
CUST0002990,Priya,Miller,priya.miller133@example.com,South Africa,Wholesale,2018-06-21,10425.77,Y
CUST0002991,Robert,Lewis,robert.lewis140@example.com,Mexico,E-Commerce,2025-06-03,1487.72,Y
CUST0002992,Layla,Lewis,layla.lewis955@example.com,Germany,Wholesale,2024-12-26,8547.28,Y
CUST0002993,Susan,Williams,susan.williams301@example.com,Brazil,Wholesale,2022-11-03,4522.71,Y
CUST0002994,Susan,Wright,susan.wright14@example.com,Australia,Wholesale,2023-02-09,3025.49,Y
CUST0002995,Karen,King,karen.king107@example.com,UK,E-Commerce,2019-12-23,1206.18,Y
CUST0002996,Charles,Johnson,charles.johnson809@example.com,Japan,Corporate,2025-01-05,10523.37,Y
CUST0002997,Fatima,Smith,fatima.smith591@example.com,Australia,E-Commerce,2019-07-06,1355.56,Y
CUST0002998,Charles,Harris,charles.harris132@example.com,USA,VIP,2020-03-04,2353.78,Y
CUST0002999,Mei,Thompson,mei.thompson739@example.com,India,Retail,2026-04-28,2212.77,Y
CUST0003000,James,Wilson,james.wilson733@example.com,Australia,VIP,2024-09-08,10755.79,Y
CUST0003001,Sakura,Johnson,sakura.johnson795@example.com,Canada,Wholesale,2023-02-02,6084.44,Y
CUST0003002,Sarah,Gonzalez,sarah.gonzalez435@example.com,South Africa,E-Commerce,2024-03-01,8464.91,Y
CUST0003003,Mei,Harris,mei.harris315@example.com,Saudi Arabia,Wholesale,2020-05-18,1941.53,Y
CUST0003004,Thomas,Jones,thomas.jones910@example.com,Mexico,Wholesale,2018-04-16,5402.47,Y
CUST0003005,Yuki,Brown,yuki.brown433@example.com,Canada,E-Commerce,2024-11-20,4740.19,Y
CUST0003006,Joseph,Scott,joseph.scott507@example.com,France,Retail,2019-11-13,9443.73,Y
CUST0003007,Patricia,Lewis,patricia.lewis737@example.com,Mexico,Retail,2022-11-02,12326.94,Y
CUST0003008,Mary,Clark,mary.clark234@example.com,UK,Wholesale,2021-02-26,561.16,Y
CUST0003009,Michael,Perez,michael.perez328@example.com,France,Wholesale,2025-09-04,6104.6,Y
CUST0003010,James,Anderson,james.anderson719@example.com,Mexico,E-Commerce,2018-05-13,766.14,Y
CUST0003011,Linda,Johnson,linda.johnson631@example.com,UAE,Corporate,2023-07-27,4479.87,Y
CUST0003012,Hans,White,hans.white434@example.com,South Africa,E-Commerce,2024-12-26,2195.81,Y
CUST0003013,Hans,Thompson,not_an_email,France,Corporate,2019-12-08,2332.01,N
CUST0003014,Thomas,Walker,thomas.walker862@example.com,Canada,Wholesale,2020-10-25,2676.72,Y
CUST0003015,James,Davis,james.davis46@example.com,Japan,Retail,2019-05-01,5354.96,Y
CUST0003016,Omar,Davis,omar.davis40@example.com,Germany,Retail,2026-04-06,2532.7,Y
CUST0003017,Olivia,Anderson,olivia.anderson103@example.com,China,Corporate,2021-02-05,7096.9,Y
CUST0003018,Jennifer,Young,jennifer.young166@example.com,India,VIP,2018-06-24,3092.0,Y
CUST0003019,Layla,Miller,layla.miller832@example.com,Mexico,E-Commerce,2023-01-09,854.01,Y
CUST0003020,Mary,Miller,mary.miller998@example.com,UAE,Retail,2023-03-14,8156.83,Y
CUST0003021,Omar,Williams,omar.williams419@example.com,China,Retail,2020-10-06,2182.67,Y
CUST0003022,Joseph,Perez,joseph.perez82@example.com,USA,E-Commerce,2022-01-19,3334.92,N
CUST0003023,Sarah,Young,sarah.young308@example.com,Germany,Corporate,2019-12-18,6282.96,Y
CUST0003024,Richard,Johnson,richard.johnson18@example.com,Brazil,Corporate,2020-01-15,2520.75,Y
CUST0003025,Layla,Thompson,layla.thompson458@example.com,India,Corporate,2024-09-07,791.25,Y
CUST0003026,Mary,Wilson,mary.wilson124@example.com,Japan,Retail,2021-09-29,2841.39,Y
CUST0003027,Richard,Sanchez,richard.sanchez161@example.com,Singapore,Corporate,2020-11-07,14952.23,Y
CUST0003028,Priya,Ramirez,priya.ramirez843@example.com,UK,Retail,2021-12-17,5632.4,Y
CUST0003029,Layla,Thomas,layla.thomas851@example.com,UK,Corporate,2018-03-19,6065.77,Y
CUST0003030,Sarah,Sanchez,sarah.sanchez425@example.com,India,Retail,2021-06-26,5502.2,N
CUST0003031,Mary,Jones,mary.jones815@example.com,Canada,Retail,2023-01-05,1609.42,Y
CUST0003032,Ingrid,Davis,ingrid.davis936@example.com,France,Retail,2018-03-22,3209.29,Y
CUST0003033,Thomas,Thomas,thomas.thomas557@example.com,Saudi Arabia,VIP,2018-10-06,7450.3,Y
CUST0003034,Sarah,Smith,sarah.smith323@example.com,Germany,Retail,2021-07-21,1034.44,Y
CUST0003035,Robert,Taylor,robert.taylor626@example.com,Brazil,VIP,2018-06-05,2127.63,Y
CUST0003036,Karen,Young,karen.young952@example.com,South Africa,Corporate,2024-10-18,2117.02,Y
CUST0003037,Sakura,Anderson,sakura.anderson664@example.com,Canada,Wholesale,2023-03-13,3328.34,Y
CUST0003038,Linda,Clark,linda.clark392@example.com,Brazil,VIP,2026-05-30,20153.16,Y
CUST0003039,Carlos,Harris,carlos.harris979@example.com,Canada,Wholesale,2020-06-04,849.44,Y
CUST0003040,Patricia,Young,patricia.young492@example.com,Brazil,E-Commerce,2020-10-13,4156.33,Y
CUST0003041,Barbara,Lee,barbara.lee448@example.com,UK,Wholesale,2026-04-07,1488.38,Y
CUST0003042,Omar,Jackson,omar.jackson597@example.com,Brazil,Retail,2024-11-05,18146.84,Y
CUST0003043,James,Jones,james.jones729@example.com,Singapore,E-Commerce,2019-11-08,1101.26,Y
CUST0003044,William,Johnson,william.johnson220@example.com,China,Retail,2023-10-13,3084.23,Y
CUST0003045,Liam,Hernandez,liam.hernandez109@example.com,Canada,Corporate,2018-08-13,7194.86,Y
CUST0003046,Mary,Taylor,mary.taylor98@example.com,Singapore,VIP,2018-12-09,6596.35,Y
CUST0003047,Omar,Allen,omar.allen907@example.com,Saudi Arabia,VIP,2023-01-12,3247.21,N
CUST0003048,Linda,Garcia,linda.garcia456@example.com,USA,VIP,2023-08-25,2627.25,Y
CUST0003049,Charles,Allen,charles.allen32@example.com,Singapore,Retail,2024-02-17,3034.27,N
CUST0003050,Thomas,Martin,thomas.martin548@example.com,UK,Wholesale,2026-07-02,2034.5,Y
CUST0003051,Wei,King,wei.king526@example.com,Mexico,Wholesale,2024-05-28,1649.16,N
CUST0003052,Omar,White,omar.white449@example.com,South Africa,Retail,2024-01-18,3798.95,Y
CUST0003053,Mary,Taylor,mary.taylor554@example.com,USA,Corporate,2023-04-27,2063.52,Y
CUST0003054,Jennifer,Lopez,jennifer.lopez863@example.com,Germany,Corporate,2024-04-26,2194.61,Y
CUST0003055,Priya,Garcia,priya.garcia783@example.com,Australia,Retail,2019-10-09,5846.57,Y
CUST0003056,Sakura,Moore,sakura.moore811@example.com,UK,VIP,2025-07-09,17794.77,Y
CUST0003057,Omar,Martinez,omar.martinez475@example.com,Mexico,Corporate,2024-06-27,5127.13,N
CUST0003058,Yuki,Brown,yuki.brown274@example.com,USA,VIP,2021-12-23,900.52,Y
CUST0003059,Linda,Taylor,linda.taylor927@example.com,Saudi Arabia,Retail,2024-07-07,892.96,Y
CUST0003060,Wei,Ramirez,wei.ramirez46@example.com,China,VIP,2025-03-15,15623.05,Y
CUST0003061,Sakura,Jackson,sakura.jackson691@example.com,South Africa,VIP,2024-04-05,2264.06,Y
CUST0003062,Raj,Thompson,raj.thompson110@example.com,Saudi Arabia,Corporate,2024-07-07,982.92,Y
CUST0003063,Priya,Lopez,priya.lopez300@example.com,Australia,Retail,2024-10-13,5069.53,N
CUST0003064,Charles,Harris,charles.harris393@example.com,Japan,Wholesale,2026-01-29,5386.16,Y
CUST0003065,Sofia,Johnson,sofia.johnson273@example.com,China,VIP,2021-07-03,5727.8,Y
CUST0003066,Hans,Smith,hans.smith157@example.com,Japan,E-Commerce,2019-02-23,2055.79,Y
CUST0003067,David,Thompson,david.thompson594@example.com,Saudi Arabia,Wholesale,2025-01-25,576.13,Y
CUST0003068,Liam,Wright,liam.wright129@example.com,USA,VIP,2024-06-08,17264.23,N
CUST0003069,Joseph,Moore,joseph.moore548@example.com,India,VIP,2025-10-24,1944.37,Y
CUST0003070,Robert,Ramirez,robert.ramirez141@example.com,France,Corporate,2023-05-19,6135.46,Y
CUST0003071,Layla,Lewis,layla.lewis617@example.com,Brazil,Retail,2022-10-07,6631.6,Y
CUST0003072,John,Garcia,john.garcia308@example.com,Canada,Wholesale,2019-04-08,5208.14,Y
CUST0003073,Jessica,Thompson,jessica.thompson678@example.com,Saudi Arabia,VIP,2025-03-06,2376.43,Y
CUST0003074,Susan,Clark,susan.clark111@example.com,Germany,Wholesale,2023-05-01,2081.07,Y
CUST0003075,James,Perez,james.perez192@example.com,Germany,Retail,2020-11-08,5052.39,Y
CUST0003076,Omar,Miller,omar.miller411@example.com,UAE,Retail,2019-11-10,10553.15,Y
CUST0003077,Sarah,Martin,sarah.martin508@example.com,UK,E-Commerce,2019-05-26,15162.26,Y
CUST0003078,Sofia,Lee,sofia.lee666@example.com,USA,Wholesale,2025-10-25,1059.72,Y
CUST0003079,Mary,Clark,mary.clark412@example.com,Singapore,Retail,2023-04-10,1341.08,Y
CUST0003080,Yuki,Jones,yuki.jones791@example.com,Japan,Wholesale,2025-11-07,14978.19,Y
CUST0003081,Liam,Wright,liam.wright646@example.com,USA,VIP,2024-01-26,7169.18,N
CUST0003082,James,Sanchez,james.sanchez473@example.com,Singapore,VIP,2019-08-19,11227.64,Y
CUST0003083,Jennifer,Lewis,jennifer.lewis278@example.com,India,VIP,2019-03-05,1632.2,Y
CUST0003084,Ahmed,Lopez,ahmed.lopez942@example.com,India,Corporate,2020-12-21,4928.64,Y
CUST0003085,Liam,Thomas,liam.thomas716@example.com,Brazil,Corporate,2025-10-23,6538.89,Y
CUST0003086,Hans,Martin,hans.martin953@example.com,Japan,Corporate,2024-05-12,6198.92,Y
CUST0003087,Jennifer,Lee,jennifer.lee349@example.com,Brazil,E-Commerce,2021-07-08,3122.52,Y
CUST0003088,Patricia,Davis,patricia.davis128@example.com,Brazil,Wholesale,2026-02-06,577.57,Y
CUST0003089,Barbara,Brown,barbara.brown866@example.com,Australia,Corporate,2022-01-19,4872.46,Y
CUST0003090,Raj,Williams,raj.williams360@example.com,Canada,Retail,2023-04-28,1959.13,Y
CUST0003091,Patricia,Anderson,patricia.anderson853@example.com,Brazil,VIP,2026-06-11,3491.5,Y
CUST0003092,Priya,Wilson,priya.wilson432@example.com,UAE,Wholesale,2022-08-10,16300.8,N
CUST0003093,William,Miller,william.miller528@example.com,Brazil,E-Commerce,2021-09-04,3046.1,Y
CUST0003094,Patricia,Harris,patricia.harris498@example.com,USA,Retail,2018-04-12,9656.71,Y
CUST0003095,Karen,Rodriguez,karen.rodriguez306@example.com,Japan,VIP,2020-10-21,1544.6,Y
CUST0003096,Charles,Harris,charles.harris385@example.com,Australia,E-Commerce,2026-04-22,6080.73,Y
CUST0003097,Sofia,Ramirez,sofia.ramirez510@example.com,India,Retail,2021-08-31,19362.82,Y
CUST0003098,Thomas,Hernandez,thomas.hernandez15@example.com,Singapore,E-Commerce,2021-07-13,1037.33,Y
CUST0003099,Mei,Young,mei.young775@example.com,China,E-Commerce,2024-01-11,541.77,Y
CUST0003100,Hans,Martin,hans.martin787@example.com,UAE,Wholesale,2020-02-27,3342.12,Y
CUST0003101,Mary,Ramirez,mary.ramirez134@example.com,Germany,E-Commerce,2020-11-23,986.0,Y
CUST0003102,Raj,Rodriguez,raj.rodriguez875@example.com,Australia,Wholesale,2022-09-12,7399.26,Y
CUST0003103,Charles,Brown,charles.brown112@example.com,India,E-Commerce,2024-10-08,12799.04,Y
CUST0003104,Joseph,Brown,joseph.brown10@example.com,Mexico,Corporate,2019-10-19,3345.99,Y
CUST0003105,Linda,Lopez,linda.lopez156@example.com,France,Wholesale,2026-07-19,1996.83,Y
CUST0003106,Sofia,Walker,sofia.walker711@example.com,Australia,Corporate,2021-06-26,3349.37,Y
CUST0003107,Ahmed,Jones,ahmed.jones400@example.com,USA,Retail,2018-11-20,6926.78,Y
CUST0003108,Michael,Garcia,michael.garcia382@example.com,South Africa,VIP,2020-10-25,545.48,Y
CUST0003109,Layla,Harris,layla.harris62@example.com,USA,VIP,2018-03-03,4951.34,Y
CUST0003110,Layla,Sanchez,layla.sanchez493@example.com,Mexico,Corporate,2024-04-07,5250.42,Y
CUST0003111,Jennifer,Lopez,jennifer.lopez592@example.com,Brazil,E-Commerce,2022-12-24,5576.25,N
CUST0003112,James,Moore,james.moore457@example.com,UK,Corporate,2020-12-13,1885.51,Y
CUST0003113,Sofia,Jones,sofia.jones151@example.com,Mexico,Retail,2019-11-06,6759.74,Y
CUST0003114,Layla,Taylor,layla.taylor235@example.com,Mexico,Corporate,2021-11-02,979.2,Y
CUST0003115,Wei,Harris,wei.harris888@example.com,Saudi Arabia,VIP,2018-07-16,1611.16,Y
CUST0003116,Wei,Hernandez,wei.hernandez378@example.com,France,VIP,2019-12-18,10997.0,Y
CUST0003117,Linda,Scott,linda.scott712@example.com,Saudi Arabia,Wholesale,2023-08-25,7210.87,Y
CUST0003118,Thomas,White,thomas.white817@example.com,Saudi Arabia,E-Commerce,2018-07-13,569.2,Y
CUST0003119,Sofia,Taylor,sofia.taylor313@example.com,Australia,E-Commerce,2021-03-14,1927.6,Y
CUST0003120,Fatima,Martinez,fatima.martinez891@example.com,Germany,Retail,2019-04-02,1706.58,Y
CUST0003121,Richard,Martinez,richard.martinez958@example.com,Mexico,Corporate,2021-03-15,2079.08,Y
CUST0003122,Sakura,Garcia,sakura.garcia462@example.com,China,Corporate,2026-07-27,1922.17,Y
CUST0003123,Charles,Hernandez,charles.hernandez502@example.com,UK,Retail,2020-02-24,822.83,Y
CUST0003124,Olivia,Wright,olivia.wright389@example.com,Australia,Wholesale,2018-10-26,3571.13,Y
CUST0003125,Wei,Smith,wei.smith671@example.com,Japan,Retail,2018-10-03,7097.54,Y
CUST0003126,Raj,Thomas,raj.thomas847@example.com,USA,E-Commerce,2021-09-09,5166.32,Y
CUST0003127,Richard,Williams,richard.williams396@example.com,Brazil,Wholesale,2021-08-24,6087.01,Y
CUST0003128,Omar,Martinez,omar.martinez274@example.com,Brazil,Wholesale,2021-09-17,923.16,Y
CUST0003129,Karen,Smith,karen.smith37@example.com,Singapore,Retail,2023-10-10,15630.0,Y
CUST0003130,Priya,Lewis,priya.lewis486@example.com,Japan,E-Commerce,2023-10-08,9616.0,N
CUST0003131,Sofia,Thompson,sofia.thompson177@example.com,France,E-Commerce,2020-11-07,8676.09,N
CUST0003132,Mei,Taylor,mei.taylor269@example.com,India,Retail,2023-12-18,9157.57,Y
CUST0003133,Liam,White,liam.white705@example.com,Canada,Corporate,2024-10-04,13993.76,Y
CUST0003134,Hans,Scott,hans.scott110@example.com,USA,E-Commerce,2020-09-13,4429.1,Y
CUST0003135,Linda,Martinez,linda.martinez550@example.com,China,VIP,2023-10-01,1617.48,Y
CUST0003136,Liam,Harris,liam.harris824@example.com,Brazil,VIP,2024-06-30,5295.78,Y
CUST0003137,Layla,Allen,layla.allen796@example.com,UK,VIP,2018-09-07,7291.09,Y
CUST0003138,Ahmed,Walker,ahmed.walker593@example.com,Mexico,Wholesale,2023-05-18,7195.48,Y
CUST0003139,Hans,Rodriguez,hans.rodriguez260@example.com,India,Wholesale,2018-05-30,4184.96,Y
CUST0003140,Liam,Harris,liam.harris728@example.com,France,Wholesale,2021-01-01,854.57,Y
CUST0003141,Susan,Scott,susan.scott665@example.com,Germany,VIP,2023-01-16,2819.02,Y
CUST0003142,Jessica,Thomas,jessica.thomas582@example.com,Saudi Arabia,Retail,2019-09-11,13176.79,N
CUST0003143,Olivia,Young,olivia.young31@example.com,India,Wholesale,2024-05-09,4890.75,Y
CUST0003144,Barbara,King,barbara.king888@example.com,Japan,Retail,2025-12-25,4364.55,Y
CUST0003145,Susan,Hernandez,susan.hernandez150@example.com,Canada,Retail,2019-04-25,2065.71,Y
CUST0003146,Joseph,Lopez,joseph.lopez911@example.com,USA,Retail,2018-09-16,2797.88,Y
CUST0003147,Raj,Robinson,raj.robinson445@example.com,India,Retail,2018-07-05,11785.48,N
CUST0003148,Omar,Scott,omar.scott942@example.com,Saudi Arabia,Corporate,2026-01-07,5990.01,Y
CUST0003149,James,Scott,james.scott86@example.com,Singapore,E-Commerce,2020-02-15,8241.41,Y
CUST0003150,Jennifer,Jackson,jennifer.jackson64@example.com,South Africa,Wholesale,2024-03-15,3528.85,Y
CUST0003151,Ahmed,Thomas,ahmed.thomas657@example.com,Canada,VIP,2023-09-22,5474.6,Y
CUST0003152,Yuki,Moore,yuki.moore432@example.com,Saudi Arabia,VIP,2025-03-12,1927.65,Y
CUST0003153,Ahmed,Martin,ahmed.martin419@example.com,Singapore,VIP,2021-07-19,6611.72,Y
CUST0003154,Michael,Williams,michael.williams4@example.com,Germany,Retail,2023-02-16,3289.6,Y
CUST0003155,Priya,Lopez,priya.lopez4@example.com,UAE,E-Commerce,2021-09-11,3421.87,N
CUST0003156,Raj,Lewis,raj.lewis855@example.com,Canada,E-Commerce,2018-03-22,5739.44,N
CUST0003157,Robert,Ramirez,,South Africa,Corporate,2022-09-25,14266.33,Y
CUST0003158,John,Smith,john.smith927@example.com,Australia,Corporate,2022-02-28,830.73,Y
CUST0003159,Jennifer,,jennifer.garcia721@example.com,Singapore,Wholesale,2021-03-01,9207.52,Y
CUST0003160,Hans,Wright,hans.wright332@example.com,Canada,Corporate,2024-11-20,2229.26,Y
CUST0003161,Sarah,Walker,sarah.walker43@example.com,Japan,VIP,2018-03-03,3434.21,Y
CUST0003162,Olivia,Gonzalez,olivia.gonzalez441@example.com,India,VIP,2020-04-08,610.78,Y
CUST0003163,Elizabeth,Harris,elizabeth.harris548@example.com,Mexico,VIP,2024-05-01,2290.85,Y
CUST0003164,David,Harris,david.harris622@example.com,China,Retail,2023-12-03,3992.12,Y
CUST0003165,Sofia,Scott,sofia.scott569@example.com,Japan,VIP,2019-04-30,789.08,Y
CUST0003166,Sakura,Jones,sakura.jones373@example.com,USA,E-Commerce,2024-08-19,3877.48,Y
CUST0003167,Mei,Robinson,mei.robinson865@example.com,Canada,VIP,2023-02-05,13594.06,Y
CUST0003168,Mary,Thomas,mary.thomas130@example.com,USA,Retail,2019-06-28,1056.86,Y
CUST0003169,Wei,Robinson,wei.robinson870@example.com,Australia,VIP,2024-06-22,7728.96,Y
CUST0003170,Barbara,Harris,barbara.harris16@example.com,France,Retail,2024-03-16,3135.38,Y
CUST0003171,Mei,Rodriguez,mei.rodriguez964@example.com,Canada,Corporate,2022-01-19,5823.57,Y
CUST0003172,Ahmed,Davis,ahmed.davis472@example.com,China,Corporate,2021-04-06,2007.12,Y
CUST0003173,William,Young,william.young304@example.com,India,VIP,2020-01-28,1368.75,Y
CUST0003174,Michael,Wright,michael.wright690@example.com,Saudi Arabia,VIP,2019-08-16,1374.52,Y
CUST0003175,Priya,Rodriguez,priya.rodriguez447@example.com,France,Wholesale,2019-10-29,865.5,Y
CUST0003176,Yuki,Perez,yuki.perez525@example.com,Brazil,Retail,2023-01-15,1526.8,Y
CUST0003177,Thomas,White,thomas.white273@example.com,South Africa,Wholesale,2019-03-08,5956.49,Y
CUST0003178,Wei,Jackson,wei.jackson382@example.com,China,Retail,2021-07-30,11172.26,Y
CUST0003179,Omar,Rodriguez,omar.rodriguez3@example.com,Singapore,VIP,2019-08-03,8913.42,Y
CUST0003180,Mei,Young,mei.young851@example.com,USA,VIP,2018-03-15,6278.05,N
CUST0003181,Patricia,Jones,patricia.jones648@example.com,India,Wholesale,2025-11-24,1085.1,Y
CUST0003182,Carlos,Moore,carlos.moore974@example.com,USA,Corporate,2019-12-05,2206.73,Y
CUST0003183,William,Moore,william.moore868@example.com,Singapore,Corporate,2019-12-29,2353.92,Y
CUST0003184,Olivia,Lee,olivia.lee909@example.com,Mexico,E-Commerce,2018-01-21,1938.12,Y
CUST0003185,Sakura,King,sakura.king668@example.com,South Africa,VIP,2020-01-19,4118.09,Y
CUST0003186,Thomas,Lewis,thomas.lewis247@example.com,Canada,Wholesale,2022-09-16,4334.55,Y
CUST0003187,Liam,White,liam.white7@example.com,China,Retail,2018-08-30,2707.17,Y
CUST0003188,Olivia,Brown,olivia.brown94@example.com,Canada,VIP,2022-03-03,2683.15,N
CUST0003189,Barbara,Robinson,barbara.robinson908@example.com,Saudi Arabia,Retail,2025-05-14,9317.48,Y
CUST0003190,Barbara,Ramirez,barbara.ramirez83@example.com,Mexico,Retail,2026-05-05,8286.43,Y
CUST0003191,Hans,Brown,hans.brown841@example.com,Brazil,Wholesale,2020-03-28,2339.37,Y
CUST0003192,Ingrid,Jones,ingrid.jones830@example.com,India,VIP,2021-07-09,12754.76,Y
CUST0003193,James,Walker,james.walker263@example.com,South Africa,Retail,2023-08-28,15768.4,Y
CUST0003194,Karen,Scott,karen.scott729@example.com,UAE,E-Commerce,2020-07-18,2478.14,Y
CUST0003195,Elizabeth,King,elizabeth.king480@example.com,India,VIP,2024-03-24,2688.07,Y
CUST0003196,Carlos,Thompson,carlos.thompson135@example.com,Brazil,E-Commerce,2021-02-16,4022.4,N
CUST0003197,Linda,Clark,linda.clark857@example.com,Mexico,Retail,2025-01-01,14661.34,Y
CUST0003198,Omar,Martinez,omar.martinez486@example.com,Germany,E-Commerce,2024-01-15,10950.27,Y
CUST0003199,John,Williams,john.williams265@example.com,UAE,Retail,2019-09-22,1041.09,Y
CUST0003200,Olivia,Sanchez,olivia.sanchez228@example.com,Australia,Wholesale,2018-10-09,2993.92,Y
CUST0003201,Charles,Wilson,charles.wilson995@example.com,South Africa,E-Commerce,2022-11-29,4530.14,Y
CUST0003202,Jessica,Perez,jessica.perez893@example.com,South Africa,Wholesale,2022-09-20,3997.16,Y
CUST0003203,Priya,Moore,priya.moore559@example.com,India,Retail,2026-05-11,1577.51,Y
CUST0003204,Richard,Scott,richard.scott225@example.com,Mexico,E-Commerce,2021-05-12,10288.48,N
CUST0003205,Omar,Gonzalez,omar.gonzalez561@example.com,France,Wholesale,2021-07-26,6149.6,Y
CUST0003206,Raj,Martin,raj.martin416@example.com,South Africa,Wholesale,2024-01-22,9597.97,Y
CUST0003207,Fatima,Brown,fatima.brown457@example.com,Singapore,Corporate,2021-02-07,10286.63,Y
CUST0003208,Priya,White,priya.white460@example.com,Brazil,E-Commerce,2021-12-14,7398.7,Y
CUST0003209,Priya,Hernandez,priya.hernandez211@example.com,Brazil,Wholesale,2026-03-06,3392.05,Y
CUST0003210,Robert,Wright,robert.wright960@example.com,UAE,E-Commerce,2019-03-15,5215.06,Y
CUST0003211,Karen,Johnson,karen.johnson683@example.com,Brazil,Retail,2020-08-14,1373.94,Y
CUST0003212,Jennifer,Miller,jennifer.miller474@example.com,Saudi Arabia,VIP,2022-05-08,6098.85,Y
CUST0003213,Mary,Martinez,mary.martinez337@example.com,Saudi Arabia,E-Commerce,2025-11-24,1487.7,N
CUST0003214,Raj,Brown,raj.brown704@example.com,Mexico,Wholesale,2019-11-20,6420.03,Y
CUST0003215,Priya,,priya.white942@example.com,Germany,E-Commerce,2021-01-02,1804.22,Y
CUST0003216,Jennifer,Lopez,jennifer.lopez1@example.com,South Africa,Retail,2025-06-24,1125.27,Y
CUST0003217,Hans,Lee,hans.lee804@example.com,Saudi Arabia,VIP,2022-01-03,1403.32,Y
CUST0003218,Patricia,Smith,patricia.smith162@example.com,Singapore,Corporate,2026-07-09,509.97,Y
CUST0003219,Patricia,Garcia,patricia.garcia328@example.com,Canada,E-Commerce,2020-05-28,6842.37,Y
CUST0003220,Barbara,Thompson,barbara.thompson990@example.com,Saudi Arabia,VIP,2020-11-29,7091.33,Y
CUST0003221,Fatima,Williams,fatima.williams449@example.com,France,Retail,2023-07-10,4117.34,Y
CUST0003222,Hans,Gonzalez,hans.gonzalez865@example.com,UK,Corporate,2024-09-02,1379.89,Y
CUST0003223,Wei,White,wei.white660@example.com,USA,Wholesale,2025-06-22,936.26,Y
CUST0003224,John,Brown,john.brown10@example.com,India,E-Commerce,2025-08-07,596.57,Y
CUST0003225,Karen,Smith,karen.smith209@example.com,Mexico,VIP,2019-05-01,1406.1,Y
CUST0003226,Wei,Rodriguez,wei.rodriguez961@example.com,USA,Wholesale,2022-10-21,11575.41,Y
CUST0003227,Charles,Jones,charles.jones74@example.com,Japan,E-Commerce,2025-01-11,1882.31,Y
CUST0003228,Michael,Anderson,michael.anderson670@example.com,UAE,VIP,2024-11-30,2686.88,Y
CUST0003229,Liam,Thompson,liam.thompson355@example.com,Saudi Arabia,Wholesale,2022-03-12,1056.59,Y
CUST0003230,Fatima,Martinez,fatima.martinez47@example.com,UAE,Corporate,2018-10-17,1757.47,Y
CUST0003231,Carlos,Young,,Brazil,Retail,2025-03-23,4161.78,Y
CUST0003232,Sofia,Scott,sofia.scott61@example.com,Canada,VIP,2022-05-04,5179.31,Y
CUST0003233,Yuki,Taylor,yuki.taylor46@example.com,Saudi Arabia,Wholesale,2023-05-16,1907.52,Y
CUST0003234,William,Wilson,william.wilson679@example.com,Germany,VIP,2021-03-29,797.33,Y
CUST0003235,Mei,Anderson,mei.anderson22@example.com,USA,Corporate,2023-07-04,2979.95,Y
CUST0003236,David,Perez,david.perez336@example.com,USA,Wholesale,2019-10-21,1834.19,Y
CUST0003237,James,Jones,james.jones506@example.com,Germany,Corporate,2021-07-06,1739.45,Y
CUST0003238,Priya,Lopez,priya.lopez293@example.com,Canada,Corporate,2024-01-10,16577.26,Y
CUST0003239,Patricia,Lopez,patricia.lopez678@example.com,Brazil,Wholesale,2020-06-15,5289.48,Y
CUST0003240,Karen,Perez,karen.perez877@example.com,Canada,Retail,2018-03-04,4569.56,Y
CUST0003241,Robert,Williams,robert.williams659@example.com,South Africa,Corporate,2025-08-04,3187.35,Y
CUST0003242,Jessica,Smith,jessica.smith653@example.com,Saudi Arabia,VIP,2024-03-26,3301.34,N
CUST0003243,Omar,Taylor,omar.taylor249@example.com,USA,Wholesale,2019-04-23,4392.49,Y
CUST0003244,Priya,Lewis,priya.lewis226@example.com,Saudi Arabia,Wholesale,2024-11-29,6460.71,N
CUST0003245,Charles,Perez,charles.perez981@example.com,South Africa,Corporate,2021-09-30,6555.76,Y
CUST0003246,Olivia,Wright,olivia.wright462@example.com,UAE,VIP,2020-02-02,1441.86,Y
CUST0003247,Sofia,Martin,sofia.martin172@example.com,India,Retail,2020-08-03,3966.86,N
CUST0003248,Jessica,Clark,jessica.clark688@example.com,Saudi Arabia,Wholesale,2018-02-04,3154.79,Y
CUST0003249,Elizabeth,Robinson,elizabeth.robinson379@example.com,UAE,VIP,2020-02-04,10721.41,Y
CUST0003250,Ingrid,Robinson,ingrid.robinson912@example.com,USA,VIP,2019-06-01,5490.47,Y
CUST0003251,Hans,Davis,not_an_email,Saudi Arabia,E-Commerce,2019-10-26,4301.82,Y
CUST0003252,Olivia,Smith,olivia.smith186@example.com,Germany,Corporate,2025-11-08,1113.07,N
CUST0003253,Michael,Hernandez,michael.hernandez70@example.com,UAE,VIP,2019-05-25,5152.43,Y
CUST0003254,Sakura,Smith,sakura.smith703@example.com,UAE,VIP,2019-01-22,1123.31,Y
CUST0003255,Linda,Allen,linda.allen448@example.com,Germany,VIP,2022-03-02,2556.46,Y
CUST0003256,Olivia,Garcia,olivia.garcia748@example.com,Brazil,E-Commerce,2024-05-19,1270.66,Y
CUST0003257,Yuki,Hernandez,yuki.hernandez721@example.com,Mexico,Retail,2022-04-13,6389.47,Y
CUST0003258,Robert,Brown,robert.brown769@example.com,Saudi Arabia,E-Commerce,2020-08-26,1654.95,Y
CUST0003259,Susan,Jones,susan.jones561@example.com,India,VIP,2019-09-26,2986.75,Y
CUST0003260,Yuki,Lopez,yuki.lopez823@example.com,Japan,E-Commerce,2021-09-20,11801.21,N
CUST0003261,Karen,Brown,karen.brown674@example.com,Canada,VIP,2019-07-20,1642.77,Y
CUST0003262,Yuki,Hernandez,yuki.hernandez2@example.com,USA,Wholesale,2024-03-07,4044.4,Y
CUST0003263,Charles,Wright,charles.wright131@example.com,Australia,Wholesale,2019-07-09,3217.36,Y
CUST0003264,Elizabeth,,elizabeth.brown259@example.com,Canada,E-Commerce,2021-02-15,591.45,Y
CUST0003265,Sarah,Wilson,sarah.wilson749@example.com,UK,VIP,2026-05-21,8369.34,Y
CUST0003266,Carlos,White,carlos.white592@example.com,Brazil,Wholesale,2025-11-11,857.73,Y
CUST0003267,William,Smith,william.smith131@example.com,USA,Wholesale,2018-07-27,3714.7,Y
CUST0003268,Elizabeth,Anderson,elizabeth.anderson873@example.com,UK,Wholesale,2026-01-15,4612.62,Y
CUST0003269,Wei,Rodriguez,wei.rodriguez713@example.com,South Africa,Retail,2020-09-25,5450.04,Y
CUST0003270,Richard,Williams,richard.williams921@example.com,Saudi Arabia,Wholesale,2023-08-24,6333.89,Y
CUST0003271,Fatima,Brown,fatima.brown417@example.com,France,Corporate,2020-03-18,1960.27,Y
CUST0003272,Patricia,Thompson,patricia.thompson733@example.com,Saudi Arabia,VIP,2020-08-03,550.14,N
CUST0003273,Hans,Robinson,hans.robinson471@example.com,UAE,Corporate,2024-07-22,6926.7,Y
CUST0003274,Liam,Anderson,liam.anderson136@example.com,Saudi Arabia,Retail,2025-09-01,4335.65,Y
CUST0003275,David,Garcia,david.garcia426@example.com,Australia,Retail,2023-04-08,9543.03,Y
CUST0003276,Robert,Hernandez,robert.hernandez597@example.com,Mexico,VIP,2020-06-12,9112.71,Y
CUST0003277,Mary,Taylor,mary.taylor254@example.com,Singapore,VIP,2021-02-04,9767.95,Y
CUST0003278,Raj,Sanchez,raj.sanchez167@example.com,UK,VIP,2018-11-29,3818.86,Y
CUST0003279,Richard,Davis,richard.davis430@example.com,China,Retail,2023-08-15,2529.54,Y
CUST0003280,Priya,Scott,priya.scott907@example.com,UAE,Corporate,2022-05-30,8340.48,Y
CUST0003281,Robert,Harris,robert.harris240@example.com,Mexico,Corporate,2019-09-19,3500.96,Y
CUST0003282,Omar,Sanchez,omar.sanchez371@example.com,UAE,Retail,2021-05-26,1513.29,Y
CUST0003283,Thomas,Martin,thomas.martin672@example.com,USA,Corporate,2022-11-03,10154.21,Y
CUST0003284,Richard,Martin,richard.martin620@example.com,Saudi Arabia,Wholesale,2026-01-16,11209.13,Y
CUST0003285,Carlos,Thompson,carlos.thompson9@example.com,France,VIP,2022-03-24,3639.7,Y
CUST0003286,Richard,Rodriguez,richard.rodriguez867@example.com,UK,Corporate,2019-07-06,893.59,Y
CUST0003287,Linda,Garcia,linda.garcia303@example.com,UK,E-Commerce,2020-06-05,2953.69,Y
CUST0003288,William,Perez,william.perez964@example.com,Australia,VIP,2025-10-19,8636.42,Y
CUST0003289,Elizabeth,Miller,elizabeth.miller696@example.com,Japan,VIP,2025-02-19,12102.42,Y
CUST0003290,Robert,Wright,robert.wright753@example.com,China,VIP,2025-09-15,1637.47,Y
CUST0003291,Carlos,Martinez,carlos.martinez655@example.com,Germany,E-Commerce,2025-12-23,846.61,Y
CUST0003292,Raj,Taylor,raj.taylor226@example.com,Germany,VIP,2021-10-19,10992.12,Y
CUST0003293,William,Jackson,william.jackson970@example.com,China,Wholesale,2022-02-06,2966.61,Y
CUST0003294,Mei,Wright,mei.wright242@example.com,Germany,Wholesale,2020-12-03,4401.82,N
CUST0003295,Robert,Thomas,robert.thomas80@example.com,Canada,E-Commerce,2025-07-01,17720.39,Y
CUST0003296,Priya,Johnson,priya.johnson383@example.com,Mexico,E-Commerce,2022-02-23,844.42,Y
CUST0003297,Raj,Moore,raj.moore512@example.com,UAE,Corporate,2022-07-03,5725.14,Y
CUST0003298,Sarah,Perez,sarah.perez970@example.com,Germany,E-Commerce,2020-09-09,884.97,Y
CUST0003299,Yuki,Moore,yuki.moore403@example.com,India,VIP,2023-08-22,2853.77,Y
CUST0003300,John,Ramirez,john.ramirez214@example.com,South Africa,E-Commerce,2019-06-03,8643.47,Y
CUST0003301,Fatima,Jackson,fatima.jackson379@example.com,USA,VIP,2025-10-28,3341.15,N
CUST0003302,Fatima,Martin,fatima.martin521@example.com,Canada,E-Commerce,2020-01-30,29859.27,Y
CUST0003303,Elizabeth,Lee,,UAE,VIP,2022-04-11,4594.22,Y
CUST0003304,Hans,Lopez,hans.lopez116@example.com,Singapore,Wholesale,2018-02-25,2436.86,Y
CUST0003305,Sarah,Rodriguez,sarah.rodriguez246@example.com,UAE,VIP,2019-05-02,1743.02,Y
CUST0003306,Raj,Davis,raj.davis956@example.com,Singapore,E-Commerce,2018-08-04,2657.92,N
CUST0003307,Thomas,Wright,thomas.wright598@example.com,Germany,Wholesale,2019-10-07,2830.32,N
CUST0003308,Linda,Martin,linda.martin796@example.com,UAE,E-Commerce,2020-05-24,855.94,Y
CUST0003309,Patricia,Lewis,patricia.lewis581@example.com,India,Wholesale,2025-05-18,2806.8,Y
CUST0003310,Joseph,Miller,joseph.miller985@example.com,South Africa,Retail,2018-05-03,3620.33,Y
CUST0003311,Linda,Young,linda.young963@example.com,Japan,E-Commerce,2019-11-16,6913.96,Y
CUST0003312,Linda,Garcia,linda.garcia378@example.com,Mexico,VIP,2023-01-04,5846.18,Y
CUST0003313,Olivia,Moore,olivia.moore326@example.com,UK,Wholesale,2022-01-25,6668.14,Y
CUST0003314,Sarah,Lopez,sarah.lopez444@example.com,South Africa,VIP,2023-03-02,541.99,Y
CUST0003315,Sakura,Brown,sakura.brown116@example.com,China,Wholesale,2025-03-17,1727.38,N
CUST0003316,Mary,King,mary.king421@example.com,Saudi Arabia,E-Commerce,2026-04-28,5918.88,Y
CUST0003317,Joseph,Lewis,joseph.lewis474@example.com,China,Wholesale,2024-06-22,3808.14,Y
CUST0003318,Ahmed,Clark,ahmed.clark193@example.com,Germany,Corporate,2018-01-14,526.64,Y
CUST0003319,Patricia,Williams,patricia.williams948@example.com,Saudi Arabia,E-Commerce,2019-09-17,8660.84,Y
CUST0003320,Liam,Jones,liam.jones26@example.com,South Africa,E-Commerce,2021-08-26,7909.83,Y
CUST0003321,Robert,Williams,robert.williams26@example.com,South Africa,Wholesale,2023-06-05,4475.0,Y
CUST0003322,Barbara,Rodriguez,barbara.rodriguez68@example.com,France,Wholesale,2021-08-02,843.88,Y
CUST0003323,Richard,Davis,richard.davis436@example.com,USA,VIP,2021-05-18,7773.19,Y
CUST0003324,Linda,Wilson,linda.wilson782@example.com,India,VIP,2025-01-14,4881.91,Y
CUST0003325,Sakura,Hernandez,sakura.hernandez931@example.com,USA,Wholesale,2019-05-14,8115.38,Y
CUST0003326,Wei,Thompson,wei.thompson727@example.com,UK,VIP,2022-05-20,7466.53,Y
CUST0003327,Mary,Lopez,mary.lopez590@example.com,Mexico,Corporate,2020-10-05,8622.81,Y
CUST0003328,Mei,Thompson,mei.thompson848@example.com,South Africa,Wholesale,2020-08-19,4149.14,Y
CUST0003329,Elizabeth,Lewis,elizabeth.lewis233@example.com,Mexico,VIP,2020-02-18,1256.0,Y
CUST0003330,Barbara,Smith,barbara.smith295@example.com,UAE,Corporate,2025-10-02,6060.88,Y
CUST0003331,Joseph,Thompson,joseph.thompson231@example.com,UK,Wholesale,2022-09-30,5344.16,Y
CUST0003332,Omar,Thompson,omar.thompson996@example.com,USA,Corporate,2022-06-15,7278.89,Y
CUST0003333,Patricia,Scott,patricia.scott471@example.com,USA,VIP,2020-02-07,1430.93,Y
CUST0003334,Sakura,Davis,sakura.davis783@example.com,Japan,Wholesale,2020-03-29,1584.41,Y
CUST0003335,Michael,Smith,michael.smith504@example.com,Canada,Wholesale,2022-06-12,11555.02,Y
CUST0003336,Olivia,Anderson,olivia.anderson915@example.com,Japan,VIP,2025-02-02,7431.03,N
CUST0003337,Jennifer,Young,jennifer.young683@example.com,Saudi Arabia,Corporate,2025-12-07,12442.27,Y
CUST0003338,Liam,Taylor,liam.taylor799@example.com,India,Corporate,2020-03-31,7608.89,Y
CUST0003339,Thomas,Rodriguez,thomas.rodriguez149@example.com,Germany,Wholesale,2025-09-30,5046.02,N
CUST0003340,Elizabeth,Hernandez,elizabeth.hernandez942@example.com,Mexico,VIP,2018-03-11,5808.5,Y
CUST0003341,Charles,Taylor,charles.taylor158@example.com,UAE,VIP,2025-07-08,11496.89,Y
CUST0003342,Elizabeth,Lopez,elizabeth.lopez183@example.com,Mexico,E-Commerce,2022-07-17,4823.32,Y
CUST0003343,Barbara,Perez,barbara.perez217@example.com,UAE,Retail,2022-05-15,5503.68,Y
CUST0003344,Yuki,Thomas,yuki.thomas69@example.com,Singapore,Retail,2023-12-18,1350.84,Y
CUST0003345,Priya,Young,priya.young283@example.com,Canada,Wholesale,2018-01-26,3711.52,Y
CUST0003346,Ahmed,Anderson,ahmed.anderson878@example.com,Japan,E-Commerce,2019-05-15,6800.9,Y
CUST0003347,Ahmed,Martinez,ahmed.martinez14@example.com,South Africa,Retail,2020-06-19,2080.01,Y
CUST0003348,Barbara,Sanchez,barbara.sanchez677@example.com,USA,VIP,2021-03-20,1629.83,Y
CUST0003349,Joseph,Walker,joseph.walker673@example.com,UAE,Corporate,2018-09-17,2383.13,Y
CUST0003350,Sarah,Walker,sarah.walker47@example.com,UAE,E-Commerce,2020-10-26,1882.07,Y
CUST0003351,Barbara,Jones,barbara.jones378@example.com,Canada,Corporate,2026-01-29,1709.8,Y
CUST0003352,John,Perez,john.perez338@example.com,India,E-Commerce,2018-03-11,3265.63,Y
CUST0003353,Jennifer,Harris,jennifer.harris607@example.com,Germany,VIP,2021-08-07,12421.06,Y
CUST0003354,Sakura,Thompson,sakura.thompson825@example.com,UK,Retail,2023-05-09,4036.84,Y
CUST0003355,William,Johnson,william.johnson260@example.com,UK,Corporate,2019-10-11,1540.78,Y
CUST0003356,John,Young,john.young99@example.com,UK,Retail,2019-09-06,900.48,Y
CUST0003357,Richard,Thomas,richard.thomas770@example.com,Mexico,Corporate,2024-12-15,6456.21,Y
CUST0003358,Liam,Robinson,liam.robinson416@example.com,USA,VIP,2023-11-14,2912.8,Y
CUST0003359,John,Hernandez,john.hernandez437@example.com,China,Corporate,2020-08-05,9125.11,Y
CUST0003360,Barbara,Rodriguez,barbara.rodriguez449@example.com,Australia,Corporate,2025-07-27,5886.86,Y
CUST0003361,Ingrid,Perez,ingrid.perez713@example.com,Brazil,VIP,2023-12-31,8454.1,Y
CUST0003362,Liam,Clark,liam.clark361@example.com,Germany,Wholesale,2025-01-28,2086.9,Y
CUST0003363,Karen,Gonzalez,karen.gonzalez119@example.com,Brazil,Retail,2025-01-24,6394.11,Y
CUST0003364,Fatima,Martin,fatima.martin193@example.com,USA,VIP,2025-07-15,2033.05,Y
CUST0003365,Fatima,Lopez,fatima.lopez239@example.com,Canada,Wholesale,2018-07-07,14490.02,Y
CUST0003366,John,Thompson,john.thompson863@example.com,USA,E-Commerce,2023-06-15,5558.15,Y
CUST0003367,Sarah,Jackson,sarah.jackson577@example.com,Australia,Corporate,2021-03-09,-2461.6,Y
CUST0003368,Patricia,Smith,patricia.smith144@example.com,India,VIP,2023-03-17,2070.21,Y
CUST0003369,Karen,Wright,karen.wright682@example.com,Saudi Arabia,Corporate,2023-07-27,1559.33,Y
CUST0003370,Hans,Lewis,hans.lewis946@example.com,France,Retail,2022-09-16,6431.34,Y
CUST0003371,Raj,Thompson,raj.thompson437@example.com,Mexico,Retail,2020-11-18,1734.08,Y
CUST0003372,Robert,Johnson,robert.johnson417@example.com,Germany,E-Commerce,2021-07-13,5023.09,Y
CUST0003373,Yuki,Gonzalez,yuki.gonzalez39@example.com,Brazil,Corporate,2021-01-20,2036.94,Y
CUST0003374,Barbara,Robinson,barbara.robinson452@example.com,Canada,Retail,2025-02-13,5923.09,Y
CUST0003375,Wei,Rodriguez,wei.rodriguez583@example.com,Mexico,Corporate,2020-07-01,8935.37,Y
CUST0003376,Patricia,White,patricia.white608@example.com,China,Retail,2020-01-05,8025.96,Y
CUST0003377,Linda,Hernandez,linda.hernandez542@example.com,UK,Corporate,2022-08-21,7653.35,Y
CUST0003378,Sofia,Martin,sofia.martin241@example.com,Canada,E-Commerce,2024-11-20,1539.57,Y
CUST0003379,Layla,Scott,layla.scott861@example.com,Brazil,E-Commerce,2024-11-10,962.69,Y
CUST0003380,Charles,Clark,charles.clark674@example.com,India,Wholesale,2021-05-07,6502.38,N
CUST0003381,Thomas,Jackson,thomas.jackson764@example.com,Germany,E-Commerce,2025-12-14,2797.08,Y
CUST0003382,John,Martin,john.martin627@example.com,Canada,Corporate,2024-05-21,3331.22,N
CUST0003383,Jessica,Thomas,jessica.thomas854@example.com,Mexico,E-Commerce,2021-02-03,658.22,Y
CUST0003384,Charles,Anderson,charles.anderson589@example.com,South Africa,E-Commerce,2022-08-07,2002.66,Y
CUST0003385,Layla,Scott,layla.scott176@example.com,UK,Wholesale,2018-07-15,671.28,Y
CUST0003386,Omar,Clark,omar.clark132@example.com,Brazil,Corporate,2026-02-11,11067.51,N
CUST0003387,Liam,King,liam.king597@example.com,Singapore,E-Commerce,2019-02-13,1894.58,Y
CUST0003388,Michael,Smith,michael.smith916@example.com,Saudi Arabia,VIP,2022-12-30,4574.73,Y
CUST0003389,Barbara,Davis,barbara.davis882@example.com,China,Retail,2023-05-16,698.8,Y
CUST0003390,Layla,Thompson,layla.thompson198@example.com,France,Corporate,2022-02-26,5995.77,Y
CUST0003391,William,Rodriguez,william.rodriguez39@example.com,Germany,Retail,2018-06-25,2450.62,Y
CUST0003392,Sofia,Martin,sofia.martin391@example.com,South Africa,Retail,2019-08-31,11909.95,Y
CUST0003393,Joseph,Brown,joseph.brown843@example.com,USA,Wholesale,2026-04-08,11451.56,Y
CUST0003394,Michael,Rodriguez,michael.rodriguez798@example.com,Canada,Wholesale,2026-03-25,2467.37,Y
CUST0003395,Fatima,Sanchez,fatima.sanchez886@example.com,UAE,VIP,2025-12-05,12061.2,Y
CUST0003396,Richard,Perez,richard.perez597@example.com,UAE,Corporate,2018-01-10,28308.39,Y
CUST0003397,Sofia,Garcia,sofia.garcia945@example.com,Brazil,VIP,2020-06-13,9226.74,N
CUST0003398,Thomas,White,thomas.white566@example.com,France,Wholesale,2020-11-28,9817.5,Y
CUST0003399,Priya,Harris,priya.harris227@example.com,Canada,Retail,2020-07-01,1931.81,N
CUST0003400,Olivia,White,olivia.white50@example.com,South Africa,Wholesale,2021-04-29,4798.4,Y
CUST0003401,Richard,Clark,richard.clark162@example.com,South Africa,Wholesale,2018-05-18,848.12,Y
CUST0003402,Richard,Martin,richard.martin469@example.com,France,Wholesale,2020-12-21,998.65,Y
CUST0003403,Michael,Johnson,michael.johnson309@example.com,Germany,Corporate,2026-01-04,34528.76,Y
CUST0003404,Omar,Sanchez,omar.sanchez801@example.com,Singapore,VIP,2018-04-25,2477.37,Y
CUST0003405,Ahmed,Martinez,ahmed.martinez583@example.com,Singapore,E-Commerce,2022-04-12,7395.28,Y
CUST0003406,Patricia,Martinez,patricia.martinez908@example.com,Saudi Arabia,Retail,2025-04-02,8716.66,Y
CUST0003407,Sakura,Lewis,sakura.lewis911@example.com,France,Retail,2023-03-23,10260.46,Y
CUST0003408,Robert,Martin,robert.martin213@example.com,Singapore,E-Commerce,2018-08-28,30720.74,Y
CUST0003409,Liam,White,liam.white970@example.com,USA,Wholesale,2019-10-26,1882.04,Y
CUST0003410,Sarah,Ramirez,sarah.ramirez401@example.com,UAE,Wholesale,2023-01-11,705.94,Y
CUST0003411,David,Gonzalez,david.gonzalez206@example.com,UK,VIP,2019-09-20,3148.27,Y
CUST0003412,Joseph,Smith,,USA,Wholesale,2021-09-14,1196.77,Y
CUST0003413,Michael,Wilson,michael.wilson210@example.com,South Africa,Retail,2020-07-29,613.41,Y
CUST0003414,Richard,Taylor,richard.taylor419@example.com,China,Corporate,2018-10-05,2734.77,Y
CUST0003415,Linda,Ramirez,linda.ramirez803@example.com,China,E-Commerce,2018-02-13,8156.33,Y
CUST0003416,Sofia,Martinez,sofia.martinez795@example.com,China,VIP,2024-11-03,4675.64,Y
CUST0003417,Ahmed,Thomas,ahmed.thomas921@example.com,Mexico,Retail,2019-12-12,2375.49,Y
CUST0003418,Mei,Wilson,mei.wilson58@example.com,Canada,Wholesale,2020-08-03,5811.53,Y
CUST0003419,Olivia,Taylor,olivia.taylor836@example.com,China,Wholesale,2020-08-20,1819.95,Y
CUST0003420,Sarah,Rodriguez,sarah.rodriguez48@example.com,UK,VIP,2021-04-27,572.43,Y
CUST0003421,Mary,Garcia,mary.garcia466@example.com,Mexico,Wholesale,2019-11-01,7727.11,Y
CUST0003422,William,Jackson,william.jackson54@example.com,South Africa,E-Commerce,2018-08-28,5387.42,Y
CUST0003423,Carlos,Taylor,carlos.taylor677@example.com,South Africa,VIP,2023-03-10,7683.78,Y
CUST0003424,Michael,Walker,michael.walker658@example.com,Australia,Corporate,2021-08-08,698.58,Y
CUST0003425,Carlos,Miller,carlos.miller638@example.com,Saudi Arabia,VIP,2020-01-20,9573.7,N
CUST0003426,Patricia,Harris,patricia.harris369@example.com,Australia,VIP,2020-07-20,5331.69,Y
CUST0003427,Hans,Martinez,hans.martinez808@example.com,Australia,Corporate,2025-01-20,4643.64,Y
CUST0003428,Omar,Jones,omar.jones185@example.com,UK,E-Commerce,2024-09-18,5399.0,Y
CUST0003429,Fatima,Harris,fatima.harris404@example.com,Saudi Arabia,VIP,2021-02-28,10491.46,Y
CUST0003430,Omar,Martinez,omar.martinez970@example.com,Germany,Corporate,2020-10-17,4920.77,Y
CUST0003431,Hans,Jones,hans.jones814@example.com,UK,Retail,2019-06-17,4848.83,Y
CUST0003432,Patricia,Davis,patricia.davis544@example.com,China,VIP,2018-06-21,23877.51,Y
CUST0003433,Wei,Scott,wei.scott426@example.com,Saudi Arabia,VIP,2018-07-24,7567.92,Y
CUST0003434,John,Robinson,john.robinson876@example.com,USA,Corporate,2021-04-08,3419.61,Y
CUST0003435,Joseph,Martinez,joseph.martinez361@example.com,Canada,VIP,2024-12-12,6644.69,Y
CUST0003436,Wei,Lopez,wei.lopez613@example.com,UAE,Retail,2023-07-17,2965.18,Y
CUST0003437,Barbara,Martinez,barbara.martinez928@example.com,China,Corporate,2026-05-24,1799.53,Y
CUST0003438,Joseph,Scott,joseph.scott466@example.com,UK,Wholesale,2018-03-29,5042.26,Y
CUST0003439,Charles,Martinez,charles.martinez148@example.com,Canada,Corporate,2019-12-23,13668.11,Y
CUST0003440,Ahmed,Taylor,ahmed.taylor606@example.com,South Africa,Corporate,2020-02-27,13735.21,N
CUST0003441,James,Wright,james.wright837@example.com,Germany,Wholesale,2021-04-02,2592.03,Y
CUST0003442,Hans,Johnson,hans.johnson313@example.com,Japan,VIP,2023-08-07,4250.47,Y
CUST0003443,Fatima,Smith,fatima.smith278@example.com,China,Retail,2019-11-12,1688.98,Y
CUST0003444,Mei,Harris,mei.harris785@example.com,Japan,E-Commerce,2018-10-20,27666.23,Y
CUST0003445,Ahmed,Gonzalez,ahmed.gonzalez807@example.com,Australia,Corporate,2023-07-29,-20347.71,Y
CUST0003446,Barbara,Sanchez,barbara.sanchez438@example.com,Australia,Wholesale,2019-10-18,5742.1,N
CUST0003447,Ahmed,Clark,ahmed.clark239@example.com,France,Wholesale,2023-01-27,8658.78,N
CUST0003448,Yuki,Lee,yuki.lee814@example.com,UK,Wholesale,2022-01-09,6778.09,Y
CUST0003449,Mary,Clark,mary.clark83@example.com,South Africa,Corporate,2021-12-01,4996.65,Y
CUST0003450,Elizabeth,Rodriguez,elizabeth.rodriguez29@example.com,Australia,E-Commerce,2024-06-03,774.12,Y
CUST0003451,David,Martinez,david.martinez607@example.com,France,Retail,2018-10-20,3532.69,Y
CUST0003452,Carlos,Wilson,carlos.wilson44@example.com,UK,VIP,2021-07-25,6116.36,Y
CUST0003453,Priya,Anderson,priya.anderson447@example.com,Germany,Corporate,2025-06-30,6158.75,Y
CUST0003454,Elizabeth,Clark,elizabeth.clark177@example.com,Singapore,VIP,2026-02-08,2835.02,Y
CUST0003455,Barbara,Williams,barbara.williams442@example.com,India,Retail,2021-10-05,14710.08,Y
CUST0003456,Omar,Johnson,omar.johnson662@example.com,Australia,VIP,2021-10-23,1415.75,Y
CUST0003457,Susan,Miller,susan.miller229@example.com,Australia,VIP,2026-07-12,3969.33,Y
CUST0003458,Robert,Moore,robert.moore588@example.com,Japan,Wholesale,2025-11-25,6370.19,Y
CUST0003459,John,Garcia,john.garcia182@example.com,Singapore,Wholesale,2019-01-22,6472.35,N
CUST0003460,Barbara,Jones,not_an_email,Mexico,E-Commerce,2023-09-26,5729.7,Y
CUST0003461,Linda,White,linda.white552@example.com,UK,Corporate,2024-02-04,2109.91,Y
CUST0003462,Sakura,Sanchez,sakura.sanchez306@example.com,South Africa,Retail,2019-03-02,1349.24,Y
CUST0003463,Linda,King,linda.king335@example.com,France,VIP,2024-01-10,5552.19,Y
CUST0003464,Karen,Martin,karen.martin769@example.com,UK,Retail,2018-06-24,5072.74,Y
CUST0003465,Barbara,Allen,barbara.allen938@example.com,South Africa,Corporate,2022-12-17,1488.33,Y
CUST0003466,Yuki,Thomas,yuki.thomas852@example.com,UAE,VIP,2021-09-02,6606.26,Y
CUST0003467,Raj,Sanchez,raj.sanchez289@example.com,Singapore,Corporate,2026-05-26,3536.43,Y
CUST0003468,Linda,Ramirez,linda.ramirez742@example.com,UK,Wholesale,2021-04-28,6009.5,Y
CUST0003469,Linda,Martinez,linda.martinez733@example.com,South Africa,Corporate,2019-08-17,9581.3,Y
CUST0003470,Richard,Lopez,richard.lopez18@example.com,France,Retail,2018-07-06,1430.01,Y
CUST0003471,Thomas,Wright,thomas.wright223@example.com,Saudi Arabia,Retail,2021-02-26,596.65,Y
CUST0003472,Omar,Davis,omar.davis93@example.com,China,VIP,2023-01-03,8050.28,Y
CUST0003473,Carlos,Moore,carlos.moore590@example.com,Mexico,VIP,2019-01-31,5204.17,Y
CUST0003474,Omar,Gonzalez,omar.gonzalez114@example.com,Mexico,VIP,2018-03-23,6513.86,Y
CUST0003475,Sofia,Ramirez,sofia.ramirez420@example.com,USA,Wholesale,2025-12-02,9605.58,Y
CUST0003476,James,Thompson,james.thompson959@example.com,Germany,Wholesale,2024-01-18,8617.96,Y
CUST0003477,Liam,Sanchez,liam.sanchez194@example.com,Singapore,Retail,2018-01-16,16710.74,Y
CUST0003478,Robert,Lee,robert.lee830@example.com,UK,E-Commerce,2020-09-27,4338.65,Y
CUST0003479,Jessica,Scott,jessica.scott727@example.com,USA,E-Commerce,2024-03-15,3852.0,Y
CUST0003480,Carlos,Hernandez,carlos.hernandez676@example.com,Saudi Arabia,VIP,2026-08-09,3069.88,Y
CUST0003481,Patricia,Lewis,patricia.lewis408@example.com,Japan,Corporate,2019-11-03,1334.35,Y
CUST0003482,Sofia,Thomas,sofia.thomas879@example.com,Germany,Wholesale,2024-03-26,4750.26,N
CUST0003483,Susan,Allen,susan.allen625@example.com,South Africa,Corporate,2025-07-20,2121.82,Y
CUST0003484,Susan,Wilson,susan.wilson835@example.com,China,Corporate,2026-05-18,13211.04,Y
CUST0003485,Fatima,Davis,fatima.davis905@example.com,Australia,VIP,2026-05-31,4875.63,Y
CUST0003486,Priya,Lopez,priya.lopez408@example.com,China,Retail,2020-10-12,4992.75,Y
CUST0003487,Karen,Miller,karen.miller1@example.com,Canada,Wholesale,2019-09-28,2691.94,Y
CUST0003488,David,Gonzalez,david.gonzalez922@example.com,Germany,VIP,2019-09-17,766.95,Y
CUST0003489,Liam,Allen,liam.allen749@example.com,Germany,E-Commerce,2020-02-05,661.29,Y
CUST0003490,John,King,john.king489@example.com,UAE,Retail,2022-07-22,3252.47,N
CUST0003491,Yuki,Young,yuki.young395@example.com,Canada,Retail,2022-09-27,941.78,Y
CUST0003492,Mei,Hernandez,mei.hernandez7@example.com,Australia,VIP,2023-11-11,5167.78,Y
CUST0003493,Sarah,Thomas,sarah.thomas789@example.com,Canada,VIP,2019-06-06,11142.02,Y
CUST0003494,Hans,Clark,hans.clark120@example.com,China,VIP,2025-10-16,11224.27,Y
CUST0003495,Carlos,Wright,carlos.wright659@example.com,Germany,VIP,2025-10-08,5880.03,Y
CUST0003496,Sakura,Lopez,sakura.lopez753@example.com,Australia,Retail,2026-01-12,1686.41,Y
CUST0003497,Elizabeth,Sanchez,elizabeth.sanchez386@example.com,UAE,Corporate,2023-12-27,10438.76,Y
CUST0003498,David,Thompson,david.thompson589@example.com,Singapore,Retail,2019-07-21,11361.88,Y
CUST0003499,Susan,Martin,susan.martin632@example.com,Japan,VIP,2024-05-05,1594.85,Y
CUST0003500,David,Perez,david.perez334@example.com,Germany,VIP,2021-01-22,7186.11,Y
CUST0003501,James,Lewis,james.lewis756@example.com,France,Wholesale,2024-06-30,2188.0,Y
CUST0003502,Mary,Lewis,not_an_email,Australia,Corporate,2019-08-08,8613.64,Y
CUST0003503,Carlos,Ramirez,carlos.ramirez605@example.com,France,Retail,2026-07-29,29958.82,Y
CUST0003504,Priya,Young,priya.young23@example.com,Japan,Retail,2024-03-16,652.43,Y
CUST0003505,Ingrid,Martin,ingrid.martin703@example.com,Australia,Corporate,2020-11-10,11882.92,Y
CUST0003506,Charles,Sanchez,charles.sanchez283@example.com,Canada,VIP,2020-03-03,5372.65,Y
CUST0003507,Omar,Martin,omar.martin116@example.com,India,Corporate,2020-09-20,18630.95,Y
CUST0003508,Ingrid,King,ingrid.king967@example.com,Australia,E-Commerce,2020-04-24,3627.53,Y
CUST0003509,Liam,Wright,liam.wright110@example.com,India,E-Commerce,2024-07-21,9899.28,Y
CUST0003510,Thomas,Jackson,thomas.jackson324@example.com,USA,VIP,2019-11-14,822.13,Y
CUST0003511,Omar,Sanchez,omar.sanchez897@example.com,USA,E-Commerce,2019-12-02,2541.94,Y
CUST0003512,Robert,Hernandez,robert.hernandez409@example.com,UK,Corporate,2018-06-10,846.84,Y
CUST0003513,Charles,Scott,charles.scott617@example.com,South Africa,Retail,2018-03-16,19013.5,Y
CUST0003514,Barbara,Moore,barbara.moore548@example.com,Singapore,E-Commerce,2022-01-08,8990.63,Y
CUST0003515,Joseph,Smith,joseph.smith570@example.com,South Africa,VIP,2024-06-05,10071.24,Y
CUST0003516,Robert,Perez,robert.perez495@example.com,France,VIP,2024-03-07,14400.3,Y
CUST0003517,Yuki,Taylor,yuki.taylor854@example.com,Singapore,Retail,2024-03-16,944.72,Y
CUST0003518,Jessica,Smith,jessica.smith153@example.com,South Africa,Corporate,2022-02-26,2935.53,N
CUST0003519,Patricia,,patricia.smith218@example.com,USA,E-Commerce,2026-01-28,868.42,Y
CUST0003520,Priya,Miller,priya.miller607@example.com,South Africa,VIP,2021-12-28,1683.63,Y
CUST0003521,Mary,Thompson,mary.thompson397@example.com,France,Retail,2024-04-04,1802.71,Y
CUST0003522,Richard,Lewis,richard.lewis555@example.com,Australia,E-Commerce,2022-11-05,3665.98,Y
CUST0003523,Patricia,Allen,patricia.allen780@example.com,China,Retail,2025-05-01,2063.72,Y
CUST0003524,Yuki,Hernandez,yuki.hernandez425@example.com,South Africa,Retail,2018-05-08,1032.24,Y
CUST0003525,Susan,Ramirez,susan.ramirez382@example.com,South Africa,Retail,2018-07-14,1416.56,Y
CUST0003526,Charles,Martin,charles.martin973@example.com,France,Wholesale,2024-09-29,1296.59,Y
CUST0003527,Robert,Sanchez,robert.sanchez496@example.com,France,E-Commerce,2022-09-25,18573.83,Y
CUST0003528,Priya,White,priya.white169@example.com,France,Retail,2022-03-28,7620.86,Y
CUST0003529,William,Davis,william.davis332@example.com,South Africa,E-Commerce,2024-11-08,17672.96,Y
CUST0003530,Yuki,Rodriguez,yuki.rodriguez323@example.com,South Africa,Corporate,2020-01-01,3396.78,Y
CUST0003531,Barbara,Davis,barbara.davis624@example.com,USA,E-Commerce,2020-08-24,2131.2,Y
CUST0003532,Charles,Lewis,charles.lewis813@example.com,USA,E-Commerce,2023-08-06,8504.7,Y
CUST0003533,Raj,Martin,raj.martin555@example.com,France,E-Commerce,2022-03-06,2474.51,Y
CUST0003534,Sofia,Lee,sofia.lee175@example.com,Canada,Wholesale,2023-12-29,2278.97,Y
CUST0003535,James,Young,james.young851@example.com,Canada,Wholesale,2021-03-23,1823.12,Y
CUST0003536,Wei,Wilson,wei.wilson105@example.com,UK,VIP,2018-08-19,1194.47,Y
CUST0003537,Jessica,Sanchez,jessica.sanchez131@example.com,Australia,Wholesale,2019-01-10,1981.68,N
CUST0003538,John,Walker,john.walker243@example.com,South Africa,Wholesale,2025-02-07,2695.0,N
CUST0003539,Sakura,Hernandez,sakura.hernandez436@example.com,Saudi Arabia,E-Commerce,2024-01-05,6104.2,Y
CUST0003540,Jessica,Thompson,jessica.thompson570@example.com,UAE,E-Commerce,2024-03-19,823.04,Y
CUST0003541,Barbara,Martin,barbara.martin175@example.com,Australia,E-Commerce,2019-07-28,1681.82,Y
CUST0003542,Ahmed,Miller,ahmed.miller416@example.com,Canada,VIP,2021-09-04,8778.03,Y
CUST0003543,Jennifer,Lewis,jennifer.lewis69@example.com,USA,E-Commerce,2018-08-02,1294.52,Y
CUST0003544,Patricia,White,patricia.white316@example.com,Brazil,Retail,2020-11-24,2597.66,Y
CUST0003545,Karen,Moore,karen.moore483@example.com,Germany,E-Commerce,2025-02-28,10499.79,Y
CUST0003546,Elizabeth,Martin,elizabeth.martin449@example.com,Singapore,VIP,2026-03-17,1341.65,Y
CUST0003547,Charles,Davis,charles.davis854@example.com,Saudi Arabia,Corporate,2019-05-03,931.8,Y
CUST0003548,Karen,Robinson,karen.robinson205@example.com,France,E-Commerce,2024-10-06,3813.46,Y
CUST0003549,Fatima,Anderson,fatima.anderson501@example.com,Japan,VIP,2018-05-05,2300.69,Y
CUST0003550,Linda,King,linda.king223@example.com,India,Retail,2018-10-09,4643.78,Y
CUST0003551,Jessica,King,jessica.king941@example.com,Brazil,Wholesale,2022-10-16,8643.23,N
CUST0003552,Omar,Walker,omar.walker519@example.com,Japan,Wholesale,2024-03-30,1237.56,Y
CUST0003553,Barbara,Walker,barbara.walker557@example.com,China,Wholesale,2018-02-09,4845.83,Y
CUST0003554,Olivia,Ramirez,olivia.ramirez189@example.com,UAE,Retail,2021-07-07,4021.13,Y
CUST0003555,Hans,Martin,hans.martin419@example.com,UAE,Wholesale,2021-09-03,1277.88,Y
CUST0003556,Yuki,Allen,yuki.allen52@example.com,Canada,VIP,2024-05-01,5390.81,Y
CUST0003557,Wei,Ramirez,wei.ramirez703@example.com,China,Wholesale,2021-04-13,2098.55,Y
CUST0003558,Raj,Young,raj.young90@example.com,Mexico,Corporate,2022-12-19,3845.54,Y
CUST0003559,David,Sanchez,david.sanchez603@example.com,South Africa,Retail,2021-06-25,929.27,Y
CUST0003560,Priya,Rodriguez,,Brazil,VIP,2020-11-18,3577.08,Y
CUST0003561,Sofia,Taylor,sofia.taylor995@example.com,South Africa,E-Commerce,2018-08-04,2329.76,Y
CUST0003562,Mary,Williams,mary.williams115@example.com,USA,VIP,2024-09-05,9140.58,Y
CUST0003563,Yuki,Anderson,yuki.anderson592@example.com,USA,VIP,2020-08-16,793.33,Y
CUST0003564,Fatima,Hernandez,fatima.hernandez98@example.com,Mexico,Retail,2024-01-23,3211.64,Y
CUST0003565,Layla,Jackson,layla.jackson927@example.com,France,Wholesale,2025-04-18,3566.43,Y
CUST0003566,Sarah,Allen,sarah.allen796@example.com,Japan,E-Commerce,2024-12-11,6955.03,Y
CUST0003567,Ingrid,White,ingrid.white449@example.com,UK,VIP,2022-02-28,4769.96,Y
CUST0003568,Sakura,Perez,sakura.perez651@example.com,Mexico,VIP,2021-11-28,6001.25,Y
CUST0003569,William,King,william.king760@example.com,Canada,VIP,2018-07-30,8004.02,Y
CUST0003570,John,Lewis,john.lewis764@example.com,Brazil,Corporate,2026-03-14,10409.87,Y
CUST0003571,John,Rodriguez,john.rodriguez307@example.com,Japan,VIP,2020-02-08,2383.48,Y
CUST0003572,Hans,Garcia,hans.garcia474@example.com,USA,E-Commerce,2026-06-02,4361.2,Y
CUST0003573,Karen,Taylor,karen.taylor948@example.com,UAE,Retail,2020-12-25,9666.29,Y
CUST0003574,Susan,Ramirez,susan.ramirez509@example.com,Saudi Arabia,Wholesale,2023-11-13,23258.68,N
CUST0003575,Layla,Miller,layla.miller85@example.com,UK,Wholesale,2025-02-27,11514.57,Y
CUST0003576,Layla,,layla.allen350@example.com,Saudi Arabia,Corporate,2024-01-06,2821.84,Y
CUST0003577,Jennifer,Thomas,jennifer.thomas625@example.com,China,VIP,2018-11-23,1585.6,Y
CUST0003578,Fatima,Smith,fatima.smith909@example.com,Singapore,Retail,2026-04-11,3860.77,Y
CUST0003579,David,Miller,david.miller456@example.com,China,VIP,2018-07-12,7267.03,Y
CUST0003580,Elizabeth,Scott,elizabeth.scott883@example.com,India,Corporate,2024-07-24,3891.97,Y
CUST0003581,Mei,Garcia,mei.garcia644@example.com,Singapore,E-Commerce,2026-05-08,3800.31,Y
CUST0003582,Mary,Robinson,mary.robinson985@example.com,Mexico,Retail,2025-07-02,9607.91,Y
CUST0003583,William,Sanchez,william.sanchez21@example.com,Mexico,Retail,2019-05-15,2742.41,Y
CUST0003584,Jennifer,Smith,jennifer.smith255@example.com,Singapore,VIP,2019-05-30,10323.24,Y
CUST0003585,Yuki,Martin,yuki.martin138@example.com,Australia,E-Commerce,2021-12-02,3111.16,Y
CUST0003586,Sofia,Williams,sofia.williams588@example.com,USA,VIP,2021-09-05,2489.22,Y
CUST0003587,Michael,Allen,,Canada,Retail,2021-03-06,3525.59,Y
CUST0003588,William,Martin,william.martin218@example.com,Mexico,Corporate,2020-04-26,7686.82,Y
CUST0003589,Fatima,King,fatima.king509@example.com,Germany,Corporate,2026-06-30,1173.39,Y
CUST0003590,Hans,Garcia,hans.garcia223@example.com,Mexico,E-Commerce,2023-09-19,1593.39,Y
CUST0003591,Priya,Thomas,priya.thomas215@example.com,UAE,Wholesale,2024-12-09,15625.27,Y
CUST0003592,James,Perez,james.perez558@example.com,UAE,Corporate,2019-01-06,1464.84,Y
CUST0003593,Charles,Lewis,charles.lewis682@example.com,Germany,Retail,2025-04-19,4693.49,Y
CUST0003594,Raj,Harris,raj.harris246@example.com,Brazil,Corporate,2024-05-15,4829.35,Y
CUST0003595,Wei,Davis,wei.davis104@example.com,India,E-Commerce,2020-10-05,3863.04,Y
CUST0003596,Robert,Rodriguez,robert.rodriguez859@example.com,Japan,Wholesale,2023-04-16,5674.6,Y
CUST0003597,Ingrid,Johnson,ingrid.johnson876@example.com,UK,VIP,2024-09-01,1805.7,Y
CUST0003598,Raj,Clark,raj.clark5@example.com,UAE,Wholesale,2021-04-23,4522.21,Y
CUST0003599,Jennifer,Harris,jennifer.harris827@example.com,France,E-Commerce,2018-10-09,2827.46,Y
CUST0003600,Carlos,Jones,carlos.jones36@example.com,South Africa,Retail,2024-12-28,5918.63,N
CUST0003601,Ingrid,Lee,ingrid.lee650@example.com,South Africa,Wholesale,2021-10-03,1261.23,Y
CUST0003602,Karen,Clark,karen.clark849@example.com,France,Retail,2022-03-10,4730.06,N
CUST0003603,Robert,Gonzalez,robert.gonzalez686@example.com,Japan,VIP,2018-01-06,1524.49,Y
CUST0003604,Susan,Smith,susan.smith271@example.com,UK,Corporate,2022-09-16,2133.11,Y
CUST0003605,William,Allen,william.allen894@example.com,Canada,E-Commerce,2025-02-08,1734.04,Y
CUST0003606,Sarah,Robinson,sarah.robinson119@example.com,Japan,VIP,2020-07-30,1509.59,Y
CUST0003607,Susan,Johnson,susan.johnson590@example.com,India,VIP,2018-07-03,9235.2,Y
CUST0003608,Priya,Taylor,priya.taylor712@example.com,Saudi Arabia,VIP,2025-01-10,2182.31,N
CUST0003609,James,Lopez,james.lopez178@example.com,Japan,VIP,2026-07-25,13594.96,Y
CUST0003610,Omar,Robinson,omar.robinson784@example.com,France,E-Commerce,2026-06-18,18020.56,N
CUST0003611,Linda,Thomas,linda.thomas852@example.com,Singapore,E-Commerce,2024-01-12,4734.53,Y
CUST0003612,Ingrid,Rodriguez,ingrid.rodriguez867@example.com,China,Retail,2023-02-01,1271.59,Y
CUST0003613,Richard,Johnson,richard.johnson658@example.com,India,VIP,2024-04-12,2846.41,N
CUST0003614,Michael,Harris,michael.harris860@example.com,Singapore,E-Commerce,2026-01-31,8490.82,Y
CUST0003615,Robert,Gonzalez,robert.gonzalez313@example.com,Germany,VIP,2023-08-26,2789.51,Y
CUST0003616,John,Allen,john.allen506@example.com,Germany,VIP,2023-04-09,955.19,Y
CUST0003617,Wei,,wei.allen228@example.com,Mexico,Wholesale,2020-05-28,4568.5,Y
CUST0003618,Yuki,Lewis,yuki.lewis15@example.com,Singapore,E-Commerce,2019-01-22,9825.55,Y
CUST0003619,James,Smith,james.smith638@example.com,South Africa,Retail,2021-11-30,8446.37,Y
CUST0003620,Carlos,Johnson,carlos.johnson191@example.com,Japan,Wholesale,2022-06-10,1462.61,Y
CUST0003621,Thomas,Hernandez,thomas.hernandez994@example.com,USA,E-Commerce,2018-10-05,6085.38,Y
CUST0003622,David,Anderson,david.anderson916@example.com,Canada,VIP,2018-05-23,1745.54,Y
CUST0003623,Wei,Lewis,wei.lewis473@example.com,UK,Retail,2021-01-04,1730.83,Y
CUST0003624,John,Johnson,john.johnson58@example.com,Mexico,Corporate,2025-09-25,10860.22,Y
CUST0003625,Sarah,Miller,sarah.miller579@example.com,Germany,Wholesale,2021-01-13,1936.2,Y
CUST0003626,Jessica,Scott,jessica.scott659@example.com,Canada,Retail,2024-12-20,2027.52,Y
CUST0003627,Karen,Miller,karen.miller978@example.com,Australia,Wholesale,2019-08-14,503.27,Y
CUST0003628,Liam,Robinson,liam.robinson29@example.com,Brazil,VIP,2023-04-29,10726.9,Y
CUST0003629,Raj,Taylor,raj.taylor887@example.com,South Africa,VIP,2022-07-25,8365.4,Y
CUST0003630,Barbara,White,barbara.white81@example.com,China,E-Commerce,2019-08-14,5435.3,Y
CUST0003631,James,Taylor,james.taylor853@example.com,South Africa,Wholesale,2019-12-08,7436.79,Y
CUST0003632,Michael,Wright,michael.wright849@example.com,Brazil,Retail,2018-05-26,1324.66,Y
CUST0003633,Raj,King,raj.king442@example.com,Canada,Corporate,2020-05-31,3565.43,Y
CUST0003634,James,Martinez,james.martinez560@example.com,India,Corporate,2025-10-15,2663.3,Y
CUST0003635,Patricia,Martinez,patricia.martinez798@example.com,USA,Retail,2024-09-01,992.35,Y
CUST0003636,Jessica,Sanchez,jessica.sanchez915@example.com,Saudi Arabia,Corporate,2026-02-03,3828.93,Y
CUST0003637,Mei,Gonzalez,mei.gonzalez420@example.com,Japan,VIP,2018-05-08,13175.09,Y
CUST0003638,Ingrid,Walker,ingrid.walker620@example.com,UAE,Retail,2018-09-03,704.42,Y
CUST0003639,Jessica,Rodriguez,jessica.rodriguez342@example.com,Saudi Arabia,VIP,2018-02-20,2222.75,Y
CUST0003640,Ingrid,Wilson,ingrid.wilson631@example.com,China,Retail,2020-02-16,1663.07,Y
CUST0003641,Robert,Lewis,robert.lewis176@example.com,UK,Retail,2019-03-24,1860.01,Y
CUST0003642,Raj,,raj.williams762@example.com,Japan,Corporate,2018-11-06,12453.51,Y
CUST0003643,Sakura,Martinez,not_an_email,Canada,Retail,2020-11-05,3656.21,Y
CUST0003644,Sarah,Clark,sarah.clark812@example.com,Canada,Corporate,2019-03-31,-3639.6,Y
CUST0003645,Olivia,Jones,olivia.jones486@example.com,Singapore,Retail,2023-02-06,7647.59,Y
CUST0003646,Jessica,Clark,jessica.clark56@example.com,UK,Wholesale,2026-07-09,1339.09,Y
CUST0003647,William,Lopez,william.lopez370@example.com,UK,Retail,2025-04-07,3839.98,Y
CUST0003648,Elizabeth,Perez,elizabeth.perez186@example.com,Germany,VIP,2021-01-10,3310.46,Y
CUST0003649,Elizabeth,Johnson,elizabeth.johnson598@example.com,France,E-Commerce,2026-04-27,5042.99,Y
CUST0003650,Yuki,Lopez,yuki.lopez385@example.com,Brazil,Retail,2020-05-02,39117.65,Y
CUST0003651,Carlos,Thompson,carlos.thompson324@example.com,Canada,Wholesale,2019-06-19,7836.41,Y
CUST0003652,Jennifer,Robinson,jennifer.robinson618@example.com,Singapore,E-Commerce,2026-01-28,3036.37,Y
CUST0003653,William,Moore,william.moore971@example.com,UAE,E-Commerce,2024-07-21,9288.33,Y
CUST0003654,Linda,Harris,linda.harris38@example.com,UK,Retail,2019-03-12,1435.92,Y
CUST0003655,Linda,Lee,linda.lee979@example.com,South Africa,VIP,2024-07-09,654.69,N
CUST0003656,Jennifer,Hernandez,jennifer.hernandez825@example.com,India,VIP,2022-07-16,1643.6,N
CUST0003657,Charles,Wright,charles.wright907@example.com,India,E-Commerce,2023-05-16,2580.7,Y
CUST0003658,Omar,Clark,omar.clark130@example.com,Germany,Corporate,2022-04-03,4072.68,N
CUST0003659,James,Allen,james.allen539@example.com,France,E-Commerce,2023-02-12,5274.24,Y
CUST0003660,Omar,Anderson,omar.anderson449@example.com,Singapore,VIP,2018-12-29,12573.49,N
CUST0003661,Linda,Williams,linda.williams503@example.com,France,VIP,2024-05-12,4065.26,Y
CUST0003662,Sofia,Martin,sofia.martin45@example.com,USA,Corporate,2024-05-28,3978.51,Y
CUST0003663,Layla,Gonzalez,layla.gonzalez403@example.com,Brazil,Wholesale,2020-03-19,757.75,Y
CUST0003664,Joseph,Moore,joseph.moore554@example.com,France,VIP,2022-11-26,677.68,Y
CUST0003665,Robert,Allen,robert.allen162@example.com,Canada,Wholesale,2024-06-09,4505.44,N
CUST0003666,Carlos,Lee,carlos.lee281@example.com,India,Wholesale,2019-08-30,3382.86,Y
CUST0003667,James,Hernandez,james.hernandez68@example.com,UK,Wholesale,2026-05-04,9637.36,Y
CUST0003668,Elizabeth,Smith,elizabeth.smith368@example.com,South Africa,E-Commerce,2018-01-07,1375.81,Y
CUST0003669,Susan,Smith,susan.smith63@example.com,USA,Retail,2024-02-25,626.44,Y
CUST0003670,Jessica,Jackson,jessica.jackson762@example.com,Mexico,Corporate,2023-02-01,3480.45,Y
CUST0003671,Linda,Smith,linda.smith4@example.com,Japan,VIP,2024-05-30,1855.62,Y
CUST0003672,Jennifer,Davis,jennifer.davis259@example.com,Canada,Corporate,2018-01-11,754.44,Y
CUST0003673,Jennifer,Harris,jennifer.harris582@example.com,Saudi Arabia,Wholesale,2020-08-20,6947.62,Y
CUST0003674,Sakura,Gonzalez,sakura.gonzalez957@example.com,China,VIP,2025-07-20,1091.63,Y
CUST0003675,Ingrid,Williams,ingrid.williams398@example.com,USA,VIP,2026-03-22,5186.54,Y
CUST0003676,Liam,Garcia,liam.garcia966@example.com,Singapore,VIP,2022-10-08,2149.82,Y
CUST0003677,Thomas,Harris,thomas.harris251@example.com,USA,Retail,2018-04-05,1452.75,N
CUST0003678,Omar,Moore,omar.moore701@example.com,Germany,Wholesale,2022-11-15,2888.18,Y
CUST0003679,Michael,Thomas,michael.thomas976@example.com,China,Retail,2019-01-29,8583.47,Y
CUST0003680,Jennifer,Lee,jennifer.lee95@example.com,Australia,VIP,2024-03-24,2988.67,Y
CUST0003681,Thomas,Perez,thomas.perez514@example.com,UK,VIP,2021-06-19,7446.89,Y
CUST0003682,Mary,Gonzalez,mary.gonzalez652@example.com,France,Retail,2018-10-08,1170.44,Y
CUST0003683,Ahmed,Thomas,ahmed.thomas285@example.com,India,Corporate,2018-05-03,7908.99,Y
CUST0003684,Raj,Taylor,raj.taylor291@example.com,Brazil,E-Commerce,2022-07-15,1852.05,Y
CUST0003685,Elizabeth,Brown,elizabeth.brown98@example.com,USA,VIP,2019-07-20,6156.6,Y
CUST0003686,Mary,Rodriguez,mary.rodriguez724@example.com,Saudi Arabia,VIP,2019-01-11,4671.04,Y
CUST0003687,Elizabeth,Rodriguez,elizabeth.rodriguez669@example.com,Germany,VIP,2023-01-04,13735.58,Y
CUST0003688,Charles,Smith,charles.smith153@example.com,South Africa,Corporate,2019-07-31,2949.58,Y
CUST0003689,Wei,Allen,wei.allen909@example.com,Canada,Corporate,2020-12-09,842.28,Y
CUST0003690,William,Robinson,william.robinson233@example.com,Saudi Arabia,E-Commerce,2025-02-22,596.71,N
CUST0003691,Carlos,Martin,carlos.martin164@example.com,South Africa,Wholesale,2021-11-11,9268.23,N
CUST0003692,Mary,Smith,mary.smith302@example.com,Canada,Wholesale,2024-12-13,4219.42,Y
CUST0003693,Olivia,Rodriguez,olivia.rodriguez565@example.com,Mexico,E-Commerce,2019-03-16,7963.7,Y
CUST0003694,Carlos,Jones,carlos.jones644@example.com,UK,E-Commerce,2021-11-18,1835.64,Y
CUST0003695,Charles,Sanchez,charles.sanchez118@example.com,South Africa,Retail,2018-09-07,2616.24,Y
CUST0003696,Barbara,Anderson,barbara.anderson57@example.com,France,Corporate,2022-07-31,652.83,Y
CUST0003697,Jennifer,Rodriguez,jennifer.rodriguez576@example.com,Germany,VIP,2019-08-11,16784.49,Y
CUST0003698,Mary,Garcia,mary.garcia741@example.com,South Africa,Wholesale,2020-04-01,6011.11,N
CUST0003699,William,Ramirez,william.ramirez71@example.com,UAE,Retail,2019-05-28,14030.64,Y
CUST0003700,Thomas,Wright,thomas.wright733@example.com,UAE,Retail,2023-08-01,2042.8,Y
CUST0003701,Sofia,Lee,sofia.lee230@example.com,Singapore,E-Commerce,2021-07-02,5226.84,Y
CUST0003702,Robert,Martin,robert.martin671@example.com,UK,Wholesale,2022-12-07,6173.79,Y
CUST0003703,Joseph,Martin,joseph.martin393@example.com,Singapore,Retail,2019-03-15,2410.33,Y
CUST0003704,Fatima,Thomas,fatima.thomas8@example.com,UAE,Corporate,2026-01-24,9922.97,Y
CUST0003705,Susan,Martin,susan.martin504@example.com,Singapore,Wholesale,2020-11-28,15202.57,Y
CUST0003706,Olivia,Clark,olivia.clark86@example.com,China,Corporate,2023-12-31,11307.82,Y
CUST0003707,Ahmed,Miller,ahmed.miller768@example.com,Australia,Wholesale,2023-02-23,7217.46,Y
CUST0003708,Barbara,Sanchez,barbara.sanchez464@example.com,USA,VIP,2022-05-25,2124.94,Y
CUST0003709,Raj,Thompson,raj.thompson955@example.com,Mexico,Corporate,2019-09-18,2153.76,Y
CUST0003710,Sarah,Jones,sarah.jones980@example.com,South Africa,VIP,2022-12-16,17033.12,Y
CUST0003711,Carlos,Wright,carlos.wright453@example.com,Japan,E-Commerce,2024-12-29,551.69,Y
CUST0003712,Ingrid,Garcia,ingrid.garcia679@example.com,UK,VIP,2018-09-04,6794.79,Y
CUST0003713,Mei,Smith,mei.smith38@example.com,India,Retail,2023-09-22,6625.07,Y
CUST0003714,Yuki,Martin,yuki.martin997@example.com,UK,Wholesale,2020-08-21,5373.43,Y
CUST0003715,Sarah,Wilson,sarah.wilson315@example.com,USA,E-Commerce,2026-02-21,23580.57,Y
CUST0003716,Raj,Scott,raj.scott157@example.com,Canada,Wholesale,2018-12-22,2368.96,Y
CUST0003717,Sofia,Taylor,sofia.taylor620@example.com,Mexico,E-Commerce,2019-11-02,2577.36,Y
CUST0003718,Barbara,Johnson,barbara.johnson994@example.com,India,E-Commerce,2021-03-05,911.15,Y
CUST0003719,Jennifer,Davis,jennifer.davis104@example.com,Australia,VIP,2023-07-13,3424.14,Y
CUST0003720,Liam,Scott,liam.scott83@example.com,Japan,Wholesale,2023-03-14,2012.62,Y
CUST0003721,Sofia,Anderson,sofia.anderson315@example.com,Germany,E-Commerce,2025-08-05,2603.3,Y
CUST0003722,Charles,Allen,charles.allen896@example.com,Singapore,VIP,2020-01-03,9496.09,Y
CUST0003723,Layla,King,layla.king284@example.com,Brazil,Corporate,2024-01-08,14204.25,Y
CUST0003724,Priya,Sanchez,priya.sanchez266@example.com,Singapore,Retail,2021-11-23,1527.34,Y
CUST0003725,Michael,Williams,michael.williams187@example.com,Canada,Wholesale,2022-02-28,2830.13,Y
CUST0003726,Sarah,Garcia,sarah.garcia822@example.com,Mexico,Wholesale,2020-10-09,13699.43,Y
CUST0003727,Linda,Sanchez,linda.sanchez53@example.com,France,VIP,2026-05-06,819.01,N
CUST0003728,Sofia,Smith,sofia.smith844@example.com,Germany,Corporate,2019-08-06,984.54,Y
CUST0003729,Omar,Harris,omar.harris55@example.com,USA,Wholesale,2019-10-31,1388.41,Y
CUST0003730,Richard,Miller,richard.miller609@example.com,China,VIP,2024-08-22,5021.97,Y
CUST0003731,Patricia,Garcia,patricia.garcia92@example.com,Saudi Arabia,E-Commerce,2018-05-13,1315.37,N
CUST0003732,Susan,Martin,susan.martin942@example.com,South Africa,Corporate,2019-04-24,17722.05,Y
CUST0003733,Sakura,Miller,sakura.miller604@example.com,Singapore,Corporate,2026-07-18,3459.41,Y
CUST0003734,Carlos,Williams,carlos.williams800@example.com,Mexico,Retail,2025-01-25,3980.94,Y
CUST0003735,Elizabeth,Thompson,elizabeth.thompson701@example.com,Mexico,VIP,2026-06-05,1916.18,N
CUST0003736,Omar,Taylor,omar.taylor101@example.com,Brazil,E-Commerce,2025-02-18,3683.46,Y
CUST0003737,Layla,Perez,layla.perez889@example.com,UAE,Retail,2025-01-19,5922.27,Y
CUST0003738,Susan,Lewis,susan.lewis349@example.com,Germany,E-Commerce,2023-12-12,7455.07,Y
CUST0003739,Linda,Johnson,linda.johnson484@example.com,South Africa,Wholesale,2024-04-05,7509.44,Y
CUST0003740,Hans,King,hans.king763@example.com,USA,Corporate,2019-07-18,4812.46,Y
CUST0003741,Patricia,Anderson,patricia.anderson480@example.com,Canada,Corporate,2019-03-10,12235.81,Y
CUST0003742,Olivia,Allen,olivia.allen114@example.com,Saudi Arabia,VIP,2023-04-10,9002.5,N
CUST0003743,Elizabeth,Rodriguez,elizabeth.rodriguez916@example.com,Germany,VIP,2026-07-03,7574.46,Y
CUST0003744,Raj,Taylor,raj.taylor493@example.com,China,Retail,2024-01-03,786.06,Y
CUST0003745,Fatima,Anderson,fatima.anderson42@example.com,China,Corporate,2024-04-11,534.51,Y
CUST0003746,James,Lopez,james.lopez818@example.com,France,VIP,2018-03-03,1694.12,Y
CUST0003747,Olivia,White,olivia.white804@example.com,UAE,Corporate,2023-08-13,5946.14,Y
CUST0003748,David,Taylor,david.taylor686@example.com,Singapore,E-Commerce,2020-03-06,3148.32,Y
CUST0003749,William,Wilson,william.wilson898@example.com,India,Wholesale,2019-10-27,3074.22,N
CUST0003750,Linda,Sanchez,linda.sanchez600@example.com,USA,Corporate,2024-10-03,11296.19,Y
CUST0003751,Raj,Scott,raj.scott361@example.com,Singapore,Corporate,2020-11-29,11795.85,Y
CUST0003752,Yuki,Johnson,yuki.johnson399@example.com,Saudi Arabia,Corporate,2025-08-26,12494.12,Y
CUST0003753,John,Ramirez,john.ramirez635@example.com,Mexico,Retail,2020-10-04,2383.5,Y
CUST0003754,Mei,Martinez,mei.martinez92@example.com,UAE,Retail,2026-04-02,6372.97,Y
CUST0003755,Carlos,Martin,carlos.martin844@example.com,UK,Corporate,2018-10-25,2084.75,Y
CUST0003756,James,Wilson,james.wilson203@example.com,UAE,Retail,2025-04-11,1557.37,Y
CUST0003757,Thomas,Hernandez,thomas.hernandez289@example.com,Singapore,Wholesale,2025-11-18,1520.58,Y
CUST0003758,Linda,Wright,linda.wright887@example.com,Germany,VIP,2019-07-15,2593.57,Y
CUST0003759,Charles,Allen,charles.allen68@example.com,Germany,Retail,2018-02-11,3310.22,Y
CUST0003760,Michael,Ramirez,michael.ramirez616@example.com,Saudi Arabia,Retail,2018-03-05,9387.78,Y
CUST0003761,Joseph,Williams,joseph.williams151@example.com,Canada,E-Commerce,2018-10-19,1138.55,Y
CUST0003762,Mei,Scott,mei.scott398@example.com,Mexico,E-Commerce,2022-07-14,-7138.73,Y
CUST0003763,Jessica,Anderson,jessica.anderson684@example.com,Singapore,VIP,2021-09-13,4290.61,Y
CUST0003764,Olivia,Garcia,olivia.garcia96@example.com,USA,E-Commerce,2018-03-11,2198.0,Y
CUST0003765,Sarah,Young,sarah.young431@example.com,France,Wholesale,2023-07-03,3894.44,Y
CUST0003766,Sofia,Davis,sofia.davis328@example.com,China,Wholesale,2024-03-10,2282.96,Y
CUST0003767,Linda,Rodriguez,linda.rodriguez560@example.com,Saudi Arabia,Retail,2023-01-14,5032.72,N
CUST0003768,Fatima,Miller,fatima.miller138@example.com,Germany,VIP,2022-03-05,3344.43,Y
CUST0003769,Sakura,Allen,sakura.allen101@example.com,UAE,E-Commerce,2020-11-29,1398.06,Y
CUST0003770,Robert,Robinson,robert.robinson165@example.com,Germany,Corporate,2018-03-19,1119.79,Y
CUST0003771,Charles,Ramirez,charles.ramirez777@example.com,Mexico,E-Commerce,2021-02-21,4455.96,Y
CUST0003772,Ingrid,Robinson,ingrid.robinson145@example.com,USA,E-Commerce,2018-09-22,12135.06,Y
CUST0003773,Mary,Robinson,mary.robinson209@example.com,USA,VIP,2023-03-15,2607.65,Y
CUST0003774,Raj,Taylor,raj.taylor773@example.com,Australia,Corporate,2023-12-18,7102.54,N
CUST0003775,Joseph,Walker,joseph.walker681@example.com,Mexico,Retail,2020-06-05,5874.4,Y
CUST0003776,Ahmed,Martin,ahmed.martin234@example.com,Japan,Retail,2020-01-31,13908.62,Y
CUST0003777,Charles,Jones,charles.jones861@example.com,France,VIP,2021-08-21,9101.32,Y
CUST0003778,Barbara,Harris,barbara.harris52@example.com,UK,VIP,2019-12-09,4680.53,Y
CUST0003779,Priya,King,priya.king413@example.com,UK,Corporate,2020-02-01,5850.57,Y
CUST0003780,Karen,Williams,karen.williams460@example.com,India,Corporate,2020-10-23,11932.89,Y
CUST0003781,Hans,Harris,hans.harris700@example.com,Germany,Wholesale,2023-05-13,3050.12,N
CUST0003782,Susan,Perez,susan.perez214@example.com,Mexico,VIP,2022-07-01,2478.52,Y
CUST0003783,William,Thompson,,UK,Wholesale,2023-12-07,554.35,Y
CUST0003784,Omar,Walker,omar.walker622@example.com,USA,Corporate,2025-07-14,9259.36,Y
CUST0003785,Thomas,King,thomas.king941@example.com,South Africa,VIP,2022-05-31,8571.77,Y
CUST0003786,Joseph,Lopez,joseph.lopez59@example.com,Mexico,E-Commerce,2022-02-26,1051.61,Y
CUST0003787,Thomas,Smith,thomas.smith356@example.com,Saudi Arabia,Retail,2025-09-16,4800.23,Y
CUST0003788,Elizabeth,Walker,elizabeth.walker205@example.com,Brazil,Corporate,2026-04-29,3617.93,Y
CUST0003789,Ahmed,Lewis,ahmed.lewis440@example.com,France,Retail,2021-07-11,1131.84,Y
CUST0003790,Ahmed,Clark,ahmed.clark462@example.com,USA,Corporate,2023-08-11,20204.23,Y
CUST0003791,Ingrid,Young,ingrid.young728@example.com,UAE,E-Commerce,2020-11-09,1708.42,Y
CUST0003792,John,Johnson,john.johnson248@example.com,Singapore,VIP,2020-11-29,848.01,Y
CUST0003793,Barbara,Walker,barbara.walker216@example.com,Singapore,Corporate,2026-05-29,5017.46,Y
CUST0003794,Ingrid,Wilson,ingrid.wilson185@example.com,USA,Wholesale,2019-12-20,7213.62,N
CUST0003795,Elizabeth,Walker,elizabeth.walker106@example.com,Canada,Retail,2023-03-19,664.91,Y
CUST0003796,Sakura,Ramirez,sakura.ramirez622@example.com,Canada,Corporate,2019-03-13,5875.23,Y
CUST0003797,Patricia,Jackson,patricia.jackson162@example.com,Brazil,VIP,2022-03-04,4299.55,Y
CUST0003798,Sarah,Scott,sarah.scott414@example.com,Brazil,VIP,2020-08-11,1044.97,Y
CUST0003799,Barbara,Miller,barbara.miller856@example.com,India,VIP,2018-02-02,1446.88,Y
CUST0003800,Barbara,Lopez,barbara.lopez31@example.com,South Africa,Wholesale,2026-05-18,4696.35,Y
CUST0003801,Olivia,Smith,olivia.smith98@example.com,South Africa,E-Commerce,2020-01-26,2257.43,Y
CUST0003802,Sarah,Young,sarah.young849@example.com,Canada,Retail,2022-09-26,14428.63,Y
CUST0003803,John,Lewis,john.lewis476@example.com,South Africa,Retail,2020-06-03,9039.12,Y
CUST0003804,Jennifer,Sanchez,jennifer.sanchez947@example.com,Germany,Corporate,2018-06-11,21042.38,Y
CUST0003805,James,Williams,james.williams299@example.com,Brazil,Wholesale,2020-05-04,2003.3,Y
CUST0003806,Ingrid,Lopez,ingrid.lopez260@example.com,South Africa,E-Commerce,2022-03-24,17986.94,Y
CUST0003807,Linda,Lewis,linda.lewis164@example.com,Brazil,E-Commerce,2022-12-22,3321.43,Y
CUST0003808,Jessica,Scott,jessica.scott6@example.com,Japan,Wholesale,2024-04-24,2634.86,Y
CUST0003809,Priya,Lee,priya.lee267@example.com,USA,Wholesale,2021-12-03,758.31,Y
CUST0003810,Olivia,Lee,olivia.lee112@example.com,Mexico,VIP,2020-06-15,771.04,Y
CUST0003811,Joseph,Rodriguez,joseph.rodriguez474@example.com,Mexico,Wholesale,2026-07-03,6388.46,Y
CUST0003812,Liam,Garcia,liam.garcia164@example.com,South Africa,VIP,2019-04-28,3561.79,Y
CUST0003813,Joseph,Thompson,joseph.thompson668@example.com,USA,E-Commerce,2024-04-25,1784.29,Y
CUST0003814,Patricia,Rodriguez,patricia.rodriguez851@example.com,India,Corporate,2023-01-28,5259.2,Y
CUST0003815,Fatima,Hernandez,fatima.hernandez465@example.com,Singapore,Wholesale,2024-03-14,1957.5,Y
CUST0003816,Wei,Wilson,wei.wilson603@example.com,China,E-Commerce,2024-12-28,4809.39,Y
CUST0003817,Mei,Johnson,mei.johnson464@example.com,Mexico,Retail,2023-09-03,2725.26,Y
CUST0003818,Sofia,Martin,sofia.martin836@example.com,USA,Corporate,2026-05-23,9173.65,Y
CUST0003819,Mei,Clark,mei.clark867@example.com,Singapore,Retail,2019-11-26,9093.37,Y
CUST0003820,James,Miller,james.miller579@example.com,Singapore,Wholesale,2024-09-03,3744.22,Y
CUST0003821,Barbara,Jones,barbara.jones926@example.com,UAE,E-Commerce,2020-09-02,2660.22,Y
CUST0003822,Sarah,Taylor,sarah.taylor556@example.com,Brazil,Retail,2024-07-23,2751.47,Y
CUST0003823,David,Thompson,david.thompson981@example.com,Germany,Wholesale,2020-04-24,8692.13,Y
CUST0003824,David,Thomas,david.thomas367@example.com,Canada,Retail,2019-09-23,2488.82,Y
CUST0003825,Fatima,Thompson,fatima.thompson874@example.com,USA,Retail,2024-12-07,1672.66,Y
CUST0003826,Joseph,Perez,joseph.perez291@example.com,UAE,Retail,2020-07-14,942.45,Y
CUST0003827,Omar,Scott,omar.scott828@example.com,Japan,E-Commerce,2025-10-18,3643.29,Y
CUST0003828,Richard,Thomas,richard.thomas198@example.com,South Africa,Wholesale,2021-04-21,3790.18,Y
CUST0003829,Priya,Hernandez,priya.hernandez607@example.com,India,Wholesale,2018-01-30,9691.39,Y
CUST0003830,Mary,Thompson,mary.thompson578@example.com,Mexico,VIP,2025-03-27,1750.25,Y
CUST0003831,William,Moore,william.moore771@example.com,France,Retail,2019-10-25,2898.18,Y
CUST0003832,Patricia,Lewis,patricia.lewis799@example.com,UAE,VIP,2022-05-28,8761.88,Y
CUST0003833,William,Brown,william.brown121@example.com,UK,Wholesale,2023-07-27,9175.67,Y
CUST0003834,John,Walker,john.walker471@example.com,France,VIP,2022-03-03,2927.5,Y
CUST0003835,John,Smith,john.smith394@example.com,UK,VIP,2021-01-03,3572.83,Y
CUST0003836,Susan,Lewis,susan.lewis351@example.com,Brazil,Retail,2024-07-28,2306.9,Y
CUST0003837,Priya,Lewis,priya.lewis78@example.com,Mexico,Wholesale,2019-02-14,13982.21,Y
CUST0003838,Joseph,Sanchez,joseph.sanchez132@example.com,India,E-Commerce,2023-04-24,1131.47,Y
CUST0003839,Omar,Sanchez,omar.sanchez258@example.com,India,Retail,2019-08-05,14071.56,Y
CUST0003840,Sofia,Davis,sofia.davis460@example.com,Saudi Arabia,Wholesale,2018-04-19,6257.95,Y
CUST0003841,David,Wright,david.wright925@example.com,France,E-Commerce,2019-07-17,4291.87,Y
CUST0003842,Richard,Hernandez,richard.hernandez723@example.com,Canada,Retail,2021-12-20,666.02,Y
CUST0003843,Fatima,Thompson,fatima.thompson11@example.com,UAE,Retail,2021-01-14,3727.47,Y
CUST0003844,William,Miller,william.miller596@example.com,Australia,Retail,2021-05-11,3119.12,Y
CUST0003845,Patricia,King,patricia.king872@example.com,China,Corporate,2024-08-18,1379.03,Y
CUST0003846,William,Taylor,william.taylor478@example.com,Brazil,Wholesale,2022-03-14,5841.53,Y
CUST0003847,Thomas,Rodriguez,thomas.rodriguez158@example.com,Canada,VIP,2024-02-12,18228.38,Y
CUST0003848,Thomas,,thomas.lee718@example.com,South Africa,VIP,2019-03-25,4629.84,Y
CUST0003849,James,Martin,james.martin791@example.com,Japan,Corporate,2023-07-11,6772.0,Y
CUST0003850,Sakura,Harris,sakura.harris850@example.com,Brazil,Wholesale,2020-05-05,854.53,Y
CUST0003851,David,Scott,david.scott441@example.com,UAE,Retail,2022-01-06,3203.56,Y
CUST0003852,Patricia,Hernandez,patricia.hernandez349@example.com,China,VIP,2025-06-18,1118.52,Y
CUST0003853,Sofia,Moore,sofia.moore59@example.com,South Africa,VIP,2021-09-28,5244.02,Y
CUST0003854,Wei,King,wei.king544@example.com,Germany,VIP,2019-12-05,14442.14,N
CUST0003855,Ahmed,Ramirez,ahmed.ramirez728@example.com,Saudi Arabia,Corporate,2019-07-07,5920.26,Y
CUST0003856,Barbara,Johnson,barbara.johnson758@example.com,Japan,E-Commerce,2022-06-18,899.56,Y
CUST0003857,David,White,david.white313@example.com,South Africa,Wholesale,2025-02-24,2689.94,Y
CUST0003858,Mei,Garcia,mei.garcia805@example.com,Brazil,Corporate,2019-11-23,4499.91,Y
CUST0003859,Barbara,Lopez,barbara.lopez891@example.com,UAE,Retail,2026-06-20,3080.93,Y
CUST0003860,Barbara,Thompson,barbara.thompson747@example.com,Saudi Arabia,Corporate,2019-11-20,9468.13,Y
CUST0003861,Karen,Lewis,karen.lewis177@example.com,Japan,Corporate,2020-02-12,8928.11,Y
CUST0003862,Thomas,Lopez,thomas.lopez662@example.com,USA,Retail,2019-11-26,5231.57,Y
CUST0003863,Jessica,Moore,jessica.moore90@example.com,France,VIP,2024-06-06,2837.7,Y
CUST0003864,James,Smith,james.smith621@example.com,Mexico,Corporate,2022-06-04,1974.11,Y
CUST0003865,Hans,Williams,hans.williams138@example.com,India,Corporate,2018-01-02,1059.54,Y
CUST0003866,Fatima,Brown,fatima.brown986@example.com,Brazil,E-Commerce,2022-10-29,2691.73,Y
CUST0003867,John,Walker,john.walker857@example.com,France,Retail,2018-03-18,3165.12,Y
CUST0003868,John,Brown,john.brown756@example.com,Saudi Arabia,Retail,2024-06-12,6132.33,Y
CUST0003869,Mei,Gonzalez,mei.gonzalez552@example.com,Brazil,Wholesale,2019-07-05,5867.06,Y
CUST0003870,Ingrid,Garcia,ingrid.garcia89@example.com,Brazil,Wholesale,2022-04-15,863.43,Y
CUST0003871,Robert,Clark,robert.clark989@example.com,USA,VIP,2019-08-12,3014.78,Y
CUST0003872,Robert,Lee,robert.lee410@example.com,France,Corporate,2019-03-31,1503.11,N
CUST0003873,Carlos,Brown,carlos.brown486@example.com,India,Wholesale,2022-05-21,1352.83,Y
CUST0003874,Layla,Thompson,layla.thompson11@example.com,USA,VIP,2021-08-26,9281.06,Y
CUST0003875,Barbara,Gonzalez,barbara.gonzalez278@example.com,India,Retail,2022-12-27,714.1,Y
CUST0003876,Elizabeth,Anderson,elizabeth.anderson690@example.com,Canada,Wholesale,2020-03-22,3216.6,Y
CUST0003877,Linda,Smith,linda.smith659@example.com,South Africa,VIP,2020-11-26,1420.84,Y
CUST0003878,Jennifer,Ramirez,jennifer.ramirez307@example.com,UK,Wholesale,2026-01-09,11073.49,Y
CUST0003879,Wei,Moore,wei.moore922@example.com,Singapore,E-Commerce,2019-04-22,4571.38,N
CUST0003880,Richard,Robinson,richard.robinson183@example.com,China,Corporate,2025-05-21,1815.8,Y
CUST0003881,Layla,White,layla.white489@example.com,India,Retail,2022-09-25,3990.07,Y
CUST0003882,Susan,Taylor,susan.taylor619@example.com,France,Wholesale,2024-12-29,7074.27,N
CUST0003883,Sarah,Ramirez,sarah.ramirez829@example.com,Canada,Corporate,2021-09-04,16364.5,Y
CUST0003884,Michael,Allen,michael.allen564@example.com,China,Retail,2018-12-21,1745.17,Y
CUST0003885,Sakura,Gonzalez,sakura.gonzalez177@example.com,France,Wholesale,2018-06-18,11365.76,Y
CUST0003886,Charles,Scott,charles.scott225@example.com,China,E-Commerce,2020-12-28,14113.59,Y
CUST0003887,John,Young,john.young173@example.com,Germany,E-Commerce,2021-11-15,12909.79,Y
CUST0003888,Fatima,Gonzalez,fatima.gonzalez514@example.com,Singapore,Corporate,2024-06-03,5544.97,Y
CUST0003889,James,Hernandez,james.hernandez368@example.com,Singapore,E-Commerce,2024-01-05,5468.84,Y
CUST0003890,Joseph,Harris,joseph.harris863@example.com,Saudi Arabia,Wholesale,2022-09-09,3080.96,Y
CUST0003891,Robert,Moore,robert.moore705@example.com,China,Wholesale,2020-03-21,7479.66,Y
CUST0003892,Sarah,Jones,sarah.jones669@example.com,USA,Retail,2024-09-05,4288.9,Y
CUST0003893,Omar,Perez,omar.perez641@example.com,South Africa,E-Commerce,2023-05-28,6157.3,Y
CUST0003894,Sarah,Lopez,sarah.lopez94@example.com,India,E-Commerce,2020-08-18,3297.09,Y
CUST0003895,Mary,Williams,mary.williams596@example.com,Saudi Arabia,Wholesale,2023-05-08,7074.46,Y
CUST0003896,Thomas,Ramirez,thomas.ramirez52@example.com,France,Corporate,2025-04-06,9199.77,Y
CUST0003897,Michael,Jackson,michael.jackson228@example.com,China,VIP,2023-11-11,1291.68,Y
CUST0003898,Susan,Robinson,susan.robinson53@example.com,India,Corporate,2018-12-04,9446.7,Y
CUST0003899,Hans,Thompson,hans.thompson900@example.com,India,E-Commerce,2022-08-24,4385.87,Y
CUST0003900,William,Harris,william.harris774@example.com,Germany,Corporate,2024-03-16,9810.89,N
CUST0003901,John,White,john.white675@example.com,France,Retail,2023-10-29,3322.03,Y
CUST0003902,Layla,Williams,layla.williams961@example.com,USA,Wholesale,2023-01-29,2882.45,Y
CUST0003903,David,Davis,david.davis12@example.com,Saudi Arabia,VIP,2021-06-15,12829.09,Y
CUST0003904,Ingrid,Scott,ingrid.scott395@example.com,USA,E-Commerce,2020-08-25,1946.21,Y
CUST0003905,Sofia,Williams,sofia.williams346@example.com,South Africa,Retail,2020-07-22,9796.31,Y
CUST0003906,Hans,Moore,hans.moore937@example.com,India,VIP,2023-09-17,3808.44,Y
CUST0003907,Mary,Sanchez,mary.sanchez495@example.com,Australia,Corporate,2025-06-20,4108.72,Y
CUST0003908,Priya,Walker,priya.walker718@example.com,Saudi Arabia,Retail,2024-02-23,2344.23,N
CUST0003909,Barbara,Lopez,barbara.lopez431@example.com,India,Corporate,2024-06-11,4755.35,Y
CUST0003910,Jennifer,Johnson,jennifer.johnson790@example.com,Japan,Corporate,2023-09-13,2466.78,Y
CUST0003911,Sofia,Perez,sofia.perez224@example.com,Japan,E-Commerce,2025-08-01,700.31,Y
CUST0003912,Robert,Harris,robert.harris483@example.com,Saudi Arabia,Wholesale,2024-06-03,2087.26,Y
CUST0003913,Karen,Hernandez,karen.hernandez714@example.com,Japan,VIP,2023-08-26,532.0,Y
CUST0003914,Priya,Johnson,priya.johnson760@example.com,Singapore,E-Commerce,2025-02-24,19664.85,Y
CUST0003915,Mary,Martin,mary.martin585@example.com,UK,Wholesale,2019-04-29,17369.94,Y
CUST0003916,Patricia,Taylor,,Singapore,VIP,2022-09-27,3013.92,Y
CUST0003917,John,Wright,john.wright886@example.com,India,Corporate,2018-05-02,-7016.59,Y
CUST0003918,Susan,Lopez,susan.lopez860@example.com,USA,Retail,2022-07-06,2621.76,Y
CUST0003919,James,Walker,james.walker197@example.com,Saudi Arabia,VIP,2024-07-09,6059.9,Y
CUST0003920,Omar,Garcia,omar.garcia690@example.com,Brazil,VIP,2019-10-17,8684.82,Y
CUST0003921,Olivia,Martinez,olivia.martinez429@example.com,Mexico,E-Commerce,2020-04-15,15164.37,Y
CUST0003922,Joseph,Robinson,not_an_email,China,Retail,2023-12-27,3055.9,Y
CUST0003923,Karen,Taylor,karen.taylor176@example.com,India,VIP,2021-04-10,8146.16,Y
CUST0003924,Susan,Wright,susan.wright704@example.com,Australia,Wholesale,2018-12-23,2045.74,Y
CUST0003925,Jessica,Lee,jessica.lee310@example.com,Australia,VIP,2025-10-06,23694.83,Y
CUST0003926,Charles,Thompson,charles.thompson794@example.com,Brazil,VIP,2022-09-11,630.54,Y
CUST0003927,Raj,Lopez,raj.lopez66@example.com,Brazil,E-Commerce,2024-01-16,5125.76,Y
CUST0003928,James,White,james.white265@example.com,Brazil,VIP,2019-10-28,5886.79,N
CUST0003929,Sarah,Anderson,sarah.anderson575@example.com,South Africa,VIP,2026-04-30,6324.49,Y
CUST0003930,Jessica,Brown,jessica.brown715@example.com,UK,Retail,2023-03-24,1141.37,Y
CUST0003931,Linda,Clark,linda.clark483@example.com,Japan,Retail,2022-05-02,14446.01,Y
CUST0003932,Sarah,Anderson,,Canada,E-Commerce,2025-03-27,1499.48,Y
CUST0003933,Patricia,Miller,patricia.miller389@example.com,Australia,E-Commerce,2024-07-07,5374.28,N
CUST0003934,Elizabeth,Allen,elizabeth.allen96@example.com,UAE,Retail,2020-03-29,1759.49,N
CUST0003935,Robert,Davis,robert.davis488@example.com,USA,VIP,2019-10-02,2335.19,Y
CUST0003936,Karen,Williams,karen.williams457@example.com,South Africa,Retail,2020-04-13,4453.34,Y
CUST0003937,Liam,Williams,liam.williams531@example.com,Australia,Retail,2023-02-04,3199.5,Y
CUST0003938,Elizabeth,King,elizabeth.king170@example.com,Brazil,Corporate,2024-03-03,1373.11,Y
CUST0003939,Charles,Martin,charles.martin863@example.com,Japan,E-Commerce,2026-06-09,1437.29,N
CUST0003940,Mary,Robinson,mary.robinson151@example.com,Japan,VIP,2025-05-26,3207.67,Y
CUST0003941,Fatima,Lopez,fatima.lopez657@example.com,Australia,Corporate,2025-01-29,7579.3,Y
CUST0003942,John,Clark,john.clark553@example.com,USA,Corporate,2024-08-23,11912.18,Y
CUST0003943,Raj,Davis,raj.davis176@example.com,Saudi Arabia,Corporate,2022-07-22,939.39,Y
CUST0003944,James,Scott,james.scott34@example.com,Japan,Wholesale,2018-03-10,2996.99,Y
CUST0003945,Linda,Robinson,linda.robinson59@example.com,Australia,Wholesale,2022-09-22,1028.17,Y
CUST0003946,Thomas,Moore,thomas.moore276@example.com,Germany,E-Commerce,2024-09-02,583.66,Y
CUST0003947,Barbara,Taylor,barbara.taylor343@example.com,Japan,Corporate,2018-01-25,5919.39,Y
CUST0003948,James,Jackson,james.jackson830@example.com,Australia,Wholesale,2021-05-06,5112.17,Y
CUST0003949,Mei,Wilson,mei.wilson418@example.com,Brazil,Retail,2024-07-26,1389.77,Y
CUST0003950,Elizabeth,Anderson,elizabeth.anderson470@example.com,UAE,Wholesale,2018-02-06,1831.64,Y
CUST0003951,Sarah,Lewis,sarah.lewis415@example.com,Singapore,Retail,2020-10-20,619.97,Y
CUST0003952,Hans,Smith,hans.smith136@example.com,South Africa,E-Commerce,2020-09-19,9507.45,Y
CUST0003953,William,Martin,william.martin44@example.com,UAE,E-Commerce,2020-06-29,18882.9,Y
CUST0003954,Sofia,Taylor,sofia.taylor514@example.com,Saudi Arabia,Retail,2025-11-06,1227.79,Y
CUST0003955,Hans,White,hans.white798@example.com,France,Retail,2020-09-22,1816.41,Y
CUST0003956,Sarah,Allen,sarah.allen560@example.com,UK,Retail,2021-12-13,10640.3,Y
CUST0003957,Hans,Young,hans.young255@example.com,Japan,E-Commerce,2021-02-06,13549.89,N
CUST0003958,Priya,Clark,priya.clark156@example.com,Germany,Wholesale,2020-08-03,3220.42,Y
CUST0003959,Raj,Sanchez,raj.sanchez827@example.com,China,VIP,2025-01-03,759.74,N
CUST0003960,Carlos,Jackson,carlos.jackson600@example.com,Canada,Wholesale,2022-03-08,700.94,Y
CUST0003961,Sakura,Lopez,sakura.lopez139@example.com,Mexico,Retail,2020-11-16,4765.99,Y
CUST0003962,Layla,Harris,layla.harris189@example.com,UK,Corporate,2024-04-27,2995.27,Y
CUST0003963,James,Harris,james.harris427@example.com,India,Retail,2023-02-02,645.35,N
CUST0003964,Carlos,Lopez,carlos.lopez194@example.com,South Africa,E-Commerce,2022-03-25,4876.37,Y
CUST0003965,Elizabeth,Scott,elizabeth.scott254@example.com,Germany,E-Commerce,2026-06-06,556.83,Y
CUST0003966,Yuki,Sanchez,yuki.sanchez570@example.com,Japan,Corporate,2025-12-18,8241.05,Y
CUST0003967,Barbara,White,barbara.white939@example.com,Saudi Arabia,Corporate,2018-02-20,2329.54,Y
CUST0003968,Jessica,Taylor,jessica.taylor538@example.com,UK,Retail,2023-11-14,705.45,N
CUST0003969,Thomas,Thomas,thomas.thomas98@example.com,UAE,Wholesale,2024-10-06,4937.94,Y
CUST0003970,Richard,Garcia,richard.garcia159@example.com,UK,Corporate,2018-02-10,3034.87,Y
CUST0003971,John,Jackson,john.jackson305@example.com,USA,Corporate,2022-06-22,18710.06,Y
CUST0003972,John,Martin,john.martin759@example.com,Australia,Wholesale,2018-05-19,4428.49,Y
CUST0003973,John,Wilson,john.wilson308@example.com,Canada,Retail,2020-04-16,2109.57,Y
CUST0003974,Sakura,Lee,sakura.lee156@example.com,South Africa,VIP,2023-04-10,6679.71,Y
CUST0003975,Liam,Ramirez,liam.ramirez660@example.com,UAE,Corporate,2021-05-02,2083.78,Y
CUST0003976,William,Jackson,william.jackson931@example.com,USA,E-Commerce,2024-12-18,12229.72,N
CUST0003977,Elizabeth,Brown,elizabeth.brown532@example.com,UK,Wholesale,2021-10-11,2847.79,Y
CUST0003978,Mary,Young,mary.young437@example.com,India,VIP,2019-02-24,4491.08,Y
CUST0003979,Thomas,Scott,thomas.scott928@example.com,Brazil,Corporate,2019-05-28,759.48,N
CUST0003980,Liam,Williams,liam.williams665@example.com,Singapore,E-Commerce,2022-07-06,3276.69,Y
CUST0003981,James,Garcia,james.garcia486@example.com,Australia,E-Commerce,2020-10-04,9429.79,Y
CUST0003982,James,Lewis,james.lewis631@example.com,India,Corporate,2019-02-16,8690.44,N
CUST0003983,Sofia,Perez,sofia.perez492@example.com,UK,E-Commerce,2018-01-28,1770.07,Y
CUST0003984,Karen,Young,karen.young264@example.com,Canada,Wholesale,2021-07-26,1781.43,Y
CUST0003985,John,Gonzalez,john.gonzalez494@example.com,Australia,VIP,2021-07-17,8999.69,Y
CUST0003986,Michael,Smith,michael.smith54@example.com,China,Corporate,2023-07-25,13824.84,Y
CUST0003987,David,Jones,david.jones509@example.com,UAE,Retail,2020-07-13,1001.1,Y
CUST0003988,Barbara,Williams,barbara.williams151@example.com,Mexico,E-Commerce,2024-12-22,3489.72,Y
CUST0003989,John,Gonzalez,john.gonzalez529@example.com,China,Wholesale,2020-05-10,2558.33,Y
CUST0003990,Richard,Martin,richard.martin750@example.com,UK,E-Commerce,2021-06-25,10727.65,Y
CUST0003991,Hans,Jackson,hans.jackson564@example.com,Brazil,Retail,2021-01-14,936.1,Y
CUST0003992,Mary,Lewis,mary.lewis768@example.com,Japan,Corporate,2019-06-12,1685.74,Y
CUST0003993,Ahmed,Jones,ahmed.jones946@example.com,South Africa,Retail,2025-10-04,7481.08,Y
CUST0003994,Carlos,Lee,carlos.lee79@example.com,Saudi Arabia,VIP,2018-10-20,763.28,Y
CUST0003995,Robert,Scott,robert.scott874@example.com,Saudi Arabia,E-Commerce,2019-01-03,3891.64,Y
CUST0003996,Jessica,Hernandez,jessica.hernandez885@example.com,Japan,VIP,2021-11-22,3417.94,Y
CUST0003997,Wei,Harris,wei.harris198@example.com,France,Retail,2024-10-14,2535.34,Y
CUST0003998,Olivia,Thompson,olivia.thompson522@example.com,USA,E-Commerce,2021-11-19,3009.1,Y
CUST0003999,Jennifer,Miller,jennifer.miller329@example.com,South Africa,Corporate,2020-12-03,4274.48,Y
CUST0004000,Priya,White,priya.white255@example.com,Brazil,Retail,2022-06-20,1379.91,Y
CUST0004001,Sakura,Walker,sakura.walker3@example.com,USA,E-Commerce,2018-02-16,4743.11,Y
CUST0004002,James,Martin,james.martin327@example.com,South Africa,E-Commerce,2019-04-26,8684.88,Y
CUST0004003,Mary,Thomas,mary.thomas619@example.com,South Africa,VIP,2019-09-05,7638.94,Y
CUST0004004,Liam,Johnson,liam.johnson698@example.com,Germany,VIP,2022-04-17,1335.59,Y
CUST0004005,David,Williams,david.williams245@example.com,Japan,E-Commerce,2024-02-07,1308.18,Y
CUST0004006,Sarah,Johnson,sarah.johnson676@example.com,China,VIP,2024-01-23,2061.07,Y
CUST0004007,Priya,Lee,priya.lee162@example.com,Brazil,E-Commerce,2019-01-06,2739.84,N
CUST0004008,Raj,Jackson,raj.jackson709@example.com,India,VIP,2020-04-26,3125.09,Y
CUST0004009,Jessica,Perez,jessica.perez739@example.com,India,Wholesale,2020-03-30,6192.44,Y
CUST0004010,Richard,Robinson,richard.robinson308@example.com,France,Retail,2023-08-23,791.75,N
CUST0004011,Patricia,Ramirez,patricia.ramirez500@example.com,USA,VIP,2026-01-27,676.44,N
CUST0004012,Olivia,Walker,olivia.walker993@example.com,USA,VIP,2019-11-20,2987.17,Y
CUST0004013,Linda,Garcia,linda.garcia554@example.com,Singapore,E-Commerce,2020-06-29,6472.81,Y
CUST0004014,Richard,,richard.martinez831@example.com,India,Corporate,2019-02-15,1574.86,Y
CUST0004015,Liam,Moore,liam.moore567@example.com,UAE,VIP,2018-07-12,5629.2,Y
CUST0004016,Priya,Thomas,priya.thomas191@example.com,Australia,Retail,2019-04-02,2004.36,Y
CUST0004017,Priya,Williams,priya.williams303@example.com,China,Wholesale,2019-08-25,-11361.56,Y
CUST0004018,Joseph,Walker,joseph.walker695@example.com,USA,Corporate,2023-05-10,11801.94,N
CUST0004019,Mei,Moore,mei.moore304@example.com,China,Retail,2023-12-19,2264.04,Y
CUST0004020,William,Gonzalez,william.gonzalez82@example.com,China,Retail,2021-03-30,1806.78,Y
CUST0004021,John,Perez,john.perez747@example.com,Germany,VIP,2021-01-20,3149.23,Y
CUST0004022,Sakura,Harris,sakura.harris418@example.com,UK,Corporate,2020-01-07,1875.68,Y
CUST0004023,Raj,Smith,raj.smith373@example.com,Germany,Retail,2019-07-19,6079.56,Y
CUST0004024,John,Wright,john.wright309@example.com,USA,Wholesale,2022-03-12,9245.36,Y
CUST0004025,Olivia,Lewis,olivia.lewis7@example.com,Germany,Corporate,2023-10-19,6090.38,Y
CUST0004026,Fatima,Brown,fatima.brown403@example.com,Germany,Retail,2022-06-11,9196.32,Y
CUST0004027,Sofia,Smith,sofia.smith380@example.com,USA,Wholesale,2026-03-13,3029.13,Y
CUST0004028,Jennifer,Ramirez,jennifer.ramirez273@example.com,Singapore,Retail,2024-12-30,1349.89,Y
CUST0004029,Linda,Smith,linda.smith881@example.com,Germany,VIP,2018-06-29,7196.12,Y
CUST0004030,David,Brown,david.brown825@example.com,Mexico,Wholesale,2025-03-02,2735.14,Y
CUST0004031,Mei,Rodriguez,mei.rodriguez24@example.com,Brazil,E-Commerce,2021-10-20,6062.61,Y
CUST0004032,Richard,Robinson,richard.robinson776@example.com,UAE,VIP,2023-03-30,2077.97,Y
CUST0004033,Mei,Anderson,mei.anderson879@example.com,Canada,VIP,2025-04-13,923.6,Y
CUST0004034,Priya,Williams,priya.williams51@example.com,Brazil,VIP,2022-10-29,25019.09,Y
CUST0004035,Ingrid,Thompson,ingrid.thompson940@example.com,Singapore,Corporate,2021-04-24,1349.21,Y
CUST0004036,Thomas,Moore,thomas.moore646@example.com,Brazil,Wholesale,2018-06-29,22792.81,Y
CUST0004037,Olivia,Jackson,olivia.jackson711@example.com,France,E-Commerce,2020-07-11,19422.53,Y
CUST0004038,Linda,Scott,linda.scott17@example.com,Australia,VIP,2019-05-10,8394.98,Y
CUST0004039,Raj,Thompson,raj.thompson645@example.com,UAE,VIP,2020-05-15,5885.57,Y
CUST0004040,Charles,Perez,charles.perez408@example.com,India,Wholesale,2019-11-19,4811.46,Y
CUST0004041,Mei,Martinez,mei.martinez127@example.com,China,VIP,2023-07-21,10553.37,Y
CUST0004042,Carlos,Harris,carlos.harris13@example.com,Germany,Corporate,2019-02-25,2208.51,Y
CUST0004043,William,Martin,william.martin555@example.com,India,Retail,2023-01-08,3652.56,Y
CUST0004044,Hans,Martinez,hans.martinez776@example.com,India,Corporate,2018-03-07,5329.9,Y
CUST0004045,Wei,Jones,wei.jones375@example.com,Japan,E-Commerce,2018-04-22,3148.26,Y
CUST0004046,Richard,Smith,richard.smith70@example.com,China,Wholesale,2025-08-14,3288.59,Y
CUST0004047,Jennifer,Ramirez,jennifer.ramirez509@example.com,Saudi Arabia,Retail,2021-07-18,2504.51,Y
CUST0004048,Wei,King,wei.king451@example.com,Brazil,Retail,2022-03-10,4653.22,Y
CUST0004049,Thomas,Martin,thomas.martin77@example.com,Germany,Wholesale,2024-08-16,10004.79,Y
CUST0004050,Hans,Taylor,hans.taylor58@example.com,Mexico,Corporate,2020-12-18,1625.28,Y
CUST0004051,Mei,Wilson,mei.wilson100@example.com,Australia,E-Commerce,2025-10-15,14123.42,N
CUST0004052,Ingrid,Brown,ingrid.brown327@example.com,Mexico,Corporate,2019-05-20,6341.22,Y
CUST0004053,Jennifer,King,jennifer.king653@example.com,Brazil,VIP,2022-06-18,9165.75,Y
CUST0004054,Karen,Sanchez,karen.sanchez595@example.com,Germany,Corporate,2021-09-14,4561.8,Y
CUST0004055,Linda,Scott,linda.scott241@example.com,Germany,E-Commerce,2026-01-01,8059.67,Y
CUST0004056,Thomas,Scott,not_an_email,India,VIP,2018-01-29,581.67,Y
CUST0004057,Ingrid,Brown,ingrid.brown791@example.com,UK,Wholesale,2026-05-14,9029.21,Y
CUST0004058,Yuki,Garcia,yuki.garcia556@example.com,France,Wholesale,2018-01-25,704.83,Y
CUST0004059,Michael,Lopez,michael.lopez168@example.com,USA,VIP,2022-01-14,11532.44,Y
CUST0004060,Jessica,,jessica.wilson195@example.com,Singapore,Wholesale,2025-09-28,24618.34,Y
CUST0004061,Yuki,Wilson,yuki.wilson806@example.com,Australia,Wholesale,2020-05-11,2241.18,Y
CUST0004062,Priya,Jackson,priya.jackson266@example.com,USA,Wholesale,2024-04-15,1680.63,N
CUST0004063,Ahmed,Thomas,ahmed.thomas782@example.com,UK,Corporate,2023-02-28,7748.59,Y
CUST0004064,Barbara,Taylor,barbara.taylor170@example.com,China,Corporate,2020-08-27,1958.63,Y
CUST0004065,David,Anderson,david.anderson739@example.com,Japan,E-Commerce,2025-04-23,10533.28,Y
CUST0004066,William,Thomas,,UK,Retail,2024-06-14,1042.62,Y
CUST0004067,James,Jones,james.jones434@example.com,Brazil,Wholesale,2020-07-22,1173.12,Y
CUST0004068,Barbara,King,barbara.king286@example.com,France,Wholesale,2020-05-20,19852.38,N
CUST0004069,Sakura,Jones,sakura.jones620@example.com,Brazil,VIP,2019-09-04,6101.82,Y
CUST0004070,James,Walker,james.walker340@example.com,Singapore,E-Commerce,2018-12-11,9882.9,Y
CUST0004071,Sarah,Perez,sarah.perez130@example.com,South Africa,Corporate,2018-08-24,2460.25,N
CUST0004072,Hans,Lee,hans.lee447@example.com,Brazil,VIP,2024-12-24,6142.53,Y
CUST0004073,Olivia,Anderson,olivia.anderson128@example.com,USA,Retail,2026-01-14,5009.99,Y
CUST0004074,Charles,Thomas,charles.thomas219@example.com,Australia,Wholesale,2020-01-25,5120.99,Y
CUST0004075,Sofia,Martinez,sofia.martinez936@example.com,UK,Corporate,2023-01-15,6236.9,Y
CUST0004076,Susan,Wilson,susan.wilson962@example.com,Canada,Corporate,2026-02-21,4782.56,Y
CUST0004077,Robert,Sanchez,robert.sanchez412@example.com,South Africa,E-Commerce,2026-03-10,3302.38,Y
CUST0004078,Hans,Smith,hans.smith213@example.com,Japan,E-Commerce,2018-08-03,2114.29,Y
CUST0004079,Robert,Perez,,UAE,Wholesale,2024-12-30,7817.63,Y
CUST0004080,Karen,Rodriguez,karen.rodriguez646@example.com,France,Retail,2026-03-01,1782.68,Y
CUST0004081,Yuki,Martin,yuki.martin746@example.com,USA,Wholesale,2023-07-25,6394.03,Y
CUST0004082,Sofia,Walker,sofia.walker801@example.com,Saudi Arabia,E-Commerce,2023-09-05,1828.51,Y
CUST0004083,Ingrid,Clark,ingrid.clark142@example.com,UAE,VIP,2018-01-10,5408.55,Y
CUST0004084,Sofia,Hernandez,sofia.hernandez15@example.com,Singapore,Retail,2020-09-30,7373.38,Y
CUST0004085,Richard,Allen,richard.allen679@example.com,UAE,Corporate,2020-12-10,1734.07,N
CUST0004086,John,Jackson,john.jackson588@example.com,China,E-Commerce,2021-07-14,809.08,Y
CUST0004087,Susan,Miller,susan.miller536@example.com,South Africa,Wholesale,2024-08-01,1201.91,Y
CUST0004088,Sakura,Wright,sakura.wright726@example.com,France,VIP,2018-11-13,5156.98,Y
CUST0004089,Omar,Ramirez,omar.ramirez36@example.com,Brazil,VIP,2021-07-14,9967.18,Y
CUST0004090,James,Jackson,james.jackson612@example.com,Mexico,Wholesale,2019-08-09,730.2,Y
CUST0004091,Sofia,Jackson,sofia.jackson222@example.com,UK,Wholesale,2026-05-11,7124.14,Y
CUST0004092,Thomas,Harris,,UK,Retail,2019-10-05,2587.58,Y
CUST0004093,Liam,Jones,liam.jones677@example.com,Singapore,Retail,2021-09-11,3755.5,Y
CUST0004094,Olivia,Perez,olivia.perez234@example.com,France,Retail,2018-01-17,13715.5,Y
CUST0004095,Barbara,Lewis,barbara.lewis448@example.com,Mexico,Wholesale,2019-07-18,2517.12,N
CUST0004096,Layla,Martin,layla.martin962@example.com,China,E-Commerce,2019-12-09,3630.59,Y
CUST0004097,David,Perez,david.perez408@example.com,Mexico,Corporate,2026-05-16,568.88,Y
CUST0004098,Sakura,Jones,sakura.jones868@example.com,Japan,VIP,2023-11-26,925.6,Y
CUST0004099,William,Wilson,william.wilson462@example.com,Japan,VIP,2025-04-12,1996.02,Y
CUST0004100,Fatima,Wright,fatima.wright996@example.com,Singapore,E-Commerce,2018-10-04,641.24,Y
CUST0004101,Patricia,Harris,patricia.harris715@example.com,Canada,Wholesale,2025-10-29,5489.88,Y
CUST0004102,Mei,Sanchez,mei.sanchez314@example.com,China,VIP,2024-09-21,3279.1,Y
CUST0004103,Sarah,Sanchez,sarah.sanchez26@example.com,Saudi Arabia,E-Commerce,2023-10-12,4471.97,Y
CUST0004104,Hans,Moore,hans.moore581@example.com,Saudi Arabia,Corporate,2020-02-29,1459.72,Y
CUST0004105,Liam,Thomas,liam.thomas995@example.com,USA,VIP,2022-12-27,2254.4,Y
CUST0004106,Priya,Davis,priya.davis52@example.com,Singapore,VIP,2018-09-01,5950.61,Y
CUST0004107,Elizabeth,Clark,elizabeth.clark86@example.com,India,Corporate,2019-06-27,17305.47,Y
CUST0004108,Carlos,Lee,carlos.lee365@example.com,South Africa,E-Commerce,2026-03-20,758.66,Y
CUST0004109,Omar,Clark,omar.clark974@example.com,France,E-Commerce,2023-08-07,11553.87,Y
CUST0004110,Layla,Sanchez,layla.sanchez331@example.com,UAE,E-Commerce,2023-07-15,4800.51,Y
CUST0004111,Barbara,Taylor,barbara.taylor482@example.com,India,E-Commerce,2018-01-24,4649.64,Y
CUST0004112,Raj,King,raj.king458@example.com,UAE,VIP,2022-08-27,3968.52,Y
CUST0004113,William,Jackson,william.jackson700@example.com,USA,E-Commerce,2018-10-20,859.6,Y
CUST0004114,Wei,Taylor,wei.taylor333@example.com,Canada,Wholesale,2019-12-19,970.88,Y
CUST0004115,Karen,Taylor,karen.taylor71@example.com,Saudi Arabia,VIP,2024-08-08,5092.87,Y
CUST0004116,Charles,Smith,charles.smith148@example.com,Saudi Arabia,Wholesale,2020-04-05,2584.84,Y
CUST0004117,Liam,Ramirez,liam.ramirez18@example.com,Japan,Wholesale,2021-07-27,12960.75,Y
CUST0004118,Robert,Jones,robert.jones464@example.com,USA,Wholesale,2022-07-31,3109.35,Y
CUST0004119,Karen,Moore,karen.moore158@example.com,South Africa,Wholesale,2023-10-01,1273.23,Y
CUST0004120,Patricia,Lopez,patricia.lopez47@example.com,Saudi Arabia,E-Commerce,2026-03-15,6771.4,Y
CUST0004121,Liam,Anderson,liam.anderson32@example.com,Brazil,E-Commerce,2026-05-17,2236.12,Y
CUST0004122,Sarah,Smith,sarah.smith598@example.com,Saudi Arabia,Corporate,2025-02-26,4227.16,Y
CUST0004123,Yuki,Young,yuki.young889@example.com,Singapore,VIP,2023-06-18,6483.87,Y
CUST0004124,Sarah,Perez,sarah.perez157@example.com,Japan,E-Commerce,2019-03-25,12026.15,Y
CUST0004125,Raj,Moore,raj.moore540@example.com,USA,E-Commerce,2021-07-25,8355.68,N
CUST0004126,Ingrid,Wilson,ingrid.wilson363@example.com,Saudi Arabia,Corporate,2026-06-07,6140.63,Y
CUST0004127,Karen,Allen,karen.allen998@example.com,USA,VIP,2021-08-11,6191.44,Y
CUST0004128,Joseph,Taylor,joseph.taylor694@example.com,USA,E-Commerce,2024-07-22,15086.88,Y
CUST0004129,Olivia,Williams,olivia.williams144@example.com,Australia,Corporate,2018-01-05,2253.64,Y
CUST0004130,Thomas,Moore,thomas.moore151@example.com,Australia,Retail,2020-08-13,505.56,N
CUST0004131,Wei,King,wei.king615@example.com,Saudi Arabia,Wholesale,2021-09-22,2086.96,Y
CUST0004132,Mary,Robinson,mary.robinson196@example.com,Singapore,E-Commerce,2019-09-22,1728.81,Y
CUST0004133,Michael,Lewis,michael.lewis681@example.com,China,Corporate,2021-03-16,5921.1,Y
CUST0004134,Ingrid,White,ingrid.white625@example.com,UAE,Retail,2025-05-12,5521.67,Y
CUST0004135,Omar,Ramirez,omar.ramirez756@example.com,France,VIP,2026-02-03,5000.38,Y
CUST0004136,James,Allen,james.allen535@example.com,Saudi Arabia,Wholesale,2024-10-19,581.88,Y
CUST0004137,Layla,Sanchez,layla.sanchez714@example.com,Japan,E-Commerce,2019-03-11,7024.09,Y
CUST0004138,David,Thomas,david.thomas663@example.com,Saudi Arabia,Wholesale,2019-11-21,2454.34,N
CUST0004139,Sofia,Johnson,sofia.johnson755@example.com,Australia,E-Commerce,2026-02-07,5968.96,Y
CUST0004140,Sarah,Hernandez,sarah.hernandez471@example.com,India,Corporate,2021-04-13,4566.17,N
CUST0004141,Susan,Miller,susan.miller870@example.com,China,Wholesale,2025-11-06,2598.31,Y
CUST0004142,Priya,Lopez,priya.lopez864@example.com,Brazil,Wholesale,2025-05-15,1222.68,N
CUST0004143,Jennifer,White,jennifer.white95@example.com,Saudi Arabia,VIP,2026-07-28,995.89,Y
CUST0004144,Liam,Allen,liam.allen154@example.com,France,Wholesale,2022-04-12,9404.64,Y
CUST0004145,Fatima,Martin,fatima.martin425@example.com,Brazil,VIP,2024-08-28,13029.48,Y
CUST0004146,Carlos,Martinez,carlos.martinez242@example.com,UK,Corporate,2026-02-17,5746.08,Y
CUST0004147,Yuki,Davis,yuki.davis462@example.com,Brazil,VIP,2024-06-30,1045.92,Y
CUST0004148,Elizabeth,Hernandez,elizabeth.hernandez234@example.com,China,VIP,2018-08-20,3071.05,Y
CUST0004149,Sofia,Lee,sofia.lee844@example.com,France,VIP,2025-01-15,7027.06,Y
CUST0004150,Patricia,Scott,patricia.scott288@example.com,Saudi Arabia,Corporate,2023-01-04,8066.57,Y
CUST0004151,Thomas,Jones,thomas.jones643@example.com,Saudi Arabia,Corporate,2022-09-20,1129.06,Y
CUST0004152,Ahmed,Gonzalez,ahmed.gonzalez608@example.com,Japan,Retail,2024-02-09,500.15,Y
CUST0004153,Robert,Lewis,robert.lewis767@example.com,Germany,Corporate,2023-10-08,6726.35,Y
CUST0004154,John,Lee,john.lee506@example.com,Brazil,Retail,2024-04-03,2704.91,Y
CUST0004155,Mei,Allen,mei.allen624@example.com,Saudi Arabia,Corporate,2019-11-18,1968.38,Y
CUST0004156,Olivia,Wilson,olivia.wilson518@example.com,France,VIP,2023-09-28,564.91,Y
CUST0004157,Susan,King,susan.king24@example.com,Singapore,Wholesale,2018-03-11,4385.9,Y
CUST0004158,Priya,Garcia,priya.garcia155@example.com,Germany,VIP,2022-06-23,10024.11,Y
CUST0004159,Barbara,Davis,barbara.davis959@example.com,Australia,VIP,2018-04-25,16306.77,Y
CUST0004160,Fatima,Garcia,fatima.garcia561@example.com,South Africa,VIP,2019-02-13,4670.62,Y
CUST0004161,Liam,King,liam.king660@example.com,India,Retail,2023-09-24,4112.48,Y
CUST0004162,Mary,Young,mary.young8@example.com,South Africa,Corporate,2022-05-09,944.46,Y
CUST0004163,Robert,Davis,robert.davis49@example.com,China,VIP,2019-06-25,4480.03,Y
CUST0004164,Elizabeth,Scott,elizabeth.scott148@example.com,India,VIP,2024-10-21,2890.01,Y
CUST0004165,Joseph,Moore,joseph.moore928@example.com,Mexico,VIP,2025-06-07,5171.45,N
CUST0004166,Sofia,Martin,sofia.martin623@example.com,South Africa,Corporate,2018-07-09,2961.05,Y
CUST0004167,Ahmed,Williams,ahmed.williams431@example.com,China,E-Commerce,2023-03-01,1874.15,Y
CUST0004168,Carlos,King,carlos.king802@example.com,Mexico,Wholesale,2020-02-22,998.91,Y
CUST0004169,Hans,Smith,hans.smith820@example.com,China,Corporate,2020-08-25,2391.09,Y
CUST0004170,David,Wilson,david.wilson103@example.com,UAE,E-Commerce,2021-10-25,1008.2,Y
CUST0004171,Ahmed,Lewis,ahmed.lewis693@example.com,South Africa,Retail,2022-01-04,1473.37,Y
CUST0004172,Jennifer,,jennifer.king490@example.com,Brazil,VIP,2025-07-29,22345.02,Y
CUST0004173,Joseph,King,joseph.king281@example.com,Mexico,E-Commerce,2020-12-14,3435.87,Y
CUST0004174,Mei,Allen,mei.allen551@example.com,Germany,Retail,2018-11-09,4295.07,Y
CUST0004175,Karen,Walker,karen.walker974@example.com,USA,Retail,2026-06-10,10842.25,Y
CUST0004176,Joseph,Lee,joseph.lee872@example.com,USA,Wholesale,2022-06-29,27595.54,Y
CUST0004177,Hans,Davis,hans.davis333@example.com,Australia,Corporate,2023-12-27,4869.92,Y
CUST0004178,Robert,Lewis,robert.lewis900@example.com,Singapore,Corporate,2024-12-05,8869.18,Y
CUST0004179,Patricia,Martinez,patricia.martinez238@example.com,Australia,E-Commerce,2025-01-14,2479.61,Y
CUST0004180,Sofia,Allen,sofia.allen299@example.com,France,Corporate,2023-04-22,2324.57,Y
CUST0004181,Charles,Johnson,charles.johnson937@example.com,Saudi Arabia,Wholesale,2022-09-30,3076.71,Y
CUST0004182,Sofia,Martin,sofia.martin834@example.com,USA,Retail,2022-11-05,6081.45,Y
CUST0004183,William,Lee,william.lee492@example.com,Germany,Corporate,2023-09-04,6231.53,Y
CUST0004184,Linda,Thompson,linda.thompson597@example.com,China,E-Commerce,2023-01-30,2393.43,Y
CUST0004185,David,Martinez,david.martinez679@example.com,China,Wholesale,2019-03-04,1214.79,Y
CUST0004186,Olivia,,olivia.wilson728@example.com,USA,Wholesale,2024-05-02,5503.75,Y
CUST0004187,Fatima,Scott,fatima.scott378@example.com,South Africa,E-Commerce,2025-03-16,1186.7,Y
CUST0004188,Joseph,Anderson,joseph.anderson180@example.com,France,Retail,2022-03-20,4819.59,Y
CUST0004189,Mei,Jones,mei.jones564@example.com,UAE,E-Commerce,2024-01-11,6411.42,Y
CUST0004190,Sofia,Harris,sofia.harris25@example.com,China,Wholesale,2021-05-13,6530.07,Y
CUST0004191,Raj,Walker,raj.walker727@example.com,France,Corporate,2019-12-25,7501.4,Y
CUST0004192,Wei,Thompson,wei.thompson558@example.com,France,Retail,2025-01-12,10812.31,Y
CUST0004193,Linda,Ramirez,linda.ramirez66@example.com,China,Retail,2021-10-11,3965.33,Y
CUST0004194,David,Hernandez,david.hernandez79@example.com,Japan,Retail,2022-07-15,7051.28,Y
CUST0004195,John,Jackson,john.jackson913@example.com,Canada,Wholesale,2026-07-24,5327.05,Y
CUST0004196,Sarah,Walker,sarah.walker396@example.com,Mexico,Retail,2025-11-28,1532.91,Y
CUST0004197,Olivia,Wilson,olivia.wilson711@example.com,China,Corporate,2021-03-24,630.13,Y
CUST0004198,William,Rodriguez,william.rodriguez549@example.com,India,E-Commerce,2025-06-14,2174.16,Y
CUST0004199,Jessica,Gonzalez,jessica.gonzalez790@example.com,South Africa,Retail,2019-09-13,3426.25,Y
CUST0004200,Wei,Johnson,wei.johnson589@example.com,Mexico,VIP,2022-04-24,5299.98,Y
CUST0004201,Barbara,Davis,barbara.davis572@example.com,South Africa,Wholesale,2022-08-30,9984.24,Y
CUST0004202,Ingrid,Davis,ingrid.davis615@example.com,Mexico,Corporate,2022-08-29,1592.31,Y
CUST0004203,John,Smith,john.smith143@example.com,UAE,Corporate,2020-09-12,1170.8,Y
CUST0004204,Robert,Rodriguez,robert.rodriguez813@example.com,Singapore,Wholesale,2019-07-02,17049.47,Y
CUST0004205,Joseph,Moore,joseph.moore629@example.com,Brazil,VIP,2018-06-12,1071.7,Y
CUST0004206,Susan,Lewis,susan.lewis996@example.com,India,VIP,2020-06-23,3755.14,Y
CUST0004207,Sakura,Thompson,sakura.thompson633@example.com,Mexico,Retail,2019-01-20,4904.18,Y
CUST0004208,Hans,Jones,hans.jones336@example.com,UK,E-Commerce,2021-02-04,4397.61,Y
CUST0004209,Linda,Moore,linda.moore301@example.com,USA,VIP,2019-11-04,949.8,Y
CUST0004210,Wei,Jones,wei.jones469@example.com,France,Corporate,2022-01-16,793.59,Y
CUST0004211,Karen,Rodriguez,karen.rodriguez890@example.com,Saudi Arabia,Corporate,2018-08-04,1057.36,Y
CUST0004212,Raj,Thomas,raj.thomas502@example.com,Saudi Arabia,Wholesale,2022-04-04,4904.47,Y
CUST0004213,Wei,Harris,wei.harris916@example.com,Brazil,E-Commerce,2021-12-29,4430.1,Y
CUST0004214,David,Lopez,david.lopez498@example.com,Australia,Corporate,2022-03-19,1831.17,Y
CUST0004215,Thomas,Garcia,thomas.garcia306@example.com,Brazil,Retail,2018-04-18,5577.44,Y
CUST0004216,Olivia,Lee,olivia.lee3@example.com,UK,E-Commerce,2021-11-07,9075.87,Y
CUST0004217,Susan,Moore,susan.moore799@example.com,France,E-Commerce,2024-02-29,712.34,Y
CUST0004218,Elizabeth,Lopez,elizabeth.lopez547@example.com,South Africa,VIP,2020-07-25,3947.07,Y
CUST0004219,Karen,Walker,karen.walker774@example.com,Germany,Wholesale,2018-09-28,6344.8,Y
CUST0004220,Mei,Moore,mei.moore388@example.com,Mexico,Retail,2022-03-12,1953.85,Y
CUST0004221,Charles,Gonzalez,charles.gonzalez153@example.com,UAE,Retail,2019-04-14,2339.19,Y
CUST0004222,Ingrid,King,ingrid.king530@example.com,China,VIP,2021-07-21,5254.9,Y
CUST0004223,William,Smith,william.smith297@example.com,USA,VIP,2021-08-12,11910.74,Y
CUST0004224,Hans,Young,hans.young667@example.com,India,Corporate,2019-01-24,8801.67,Y
CUST0004225,Patricia,King,patricia.king824@example.com,UAE,VIP,2018-07-31,4874.91,Y
CUST0004226,Liam,Walker,liam.walker989@example.com,Germany,Retail,2021-07-02,7050.77,Y
CUST0004227,Jennifer,Lee,jennifer.lee95@example.com,Canada,E-Commerce,2020-07-26,2769.25,Y
CUST0004228,Liam,Clark,liam.clark175@example.com,Australia,Retail,2018-03-02,5621.68,Y
CUST0004229,Olivia,Jones,olivia.jones562@example.com,China,Retail,2018-07-05,3638.5,Y
CUST0004230,Priya,King,priya.king328@example.com,India,E-Commerce,2019-06-12,1553.21,Y
CUST0004231,Ingrid,Brown,ingrid.brown417@example.com,Australia,VIP,2025-04-23,6548.92,Y
CUST0004232,Elizabeth,Ramirez,elizabeth.ramirez842@example.com,Brazil,Wholesale,2020-09-28,4564.89,N
CUST0004233,John,White,john.white965@example.com,France,Wholesale,2025-12-04,2720.68,Y
CUST0004234,James,Sanchez,james.sanchez35@example.com,USA,Wholesale,2020-03-10,12614.69,Y
CUST0004235,Omar,Ramirez,omar.ramirez896@example.com,UAE,E-Commerce,2025-10-19,605.78,Y
CUST0004236,Ahmed,Rodriguez,ahmed.rodriguez173@example.com,France,Retail,2019-01-28,2397.33,Y
CUST0004237,Elizabeth,Johnson,elizabeth.johnson414@example.com,India,Corporate,2018-05-31,792.82,Y
CUST0004238,John,Taylor,john.taylor328@example.com,Mexico,VIP,2024-05-08,7773.45,Y
CUST0004239,Michael,Sanchez,,South Africa,Wholesale,2020-04-22,6555.11,Y
CUST0004240,Layla,Martinez,layla.martinez132@example.com,UK,Wholesale,2021-02-12,2512.49,Y
CUST0004241,Ahmed,Anderson,ahmed.anderson890@example.com,Brazil,Wholesale,2020-01-25,6129.86,Y
CUST0004242,Patricia,White,patricia.white387@example.com,UK,Retail,2019-01-27,3020.39,N
CUST0004243,Robert,Jones,robert.jones117@example.com,Saudi Arabia,Wholesale,2020-11-14,7558.14,Y
CUST0004244,Susan,Anderson,susan.anderson590@example.com,Canada,Wholesale,2020-07-22,3527.36,Y
CUST0004245,Mei,Lopez,mei.lopez530@example.com,India,Retail,2020-05-29,3157.52,Y
CUST0004246,Thomas,Perez,thomas.perez853@example.com,Singapore,Corporate,2025-08-14,14146.11,Y
CUST0004247,William,Wilson,william.wilson312@example.com,UK,VIP,2022-06-26,1944.27,Y
CUST0004248,Karen,Lewis,karen.lewis439@example.com,Saudi Arabia,Retail,2019-12-11,1141.71,Y
CUST0004249,Omar,Ramirez,omar.ramirez440@example.com,Germany,E-Commerce,2019-12-14,4891.88,Y
CUST0004250,Wei,Thomas,wei.thomas448@example.com,Saudi Arabia,Corporate,2025-02-20,17921.02,Y
CUST0004251,Jessica,Moore,jessica.moore678@example.com,Brazil,VIP,2025-02-22,2872.78,Y
CUST0004252,Barbara,Walker,barbara.walker851@example.com,Germany,E-Commerce,2022-07-16,820.22,Y
CUST0004253,Jennifer,Perez,jennifer.perez705@example.com,UK,Corporate,2022-07-14,2572.32,Y
CUST0004254,Fatima,Jones,fatima.jones274@example.com,China,Corporate,2019-10-08,4025.41,Y
CUST0004255,Jessica,Allen,jessica.allen63@example.com,Brazil,Corporate,2022-09-02,1383.23,Y
CUST0004256,Sarah,Walker,sarah.walker802@example.com,UAE,Wholesale,2020-10-17,5866.22,Y
CUST0004257,Mei,Hernandez,mei.hernandez296@example.com,South Africa,Corporate,2021-01-14,30982.77,N
CUST0004258,Priya,Ramirez,priya.ramirez737@example.com,UAE,Wholesale,2021-10-16,3505.02,Y
CUST0004259,Carlos,Rodriguez,carlos.rodriguez781@example.com,Australia,VIP,2024-03-08,2690.42,Y
CUST0004260,Jessica,Martinez,jessica.martinez297@example.com,Germany,Corporate,2023-07-16,3060.0,N
CUST0004261,Elizabeth,Martin,elizabeth.martin106@example.com,UAE,Corporate,2018-12-02,1111.66,Y
CUST0004262,Ingrid,Clark,ingrid.clark974@example.com,Germany,VIP,2020-07-08,11239.61,Y
CUST0004263,Susan,Jackson,susan.jackson421@example.com,Japan,E-Commerce,2023-08-11,3179.23,Y
CUST0004264,Jessica,Johnson,jessica.johnson423@example.com,Saudi Arabia,Retail,2022-05-30,2949.19,Y
CUST0004265,Elizabeth,Jackson,elizabeth.jackson580@example.com,China,VIP,2025-03-01,5889.5,Y
CUST0004266,Liam,Jones,liam.jones426@example.com,Canada,E-Commerce,2020-07-08,3417.28,Y
CUST0004267,Omar,Garcia,omar.garcia104@example.com,India,VIP,2025-05-10,5723.94,Y
CUST0004268,Ingrid,Garcia,ingrid.garcia30@example.com,Germany,Retail,2023-07-30,817.08,Y
CUST0004269,Yuki,Rodriguez,yuki.rodriguez389@example.com,USA,Corporate,2025-10-01,8902.61,Y
CUST0004270,James,Miller,james.miller281@example.com,Japan,VIP,2022-10-02,14609.23,Y
CUST0004271,Olivia,Johnson,olivia.johnson570@example.com,South Africa,Wholesale,2022-05-03,5731.5,Y
CUST0004272,Susan,Davis,susan.davis135@example.com,Canada,E-Commerce,2022-06-20,15957.46,Y
CUST0004273,Karen,Lewis,karen.lewis407@example.com,UK,E-Commerce,2025-03-16,1321.03,Y
CUST0004274,Elizabeth,Hernandez,elizabeth.hernandez398@example.com,Singapore,E-Commerce,2021-11-11,3744.85,Y
CUST0004275,Susan,Gonzalez,susan.gonzalez613@example.com,Canada,Corporate,2019-07-23,5104.09,Y
CUST0004276,Karen,Smith,karen.smith221@example.com,India,VIP,2020-12-10,4858.22,Y
CUST0004277,Jennifer,Davis,jennifer.davis186@example.com,Australia,Corporate,2025-11-17,3066.32,N
CUST0004278,Charles,Robinson,charles.robinson91@example.com,Brazil,Corporate,2023-01-24,2563.09,N
CUST0004279,Mary,Clark,mary.clark699@example.com,South Africa,VIP,2020-07-07,1178.09,Y
CUST0004280,Joseph,Davis,joseph.davis34@example.com,Canada,Corporate,2019-03-17,2985.78,Y
CUST0004281,Mary,Davis,mary.davis411@example.com,Saudi Arabia,Wholesale,2024-05-14,1387.63,Y
CUST0004282,Robert,Garcia,robert.garcia200@example.com,Germany,Wholesale,2021-01-19,7128.17,N
CUST0004283,Susan,Walker,susan.walker940@example.com,Australia,Corporate,2023-05-29,-1671.22,Y
CUST0004284,Susan,Moore,susan.moore547@example.com,Saudi Arabia,Retail,2021-02-26,801.75,Y
CUST0004285,Liam,Taylor,liam.taylor91@example.com,Mexico,Retail,2018-10-19,4518.9,Y
CUST0004286,Sakura,Wilson,sakura.wilson39@example.com,Canada,E-Commerce,2024-02-08,5022.18,Y
CUST0004287,Priya,Smith,priya.smith999@example.com,France,VIP,2025-05-04,10775.23,Y
CUST0004288,Jennifer,Johnson,jennifer.johnson49@example.com,Singapore,E-Commerce,2025-05-11,4801.7,Y
CUST0004289,David,Williams,david.williams155@example.com,Japan,VIP,2022-09-05,2619.27,Y
CUST0004290,Linda,Sanchez,linda.sanchez938@example.com,Japan,Retail,2026-05-22,8623.06,N
CUST0004291,Robert,Thomas,robert.thomas299@example.com,UK,Retail,2020-04-01,4385.68,Y
CUST0004292,Fatima,Martin,fatima.martin567@example.com,France,Wholesale,2018-09-03,913.0,Y
CUST0004293,Richard,Jones,richard.jones436@example.com,USA,Corporate,2024-05-05,4671.83,N
CUST0004294,Michael,Young,michael.young858@example.com,South Africa,VIP,2019-02-13,12430.84,Y
CUST0004295,Liam,Harris,liam.harris61@example.com,Canada,E-Commerce,2023-05-23,3023.49,Y
CUST0004296,Jennifer,Young,jennifer.young119@example.com,Germany,Wholesale,2025-11-29,2257.2,Y
CUST0004297,Karen,Johnson,karen.johnson139@example.com,France,Corporate,2025-07-03,1274.33,Y
CUST0004298,David,King,david.king569@example.com,Saudi Arabia,Retail,2021-03-31,1321.1,Y
CUST0004299,William,Wright,william.wright471@example.com,Singapore,E-Commerce,2021-07-22,3334.97,Y
CUST0004300,Sakura,Jones,sakura.jones792@example.com,South Africa,VIP,2020-05-22,5027.74,N
CUST0004301,Yuki,Allen,yuki.allen378@example.com,China,Corporate,2021-04-21,920.25,Y
CUST0004302,Richard,Jones,richard.jones245@example.com,Japan,Retail,2018-06-03,14531.23,N
CUST0004303,Sakura,Martin,sakura.martin630@example.com,Canada,Corporate,2019-05-16,7535.21,Y
CUST0004304,Charles,Hernandez,charles.hernandez256@example.com,Australia,Wholesale,2019-05-03,4916.99,Y
CUST0004305,Patricia,Jones,patricia.jones728@example.com,Germany,Retail,2021-10-06,9314.07,Y
CUST0004306,Patricia,Clark,patricia.clark612@example.com,Australia,Corporate,2025-06-04,917.92,Y
CUST0004307,John,Clark,john.clark562@example.com,France,E-Commerce,2021-10-12,3739.33,Y
CUST0004308,Ahmed,Lopez,ahmed.lopez776@example.com,Australia,Corporate,2026-04-18,5472.52,Y
CUST0004309,John,Smith,john.smith143@example.com,Australia,E-Commerce,2021-03-05,9320.32,Y
CUST0004310,John,Robinson,john.robinson598@example.com,Japan,VIP,2025-11-26,8150.12,Y
CUST0004311,Layla,King,layla.king937@example.com,South Africa,E-Commerce,2022-10-11,2122.21,Y
CUST0004312,Charles,Allen,charles.allen584@example.com,Brazil,Wholesale,2018-08-28,14640.94,Y
CUST0004313,Michael,Perez,michael.perez444@example.com,China,E-Commerce,2025-06-10,1163.92,N
CUST0004314,Susan,White,susan.white373@example.com,Saudi Arabia,VIP,2021-04-28,10902.56,Y
CUST0004315,Barbara,Lewis,barbara.lewis654@example.com,Mexico,Retail,2023-02-10,18192.01,Y
CUST0004316,Priya,Rodriguez,priya.rodriguez779@example.com,Australia,E-Commerce,2022-07-18,1474.93,Y
CUST0004317,Thomas,Harris,thomas.harris895@example.com,USA,Corporate,2018-04-03,6901.86,Y
CUST0004318,Jennifer,Jackson,jennifer.jackson880@example.com,Australia,E-Commerce,2019-04-01,705.6,Y
CUST0004319,James,Harris,james.harris522@example.com,Australia,Corporate,2020-01-08,3099.52,Y
CUST0004320,Omar,Lewis,omar.lewis797@example.com,Saudi Arabia,Retail,2018-01-22,4131.28,Y
CUST0004321,Carlos,Clark,carlos.clark555@example.com,Brazil,Retail,2025-07-16,4845.19,Y
CUST0004322,Michael,Young,michael.young139@example.com,Japan,Wholesale,2018-02-01,14239.46,Y
CUST0004323,David,Gonzalez,david.gonzalez514@example.com,Mexico,Retail,2019-05-14,6077.53,Y
CUST0004324,David,Rodriguez,david.rodriguez235@example.com,UK,VIP,2019-08-30,3781.94,Y
CUST0004325,Olivia,Martinez,olivia.martinez291@example.com,USA,VIP,2021-02-11,8795.11,Y
CUST0004326,Elizabeth,King,elizabeth.king198@example.com,UAE,VIP,2024-08-17,15532.23,Y
CUST0004327,Robert,Smith,robert.smith280@example.com,Canada,Retail,2026-02-22,611.57,Y
CUST0004328,Sarah,Lewis,sarah.lewis620@example.com,Saudi Arabia,Retail,2020-07-23,20733.85,Y
CUST0004329,Michael,Davis,michael.davis959@example.com,Germany,E-Commerce,2025-06-25,950.35,Y
CUST0004330,Ahmed,Gonzalez,ahmed.gonzalez327@example.com,Saudi Arabia,Corporate,2019-08-20,8920.45,Y
CUST0004331,Layla,Rodriguez,layla.rodriguez946@example.com,Singapore,Retail,2022-11-24,2144.85,Y
CUST0004332,Mei,Young,mei.young570@example.com,USA,VIP,2026-07-07,1208.85,Y
CUST0004333,Jessica,Johnson,jessica.johnson131@example.com,South Africa,VIP,2018-03-12,3397.8,Y
CUST0004334,Mary,Martin,mary.martin105@example.com,Brazil,E-Commerce,2025-12-27,5663.51,N
CUST0004335,Jessica,Martin,jessica.martin80@example.com,Brazil,E-Commerce,2026-07-07,2897.86,Y
CUST0004336,Omar,Miller,omar.miller953@example.com,Australia,E-Commerce,2021-03-25,780.55,Y
CUST0004337,Carlos,Robinson,carlos.robinson295@example.com,Mexico,Wholesale,2024-03-05,5074.72,Y
CUST0004338,Jennifer,Allen,jennifer.allen691@example.com,Japan,VIP,2020-07-03,12134.56,Y
CUST0004339,Joseph,Thompson,joseph.thompson510@example.com,South Africa,VIP,2025-03-16,2916.18,Y
CUST0004340,Mary,Anderson,mary.anderson476@example.com,Japan,VIP,2019-04-18,1718.85,Y
CUST0004341,Michael,Anderson,michael.anderson844@example.com,Australia,VIP,2026-02-19,3422.16,N
CUST0004342,Hans,Taylor,hans.taylor954@example.com,South Africa,Wholesale,2026-01-30,747.86,Y
CUST0004343,James,Lee,james.lee834@example.com,UAE,VIP,2021-08-16,9087.55,N
CUST0004344,Sakura,White,sakura.white607@example.com,Brazil,E-Commerce,2025-10-29,9253.3,Y
CUST0004345,Liam,Moore,liam.moore192@example.com,Brazil,Retail,2022-09-13,4933.67,Y
CUST0004346,Sofia,Brown,sofia.brown707@example.com,France,E-Commerce,2019-09-20,2677.84,Y
CUST0004347,Liam,Ramirez,liam.ramirez16@example.com,India,Retail,2026-03-01,8541.78,Y
CUST0004348,Fatima,Clark,fatima.clark471@example.com,Germany,Wholesale,2023-01-27,4544.89,Y
CUST0004349,Mei,Lewis,mei.lewis916@example.com,USA,Retail,2022-06-23,9241.56,Y
CUST0004350,Hans,Clark,hans.clark96@example.com,South Africa,Wholesale,2022-09-10,5491.01,Y
CUST0004351,John,Martin,john.martin602@example.com,South Africa,VIP,2018-08-28,8171.78,Y
CUST0004352,Joseph,Johnson,joseph.johnson525@example.com,France,Wholesale,2023-05-16,5063.52,Y
CUST0004353,David,Sanchez,david.sanchez303@example.com,France,E-Commerce,2023-02-27,3173.38,Y
CUST0004354,Sakura,Lopez,sakura.lopez331@example.com,Saudi Arabia,Retail,2023-12-18,16343.99,Y
CUST0004355,Barbara,Thomas,barbara.thomas762@example.com,UK,E-Commerce,2019-12-15,4394.77,Y
CUST0004356,Omar,Smith,omar.smith786@example.com,USA,E-Commerce,2018-11-24,5145.48,Y
CUST0004357,William,Martin,william.martin114@example.com,Mexico,E-Commerce,2021-11-01,1745.43,Y
CUST0004358,Priya,Miller,priya.miller336@example.com,Japan,E-Commerce,2021-07-15,5412.83,Y
CUST0004359,Mary,Harris,mary.harris179@example.com,Singapore,Corporate,2024-04-25,4738.58,Y
CUST0004360,James,Hernandez,james.hernandez285@example.com,UK,E-Commerce,2023-01-27,1521.84,Y
CUST0004361,Susan,Anderson,susan.anderson673@example.com,UK,VIP,2021-10-16,807.18,Y
CUST0004362,Charles,Thompson,charles.thompson186@example.com,South Africa,Wholesale,2018-12-05,5136.24,Y
CUST0004363,Liam,Rodriguez,liam.rodriguez538@example.com,India,Wholesale,2018-07-08,7713.1,Y
CUST0004364,William,Ramirez,william.ramirez402@example.com,UK,VIP,2024-09-23,4205.4,Y
CUST0004365,David,Miller,david.miller498@example.com,France,Wholesale,2024-09-24,1785.91,Y
CUST0004366,William,Johnson,william.johnson310@example.com,Canada,Corporate,2023-03-16,5990.89,Y
CUST0004367,Barbara,Davis,barbara.davis368@example.com,Australia,Wholesale,2024-08-15,917.48,Y
CUST0004368,Priya,Harris,priya.harris619@example.com,Germany,Corporate,2018-01-21,3415.49,Y
CUST0004369,William,Thompson,william.thompson770@example.com,USA,Wholesale,2019-05-12,1391.85,Y
CUST0004370,David,Allen,david.allen47@example.com,France,VIP,2022-01-07,1519.52,Y
CUST0004371,Elizabeth,Williams,elizabeth.williams429@example.com,Canada,VIP,2018-07-19,1630.08,Y
CUST0004372,Jessica,Thomas,jessica.thomas217@example.com,UAE,VIP,2020-07-13,2944.56,Y
CUST0004373,Sakura,Garcia,sakura.garcia619@example.com,USA,Retail,2018-08-27,762.52,Y
CUST0004374,Barbara,Perez,barbara.perez441@example.com,Canada,Corporate,2019-08-22,3035.77,Y
CUST0004375,Fatima,Harris,fatima.harris733@example.com,Mexico,E-Commerce,2025-11-07,4084.2,Y
CUST0004376,Omar,White,omar.white363@example.com,Brazil,E-Commerce,2018-01-11,3801.41,Y
CUST0004377,Elizabeth,Anderson,elizabeth.anderson1@example.com,France,E-Commerce,2026-02-25,2912.68,Y
CUST0004378,Susan,Rodriguez,susan.rodriguez761@example.com,Germany,Retail,2022-04-27,9636.31,Y
CUST0004379,Ingrid,Robinson,ingrid.robinson939@example.com,Saudi Arabia,VIP,2018-11-06,1285.18,Y
CUST0004380,Raj,Jackson,raj.jackson452@example.com,Mexico,E-Commerce,2020-09-30,4023.03,Y
CUST0004381,Linda,Jackson,linda.jackson968@example.com,Saudi Arabia,E-Commerce,2020-03-13,820.25,Y
CUST0004382,Michael,Garcia,michael.garcia687@example.com,China,Corporate,2022-10-19,869.07,N
CUST0004383,Sofia,Perez,sofia.perez60@example.com,UAE,Wholesale,2025-05-22,4765.01,Y
CUST0004384,Carlos,Jones,carlos.jones129@example.com,USA,VIP,2019-10-18,4673.77,Y
CUST0004385,Ahmed,Walker,ahmed.walker561@example.com,USA,Corporate,2025-06-05,11020.04,Y
CUST0004386,Patricia,Martinez,patricia.martinez136@example.com,Germany,Retail,2025-07-28,4580.8,Y
CUST0004387,Yuki,Scott,yuki.scott697@example.com,South Africa,Corporate,2018-04-09,16568.32,Y
CUST0004388,Yuki,Ramirez,yuki.ramirez210@example.com,UAE,Wholesale,2019-07-09,749.6,Y
CUST0004389,Sakura,Davis,sakura.davis553@example.com,UAE,VIP,2019-09-29,1015.75,Y
CUST0004390,William,Harris,william.harris839@example.com,Australia,VIP,2026-01-30,725.33,Y
CUST0004391,Omar,White,omar.white425@example.com,Germany,Corporate,2018-12-10,1524.53,Y
CUST0004392,Elizabeth,Martin,elizabeth.martin198@example.com,USA,Retail,2018-04-29,4396.47,N
CUST0004393,Jessica,Robinson,jessica.robinson851@example.com,UAE,Wholesale,2024-05-22,5686.25,Y
CUST0004394,Elizabeth,Thomas,elizabeth.thomas720@example.com,Mexico,Retail,2020-04-28,733.28,Y
CUST0004395,Sofia,Thompson,sofia.thompson614@example.com,Australia,VIP,2022-04-06,15091.16,Y
CUST0004396,Susan,Rodriguez,susan.rodriguez995@example.com,China,VIP,2026-01-01,9731.04,Y
CUST0004397,Sakura,Scott,sakura.scott207@example.com,Saudi Arabia,Corporate,2022-08-18,2259.24,Y
CUST0004398,John,Perez,john.perez918@example.com,Germany,VIP,2019-07-26,901.65,Y
CUST0004399,Michael,Moore,michael.moore684@example.com,Singapore,Retail,2022-05-08,1430.97,Y
CUST0004400,David,Ramirez,david.ramirez403@example.com,France,Wholesale,2022-11-01,1178.78,Y
CUST0004401,Joseph,White,joseph.white66@example.com,Saudi Arabia,Wholesale,2023-06-22,1157.86,Y
CUST0004402,Sarah,Lee,sarah.lee966@example.com,UAE,Wholesale,2020-10-16,4154.89,Y
CUST0004403,Mei,Sanchez,mei.sanchez322@example.com,South Africa,Corporate,2024-11-18,1910.8,Y
CUST0004404,Carlos,Taylor,carlos.taylor542@example.com,China,VIP,2021-04-17,2716.92,Y
CUST0004405,David,Hernandez,david.hernandez286@example.com,Singapore,VIP,2021-03-25,23284.44,Y
CUST0004406,Linda,Johnson,linda.johnson315@example.com,India,Wholesale,2021-07-13,6265.04,Y
CUST0004407,Carlos,Rodriguez,carlos.rodriguez994@example.com,Brazil,Corporate,2021-09-01,15377.75,Y
CUST0004408,Fatima,Davis,fatima.davis147@example.com,Singapore,Retail,2022-09-24,1269.0,Y
CUST0004409,Hans,Clark,hans.clark729@example.com,China,Wholesale,2024-09-12,2907.46,N
CUST0004410,Ahmed,Johnson,ahmed.johnson629@example.com,China,VIP,2020-06-01,4545.39,Y
CUST0004411,Sarah,Rodriguez,sarah.rodriguez75@example.com,UK,VIP,2019-03-28,899.32,Y
CUST0004412,Mei,,mei.smith191@example.com,UK,Wholesale,2021-04-13,520.98,Y
CUST0004413,Ingrid,Scott,ingrid.scott878@example.com,Mexico,Retail,2021-03-21,6049.9,N
CUST0004414,Sakura,Robinson,sakura.robinson879@example.com,South Africa,Wholesale,2022-03-11,5633.59,Y
CUST0004415,Layla,Jackson,layla.jackson715@example.com,Australia,Retail,2023-02-23,3144.85,Y
CUST0004416,Joseph,King,joseph.king138@example.com,Canada,E-Commerce,2023-01-29,3863.23,Y
CUST0004417,Elizabeth,Thomas,elizabeth.thomas198@example.com,China,Wholesale,2025-10-11,3184.5,Y
CUST0004418,Sarah,Lee,sarah.lee66@example.com,Mexico,Corporate,2023-06-23,621.49,Y
CUST0004419,Hans,Smith,hans.smith405@example.com,Germany,Corporate,2025-01-25,2542.64,Y
CUST0004420,William,King,william.king437@example.com,Germany,Retail,2019-04-08,1474.5,Y
CUST0004421,William,Martinez,william.martinez28@example.com,Singapore,Retail,2026-01-28,1018.06,Y
CUST0004422,Charles,Allen,charles.allen941@example.com,France,Wholesale,2022-05-08,16200.37,Y
CUST0004423,Liam,Wilson,liam.wilson210@example.com,Saudi Arabia,Wholesale,2022-09-29,5073.46,Y
CUST0004424,Raj,Johnson,,Saudi Arabia,VIP,2019-11-13,7021.84,N
CUST0004425,Liam,Sanchez,liam.sanchez511@example.com,Mexico,Retail,2025-10-27,2394.34,Y
CUST0004426,James,Perez,james.perez656@example.com,Australia,E-Commerce,2024-10-20,2997.34,N
CUST0004427,Sofia,Rodriguez,sofia.rodriguez25@example.com,Japan,E-Commerce,2022-09-14,1851.99,Y
CUST0004428,Patricia,Davis,patricia.davis888@example.com,Germany,Wholesale,2020-12-07,1009.97,Y
CUST0004429,Jennifer,Wilson,jennifer.wilson384@example.com,USA,Retail,2018-11-14,1486.35,Y
CUST0004430,Fatima,Jackson,fatima.jackson401@example.com,Canada,Corporate,2021-11-14,8485.42,Y
CUST0004431,Layla,Brown,layla.brown554@example.com,South Africa,Retail,2020-06-06,6158.97,N
CUST0004432,Omar,Williams,omar.williams293@example.com,France,Retail,2018-09-08,4458.53,Y
CUST0004433,Sarah,Thomas,sarah.thomas66@example.com,UAE,Corporate,2022-04-26,3722.64,Y
CUST0004434,Fatima,Jones,fatima.jones704@example.com,Germany,E-Commerce,2020-02-22,13283.15,Y
CUST0004435,Michael,Moore,michael.moore528@example.com,Australia,Wholesale,2023-05-10,877.58,Y
CUST0004436,Ahmed,Thompson,ahmed.thompson518@example.com,USA,Wholesale,2018-06-22,2146.69,Y
CUST0004437,James,Miller,james.miller945@example.com,India,VIP,2021-07-25,2653.44,Y
CUST0004438,Hans,Davis,hans.davis499@example.com,Singapore,Corporate,2024-02-27,8126.08,Y
CUST0004439,Jennifer,Williams,jennifer.williams159@example.com,South Africa,Corporate,2025-05-15,24974.02,Y
CUST0004440,Layla,Scott,layla.scott662@example.com,Mexico,Wholesale,2023-06-05,1876.6,Y
CUST0004441,Sofia,Garcia,sofia.garcia110@example.com,UAE,VIP,2022-05-14,10869.58,Y
CUST0004442,Layla,Ramirez,layla.ramirez116@example.com,Canada,VIP,2024-05-28,9378.13,Y
CUST0004443,Raj,Lewis,raj.lewis365@example.com,Brazil,VIP,2020-04-07,1772.25,Y
CUST0004444,David,Clark,david.clark68@example.com,China,Retail,2026-01-25,3048.57,Y
CUST0004445,Mary,Perez,mary.perez993@example.com,Japan,Wholesale,2022-03-16,3135.39,Y
CUST0004446,Wei,Wright,wei.wright69@example.com,Brazil,E-Commerce,2022-09-25,19633.97,Y
CUST0004447,Elizabeth,Wright,elizabeth.wright379@example.com,Germany,E-Commerce,2020-09-07,1497.7,N
CUST0004448,Omar,Hernandez,omar.hernandez290@example.com,UK,Corporate,2022-06-28,8526.18,Y
CUST0004449,Michael,Robinson,michael.robinson928@example.com,Saudi Arabia,Corporate,2021-10-04,2533.78,Y
CUST0004450,John,Perez,john.perez553@example.com,Singapore,E-Commerce,2022-10-09,7062.81,Y
CUST0004451,Sakura,Wilson,sakura.wilson5@example.com,Singapore,Wholesale,2018-01-27,3223.73,Y
CUST0004452,Omar,Perez,omar.perez210@example.com,UK,Corporate,2020-01-03,4818.01,Y
CUST0004453,Raj,Ramirez,raj.ramirez607@example.com,Japan,Wholesale,2020-11-10,9437.2,Y
CUST0004454,Mei,Brown,mei.brown169@example.com,UAE,Wholesale,2023-10-23,8652.43,Y
CUST0004455,Karen,Ramirez,karen.ramirez110@example.com,Germany,Retail,2024-02-08,10565.39,Y
CUST0004456,Richard,Smith,richard.smith549@example.com,South Africa,VIP,2023-04-17,807.34,Y
CUST0004457,James,Robinson,james.robinson784@example.com,Singapore,Wholesale,2024-03-25,6389.1,Y
CUST0004458,David,Walker,david.walker813@example.com,China,Corporate,2023-02-11,1254.04,N
CUST0004459,Linda,,linda.davis900@example.com,Saudi Arabia,VIP,2021-04-13,3187.72,Y
CUST0004460,William,Walker,william.walker669@example.com,Japan,Corporate,2020-03-23,4476.88,Y
CUST0004461,Patricia,Smith,patricia.smith454@example.com,South Africa,Retail,2019-08-23,3077.01,Y
CUST0004462,Elizabeth,Moore,elizabeth.moore145@example.com,Germany,E-Commerce,2025-07-28,4165.8,Y
CUST0004463,Susan,Brown,susan.brown358@example.com,Mexico,Corporate,2025-10-04,28812.69,Y
CUST0004464,Yuki,Miller,yuki.miller776@example.com,Brazil,Corporate,2019-05-08,1226.39,Y
CUST0004465,Yuki,Miller,yuki.miller386@example.com,UAE,VIP,2022-11-15,6126.67,Y
CUST0004466,Priya,Sanchez,priya.sanchez789@example.com,China,Corporate,2021-04-27,3020.91,Y
CUST0004467,Raj,King,raj.king876@example.com,Germany,Wholesale,2021-03-23,1213.64,Y
CUST0004468,Mary,Johnson,mary.johnson630@example.com,Mexico,E-Commerce,2019-09-16,1364.25,Y
CUST0004469,Charles,Rodriguez,charles.rodriguez691@example.com,India,E-Commerce,2020-03-14,15406.5,Y
CUST0004470,Richard,Lopez,richard.lopez131@example.com,Singapore,Retail,2024-07-01,11084.74,Y
CUST0004471,Thomas,Thomas,thomas.thomas639@example.com,Mexico,Retail,2023-02-22,12378.04,Y
CUST0004472,Charles,Walker,charles.walker688@example.com,Germany,Corporate,2018-07-25,24357.76,Y
CUST0004473,Fatima,Young,fatima.young808@example.com,Australia,VIP,2019-04-14,1667.96,Y
CUST0004474,Fatima,Williams,fatima.williams764@example.com,Mexico,Retail,2018-06-29,2695.93,Y
CUST0004475,Elizabeth,Clark,elizabeth.clark10@example.com,USA,VIP,2018-05-14,6031.49,Y
CUST0004476,Wei,Scott,wei.scott586@example.com,Mexico,Wholesale,2025-07-04,3806.33,Y
CUST0004477,Ingrid,Perez,ingrid.perez613@example.com,China,VIP,2020-04-12,3209.77,Y
CUST0004478,Charles,Allen,charles.allen513@example.com,Mexico,Wholesale,2022-01-07,2714.37,Y
CUST0004479,Jennifer,Lopez,jennifer.lopez111@example.com,France,VIP,2022-07-09,5004.31,Y
CUST0004480,Jennifer,Taylor,jennifer.taylor394@example.com,Germany,VIP,2022-08-20,4785.32,N
CUST0004481,Raj,Jackson,raj.jackson696@example.com,Singapore,Wholesale,2019-10-01,1380.45,Y
CUST0004482,Susan,Garcia,susan.garcia966@example.com,China,Wholesale,2025-05-16,3690.83,Y
CUST0004483,Mei,Martinez,mei.martinez798@example.com,Japan,Wholesale,2021-06-25,4531.26,Y
CUST0004484,Fatima,Taylor,fatima.taylor879@example.com,South Africa,VIP,2019-11-13,4723.19,N
CUST0004485,Sakura,Rodriguez,sakura.rodriguez298@example.com,USA,Retail,2018-05-21,1679.29,Y
CUST0004486,Elizabeth,Johnson,elizabeth.johnson560@example.com,India,Retail,2018-12-20,7279.24,Y
CUST0004487,Raj,Johnson,raj.johnson328@example.com,Canada,VIP,2018-04-09,627.61,Y
CUST0004488,Fatima,Moore,fatima.moore214@example.com,Singapore,Wholesale,2023-07-23,2691.22,Y
CUST0004489,Priya,Gonzalez,priya.gonzalez748@example.com,USA,Wholesale,2020-08-18,8075.47,Y
CUST0004490,Carlos,Wilson,carlos.wilson391@example.com,Brazil,Wholesale,2018-02-22,4649.34,Y
CUST0004491,Patricia,Brown,patricia.brown740@example.com,USA,VIP,2018-08-03,2013.39,Y
CUST0004492,Jessica,Jones,jessica.jones567@example.com,China,VIP,2019-04-12,-6436.45,Y
CUST0004493,Karen,Wright,karen.wright991@example.com,USA,Wholesale,2023-11-28,4689.6,Y
CUST0004494,Joseph,Perez,joseph.perez716@example.com,France,Retail,2021-10-04,8454.15,Y
CUST0004495,Barbara,Brown,barbara.brown637@example.com,Mexico,Wholesale,2018-07-22,7140.6,N
CUST0004496,Joseph,Lewis,joseph.lewis428@example.com,India,Retail,2020-09-20,5209.43,Y
CUST0004497,Priya,Hernandez,priya.hernandez547@example.com,South Africa,Retail,2023-09-28,3848.89,Y
CUST0004498,Jennifer,,jennifer.rodriguez141@example.com,Australia,Corporate,2023-10-31,1214.63,Y
CUST0004499,Karen,Robinson,karen.robinson916@example.com,Mexico,E-Commerce,2023-02-19,2014.54,Y
CUST0004500,Wei,Anderson,wei.anderson76@example.com,Singapore,Retail,2018-05-29,3215.88,N
CUST0004501,Olivia,Wilson,olivia.wilson691@example.com,Saudi Arabia,Wholesale,2018-02-04,5072.7,Y
CUST0004502,Sofia,Young,sofia.young953@example.com,Germany,VIP,2023-01-09,4104.73,Y
CUST0004503,Charles,Rodriguez,charles.rodriguez97@example.com,Japan,VIP,2019-05-27,2199.68,Y
CUST0004504,William,,william.ramirez621@example.com,Germany,Corporate,2022-07-30,532.43,Y
CUST0004505,Wei,Johnson,wei.johnson776@example.com,Mexico,Retail,2022-07-20,3928.27,Y
CUST0004506,Sofia,Walker,sofia.walker707@example.com,Singapore,Retail,2023-09-17,2181.74,Y
CUST0004507,Priya,Rodriguez,priya.rodriguez674@example.com,Japan,VIP,2020-06-06,7132.74,Y
CUST0004508,Jessica,Ramirez,jessica.ramirez558@example.com,Japan,E-Commerce,2018-04-11,621.19,Y
CUST0004509,Priya,Hernandez,priya.hernandez471@example.com,South Africa,Corporate,2019-12-06,4895.31,Y
CUST0004510,Barbara,Ramirez,barbara.ramirez443@example.com,India,Corporate,2023-10-10,14691.44,Y
CUST0004511,Omar,Smith,omar.smith584@example.com,Mexico,Wholesale,2023-01-08,1458.28,Y
CUST0004512,Jennifer,Sanchez,jennifer.sanchez837@example.com,UAE,Wholesale,2020-02-07,3689.98,Y
CUST0004513,Liam,Smith,liam.smith475@example.com,France,VIP,2024-07-18,979.37,Y
CUST0004514,Ahmed,Wright,ahmed.wright109@example.com,UK,E-Commerce,2021-10-30,5413.25,Y
CUST0004515,Yuki,Robinson,yuki.robinson156@example.com,India,E-Commerce,2024-10-06,4498.45,Y
CUST0004516,Raj,Jackson,raj.jackson26@example.com,Japan,Wholesale,2024-03-31,3115.89,Y
CUST0004517,Liam,Johnson,liam.johnson325@example.com,USA,Retail,2025-12-20,4184.21,N
CUST0004518,Charles,Davis,charles.davis792@example.com,China,Retail,2022-05-07,11844.53,Y
CUST0004519,Olivia,Gonzalez,olivia.gonzalez586@example.com,Canada,Wholesale,2024-08-14,1592.61,N
CUST0004520,Wei,Sanchez,wei.sanchez360@example.com,Saudi Arabia,Retail,2023-12-29,614.11,Y
CUST0004521,Jennifer,Davis,jennifer.davis862@example.com,France,VIP,2022-10-22,10390.38,Y
CUST0004522,Mei,Williams,mei.williams5@example.com,Mexico,VIP,2020-01-23,4803.3,Y
CUST0004523,Barbara,King,barbara.king971@example.com,China,VIP,2023-07-06,11566.39,Y
CUST0004524,Ingrid,Brown,ingrid.brown642@example.com,Germany,Retail,2019-08-02,5043.41,Y
CUST0004525,Mary,Davis,mary.davis105@example.com,Mexico,Wholesale,2021-10-24,8807.9,Y
CUST0004526,John,Allen,john.allen401@example.com,Singapore,Retail,2023-07-14,3307.73,Y
CUST0004527,Mary,Sanchez,mary.sanchez678@example.com,Australia,VIP,2021-11-12,7428.67,Y
CUST0004528,Barbara,Hernandez,barbara.hernandez233@example.com,Singapore,Wholesale,2022-07-30,12711.62,Y
CUST0004529,Linda,Scott,linda.scott17@example.com,India,Wholesale,2018-06-21,4744.6,Y
CUST0004530,Sakura,Gonzalez,sakura.gonzalez21@example.com,UK,E-Commerce,2019-12-09,1497.04,N
CUST0004531,Sofia,Rodriguez,sofia.rodriguez266@example.com,Mexico,VIP,2023-01-23,2065.32,Y
CUST0004532,Yuki,Jackson,yuki.jackson26@example.com,Mexico,E-Commerce,2023-07-20,1607.25,Y
CUST0004533,Jennifer,Moore,jennifer.moore313@example.com,India,VIP,2022-02-14,1917.5,N
CUST0004534,Sakura,Taylor,sakura.taylor51@example.com,Mexico,Corporate,2024-02-02,2329.41,N
CUST0004535,Susan,White,susan.white662@example.com,France,E-Commerce,2022-03-07,4549.91,Y
CUST0004536,Fatima,Jones,fatima.jones288@example.com,India,Corporate,2024-02-27,4933.56,N
CUST0004537,Carlos,Thompson,carlos.thompson950@example.com,Singapore,VIP,2020-03-24,3279.98,Y
CUST0004538,Sarah,Allen,sarah.allen204@example.com,Saudi Arabia,E-Commerce,2024-04-19,5278.03,Y
CUST0004539,Joseph,Thompson,joseph.thompson671@example.com,Japan,Corporate,2025-01-24,925.47,Y
CUST0004540,Carlos,Young,carlos.young222@example.com,India,Corporate,2021-05-12,959.42,Y
CUST0004541,Jessica,Martinez,jessica.martinez31@example.com,Singapore,Corporate,2023-04-21,1442.68,Y
CUST0004542,Yuki,Smith,yuki.smith947@example.com,Japan,VIP,2021-04-05,4149.86,Y
CUST0004543,Carlos,Scott,carlos.scott224@example.com,Australia,E-Commerce,2021-05-16,1703.96,Y
CUST0004544,Sofia,Perez,sofia.perez888@example.com,Japan,Retail,2021-12-29,2165.38,Y
CUST0004545,Karen,Lee,karen.lee819@example.com,USA,E-Commerce,2026-01-31,3056.74,Y
CUST0004546,Barbara,Wright,barbara.wright276@example.com,India,Corporate,2019-11-08,8853.01,Y
CUST0004547,James,Brown,james.brown469@example.com,Germany,E-Commerce,2019-12-07,569.8,N
CUST0004548,Richard,Williams,richard.williams714@example.com,China,Corporate,2020-07-19,5740.24,N
CUST0004549,Sakura,Martinez,sakura.martinez865@example.com,Brazil,E-Commerce,2021-01-09,6026.32,Y
CUST0004550,Wei,Smith,wei.smith248@example.com,Japan,Retail,2018-09-17,8513.7,Y
CUST0004551,Fatima,Scott,fatima.scott360@example.com,Canada,E-Commerce,2018-06-07,13996.91,Y
CUST0004552,James,Martin,james.martin352@example.com,USA,Wholesale,2024-04-22,601.72,Y
CUST0004553,Susan,Perez,susan.perez233@example.com,South Africa,Retail,2019-07-25,1334.9,N
CUST0004554,Thomas,Anderson,thomas.anderson845@example.com,Germany,Corporate,2024-12-16,11365.3,Y
CUST0004555,Fatima,Gonzalez,fatima.gonzalez81@example.com,Saudi Arabia,Retail,2019-04-03,3567.23,Y
CUST0004556,Wei,Johnson,wei.johnson282@example.com,Singapore,Wholesale,2022-07-01,4657.34,Y
CUST0004557,Ingrid,Taylor,ingrid.taylor153@example.com,Japan,Corporate,2025-07-30,5938.77,Y
CUST0004558,Barbara,Thompson,barbara.thompson114@example.com,Mexico,Retail,2023-11-15,6182.61,Y
CUST0004559,Joseph,King,joseph.king198@example.com,Japan,E-Commerce,2021-11-28,13922.19,Y
CUST0004560,Jennifer,Taylor,jennifer.taylor648@example.com,Saudi Arabia,Corporate,2018-06-17,29462.11,Y
CUST0004561,Jennifer,Anderson,jennifer.anderson332@example.com,Canada,Retail,2023-05-07,6867.64,Y
CUST0004562,Karen,Thompson,karen.thompson849@example.com,UAE,E-Commerce,2026-06-23,2192.92,Y
CUST0004563,Ingrid,Williams,ingrid.williams946@example.com,Saudi Arabia,Corporate,2019-07-10,11091.01,Y
CUST0004564,Liam,Miller,liam.miller426@example.com,China,Wholesale,2020-10-10,752.37,Y
CUST0004565,Raj,Miller,raj.miller864@example.com,UK,Retail,2025-06-28,1813.85,Y
CUST0004566,Yuki,White,yuki.white987@example.com,India,Wholesale,2026-07-15,11883.89,Y
CUST0004567,Michael,Lopez,michael.lopez772@example.com,India,Retail,2023-10-06,1979.86,Y
CUST0004568,Linda,Allen,linda.allen803@example.com,Australia,Corporate,2022-05-26,1746.48,Y
CUST0004569,Patricia,Ramirez,patricia.ramirez585@example.com,Germany,Retail,2024-10-07,1243.23,Y
CUST0004570,Jessica,Johnson,jessica.johnson810@example.com,Singapore,Wholesale,2024-12-08,10298.94,Y
CUST0004571,John,Ramirez,john.ramirez763@example.com,China,Retail,2021-06-26,3966.32,Y
CUST0004572,Fatima,Wright,fatima.wright147@example.com,South Africa,Wholesale,2025-08-05,6118.01,Y
CUST0004573,Carlos,Lewis,carlos.lewis234@example.com,Australia,Retail,2019-12-11,1866.05,N
CUST0004574,Susan,Moore,susan.moore801@example.com,Germany,VIP,2024-03-27,7594.92,Y
CUST0004575,Robert,Martin,robert.martin515@example.com,UAE,Retail,2025-05-17,7635.7,Y
CUST0004576,Elizabeth,Brown,elizabeth.brown149@example.com,UAE,VIP,2020-09-19,2374.18,Y
CUST0004577,Mei,Williams,mei.williams880@example.com,Australia,Wholesale,2024-03-14,3143.95,Y
CUST0004578,Jessica,Miller,,France,Wholesale,2023-04-15,1676.65,Y
CUST0004579,Mei,Lewis,mei.lewis388@example.com,China,Wholesale,2024-10-19,19266.77,Y
CUST0004580,Linda,Perez,linda.perez300@example.com,Brazil,Retail,2026-05-24,5686.68,Y
CUST0004581,Thomas,Gonzalez,thomas.gonzalez917@example.com,Canada,VIP,2025-12-06,14131.88,Y
CUST0004582,Karen,Thomas,karen.thomas447@example.com,South Africa,VIP,2022-03-06,2307.62,Y
CUST0004583,Jennifer,Williams,jennifer.williams703@example.com,Australia,Wholesale,2025-06-14,8113.8,N
CUST0004584,Yuki,Walker,yuki.walker122@example.com,Australia,Retail,2021-08-06,7759.15,Y
CUST0004585,Elizabeth,Davis,elizabeth.davis972@example.com,Australia,Corporate,2024-10-13,6382.69,Y
CUST0004586,Fatima,Jones,fatima.jones932@example.com,China,Wholesale,2019-10-25,17354.16,Y
CUST0004587,Sofia,Martinez,sofia.martinez702@example.com,Brazil,Retail,2026-05-04,3000.71,Y
CUST0004588,Omar,Young,omar.young235@example.com,Singapore,VIP,2019-09-30,1200.43,Y
CUST0004589,Olivia,Thomas,olivia.thomas407@example.com,Brazil,Retail,2021-08-12,6069.27,Y
CUST0004590,Ingrid,Ramirez,ingrid.ramirez797@example.com,China,Retail,2018-04-21,7033.9,Y
CUST0004591,Omar,Lewis,omar.lewis500@example.com,USA,Corporate,2025-03-20,4779.04,Y
CUST0004592,Jennifer,White,jennifer.white885@example.com,Germany,Retail,2020-11-07,1658.51,Y
CUST0004593,Patricia,Smith,patricia.smith829@example.com,UK,Retail,2019-06-21,4010.5,Y
CUST0004594,Raj,King,raj.king250@example.com,Japan,Corporate,2024-03-23,2371.21,Y
CUST0004595,Susan,Martin,,UAE,Retail,2019-11-28,3288.42,Y
CUST0004596,Omar,Sanchez,omar.sanchez464@example.com,Saudi Arabia,Corporate,2018-07-13,5681.27,Y
CUST0004597,Patricia,Moore,patricia.moore9@example.com,Brazil,Wholesale,2021-01-23,7336.67,Y
CUST0004598,Ingrid,Thompson,ingrid.thompson305@example.com,Australia,Retail,2024-01-07,1821.29,Y
CUST0004599,Elizabeth,Thomas,elizabeth.thomas808@example.com,India,VIP,2023-08-31,3098.7,Y
CUST0004600,John,Thomas,john.thomas851@example.com,Japan,Wholesale,2023-01-03,2067.81,Y
CUST0004601,Patricia,Lee,patricia.lee103@example.com,Germany,Wholesale,2021-02-24,1607.17,Y
CUST0004602,Michael,Wright,michael.wright318@example.com,UK,Wholesale,2018-01-12,8148.22,Y
CUST0004603,Liam,Scott,liam.scott174@example.com,UAE,Wholesale,2019-12-13,12498.38,Y
CUST0004604,Olivia,Gonzalez,olivia.gonzalez702@example.com,Mexico,Retail,2026-06-09,2812.02,Y
CUST0004605,Layla,Davis,layla.davis742@example.com,Saudi Arabia,Corporate,2020-06-29,7457.12,Y
CUST0004606,James,Thomas,james.thomas551@example.com,Brazil,Retail,2025-04-10,11864.9,N
CUST0004607,Yuki,Thomas,yuki.thomas756@example.com,India,VIP,2018-02-21,9858.05,Y
CUST0004608,Omar,Martin,omar.martin664@example.com,China,Corporate,2023-05-29,1509.44,Y
CUST0004609,Robert,Johnson,robert.johnson363@example.com,UK,Retail,2020-11-18,16151.11,Y
CUST0004610,Michael,Brown,michael.brown990@example.com,China,Retail,2023-02-14,2863.45,Y
CUST0004611,Jessica,Moore,jessica.moore575@example.com,UAE,Retail,2025-05-03,2571.83,Y
CUST0004612,Ahmed,Miller,ahmed.miller185@example.com,Germany,Corporate,2018-01-27,822.33,Y
CUST0004613,Jennifer,Davis,jennifer.davis904@example.com,Saudi Arabia,VIP,2026-06-14,3829.35,Y
CUST0004614,Thomas,,thomas.martin371@example.com,France,E-Commerce,2022-09-18,1077.13,Y
CUST0004615,Elizabeth,Sanchez,elizabeth.sanchez353@example.com,UAE,Corporate,2019-04-16,1928.69,Y
CUST0004616,Ingrid,Ramirez,ingrid.ramirez511@example.com,Canada,Wholesale,2022-12-04,2405.88,Y
CUST0004617,Linda,Allen,linda.allen513@example.com,India,Wholesale,2022-10-10,8772.86,Y
CUST0004618,Wei,Sanchez,wei.sanchez110@example.com,UK,Corporate,2026-07-31,10916.79,Y
CUST0004619,Hans,Wright,hans.wright225@example.com,USA,E-Commerce,2022-01-28,2301.02,Y
CUST0004620,Ingrid,Miller,ingrid.miller201@example.com,Japan,VIP,2023-05-12,10284.28,Y
CUST0004621,Robert,Hernandez,robert.hernandez747@example.com,UK,Wholesale,2025-09-16,10232.63,Y
CUST0004622,Charles,Harris,charles.harris985@example.com,Canada,E-Commerce,2021-05-02,7733.43,Y
CUST0004623,Raj,Lopez,raj.lopez507@example.com,India,Wholesale,2026-02-27,1293.19,Y
CUST0004624,Charles,Davis,charles.davis74@example.com,Saudi Arabia,Corporate,2022-09-01,6361.12,Y
CUST0004625,Karen,Lopez,karen.lopez642@example.com,Australia,Retail,2022-03-15,15004.3,Y
CUST0004626,Omar,Anderson,omar.anderson116@example.com,Brazil,Corporate,2023-12-19,6237.02,Y
CUST0004627,Susan,Clark,susan.clark269@example.com,China,Retail,2020-10-22,2514.47,Y
CUST0004628,Raj,Wright,raj.wright579@example.com,India,VIP,2023-09-23,3971.53,N
CUST0004629,Mary,Wilson,mary.wilson387@example.com,Japan,VIP,2020-08-05,5688.41,Y
CUST0004630,Sarah,Wright,sarah.wright226@example.com,China,VIP,2025-03-09,4072.57,Y
CUST0004631,Joseph,Garcia,joseph.garcia784@example.com,UAE,VIP,2020-01-12,1138.9,Y
CUST0004632,Elizabeth,Davis,elizabeth.davis678@example.com,Australia,Wholesale,2023-05-31,2370.3,N
CUST0004633,Raj,Perez,raj.perez613@example.com,Germany,E-Commerce,2018-09-21,8607.45,Y
CUST0004634,Thomas,Brown,thomas.brown387@example.com,Mexico,Wholesale,2024-06-29,10381.47,Y
CUST0004635,Liam,Lewis,liam.lewis175@example.com,UK,VIP,2019-10-05,1238.44,Y
CUST0004636,Linda,King,linda.king198@example.com,USA,Retail,2024-01-07,15723.22,Y
CUST0004637,Priya,Brown,priya.brown869@example.com,Singapore,Corporate,2021-10-02,2493.61,Y
CUST0004638,Layla,King,layla.king672@example.com,France,VIP,2023-05-09,5928.19,Y
CUST0004639,Hans,Brown,hans.brown324@example.com,UK,Wholesale,2019-03-13,7468.11,Y
CUST0004640,Linda,Moore,linda.moore560@example.com,Singapore,Corporate,2021-10-07,8855.14,N
CUST0004641,Wei,King,wei.king756@example.com,Canada,VIP,2024-12-13,15070.73,Y
CUST0004642,Michael,Smith,michael.smith444@example.com,Canada,Corporate,2020-05-15,2376.52,Y
CUST0004643,Ahmed,Clark,ahmed.clark883@example.com,Germany,Retail,2022-07-29,10277.51,Y
CUST0004644,Michael,Hernandez,michael.hernandez611@example.com,China,E-Commerce,2021-12-14,1206.01,Y
CUST0004645,Barbara,Clark,barbara.clark106@example.com,India,VIP,2021-06-03,6604.59,Y
CUST0004646,Susan,Young,susan.young936@example.com,Japan,VIP,2018-10-18,7273.55,Y
CUST0004647,Susan,King,susan.king874@example.com,Mexico,VIP,2025-04-09,6161.72,Y
CUST0004648,Patricia,Sanchez,patricia.sanchez544@example.com,UK,Retail,2019-04-12,1953.87,Y
CUST0004649,James,Young,james.young79@example.com,India,Corporate,2021-11-26,10819.54,Y
CUST0004650,David,Davis,david.davis399@example.com,Germany,Wholesale,2022-09-23,1424.78,N
CUST0004651,Jessica,Jones,jessica.jones482@example.com,Brazil,VIP,2021-09-11,775.63,Y
CUST0004652,Robert,Williams,robert.williams318@example.com,Mexico,VIP,2018-08-19,6819.76,Y
CUST0004653,David,Thompson,david.thompson768@example.com,France,E-Commerce,2023-10-15,3726.32,Y
CUST0004654,Omar,Anderson,,Mexico,Corporate,2020-08-18,9955.62,Y
CUST0004655,Olivia,Davis,olivia.davis157@example.com,China,E-Commerce,2026-03-20,2917.65,Y
CUST0004656,Elizabeth,Martinez,elizabeth.martinez933@example.com,UAE,E-Commerce,2019-03-10,1421.29,Y
CUST0004657,Sarah,Jones,sarah.jones854@example.com,Brazil,Wholesale,2021-08-14,9552.94,Y
CUST0004658,John,Taylor,john.taylor853@example.com,China,Corporate,2020-01-06,4480.44,N
CUST0004659,Michael,Lopez,michael.lopez724@example.com,Germany,Corporate,2018-06-02,1548.64,Y
CUST0004660,Liam,Sanchez,liam.sanchez239@example.com,Brazil,VIP,2020-12-05,6871.69,Y
CUST0004661,Michael,Wilson,michael.wilson741@example.com,Saudi Arabia,VIP,2020-10-27,4078.13,Y
CUST0004662,Michael,Lee,michael.lee399@example.com,Germany,Retail,2024-10-06,5135.66,Y
CUST0004663,Yuki,Sanchez,yuki.sanchez534@example.com,Australia,E-Commerce,2024-12-21,3589.26,Y
CUST0004664,Sofia,Martin,sofia.martin372@example.com,South Africa,VIP,2024-01-15,9321.96,Y
CUST0004665,Sarah,Williams,sarah.williams576@example.com,Mexico,VIP,2024-10-15,9346.94,Y
CUST0004666,Michael,Robinson,michael.robinson496@example.com,Australia,Wholesale,2021-09-08,6678.85,Y
CUST0004667,Jennifer,Clark,jennifer.clark411@example.com,Japan,Retail,2018-09-30,1056.9,Y
CUST0004668,Susan,Walker,,South Africa,Corporate,2023-01-29,9627.22,Y
CUST0004669,William,Davis,william.davis491@example.com,Australia,Wholesale,2025-12-04,6058.68,Y
CUST0004670,James,Lopez,james.lopez313@example.com,UK,Wholesale,2025-04-01,6470.51,Y
CUST0004671,Sarah,Miller,sarah.miller705@example.com,Brazil,VIP,2026-02-04,2754.79,Y
CUST0004672,Patricia,Clark,patricia.clark690@example.com,South Africa,Wholesale,2020-01-28,11071.39,Y
CUST0004673,Sofia,Lee,sofia.lee316@example.com,South Africa,Retail,2019-01-21,6961.68,Y
CUST0004674,Michael,Martin,michael.martin298@example.com,France,Wholesale,2021-04-29,1097.24,Y
CUST0004675,Olivia,Moore,olivia.moore160@example.com,Australia,Retail,2019-10-07,3119.37,Y
CUST0004676,Jessica,White,jessica.white8@example.com,Mexico,VIP,2021-06-14,11374.49,Y
CUST0004677,Wei,Garcia,wei.garcia121@example.com,Australia,VIP,2022-10-11,741.73,Y
CUST0004678,Fatima,Clark,fatima.clark281@example.com,USA,VIP,2024-06-17,16774.67,Y
CUST0004679,Karen,Young,karen.young360@example.com,Germany,VIP,2024-01-18,6184.1,Y
CUST0004680,John,Gonzalez,john.gonzalez479@example.com,USA,E-Commerce,2021-06-28,5489.89,Y
CUST0004681,William,Martin,william.martin859@example.com,UAE,Retail,2025-09-04,2077.39,Y
CUST0004682,Patricia,Allen,patricia.allen932@example.com,Singapore,Wholesale,2022-04-29,1930.36,Y
CUST0004683,John,Johnson,john.johnson659@example.com,Germany,E-Commerce,2022-04-20,14741.58,Y
CUST0004684,Sarah,Lopez,sarah.lopez768@example.com,Brazil,VIP,2019-12-20,2271.05,Y
CUST0004685,Barbara,Thomas,barbara.thomas492@example.com,India,Corporate,2022-11-08,7969.52,Y
CUST0004686,Sofia,Lopez,sofia.lopez794@example.com,UK,VIP,2021-11-22,2997.14,Y
CUST0004687,Liam,Harris,liam.harris96@example.com,Brazil,E-Commerce,2019-01-16,1249.78,Y
CUST0004688,Liam,Gonzalez,liam.gonzalez624@example.com,Australia,Retail,2024-12-19,553.87,Y
CUST0004689,Karen,Rodriguez,karen.rodriguez288@example.com,Australia,Wholesale,2021-04-19,4429.13,Y
CUST0004690,Sofia,Lopez,sofia.lopez525@example.com,Mexico,Wholesale,2021-01-11,19102.64,Y
CUST0004691,Richard,Martin,richard.martin691@example.com,Japan,VIP,2024-10-12,2803.33,Y
CUST0004692,Jessica,Taylor,jessica.taylor214@example.com,China,E-Commerce,2019-02-24,2709.55,N
CUST0004693,Layla,Harris,layla.harris447@example.com,South Africa,VIP,2020-11-08,2608.67,Y
CUST0004694,Omar,Ramirez,omar.ramirez795@example.com,Saudi Arabia,E-Commerce,2021-03-25,4175.51,Y
CUST0004695,Jessica,Scott,jessica.scott181@example.com,India,VIP,2019-07-02,3405.03,Y
CUST0004696,Fatima,Johnson,fatima.johnson461@example.com,France,Wholesale,2021-10-24,11097.76,Y
CUST0004697,Mary,Thompson,mary.thompson168@example.com,Saudi Arabia,VIP,2025-02-08,4021.25,N
CUST0004698,Layla,White,layla.white624@example.com,France,Corporate,2025-01-30,4043.92,Y
CUST0004699,Jessica,Ramirez,jessica.ramirez827@example.com,South Africa,VIP,2022-09-25,1244.66,Y
CUST0004700,Susan,Lee,susan.lee616@example.com,Canada,Corporate,2022-07-17,20796.68,Y
CUST0004701,Thomas,Robinson,thomas.robinson128@example.com,Saudi Arabia,VIP,2023-11-13,1938.23,Y
CUST0004702,Robert,Perez,robert.perez281@example.com,UK,VIP,2023-09-15,880.97,N
CUST0004703,Susan,Moore,susan.moore292@example.com,Mexico,VIP,2025-03-27,5940.53,Y
CUST0004704,Raj,King,raj.king986@example.com,India,Corporate,2023-01-18,5023.87,Y
CUST0004705,Thomas,Robinson,thomas.robinson17@example.com,India,Retail,2023-02-18,3181.96,Y
CUST0004706,Mary,Ramirez,mary.ramirez599@example.com,USA,Retail,2020-12-04,3242.57,Y
CUST0004707,Jennifer,Garcia,jennifer.garcia27@example.com,Saudi Arabia,Wholesale,2023-11-15,8187.07,Y
CUST0004708,Hans,Miller,hans.miller345@example.com,India,Corporate,2022-01-08,1588.99,Y
CUST0004709,Ahmed,Smith,ahmed.smith669@example.com,UAE,Retail,2024-02-02,9081.03,Y
CUST0004710,Sofia,Johnson,sofia.johnson703@example.com,Canada,Corporate,2023-07-06,5731.24,Y
CUST0004711,Thomas,Lopez,thomas.lopez210@example.com,France,Wholesale,2022-02-16,3214.76,Y
CUST0004712,Sofia,King,sofia.king336@example.com,USA,E-Commerce,2021-08-20,3562.71,Y
CUST0004713,Mary,Perez,mary.perez801@example.com,India,Corporate,2025-12-07,1982.92,Y
CUST0004714,Joseph,Young,joseph.young352@example.com,France,Retail,2019-07-10,7473.94,Y
CUST0004715,Thomas,Lopez,thomas.lopez815@example.com,Japan,Corporate,2018-10-23,4096.17,Y
CUST0004716,Liam,Hernandez,liam.hernandez922@example.com,UAE,Corporate,2019-05-25,2434.6,Y
CUST0004717,Robert,Rodriguez,robert.rodriguez339@example.com,USA,Wholesale,2024-01-17,5032.32,Y
CUST0004718,Sakura,Ramirez,sakura.ramirez763@example.com,UK,Corporate,2021-05-17,27785.92,Y
CUST0004719,John,Clark,john.clark779@example.com,Saudi Arabia,Wholesale,2023-10-20,3356.97,Y
CUST0004720,Jessica,Clark,jessica.clark881@example.com,Japan,Retail,2025-07-12,13172.04,Y
CUST0004721,Ahmed,Allen,ahmed.allen360@example.com,Germany,Retail,2026-01-28,2615.73,Y
CUST0004722,Mary,Garcia,mary.garcia871@example.com,Saudi Arabia,Wholesale,2022-12-05,781.44,Y
CUST0004723,Raj,Perez,raj.perez87@example.com,Saudi Arabia,VIP,2025-04-10,1642.3,Y
CUST0004724,Charles,Allen,charles.allen881@example.com,UAE,Wholesale,2025-12-10,3212.4,Y
CUST0004725,Wei,King,wei.king386@example.com,Saudi Arabia,Corporate,2018-07-19,1739.97,Y
CUST0004726,Raj,Lee,raj.lee425@example.com,UK,Retail,2020-03-06,501.14,Y
CUST0004727,Susan,Taylor,susan.taylor312@example.com,Australia,E-Commerce,2020-05-15,12825.61,Y
CUST0004728,Thomas,Sanchez,thomas.sanchez521@example.com,Saudi Arabia,VIP,2022-03-27,9785.63,Y
CUST0004729,Jessica,Anderson,jessica.anderson108@example.com,Japan,Retail,2025-07-24,7279.65,N
CUST0004730,Richard,Anderson,richard.anderson380@example.com,China,Corporate,2018-12-30,1418.5,Y
CUST0004731,Patricia,Lewis,patricia.lewis904@example.com,Germany,Retail,2023-01-03,1141.23,Y
CUST0004732,Wei,Robinson,wei.robinson473@example.com,South Africa,Corporate,2019-12-10,849.99,Y
CUST0004733,William,Harris,william.harris251@example.com,India,Corporate,2024-01-14,6937.3,Y
CUST0004734,Robert,Allen,robert.allen629@example.com,South Africa,VIP,2024-10-15,13711.87,Y
CUST0004735,Sakura,Taylor,sakura.taylor803@example.com,China,E-Commerce,2024-11-16,3315.3,Y
CUST0004736,Charles,Thomas,charles.thomas964@example.com,France,VIP,2025-12-29,1134.29,Y
CUST0004737,Wei,Gonzalez,wei.gonzalez457@example.com,Mexico,Corporate,2020-11-05,4091.23,Y
CUST0004738,Mary,Thomas,mary.thomas488@example.com,India,Corporate,2022-09-16,2644.94,Y
CUST0004739,Charles,Johnson,charles.johnson272@example.com,Singapore,Wholesale,2018-04-03,2848.62,N
CUST0004740,Yuki,Clark,yuki.clark479@example.com,UAE,Retail,2021-06-16,5355.46,Y
CUST0004741,Wei,Gonzalez,wei.gonzalez306@example.com,Canada,Retail,2021-07-22,6841.99,Y
CUST0004742,Susan,Wilson,susan.wilson61@example.com,Brazil,VIP,2018-08-27,1086.06,Y
CUST0004743,Robert,Moore,robert.moore757@example.com,USA,Corporate,2022-03-07,681.2,Y
CUST0004744,Omar,Martinez,omar.martinez248@example.com,Mexico,E-Commerce,2026-02-06,26363.1,Y
CUST0004745,Jessica,King,jessica.king982@example.com,Saudi Arabia,E-Commerce,2025-05-05,1824.57,Y
CUST0004746,Mei,Thomas,mei.thomas351@example.com,UK,Wholesale,2025-08-04,776.67,Y
CUST0004747,Carlos,Ramirez,carlos.ramirez33@example.com,Australia,Retail,2018-05-31,1552.84,Y
CUST0004748,Mary,Garcia,mary.garcia72@example.com,USA,Wholesale,2021-06-14,698.69,Y
CUST0004749,Mei,Clark,mei.clark80@example.com,Canada,VIP,2025-09-24,2986.35,Y
CUST0004750,Omar,Sanchez,omar.sanchez854@example.com,UAE,Retail,2018-12-22,8607.6,Y
CUST0004751,Ahmed,Allen,ahmed.allen221@example.com,Mexico,Corporate,2021-02-07,2587.01,Y
CUST0004752,John,Martin,john.martin748@example.com,France,Corporate,2023-01-12,3436.58,Y
CUST0004753,Jennifer,Allen,jennifer.allen659@example.com,Saudi Arabia,Corporate,2023-09-25,6128.69,Y
CUST0004754,James,Moore,james.moore738@example.com,China,VIP,2022-08-13,4055.48,Y
CUST0004755,Raj,Scott,raj.scott907@example.com,UK,VIP,2018-03-06,10382.46,Y
CUST0004756,William,White,william.white414@example.com,UAE,VIP,2024-07-28,10550.91,Y
CUST0004757,Layla,Jones,layla.jones283@example.com,Mexico,Wholesale,2025-11-12,549.8,Y
CUST0004758,Joseph,Smith,joseph.smith748@example.com,UK,VIP,2025-11-25,8026.43,Y
CUST0004759,Sofia,Jackson,sofia.jackson876@example.com,USA,E-Commerce,2021-02-13,3587.73,Y
CUST0004760,Jessica,Wright,jessica.wright433@example.com,UK,Wholesale,2018-10-02,22977.34,Y
CUST0004761,Wei,Jones,wei.jones222@example.com,South Africa,Retail,2023-12-19,3800.81,Y
CUST0004762,Robert,Martin,robert.martin497@example.com,France,Corporate,2020-09-24,22174.17,Y
CUST0004763,Jennifer,Taylor,jennifer.taylor465@example.com,Mexico,VIP,2021-10-22,7523.7,Y
CUST0004764,Ingrid,Martin,ingrid.martin886@example.com,France,Wholesale,2018-01-11,1929.12,Y
CUST0004765,Thomas,Jackson,thomas.jackson106@example.com,USA,Wholesale,2026-02-05,4365.23,Y
CUST0004766,Omar,,omar.walker661@example.com,Germany,E-Commerce,2018-12-03,24727.07,Y
CUST0004767,Carlos,Clark,carlos.clark318@example.com,South Africa,Corporate,2023-05-17,10243.14,Y
CUST0004768,Susan,,susan.garcia993@example.com,Germany,E-Commerce,2018-11-09,1012.2,Y
CUST0004769,Richard,Smith,richard.smith145@example.com,UAE,VIP,2022-03-12,6627.21,Y
CUST0004770,Carlos,Lee,carlos.lee548@example.com,Singapore,Retail,2021-12-01,2620.03,Y
CUST0004771,Layla,Wright,layla.wright374@example.com,Australia,Wholesale,2025-10-12,535.03,Y
CUST0004772,Olivia,Lee,olivia.lee352@example.com,South Africa,VIP,2024-12-14,3083.22,Y
CUST0004773,Layla,Martin,layla.martin723@example.com,South Africa,Retail,2019-12-01,1837.79,N
CUST0004774,Olivia,Harris,olivia.harris339@example.com,UAE,VIP,2019-03-30,9042.68,Y
CUST0004775,Wei,Lopez,wei.lopez221@example.com,Japan,Wholesale,2019-02-02,2557.4,Y
CUST0004776,Karen,Wright,karen.wright781@example.com,Brazil,Retail,2024-02-22,9287.48,Y
CUST0004777,Robert,Brown,robert.brown201@example.com,Japan,Retail,2020-11-23,502.99,Y
CUST0004778,Richard,Taylor,richard.taylor131@example.com,Mexico,VIP,2019-12-10,2339.54,Y
CUST0004779,David,Miller,david.miller706@example.com,Brazil,E-Commerce,2024-06-10,1879.86,Y
CUST0004780,Jessica,Brown,jessica.brown861@example.com,Brazil,Retail,2019-12-12,1830.04,Y
CUST0004781,Ahmed,Martinez,ahmed.martinez484@example.com,South Africa,Wholesale,2021-04-24,853.11,Y
CUST0004782,Jennifer,Jackson,jennifer.jackson742@example.com,India,Retail,2020-03-16,1535.89,Y
CUST0004783,Fatima,Thompson,fatima.thompson372@example.com,Germany,Retail,2018-09-15,4554.58,Y
CUST0004784,Robert,Gonzalez,robert.gonzalez61@example.com,Saudi Arabia,E-Commerce,2021-04-30,2222.05,Y
CUST0004785,Hans,Wright,hans.wright91@example.com,Australia,Retail,2018-07-14,3201.23,Y
CUST0004786,Carlos,White,carlos.white629@example.com,Japan,E-Commerce,2025-06-11,2864.98,Y
CUST0004787,Ahmed,Robinson,ahmed.robinson417@example.com,Mexico,Corporate,2020-08-30,10933.54,Y
CUST0004788,Karen,Lee,karen.lee908@example.com,France,Retail,2024-04-06,-12285.15,Y
CUST0004789,Barbara,Miller,barbara.miller145@example.com,India,VIP,2024-09-15,3895.8,Y
CUST0004790,Elizabeth,Brown,elizabeth.brown427@example.com,France,Retail,2024-12-06,2503.55,N
CUST0004791,Michael,Johnson,michael.johnson430@example.com,Canada,Corporate,2025-03-09,1064.73,Y
CUST0004792,Jennifer,Johnson,jennifer.johnson61@example.com,South Africa,VIP,2025-02-19,15831.08,Y
CUST0004793,Thomas,Rodriguez,thomas.rodriguez820@example.com,Mexico,Retail,2022-07-15,810.58,Y
CUST0004794,Carlos,Allen,carlos.allen948@example.com,UK,Wholesale,2025-09-15,2266.62,Y
CUST0004795,Sakura,Thompson,sakura.thompson951@example.com,Australia,Corporate,2019-11-30,2269.58,Y
CUST0004796,Raj,Harris,raj.harris978@example.com,UK,Retail,2023-12-08,2431.26,Y
CUST0004797,Sarah,Young,sarah.young587@example.com,Saudi Arabia,Retail,2026-05-13,1397.35,Y
CUST0004798,Wei,Anderson,wei.anderson143@example.com,Australia,E-Commerce,2023-07-10,8143.01,Y
CUST0004799,William,Scott,william.scott643@example.com,China,Retail,2025-11-21,1153.38,Y
CUST0004800,Elizabeth,Johnson,elizabeth.johnson48@example.com,Australia,Corporate,2020-12-30,5538.01,Y
CUST0004801,Sakura,Rodriguez,sakura.rodriguez261@example.com,Saudi Arabia,Wholesale,2024-03-29,1161.07,Y
CUST0004802,Linda,Martinez,linda.martinez625@example.com,UAE,Retail,2021-04-24,865.73,Y
CUST0004803,Robert,Perez,robert.perez694@example.com,Japan,Retail,2025-12-03,12508.13,N
CUST0004804,Layla,,layla.sanchez17@example.com,Saudi Arabia,Corporate,2018-06-29,1554.4,Y
CUST0004805,Mary,Lopez,mary.lopez811@example.com,South Africa,Wholesale,2020-12-09,9108.84,Y
CUST0004806,Wei,Martin,wei.martin908@example.com,China,E-Commerce,2023-01-22,4433.23,N
CUST0004807,Priya,Perez,priya.perez43@example.com,Mexico,VIP,2018-04-06,905.27,Y
CUST0004808,Jennifer,Allen,jennifer.allen996@example.com,Mexico,VIP,2023-08-31,16055.51,Y
CUST0004809,Priya,Taylor,priya.taylor210@example.com,USA,Retail,2022-05-13,1918.19,Y
CUST0004810,Wei,Ramirez,wei.ramirez825@example.com,UK,Wholesale,2023-10-10,10317.91,Y
CUST0004811,Layla,Allen,layla.allen949@example.com,Japan,Corporate,2026-03-01,1424.48,Y
CUST0004812,Wei,Ramirez,wei.ramirez714@example.com,South Africa,VIP,2024-12-28,10118.79,Y
CUST0004813,John,Wilson,john.wilson399@example.com,Australia,Retail,2022-09-03,566.59,Y
CUST0004814,William,Johnson,william.johnson906@example.com,Canada,Retail,2026-02-25,4084.95,Y
CUST0004815,Olivia,Harris,olivia.harris10@example.com,South Africa,E-Commerce,2023-05-29,7836.28,Y
CUST0004816,Sarah,Lewis,sarah.lewis925@example.com,South Africa,Retail,2026-06-15,14151.14,Y
CUST0004817,James,Wilson,james.wilson522@example.com,USA,Wholesale,2021-09-10,12495.6,Y
CUST0004818,Thomas,King,thomas.king601@example.com,Saudi Arabia,E-Commerce,2026-03-09,9063.58,Y
CUST0004819,David,Jackson,david.jackson316@example.com,Canada,VIP,2025-12-23,11454.83,Y
CUST0004820,Thomas,Robinson,thomas.robinson829@example.com,Brazil,Retail,2022-01-21,1610.84,Y
CUST0004821,Hans,Rodriguez,hans.rodriguez575@example.com,Germany,VIP,2022-01-08,2171.66,Y
CUST0004822,Carlos,Walker,carlos.walker221@example.com,Australia,Retail,2024-04-30,2205.19,Y
CUST0004823,Joseph,Rodriguez,joseph.rodriguez674@example.com,Mexico,Corporate,2023-07-15,2866.48,Y
CUST0004824,Olivia,Taylor,olivia.taylor886@example.com,Japan,VIP,2022-07-13,2998.77,Y
CUST0004825,Layla,Clark,layla.clark855@example.com,Saudi Arabia,E-Commerce,2022-04-06,4432.41,Y
CUST0004826,Elizabeth,Hernandez,elizabeth.hernandez377@example.com,Saudi Arabia,VIP,2025-06-10,1371.05,Y
CUST0004827,David,King,david.king928@example.com,UK,VIP,2018-01-07,6376.06,Y
CUST0004828,Linda,King,linda.king224@example.com,UK,Wholesale,2022-03-10,1417.01,Y
CUST0004829,Sofia,Allen,sofia.allen527@example.com,UAE,Corporate,2024-01-02,2357.55,Y
CUST0004830,Sofia,Young,sofia.young929@example.com,India,Corporate,2023-08-20,3999.3,Y
CUST0004831,Priya,Moore,priya.moore332@example.com,Saudi Arabia,VIP,2020-06-15,8458.99,Y
CUST0004832,Sarah,Moore,sarah.moore589@example.com,UAE,VIP,2023-04-30,7225.17,Y
CUST0004833,Jennifer,Anderson,jennifer.anderson366@example.com,Australia,Wholesale,2018-11-29,5685.72,N
CUST0004834,Ahmed,Thompson,ahmed.thompson701@example.com,Saudi Arabia,E-Commerce,2024-09-22,1346.67,Y
CUST0004835,Omar,Young,omar.young282@example.com,Japan,Corporate,2021-02-06,4459.82,Y
CUST0004836,John,Jackson,john.jackson995@example.com,Japan,Corporate,2025-09-02,957.54,Y
CUST0004837,David,Ramirez,david.ramirez455@example.com,UAE,Retail,2026-05-23,2868.96,Y
CUST0004838,Sakura,Ramirez,sakura.ramirez264@example.com,UAE,Wholesale,2021-01-03,3168.05,Y
CUST0004839,Wei,Lee,wei.lee74@example.com,Saudi Arabia,E-Commerce,2025-03-11,703.13,Y
CUST0004840,Linda,Sanchez,linda.sanchez452@example.com,Japan,VIP,2022-10-15,2100.94,Y
CUST0004841,James,Brown,james.brown580@example.com,Germany,E-Commerce,2026-04-05,16078.15,Y
CUST0004842,Barbara,Brown,barbara.brown856@example.com,Canada,Corporate,2020-02-25,15855.79,Y
CUST0004843,Jennifer,Lee,jennifer.lee590@example.com,China,Wholesale,2019-12-08,2671.85,N
CUST0004844,Elizabeth,Rodriguez,elizabeth.rodriguez537@example.com,France,VIP,2026-05-10,720.28,Y
CUST0004845,David,Walker,david.walker391@example.com,India,VIP,2018-07-19,1486.74,Y
CUST0004846,Layla,,layla.taylor447@example.com,Australia,Retail,2018-12-06,2989.69,Y
CUST0004847,Omar,Williams,omar.williams282@example.com,USA,Wholesale,2020-03-16,15261.42,N
CUST0004848,Olivia,Smith,olivia.smith74@example.com,Singapore,E-Commerce,2020-06-16,1261.09,Y
CUST0004849,Jessica,White,jessica.white814@example.com,South Africa,VIP,2022-06-23,7709.37,Y
CUST0004850,Sakura,Miller,sakura.miller951@example.com,UAE,E-Commerce,2020-12-05,1075.27,Y
CUST0004851,Mary,Thompson,mary.thompson251@example.com,Brazil,Wholesale,2022-05-29,20384.83,Y
CUST0004852,Sofia,Young,sofia.young877@example.com,France,Corporate,2025-02-05,2903.23,Y
CUST0004853,Sakura,Rodriguez,sakura.rodriguez50@example.com,Australia,E-Commerce,2026-05-28,7963.49,Y
CUST0004854,Karen,Jones,karen.jones110@example.com,Brazil,Wholesale,2025-12-20,2597.25,Y
CUST0004855,Wei,Clark,wei.clark456@example.com,Mexico,Wholesale,2023-08-16,5439.86,Y
CUST0004856,Robert,Hernandez,robert.hernandez88@example.com,South Africa,E-Commerce,2021-08-07,1566.07,Y
CUST0004857,Susan,Scott,susan.scott252@example.com,Singapore,Retail,2025-07-21,1289.24,Y
CUST0004858,Fatima,Lee,fatima.lee563@example.com,UK,Retail,2019-10-13,14408.28,Y
CUST0004859,Carlos,Taylor,carlos.taylor223@example.com,Brazil,E-Commerce,2022-06-17,12983.72,Y
CUST0004860,Omar,Moore,omar.moore296@example.com,Mexico,Corporate,2018-01-11,11422.63,Y
CUST0004861,Mary,Walker,mary.walker851@example.com,UAE,Retail,2025-06-22,5409.93,Y
CUST0004862,Michael,Allen,michael.allen67@example.com,China,Corporate,2022-03-15,8758.29,Y
CUST0004863,Elizabeth,Moore,elizabeth.moore307@example.com,Canada,E-Commerce,2024-10-10,857.68,Y
CUST0004864,Fatima,Wilson,fatima.wilson689@example.com,Canada,Corporate,2021-02-02,2538.26,Y
CUST0004865,Barbara,King,not_an_email,Australia,Wholesale,2023-10-21,2382.22,Y
CUST0004866,Fatima,Walker,fatima.walker279@example.com,China,Corporate,2022-11-15,5548.14,Y
CUST0004867,Ahmed,Williams,ahmed.williams493@example.com,USA,E-Commerce,2021-08-28,2699.95,Y
CUST0004868,Thomas,Wilson,thomas.wilson654@example.com,Singapore,E-Commerce,2020-06-30,1303.82,N
CUST0004869,Sofia,Wright,sofia.wright483@example.com,Australia,Corporate,2019-02-22,5037.49,Y
CUST0004870,Carlos,Lopez,carlos.lopez974@example.com,UK,Retail,2024-07-12,8920.37,Y
CUST0004871,Patricia,Young,patricia.young415@example.com,Mexico,Wholesale,2021-05-07,2907.33,Y
CUST0004872,Wei,Wilson,wei.wilson369@example.com,Brazil,Corporate,2023-03-27,1209.37,Y
CUST0004873,Patricia,Brown,patricia.brown113@example.com,Canada,E-Commerce,2025-03-20,1595.06,Y
CUST0004874,Ingrid,Anderson,ingrid.anderson785@example.com,France,VIP,2020-12-12,1855.65,Y
CUST0004875,John,Taylor,john.taylor711@example.com,Japan,Corporate,2019-07-01,2282.64,Y
CUST0004876,Mei,Robinson,mei.robinson986@example.com,Japan,E-Commerce,2022-07-02,5647.23,Y
CUST0004877,Joseph,Perez,joseph.perez277@example.com,Australia,Corporate,2021-06-19,5093.29,Y
CUST0004878,Liam,Perez,liam.perez897@example.com,Australia,E-Commerce,2023-03-31,6454.95,Y
CUST0004879,Ahmed,Martinez,ahmed.martinez244@example.com,Singapore,Wholesale,2024-01-07,2751.02,Y
CUST0004880,Mei,Thompson,mei.thompson566@example.com,USA,VIP,2021-11-10,9186.29,Y
CUST0004881,Karen,Young,karen.young371@example.com,South Africa,VIP,2019-02-05,1641.33,Y
CUST0004882,Priya,Williams,priya.williams160@example.com,Saudi Arabia,VIP,2020-12-11,3665.35,Y
CUST0004883,Linda,Gonzalez,linda.gonzalez421@example.com,UK,Wholesale,2020-05-24,8570.71,Y
CUST0004884,Karen,Lewis,karen.lewis2@example.com,France,Retail,2023-03-20,1493.22,Y
CUST0004885,Priya,Lewis,priya.lewis649@example.com,Mexico,Retail,2020-11-08,1081.9,Y
CUST0004886,Sakura,Young,sakura.young738@example.com,Saudi Arabia,Wholesale,2021-04-06,11257.22,Y
CUST0004887,Wei,Lee,wei.lee586@example.com,UAE,Retail,2023-10-24,2599.82,Y
CUST0004888,Sakura,Jackson,sakura.jackson382@example.com,Mexico,Corporate,2018-06-01,6258.01,Y
CUST0004889,Mary,Gonzalez,mary.gonzalez624@example.com,Singapore,Corporate,2019-02-17,628.38,Y
CUST0004890,Ingrid,Thompson,ingrid.thompson631@example.com,Australia,Retail,2025-05-23,6356.67,Y
CUST0004891,Michael,Lewis,michael.lewis768@example.com,USA,Corporate,2023-02-28,2399.73,Y
CUST0004892,Sarah,Williams,sarah.williams501@example.com,Japan,Corporate,2025-11-10,786.77,Y
CUST0004893,Layla,Lee,layla.lee322@example.com,Australia,Retail,2022-06-18,5205.64,N
CUST0004894,Elizabeth,Davis,elizabeth.davis768@example.com,Saudi Arabia,E-Commerce,2024-06-26,1877.48,Y
CUST0004895,Jessica,Scott,jessica.scott790@example.com,Saudi Arabia,VIP,2022-10-04,2945.38,Y
CUST0004896,Jessica,Thompson,jessica.thompson203@example.com,Saudi Arabia,Corporate,2023-06-17,920.07,N
CUST0004897,Mei,Thompson,mei.thompson721@example.com,Japan,VIP,2022-07-28,1295.94,Y
CUST0004898,Patricia,Robinson,,UK,VIP,2024-01-15,2268.95,Y
CUST0004899,Jennifer,Wilson,jennifer.wilson237@example.com,Saudi Arabia,E-Commerce,2019-03-13,970.23,Y
CUST0004900,James,Jones,james.jones279@example.com,Germany,Retail,2024-10-08,12585.84,Y
CUST0004901,Karen,Hernandez,karen.hernandez505@example.com,Australia,E-Commerce,2024-11-21,530.33,Y
CUST0004902,Priya,Anderson,priya.anderson322@example.com,China,VIP,2022-08-23,3806.89,Y
CUST0004903,John,Moore,john.moore533@example.com,USA,Wholesale,2025-11-21,1157.65,Y
CUST0004904,James,Brown,james.brown937@example.com,China,Wholesale,2022-01-31,2338.53,Y
CUST0004905,Sofia,White,sofia.white575@example.com,Singapore,Wholesale,2022-05-16,13522.48,Y
CUST0004906,Omar,Lopez,omar.lopez998@example.com,Singapore,E-Commerce,2020-01-14,1381.86,N
CUST0004907,Carlos,Thomas,carlos.thomas919@example.com,Mexico,Corporate,2024-08-18,17382.38,N
CUST0004908,John,Martinez,john.martinez908@example.com,Japan,VIP,2022-05-18,1652.06,Y
CUST0004909,Michael,Garcia,michael.garcia830@example.com,UK,Wholesale,2020-03-14,7265.58,Y
CUST0004910,David,Jones,david.jones271@example.com,Australia,Wholesale,2021-08-13,4455.75,Y
CUST0004911,Raj,Garcia,raj.garcia946@example.com,Canada,VIP,2023-06-27,11291.5,Y
CUST0004912,Liam,Martinez,liam.martinez864@example.com,UAE,VIP,2021-06-07,4537.11,Y
CUST0004913,Ahmed,Lewis,ahmed.lewis987@example.com,France,E-Commerce,2022-03-27,4323.85,N
CUST0004914,Susan,Lopez,susan.lopez384@example.com,Australia,E-Commerce,2021-02-21,1587.41,Y
CUST0004915,John,Davis,john.davis534@example.com,Canada,VIP,2025-06-19,1408.98,Y
CUST0004916,Fatima,Garcia,fatima.garcia219@example.com,India,Corporate,2020-02-08,12913.89,Y
CUST0004917,Mary,Perez,mary.perez148@example.com,USA,Wholesale,2024-03-13,2486.28,Y
CUST0004918,Liam,Miller,liam.miller707@example.com,Brazil,Wholesale,2022-12-26,2826.73,Y
CUST0004919,Sofia,Allen,sofia.allen309@example.com,Saudi Arabia,Retail,2024-01-09,7631.91,Y
CUST0004920,Sarah,Young,sarah.young962@example.com,Canada,E-Commerce,2022-04-14,2568.67,Y
CUST0004921,David,Johnson,david.johnson969@example.com,Canada,E-Commerce,2025-06-04,15689.28,Y
CUST0004922,Richard,Thomas,,France,Retail,2019-02-04,7195.68,Y
CUST0004923,Hans,Hernandez,hans.hernandez555@example.com,Germany,Corporate,2018-02-16,5049.42,Y
CUST0004924,Omar,Walker,omar.walker900@example.com,Saudi Arabia,Corporate,2021-04-07,11138.76,Y
CUST0004925,Yuki,Williams,yuki.williams750@example.com,Brazil,Retail,2022-09-24,754.39,Y
CUST0004926,Yuki,Ramirez,yuki.ramirez112@example.com,Japan,Wholesale,2023-03-20,1985.72,Y
CUST0004927,Mei,Smith,mei.smith495@example.com,India,Corporate,2025-09-23,3627.78,Y
CUST0004928,Carlos,Lopez,carlos.lopez982@example.com,Canada,Corporate,2019-08-27,1787.24,Y
CUST0004929,Liam,King,liam.king866@example.com,Japan,Corporate,2024-04-16,7311.04,Y
CUST0004930,Karen,Miller,karen.miller514@example.com,India,VIP,2020-06-29,13079.39,Y
CUST0004931,David,Harris,david.harris866@example.com,France,E-Commerce,2022-06-29,3256.24,Y
CUST0004932,Sofia,Robinson,sofia.robinson306@example.com,Canada,VIP,2024-11-15,2593.76,Y
CUST0004933,Robert,Lee,robert.lee736@example.com,South Africa,Wholesale,2024-10-31,16792.08,Y
CUST0004934,Raj,Taylor,raj.taylor816@example.com,Saudi Arabia,VIP,2018-05-16,3442.61,N
CUST0004935,Sakura,Smith,sakura.smith235@example.com,France,Wholesale,2021-10-09,3857.4,Y
CUST0004936,Linda,Lewis,linda.lewis700@example.com,USA,Retail,2024-03-12,2666.62,Y
CUST0004937,Mei,Scott,mei.scott588@example.com,Canada,Wholesale,2022-06-15,12514.71,N
CUST0004938,Elizabeth,Sanchez,elizabeth.sanchez476@example.com,USA,Corporate,2021-02-09,4707.72,Y
CUST0004939,Fatima,Thomas,fatima.thomas69@example.com,Brazil,Wholesale,2025-02-24,7681.09,N
CUST0004940,William,Perez,william.perez976@example.com,UK,Corporate,2018-01-15,8851.43,Y
CUST0004941,Linda,Ramirez,linda.ramirez586@example.com,Mexico,Retail,2024-03-04,2591.6,Y
CUST0004942,Ingrid,White,ingrid.white812@example.com,France,VIP,2018-02-12,3343.11,Y
CUST0004943,Joseph,Gonzalez,joseph.gonzalez792@example.com,UAE,VIP,2020-08-03,9934.92,Y
CUST0004944,Karen,Gonzalez,karen.gonzalez699@example.com,Singapore,VIP,2025-03-01,2756.93,Y
CUST0004945,Carlos,White,carlos.white460@example.com,Germany,E-Commerce,2018-12-12,8397.82,Y
CUST0004946,Fatima,Taylor,fatima.taylor387@example.com,Brazil,Wholesale,2025-09-28,14650.44,Y
CUST0004947,Linda,Johnson,linda.johnson898@example.com,UK,Retail,2021-05-31,5380.34,Y
CUST0004948,Jennifer,Martinez,jennifer.martinez933@example.com,Japan,Wholesale,2020-02-15,7266.76,Y
CUST0004949,Fatima,White,fatima.white526@example.com,Australia,VIP,2025-12-03,8676.27,Y
CUST0004950,James,Anderson,james.anderson348@example.com,Saudi Arabia,VIP,2023-02-02,9822.93,Y
CUST0004951,Sakura,Garcia,sakura.garcia878@example.com,China,Retail,2020-02-27,3013.07,Y
CUST0004952,Carlos,Allen,carlos.allen463@example.com,South Africa,Retail,2024-06-05,763.12,Y
CUST0004953,William,Taylor,william.taylor932@example.com,South Africa,Corporate,2018-01-20,3069.79,Y
CUST0004954,Priya,Taylor,priya.taylor554@example.com,Saudi Arabia,Wholesale,2026-07-14,6100.55,Y
CUST0004955,Olivia,Lee,olivia.lee214@example.com,Germany,Corporate,2022-04-27,3492.37,Y
CUST0004956,Linda,Scott,linda.scott465@example.com,Saudi Arabia,Corporate,2023-02-17,7410.78,Y
CUST0004957,Sofia,Brown,,India,E-Commerce,2020-07-08,2707.92,Y
CUST0004958,Ingrid,Anderson,ingrid.anderson863@example.com,Canada,Corporate,2026-07-12,5535.79,Y
CUST0004959,Joseph,Anderson,joseph.anderson182@example.com,France,VIP,2022-09-18,1531.55,Y
CUST0004960,Hans,Perez,hans.perez935@example.com,Saudi Arabia,Corporate,2020-12-17,7418.88,N
CUST0004961,Fatima,Davis,fatima.davis799@example.com,USA,E-Commerce,2024-02-02,4444.94,Y
CUST0004962,Liam,Williams,liam.williams601@example.com,France,Corporate,2026-02-19,1641.18,Y
CUST0004963,Linda,Wright,linda.wright95@example.com,UAE,Corporate,2018-03-22,2225.93,Y
CUST0004964,Charles,Hernandez,charles.hernandez496@example.com,USA,Corporate,2024-08-31,7403.72,Y
CUST0004965,Mei,Martin,mei.martin823@example.com,China,Corporate,2019-04-26,3794.71,Y
CUST0004966,Patricia,Walker,patricia.walker977@example.com,Brazil,Corporate,2022-05-26,1716.93,Y
CUST0004967,Hans,White,hans.white297@example.com,Australia,E-Commerce,2022-09-10,17597.5,Y
CUST0004968,Elizabeth,Allen,elizabeth.allen579@example.com,Saudi Arabia,Corporate,2019-09-14,6778.52,Y
CUST0004969,Susan,Jackson,susan.jackson520@example.com,UAE,E-Commerce,2025-08-18,16248.48,Y
CUST0004970,Susan,Smith,susan.smith624@example.com,Japan,E-Commerce,2025-09-07,3285.26,Y
CUST0004971,Wei,Clark,wei.clark12@example.com,Singapore,Corporate,2022-04-02,3722.74,Y
CUST0004972,Barbara,Clark,barbara.clark70@example.com,Germany,VIP,2019-06-26,11911.72,N
CUST0004973,Olivia,Walker,olivia.walker35@example.com,Brazil,Corporate,2022-12-11,4222.72,Y
CUST0004974,Hans,White,hans.white480@example.com,USA,Wholesale,2024-05-21,6642.68,Y
CUST0004975,Carlos,Martinez,carlos.martinez386@example.com,Germany,Corporate,2023-04-03,1952.92,Y
CUST0004976,Hans,Jones,hans.jones687@example.com,Saudi Arabia,Retail,2018-08-14,3459.51,N
CUST0004977,Jessica,Thompson,jessica.thompson127@example.com,UK,VIP,2024-09-11,1158.81,Y
CUST0004978,Barbara,,barbara.williams417@example.com,Japan,Wholesale,2021-03-23,1653.23,Y
CUST0004979,Joseph,Gonzalez,joseph.gonzalez701@example.com,Saudi Arabia,Wholesale,2018-08-01,504.72,Y
CUST0004980,Susan,Anderson,susan.anderson259@example.com,France,Corporate,2018-04-03,700.28,Y
CUST0004981,Mary,,mary.harris580@example.com,France,Wholesale,2025-08-17,19423.39,N
CUST0004982,Priya,Thompson,priya.thompson671@example.com,UK,Wholesale,2021-10-28,1887.69,Y
CUST0004983,Priya,Lee,priya.lee798@example.com,UK,VIP,2021-06-05,5942.97,Y
CUST0004984,Omar,Perez,omar.perez249@example.com,China,Retail,2018-05-16,9634.85,Y
CUST0004985,Thomas,Taylor,thomas.taylor544@example.com,South Africa,VIP,2021-10-09,4499.88,Y
CUST0004986,Yuki,Perez,yuki.perez252@example.com,Canada,Retail,2024-06-28,1331.13,Y
CUST0004987,Layla,Smith,layla.smith263@example.com,UK,E-Commerce,2021-12-04,7011.91,N
CUST0004988,Elizabeth,King,elizabeth.king822@example.com,USA,E-Commerce,2020-10-11,5084.6,N
CUST0004989,Carlos,Martin,carlos.martin994@example.com,UK,E-Commerce,2021-09-26,7069.88,Y
CUST0004990,Yuki,Scott,,India,VIP,2023-12-12,7842.87,Y
CUST0004991,Hans,Wright,hans.wright407@example.com,USA,Wholesale,2018-06-22,19027.15,Y
CUST0004992,William,Hernandez,william.hernandez126@example.com,Germany,Retail,2023-05-23,4761.46,Y
CUST0004993,Jennifer,Lee,jennifer.lee574@example.com,India,Corporate,2020-05-05,2590.03,N
CUST0004994,William,Wright,william.wright831@example.com,China,VIP,2023-11-19,5727.22,Y
CUST0004995,David,King,david.king509@example.com,Germany,Retail,2020-10-27,854.48,Y
CUST0004996,Karen,White,karen.white817@example.com,India,Wholesale,2024-06-18,11884.46,Y
CUST0004997,Yuki,Sanchez,yuki.sanchez318@example.com,France,Retail,2022-10-16,1135.65,Y
CUST0004998,Richard,Lopez,richard.lopez555@example.com,Japan,VIP,2018-01-28,2486.32,Y
CUST0004999,Mary,Lee,mary.lee81@example.com,Mexico,Retail,2020-01-03,-8957.18,Y
CUST0005000,Karen,Perez,karen.perez702@example.com,Canada,Wholesale,2018-03-28,5047.97,Y
CUST0005001,David,Smith,david.smith85@example.com,Mexico,Corporate,2022-01-18,3001.37,Y
CUST0005002,Sarah,Jones,sarah.jones408@example.com,France,VIP,2023-08-03,3706.91,Y
CUST0005003,John,Brown,john.brown890@example.com,South Africa,E-Commerce,2022-07-21,10139.52,Y
CUST0005004,Ingrid,Lee,ingrid.lee666@example.com,Mexico,Retail,2019-02-05,2577.61,Y
CUST0005005,Priya,Lewis,priya.lewis259@example.com,France,Wholesale,2018-07-28,10687.65,Y
CUST0005006,Priya,Brown,priya.brown493@example.com,Japan,E-Commerce,2021-04-12,961.31,Y
CUST0005007,Richard,Gonzalez,richard.gonzalez14@example.com,Brazil,E-Commerce,2023-09-11,7998.4,N
CUST0005008,Elizabeth,Thomas,elizabeth.thomas706@example.com,Japan,Wholesale,2022-06-18,9904.52,Y
CUST0005009,James,Ramirez,james.ramirez51@example.com,Saudi Arabia,Retail,2020-11-29,-1503.35,Y
CUST0005010,Elizabeth,Anderson,elizabeth.anderson138@example.com,India,Corporate,2018-11-06,3313.64,Y
CUST0005011,Liam,Perez,liam.perez513@example.com,Mexico,Retail,2024-12-18,1404.61,Y
CUST0005012,James,Miller,james.miller374@example.com,USA,Retail,2024-05-05,6631.16,Y
CUST0005013,Yuki,Rodriguez,yuki.rodriguez29@example.com,Brazil,Wholesale,2021-12-06,4332.33,Y
CUST0005014,William,Williams,william.williams123@example.com,Singapore,VIP,2019-09-26,5543.72,Y
CUST0005015,Wei,Rodriguez,wei.rodriguez244@example.com,Germany,Wholesale,2024-05-03,1593.81,Y
CUST0005016,James,Moore,james.moore590@example.com,Australia,Wholesale,2026-06-16,1689.67,Y
CUST0005017,Fatima,Allen,fatima.allen166@example.com,Brazil,Retail,2021-11-08,711.91,Y
CUST0005018,Mei,Lee,mei.lee831@example.com,Canada,Retail,2022-10-25,2443.54,Y
CUST0005019,Hans,Garcia,hans.garcia290@example.com,Brazil,Wholesale,2018-03-21,-4602.0,N
CUST0005020,Ingrid,Perez,ingrid.perez851@example.com,South Africa,Corporate,2021-05-24,10257.35,Y
CUST0005021,Linda,Martin,linda.martin937@example.com,UK,E-Commerce,2024-04-18,5996.97,Y
CUST0005022,Jessica,Clark,jessica.clark163@example.com,India,Wholesale,2021-11-17,3358.16,Y
CUST0005023,Layla,Wright,layla.wright244@example.com,Mexico,Retail,2019-12-30,-15800.83,Y
CUST0005024,Yuki,Lewis,yuki.lewis242@example.com,Saudi Arabia,Corporate,2025-12-11,6851.37,Y
CUST0005025,Yuki,Hernandez,yuki.hernandez904@example.com,Saudi Arabia,E-Commerce,2021-05-01,13808.11,Y
CUST0005026,Karen,Gonzalez,karen.gonzalez645@example.com,South Africa,E-Commerce,2021-05-31,4249.52,Y
CUST0005027,Ingrid,King,ingrid.king508@example.com,UK,VIP,2022-03-22,1998.13,Y
CUST0005028,Linda,Perez,linda.perez926@example.com,India,E-Commerce,2020-07-01,771.37,Y
CUST0005029,Robert,Hernandez,robert.hernandez629@example.com,South Africa,VIP,2018-07-12,6974.68,Y
CUST0005030,Joseph,Moore,joseph.moore951@example.com,Japan,Retail,2025-03-09,1146.58,Y
CUST0005031,Charles,Walker,charles.walker596@example.com,Singapore,Corporate,2018-07-27,2303.24,Y
CUST0005032,Patricia,Jackson,patricia.jackson10@example.com,Brazil,Retail,2022-09-13,4301.47,Y
CUST0005033,Yuki,Anderson,yuki.anderson490@example.com,India,Wholesale,2021-03-25,4655.34,Y
CUST0005034,Priya,Harris,priya.harris712@example.com,Saudi Arabia,Wholesale,2019-05-31,5088.75,Y
CUST0005035,Elizabeth,Williams,elizabeth.williams227@example.com,India,VIP,2020-08-03,1409.14,Y
CUST0005036,Jennifer,Moore,jennifer.moore946@example.com,Singapore,Retail,2019-02-15,2888.06,Y
CUST0005037,Elizabeth,Robinson,elizabeth.robinson248@example.com,Canada,Retail,2026-06-08,5301.14,Y
CUST0005038,Barbara,Sanchez,barbara.sanchez319@example.com,South Africa,Retail,2020-11-25,18002.69,Y
CUST0005039,Fatima,Clark,fatima.clark586@example.com,Saudi Arabia,Retail,2018-02-17,7002.99,Y
CUST0005040,Layla,Moore,layla.moore129@example.com,South Africa,VIP,2020-07-01,13294.09,Y
CUST0005041,Fatima,King,fatima.king755@example.com,France,Corporate,2021-06-08,7681.88,Y
CUST0005042,Liam,Thomas,liam.thomas855@example.com,Saudi Arabia,E-Commerce,2024-11-30,4978.97,Y
CUST0005043,Carlos,Walker,carlos.walker807@example.com,China,Retail,2021-12-16,1566.11,Y
CUST0005044,Mary,Hernandez,mary.hernandez171@example.com,India,Wholesale,2026-04-27,5993.35,Y
CUST0005045,Jessica,Sanchez,jessica.sanchez333@example.com,USA,Retail,2026-01-26,5382.59,Y
CUST0005046,Mary,Williams,mary.williams721@example.com,Australia,Retail,2022-11-06,5112.41,Y
CUST0005047,Ingrid,Clark,ingrid.clark70@example.com,Singapore,E-Commerce,2021-05-18,3864.62,Y
CUST0005048,Omar,Young,omar.young256@example.com,Singapore,E-Commerce,2021-07-26,4260.84,Y
CUST0005049,Patricia,Jackson,patricia.jackson181@example.com,Australia,Wholesale,2019-05-27,2535.65,Y
CUST0005050,Sakura,Martinez,sakura.martinez742@example.com,Mexico,Retail,2026-03-29,4162.69,Y
CUST0005051,Mei,Moore,mei.moore969@example.com,Brazil,Wholesale,2024-12-22,1600.47,Y
CUST0005052,Joseph,Sanchez,joseph.sanchez602@example.com,USA,E-Commerce,2021-08-01,8678.25,Y
CUST0005053,Barbara,Thompson,barbara.thompson179@example.com,Japan,Corporate,2024-04-04,1527.6,Y
CUST0005054,Fatima,Robinson,fatima.robinson203@example.com,Germany,VIP,2019-02-08,943.97,Y
CUST0005055,Jessica,Johnson,jessica.johnson957@example.com,China,Wholesale,2021-02-09,3365.69,Y
CUST0005056,Susan,Brown,susan.brown186@example.com,Germany,Corporate,2021-06-24,5869.22,Y
CUST0005057,Barbara,Martinez,barbara.martinez301@example.com,Saudi Arabia,Corporate,2020-11-04,3378.75,Y
CUST0005058,Liam,White,liam.white196@example.com,Mexico,Corporate,2019-10-07,-2120.03,Y
CUST0005059,Joseph,Thompson,joseph.thompson46@example.com,UAE,Retail,2022-06-26,4584.16,Y
CUST0005060,Jessica,,jessica.rodriguez335@example.com,Canada,Retail,2023-06-20,2630.91,Y
CUST0005061,Mei,Thompson,mei.thompson333@example.com,Japan,Corporate,2018-08-10,14005.45,Y
CUST0005062,Sarah,Brown,sarah.brown280@example.com,UK,Wholesale,2025-04-06,13296.76,Y
CUST0005063,Karen,Perez,karen.perez403@example.com,France,Retail,2018-11-19,3989.51,Y
CUST0005064,David,White,david.white833@example.com,UAE,Retail,2019-06-24,2486.62,Y
CUST0005065,Omar,Williams,omar.williams964@example.com,China,VIP,2018-11-05,7180.52,Y
CUST0005066,Jessica,Thompson,jessica.thompson926@example.com,USA,E-Commerce,2026-01-09,687.02,Y
CUST0005067,Karen,Taylor,karen.taylor954@example.com,Saudi Arabia,Retail,2024-11-30,3719.59,Y
CUST0005068,Yuki,Davis,yuki.davis342@example.com,Mexico,Corporate,2026-06-26,2549.8,Y
CUST0005069,Sakura,Davis,sakura.davis916@example.com,South Africa,Corporate,2022-11-06,13162.25,Y
CUST0005070,Barbara,Allen,barbara.allen647@example.com,Australia,Wholesale,2021-02-11,560.38,Y
CUST0005071,Mary,Ramirez,mary.ramirez124@example.com,Mexico,Corporate,2019-07-04,4523.91,Y
CUST0005072,John,Wright,john.wright673@example.com,UAE,Corporate,2020-08-30,7248.15,Y
CUST0005073,James,Smith,james.smith470@example.com,India,Retail,2021-07-04,3818.12,Y
CUST0005074,Elizabeth,Brown,elizabeth.brown322@example.com,Brazil,VIP,2025-05-25,946.36,Y
CUST0005075,Wei,Clark,wei.clark610@example.com,China,Corporate,2018-11-13,18460.83,Y
CUST0005076,Susan,Ramirez,susan.ramirez25@example.com,South Africa,VIP,2018-06-22,4149.16,Y
CUST0005077,Robert,Miller,robert.miller46@example.com,Canada,E-Commerce,2026-08-01,5262.0,Y
CUST0005078,Michael,Brown,michael.brown751@example.com,Germany,VIP,2019-09-02,1849.93,Y
CUST0005079,Omar,King,omar.king513@example.com,Japan,Retail,2024-01-13,3803.38,Y
CUST0005080,Robert,Moore,robert.moore819@example.com,South Africa,Corporate,2025-05-12,3303.14,Y
CUST0005081,Jessica,Scott,jessica.scott536@example.com,Canada,Corporate,2023-09-13,889.24,Y
CUST0005082,Liam,Thompson,liam.thompson91@example.com,Japan,E-Commerce,2022-09-19,1061.14,N
CUST0005083,Robert,Thompson,robert.thompson643@example.com,USA,VIP,2022-04-13,9584.54,Y
CUST0005084,Priya,Scott,priya.scott550@example.com,Saudi Arabia,Wholesale,2022-04-07,1871.0,Y
CUST0005085,Layla,Williams,layla.williams13@example.com,China,Wholesale,2026-01-05,1584.31,Y
CUST0005086,James,Scott,james.scott115@example.com,Australia,E-Commerce,2023-01-07,4015.09,Y
CUST0005087,Richard,Robinson,richard.robinson216@example.com,UAE,Corporate,2021-03-04,7821.22,Y
CUST0005088,Layla,Anderson,layla.anderson745@example.com,Mexico,Retail,2023-12-26,819.74,Y
CUST0005089,Priya,Lewis,priya.lewis976@example.com,South Africa,VIP,2026-07-11,4799.65,Y
CUST0005090,Mei,Miller,mei.miller657@example.com,France,E-Commerce,2021-03-09,1134.68,Y
CUST0005091,Susan,Clark,susan.clark473@example.com,South Africa,Retail,2020-12-01,685.71,Y
CUST0005092,Thomas,Williams,thomas.williams967@example.com,India,Corporate,2023-11-28,770.93,Y
CUST0005093,Carlos,Lewis,carlos.lewis382@example.com,Canada,VIP,2021-10-14,9483.78,Y
CUST0005094,Michael,Garcia,michael.garcia436@example.com,France,E-Commerce,2022-11-01,1127.66,Y
CUST0005095,Mei,Sanchez,mei.sanchez213@example.com,France,Wholesale,2026-06-02,731.01,Y
CUST0005096,Patricia,Lewis,patricia.lewis215@example.com,Brazil,Wholesale,2018-03-08,3380.38,Y
CUST0005097,William,Thompson,william.thompson542@example.com,Singapore,E-Commerce,2022-10-22,9789.29,Y
CUST0005098,Susan,Thomas,susan.thomas790@example.com,China,Corporate,2023-05-29,2021.82,Y
CUST0005099,Mary,Gonzalez,mary.gonzalez102@example.com,India,Corporate,2025-09-17,3238.42,Y
CUST0005100,Michael,Hernandez,michael.hernandez860@example.com,India,Retail,2022-03-01,703.71,Y
CUST0005101,Yuki,Martinez,yuki.martinez13@example.com,Singapore,Retail,2019-08-12,3480.81,Y
CUST0005102,Patricia,Rodriguez,patricia.rodriguez977@example.com,UAE,E-Commerce,2021-10-12,4809.17,Y
CUST0005103,Patricia,Perez,patricia.perez303@example.com,Brazil,Retail,2023-09-09,4730.41,N
CUST0005104,Robert,Scott,robert.scott864@example.com,Germany,VIP,2023-07-25,2520.53,Y
CUST0005105,Ingrid,Thomas,ingrid.thomas533@example.com,Japan,Corporate,2019-07-08,2395.58,Y
CUST0005106,Michael,Sanchez,michael.sanchez220@example.com,USA,Wholesale,2021-03-01,1063.74,Y
CUST0005107,Joseph,Brown,joseph.brown29@example.com,USA,VIP,2018-11-22,2784.83,Y
CUST0005108,Ahmed,Hernandez,ahmed.hernandez630@example.com,France,VIP,2020-07-14,1024.0,N
CUST0005109,Sakura,Moore,sakura.moore109@example.com,China,VIP,2024-05-08,7774.92,N
CUST0005110,Carlos,Lee,carlos.lee278@example.com,India,Corporate,2019-09-18,17447.48,Y
CUST0005111,Sakura,Gonzalez,sakura.gonzalez368@example.com,Canada,VIP,2024-10-16,18045.21,Y
CUST0005112,David,Martinez,david.martinez345@example.com,UK,Corporate,2021-09-02,10515.04,Y
CUST0005113,Patricia,Smith,patricia.smith170@example.com,UK,Wholesale,2018-06-03,5091.37,Y
CUST0005114,Charles,Williams,charles.williams382@example.com,India,Corporate,2023-01-24,6534.31,Y
CUST0005115,Michael,Lopez,michael.lopez369@example.com,Canada,E-Commerce,2023-10-26,2178.8,Y
CUST0005116,Robert,Taylor,robert.taylor105@example.com,South Africa,VIP,2025-01-20,5481.68,Y
CUST0005117,Omar,Smith,omar.smith345@example.com,Canada,Corporate,2022-07-07,3540.81,Y
CUST0005118,Liam,Davis,liam.davis871@example.com,UK,Wholesale,2024-06-30,3789.07,Y
CUST0005119,Layla,Scott,layla.scott301@example.com,Saudi Arabia,E-Commerce,2023-06-14,7589.47,Y
CUST0005120,Robert,Scott,robert.scott391@example.com,Saudi Arabia,Wholesale,2022-09-02,2155.86,Y
CUST0005121,William,Walker,william.walker401@example.com,Brazil,E-Commerce,2024-03-09,2413.92,Y
CUST0005122,Charles,Martin,charles.martin311@example.com,UK,Retail,2019-08-16,13427.51,Y
CUST0005123,Thomas,Scott,thomas.scott153@example.com,France,VIP,2024-02-08,789.33,Y
CUST0005124,Richard,Jones,richard.jones251@example.com,Singapore,Corporate,2020-08-19,3824.1,Y
CUST0005125,Karen,White,karen.white43@example.com,Germany,Retail,2019-03-27,12697.8,N
CUST0005126,Robert,Martinez,robert.martinez390@example.com,Australia,Corporate,2025-01-29,5212.7,Y
CUST0005127,Linda,Taylor,linda.taylor807@example.com,Canada,VIP,2026-07-20,4452.78,Y
CUST0005128,Carlos,Smith,carlos.smith393@example.com,Canada,Retail,2020-12-16,1936.71,Y
CUST0005129,Jennifer,Allen,jennifer.allen582@example.com,Singapore,Retail,2019-02-22,2602.45,Y
CUST0005130,William,Lee,william.lee868@example.com,India,VIP,2019-08-09,10054.35,Y
CUST0005131,Sakura,Clark,sakura.clark574@example.com,Japan,Wholesale,2021-03-31,4596.03,Y
CUST0005132,Robert,Anderson,robert.anderson269@example.com,Canada,E-Commerce,2019-01-17,4115.37,Y
CUST0005133,John,King,john.king107@example.com,Canada,VIP,2025-02-07,1024.47,Y
CUST0005134,James,Perez,james.perez944@example.com,Canada,Wholesale,2019-10-04,580.79,Y
CUST0005135,Linda,Lewis,linda.lewis895@example.com,Brazil,Retail,2021-06-22,17077.65,Y
CUST0005136,Robert,Allen,robert.allen370@example.com,India,Retail,2024-06-03,2865.93,Y
CUST0005137,Patricia,Harris,patricia.harris465@example.com,Canada,E-Commerce,2025-05-29,5121.78,Y
CUST0005138,Ingrid,King,ingrid.king218@example.com,Canada,Retail,2020-03-21,915.36,Y
CUST0005139,Wei,Harris,wei.harris279@example.com,UAE,Corporate,2019-05-28,6246.07,N
CUST0005140,Elizabeth,Robinson,elizabeth.robinson336@example.com,Australia,Corporate,2024-09-22,13983.08,Y
CUST0005141,Patricia,Robinson,patricia.robinson744@example.com,France,Retail,2020-06-30,4786.16,Y
CUST0005142,Hans,Taylor,hans.taylor265@example.com,Brazil,VIP,2024-11-17,1174.03,N
CUST0005143,Layla,Lewis,layla.lewis4@example.com,Brazil,Wholesale,2020-10-08,4858.04,Y
CUST0005144,Joseph,Sanchez,joseph.sanchez766@example.com,Brazil,E-Commerce,2018-12-31,7769.6,Y
CUST0005145,Priya,Martin,priya.martin73@example.com,USA,Corporate,2018-03-11,3107.89,Y
CUST0005146,Sofia,Lewis,sofia.lewis360@example.com,Germany,Retail,2025-11-18,11094.56,Y
CUST0005147,Robert,Thompson,robert.thompson501@example.com,South Africa,Corporate,2020-09-15,5730.33,Y
CUST0005148,Robert,,robert.garcia28@example.com,Japan,VIP,2022-07-22,11975.51,Y
CUST0005149,Charles,Clark,charles.clark806@example.com,Canada,Wholesale,2021-08-12,5384.26,Y
CUST0005150,Robert,Harris,robert.harris954@example.com,France,Retail,2018-09-09,1203.72,Y
CUST0005151,Charles,King,charles.king410@example.com,China,VIP,2021-05-15,2353.08,Y
CUST0005152,Raj,King,raj.king606@example.com,France,VIP,2020-10-30,1626.95,Y
CUST0005153,Ingrid,Smith,ingrid.smith920@example.com,Australia,Wholesale,2022-07-19,12474.95,Y
CUST0005154,Mary,Brown,mary.brown944@example.com,South Africa,Corporate,2023-04-04,7643.92,Y
CUST0005155,John,Lewis,john.lewis498@example.com,Saudi Arabia,Wholesale,2025-05-02,6141.21,Y
CUST0005156,Karen,Gonzalez,karen.gonzalez829@example.com,Germany,Retail,2022-12-25,2290.28,Y
CUST0005157,Linda,Jones,linda.jones453@example.com,Canada,VIP,2025-11-21,1516.98,Y
CUST0005158,Patricia,Williams,patricia.williams285@example.com,Brazil,Retail,2019-11-29,7562.19,N
CUST0005159,Sarah,Jackson,sarah.jackson301@example.com,Canada,E-Commerce,2021-09-30,3713.77,Y
CUST0005160,Sofia,Lewis,sofia.lewis287@example.com,Germany,Wholesale,2020-08-13,1779.56,Y
CUST0005161,Layla,Martin,layla.martin680@example.com,Brazil,Corporate,2025-11-12,5293.67,N
CUST0005162,Mei,Hernandez,mei.hernandez235@example.com,Brazil,Retail,2023-05-21,705.85,Y
CUST0005163,Mary,Wilson,mary.wilson745@example.com,Germany,E-Commerce,2020-09-25,2473.89,N
CUST0005164,Patricia,Martin,patricia.martin633@example.com,Mexico,VIP,2024-07-18,3660.8,Y
CUST0005165,Priya,Thompson,priya.thompson220@example.com,Mexico,Corporate,2026-01-18,1300.6,Y
CUST0005166,Yuki,Robinson,yuki.robinson242@example.com,Canada,Corporate,2020-06-05,21384.66,N
CUST0005167,Karen,Ramirez,karen.ramirez712@example.com,South Africa,Wholesale,2021-01-23,1672.9,Y
CUST0005168,Elizabeth,Gonzalez,elizabeth.gonzalez812@example.com,Mexico,VIP,2021-11-30,1198.34,Y
CUST0005169,Raj,Perez,raj.perez994@example.com,Australia,Wholesale,2024-12-21,1637.86,Y
CUST0005170,Yuki,Harris,yuki.harris567@example.com,China,Retail,2020-12-04,7828.01,Y
CUST0005171,Jessica,Moore,jessica.moore591@example.com,Germany,Retail,2026-07-31,3271.33,Y
CUST0005172,Raj,Lewis,raj.lewis960@example.com,USA,Corporate,2018-01-25,4666.83,Y
CUST0005173,Olivia,Miller,olivia.miller490@example.com,Singapore,Wholesale,2021-08-01,606.16,Y
CUST0005174,William,Davis,william.davis902@example.com,Mexico,Retail,2022-05-11,675.19,Y
CUST0005175,Mary,Sanchez,mary.sanchez715@example.com,Saudi Arabia,VIP,2024-04-01,3451.38,Y
CUST0005176,Mei,Taylor,mei.taylor403@example.com,France,Corporate,2020-05-04,-8981.93,Y
CUST0005177,Liam,Lewis,liam.lewis16@example.com,Canada,E-Commerce,2025-06-07,11324.51,N
CUST0005178,Ahmed,White,ahmed.white498@example.com,USA,Wholesale,2024-09-20,953.49,Y
CUST0005179,Thomas,Rodriguez,thomas.rodriguez487@example.com,Mexico,Retail,2026-02-14,4364.88,Y
CUST0005180,Priya,Sanchez,priya.sanchez977@example.com,Mexico,VIP,2019-09-11,12722.45,Y
CUST0005181,William,Brown,william.brown338@example.com,USA,VIP,2019-12-13,2954.89,Y
CUST0005182,Patricia,Smith,patricia.smith50@example.com,Australia,Retail,2019-04-01,9347.03,Y
CUST0005183,Patricia,Garcia,patricia.garcia838@example.com,UAE,Corporate,2018-10-30,1217.59,Y
CUST0005184,Ingrid,Gonzalez,ingrid.gonzalez576@example.com,France,E-Commerce,2026-05-18,14197.28,Y
CUST0005185,Omar,Garcia,omar.garcia143@example.com,Canada,Wholesale,2018-01-05,7460.02,Y
CUST0005186,Olivia,Allen,olivia.allen144@example.com,Australia,Wholesale,2023-12-15,14679.51,Y
CUST0005187,Raj,Brown,raj.brown783@example.com,Australia,VIP,2022-07-17,6144.59,Y
CUST0005188,Richard,Wilson,richard.wilson76@example.com,USA,E-Commerce,2025-06-18,2758.1,Y
CUST0005189,Linda,Young,linda.young693@example.com,South Africa,Corporate,2025-01-16,14417.74,Y
CUST0005190,Carlos,White,carlos.white993@example.com,UAE,Corporate,2018-10-15,2111.83,Y
CUST0005191,William,Jones,william.jones791@example.com,Japan,VIP,2019-07-12,2518.63,Y
CUST0005192,Mary,Clark,mary.clark219@example.com,Saudi Arabia,Retail,2023-11-26,6533.36,Y
CUST0005193,Priya,Jackson,priya.jackson125@example.com,China,Corporate,2018-09-16,7747.58,Y
CUST0005194,Joseph,Johnson,joseph.johnson160@example.com,Germany,Corporate,2020-12-08,13753.87,Y
CUST0005195,Sofia,Thomas,sofia.thomas434@example.com,Japan,Wholesale,2021-07-21,1645.82,N
CUST0005196,John,Clark,john.clark868@example.com,China,Corporate,2021-01-26,8497.39,Y
CUST0005197,Jessica,Martinez,jessica.martinez231@example.com,Saudi Arabia,VIP,2025-06-22,7207.49,Y
CUST0005198,Joseph,Lopez,joseph.lopez352@example.com,UK,VIP,2019-09-04,829.6,Y
CUST0005199,Priya,Robinson,priya.robinson934@example.com,Canada,Wholesale,2022-04-08,2948.77,Y
CUST0005200,Jessica,Robinson,jessica.robinson598@example.com,France,VIP,2025-01-02,2161.76,Y
CUST0005201,David,Lopez,david.lopez321@example.com,UK,VIP,2022-08-25,2315.55,Y
CUST0005202,Thomas,Martin,thomas.martin701@example.com,Japan,E-Commerce,2026-07-11,20857.11,N
CUST0005203,Sofia,Wright,sofia.wright446@example.com,Japan,Retail,2019-04-21,5646.98,Y
CUST0005204,Joseph,Anderson,joseph.anderson48@example.com,India,E-Commerce,2018-04-10,6823.5,Y
CUST0005205,Layla,Johnson,,Japan,Corporate,2023-05-16,19278.87,Y
CUST0005206,Fatima,Lee,fatima.lee720@example.com,UAE,VIP,2025-07-27,2867.66,Y
CUST0005207,Patricia,Harris,patricia.harris716@example.com,South Africa,Wholesale,2023-05-27,8593.41,Y
CUST0005208,Patricia,Hernandez,patricia.hernandez945@example.com,UAE,VIP,2019-02-06,3350.5,Y
CUST0005209,Mary,Moore,mary.moore978@example.com,India,Wholesale,2023-04-01,10683.2,Y
CUST0005210,Carlos,Lopez,carlos.lopez908@example.com,Mexico,Corporate,2022-06-08,1496.27,Y
CUST0005211,Susan,Martinez,susan.martinez195@example.com,UAE,VIP,2021-05-01,15252.47,Y
CUST0005212,James,Lopez,james.lopez638@example.com,UAE,E-Commerce,2025-05-18,1734.44,Y
CUST0005213,Sakura,Robinson,sakura.robinson789@example.com,Germany,Corporate,2024-05-28,-2474.26,Y
CUST0005214,Wei,Young,wei.young874@example.com,Brazil,E-Commerce,2026-07-25,7556.88,Y
CUST0005215,Elizabeth,Taylor,elizabeth.taylor738@example.com,China,E-Commerce,2025-08-26,3002.36,Y
CUST0005216,John,Walker,john.walker692@example.com,Germany,Corporate,2023-02-11,5185.16,Y
CUST0005217,Layla,Ramirez,layla.ramirez152@example.com,UAE,Corporate,2025-04-28,3440.09,Y
CUST0005218,Sofia,Miller,sofia.miller106@example.com,UK,E-Commerce,2024-03-25,7281.15,Y
CUST0005219,David,Wilson,david.wilson213@example.com,USA,Retail,2024-02-03,1796.0,Y
CUST0005220,Priya,Thomas,priya.thomas33@example.com,Mexico,VIP,2025-11-04,801.18,Y
CUST0005221,David,Taylor,david.taylor653@example.com,Japan,Wholesale,2023-09-26,2282.87,Y
CUST0005222,David,Davis,david.davis41@example.com,South Africa,Corporate,2025-08-29,3715.21,Y
CUST0005223,Layla,Gonzalez,layla.gonzalez86@example.com,UK,Corporate,2020-07-29,1419.73,Y
CUST0005224,Wei,Jackson,wei.jackson558@example.com,UAE,Wholesale,2020-01-24,2690.95,Y
CUST0005225,William,Smith,,Brazil,Corporate,2018-04-03,3053.99,Y
CUST0005226,William,Wright,william.wright482@example.com,France,Retail,2022-11-25,795.52,Y
CUST0005227,David,Young,david.young628@example.com,Mexico,Corporate,2026-07-19,4877.03,Y
CUST0005228,Priya,Lee,priya.lee68@example.com,UK,VIP,2026-03-15,11285.65,Y
CUST0005229,Wei,Perez,wei.perez94@example.com,Australia,Retail,2018-03-17,1322.86,N
CUST0005230,Jennifer,Williams,jennifer.williams526@example.com,Canada,VIP,2021-05-28,5054.13,Y
CUST0005231,Thomas,Rodriguez,thomas.rodriguez132@example.com,India,Wholesale,2020-05-01,5964.23,Y
CUST0005232,James,Wilson,james.wilson429@example.com,USA,Corporate,2019-07-06,3217.9,Y
CUST0005233,Ahmed,Williams,ahmed.williams158@example.com,Mexico,VIP,2020-08-03,6538.19,Y
CUST0005234,Richard,Moore,richard.moore700@example.com,UK,E-Commerce,2020-03-19,3144.37,N
CUST0005235,Fatima,Wilson,fatima.wilson589@example.com,Canada,Corporate,2026-08-10,4012.33,Y
CUST0005236,Olivia,Johnson,olivia.johnson886@example.com,Brazil,Retail,2022-08-30,536.9,Y
CUST0005237,Joseph,Davis,joseph.davis433@example.com,Singapore,Corporate,2024-11-12,6383.74,Y
CUST0005238,Olivia,Walker,olivia.walker745@example.com,Australia,E-Commerce,2018-02-07,5913.83,Y
CUST0005239,James,Taylor,james.taylor383@example.com,France,E-Commerce,2018-09-21,695.79,N
CUST0005240,Raj,Miller,raj.miller447@example.com,India,E-Commerce,2024-07-04,2796.31,Y
CUST0005241,Mary,Wright,mary.wright295@example.com,France,E-Commerce,2024-03-12,19823.75,Y
CUST0005242,Fatima,Miller,fatima.miller502@example.com,India,E-Commerce,2019-08-08,3229.99,Y
CUST0005243,Carlos,Hernandez,carlos.hernandez529@example.com,USA,VIP,2019-06-15,3985.23,Y
CUST0005244,Linda,Thompson,linda.thompson7@example.com,UAE,Retail,2025-05-03,12535.85,Y
CUST0005245,Carlos,Clark,carlos.clark102@example.com,Mexico,Wholesale,2019-05-16,6816.17,Y
CUST0005246,David,Perez,david.perez382@example.com,UK,Wholesale,2025-10-23,4862.21,Y
CUST0005247,Olivia,Brown,olivia.brown333@example.com,Japan,VIP,2020-03-01,8492.61,N
CUST0005248,Hans,Martin,hans.martin241@example.com,UAE,E-Commerce,2026-04-20,10488.99,Y
CUST0005249,Karen,Young,karen.young415@example.com,UK,E-Commerce,2026-05-15,3552.2,Y
CUST0005250,Richard,White,richard.white48@example.com,Saudi Arabia,Retail,2018-12-23,3722.82,Y
CUST0005251,Fatima,Hernandez,fatima.hernandez837@example.com,UAE,E-Commerce,2023-09-06,2939.22,Y
CUST0005252,Barbara,Robinson,barbara.robinson457@example.com,Mexico,VIP,2024-03-11,17511.91,Y
CUST0005253,Priya,Williams,priya.williams227@example.com,Canada,Corporate,2021-02-05,6472.86,Y
CUST0005254,Mary,Thomas,mary.thomas21@example.com,France,E-Commerce,2023-12-26,934.46,Y
CUST0005255,Omar,Smith,omar.smith724@example.com,Saudi Arabia,VIP,2023-04-13,10437.4,Y
CUST0005256,Liam,Ramirez,liam.ramirez70@example.com,Saudi Arabia,E-Commerce,2019-06-22,3775.02,Y
CUST0005257,Joseph,White,joseph.white981@example.com,Mexico,E-Commerce,2025-10-05,856.16,Y
CUST0005258,Mei,Lopez,mei.lopez47@example.com,UAE,E-Commerce,2024-04-27,4489.4,Y
CUST0005259,Ahmed,Lewis,ahmed.lewis508@example.com,Brazil,VIP,2018-12-28,3199.25,Y
CUST0005260,Richard,Lewis,richard.lewis607@example.com,Saudi Arabia,VIP,2020-07-04,11008.41,Y
CUST0005261,Karen,Perez,karen.perez479@example.com,India,Wholesale,2022-12-17,1640.75,Y
CUST0005262,Ahmed,Miller,ahmed.miller90@example.com,India,Retail,2024-02-29,9256.87,Y
CUST0005263,Wei,King,wei.king585@example.com,China,Retail,2026-06-26,4578.71,Y
CUST0005264,Wei,Hernandez,wei.hernandez186@example.com,Canada,Wholesale,2020-04-05,780.79,Y
CUST0005265,Layla,Harris,layla.harris63@example.com,USA,VIP,2020-03-12,18350.21,Y
CUST0005266,Sofia,Jones,sofia.jones134@example.com,Australia,VIP,2025-02-16,4093.51,Y
CUST0005267,Layla,Anderson,layla.anderson8@example.com,Australia,Corporate,2021-02-24,2218.63,Y
CUST0005268,Michael,Davis,michael.davis766@example.com,Germany,VIP,2024-10-11,3668.8,Y
CUST0005269,Yuki,Rodriguez,yuki.rodriguez478@example.com,Canada,E-Commerce,2025-10-21,10254.64,Y
CUST0005270,Patricia,Anderson,patricia.anderson217@example.com,Japan,Corporate,2026-05-23,2318.52,Y
CUST0005271,Layla,Thompson,layla.thompson904@example.com,Singapore,Wholesale,2023-10-04,1570.15,Y
CUST0005272,Olivia,Allen,olivia.allen407@example.com,Japan,Retail,2024-02-15,1190.98,Y
CUST0005273,Thomas,Thomas,thomas.thomas993@example.com,Brazil,Corporate,2022-06-10,2268.11,Y
CUST0005274,Patricia,Smith,patricia.smith661@example.com,USA,Corporate,2020-08-29,8071.73,Y
CUST0005275,Charles,Martin,charles.martin801@example.com,France,E-Commerce,2023-03-10,3689.76,Y
CUST0005276,Thomas,Martin,thomas.martin284@example.com,Canada,Retail,2023-01-25,1790.5,Y
CUST0005277,David,Ramirez,david.ramirez139@example.com,India,E-Commerce,2021-03-12,1408.72,Y
CUST0005278,Karen,Lewis,karen.lewis851@example.com,UAE,VIP,2019-03-23,2522.8,Y
CUST0005279,Mary,Taylor,mary.taylor256@example.com,UAE,VIP,2025-04-25,14560.76,N
CUST0005280,Susan,King,susan.king338@example.com,Australia,VIP,2026-04-23,2600.56,Y
CUST0005281,Sofia,White,sofia.white519@example.com,Singapore,E-Commerce,2023-01-20,22666.21,Y
CUST0005282,Joseph,Young,joseph.young338@example.com,India,VIP,2018-10-23,3820.18,Y
CUST0005283,Layla,Martin,layla.martin844@example.com,Germany,E-Commerce,2025-08-05,1487.16,Y
CUST0005284,Susan,Brown,susan.brown454@example.com,Australia,Retail,2025-09-13,11588.47,Y
CUST0005285,Ingrid,Harris,ingrid.harris97@example.com,South Africa,Wholesale,2021-07-19,3584.22,Y
CUST0005286,James,Young,james.young521@example.com,Japan,Wholesale,2022-05-08,6683.71,Y
CUST0005287,Elizabeth,Gonzalez,elizabeth.gonzalez203@example.com,Mexico,VIP,2021-08-10,21086.51,Y
CUST0005288,Jessica,Gonzalez,jessica.gonzalez419@example.com,Brazil,VIP,2024-10-10,757.39,Y
CUST0005289,Olivia,Perez,olivia.perez699@example.com,Saudi Arabia,Retail,2026-03-02,1008.47,Y
CUST0005290,Jennifer,Rodriguez,jennifer.rodriguez953@example.com,Singapore,Corporate,2021-07-14,6872.99,Y
CUST0005291,Ingrid,Thomas,ingrid.thomas322@example.com,Mexico,E-Commerce,2019-05-02,2155.21,Y
CUST0005292,Hans,Martinez,hans.martinez269@example.com,Brazil,Retail,2020-02-11,1518.55,Y
CUST0005293,William,Thomas,william.thomas275@example.com,China,Corporate,2018-11-03,700.79,Y
CUST0005294,Fatima,Williams,fatima.williams600@example.com,Germany,E-Commerce,2021-07-09,610.44,Y
CUST0005295,Hans,Williams,hans.williams936@example.com,UK,Retail,2018-06-17,7946.86,Y
CUST0005296,Yuki,Taylor,yuki.taylor76@example.com,Germany,Corporate,2021-06-20,1221.85,Y
CUST0005297,Mei,Moore,mei.moore819@example.com,China,Corporate,2019-04-01,3652.93,Y
CUST0005298,Michael,Scott,michael.scott578@example.com,Germany,VIP,2019-01-17,5155.71,N
CUST0005299,Elizabeth,Walker,elizabeth.walker694@example.com,Mexico,Retail,2022-09-11,3296.16,Y
CUST0005300,Hans,Sanchez,hans.sanchez106@example.com,South Africa,Wholesale,2019-11-23,637.4,Y
CUST0005301,Liam,Thomas,liam.thomas672@example.com,Mexico,Retail,2022-02-02,8150.86,Y
CUST0005302,Charles,Clark,charles.clark571@example.com,Mexico,E-Commerce,2020-10-14,552.84,Y
CUST0005303,Thomas,White,thomas.white379@example.com,UAE,E-Commerce,2024-07-06,7675.11,Y
CUST0005304,William,Clark,william.clark218@example.com,Mexico,E-Commerce,2022-10-22,11688.88,Y
CUST0005305,Sakura,Young,sakura.young787@example.com,Japan,VIP,2025-07-16,3335.57,Y
CUST0005306,Susan,Anderson,susan.anderson662@example.com,UK,Corporate,2022-08-07,4334.43,Y
CUST0005307,Richard,Brown,richard.brown270@example.com,Australia,Corporate,2018-05-25,3740.71,Y
CUST0005308,Barbara,Thomas,barbara.thomas410@example.com,Brazil,Corporate,2026-01-31,2965.0,Y
CUST0005309,Elizabeth,Ramirez,elizabeth.ramirez912@example.com,South Africa,VIP,2018-03-13,11420.66,Y
CUST0005310,Barbara,Martinez,barbara.martinez64@example.com,Brazil,Corporate,2022-03-15,11718.45,N
CUST0005311,Mary,Sanchez,mary.sanchez107@example.com,China,VIP,2018-06-02,2545.98,Y
CUST0005312,Ingrid,Johnson,ingrid.johnson940@example.com,Mexico,Retail,2021-10-27,5273.47,Y
CUST0005313,Barbara,Williams,barbara.williams58@example.com,Germany,VIP,2020-05-05,13580.15,Y
CUST0005314,Robert,Robinson,robert.robinson447@example.com,Brazil,Corporate,2019-11-02,16858.55,N
CUST0005315,Raj,Lopez,raj.lopez746@example.com,Canada,VIP,2025-04-12,4056.14,Y
CUST0005316,Jessica,Anderson,jessica.anderson603@example.com,Mexico,Retail,2026-04-22,3514.93,Y
CUST0005317,Raj,Martinez,,USA,E-Commerce,2020-07-07,2133.46,Y
CUST0005318,Jennifer,Hernandez,jennifer.hernandez178@example.com,South Africa,Corporate,2018-06-22,16455.32,Y
CUST0005319,Olivia,Rodriguez,olivia.rodriguez906@example.com,UK,VIP,2020-08-13,1270.5,Y
CUST0005320,Hans,Moore,hans.moore187@example.com,China,Retail,2021-07-16,4835.47,Y
CUST0005321,Olivia,Lee,olivia.lee503@example.com,Mexico,VIP,2024-01-03,2160.26,Y
CUST0005322,David,Scott,,UK,Retail,2022-06-28,2135.64,Y
CUST0005323,David,King,david.king851@example.com,Mexico,Retail,2018-11-21,3095.71,N
CUST0005324,David,Clark,david.clark591@example.com,Japan,Retail,2021-04-07,34097.82,Y
CUST0005325,Carlos,White,carlos.white516@example.com,Brazil,E-Commerce,2019-07-17,782.67,Y
CUST0005326,Sarah,Young,sarah.young419@example.com,USA,VIP,2022-09-04,4820.17,Y
CUST0005327,Mary,Ramirez,mary.ramirez908@example.com,Singapore,E-Commerce,2022-12-08,930.91,Y
CUST0005328,Thomas,Perez,thomas.perez182@example.com,UAE,Corporate,2020-06-09,1339.26,Y
CUST0005329,Ingrid,Taylor,ingrid.taylor481@example.com,China,VIP,2024-01-06,3395.19,Y
CUST0005330,Hans,Smith,hans.smith830@example.com,Mexico,VIP,2021-01-21,4071.45,Y
CUST0005331,Yuki,Robinson,yuki.robinson470@example.com,Saudi Arabia,Retail,2022-11-13,1997.37,Y
CUST0005332,Omar,Allen,omar.allen622@example.com,China,Wholesale,2024-02-14,2402.33,Y
CUST0005333,Priya,King,priya.king63@example.com,Saudi Arabia,VIP,2019-07-13,954.92,Y
CUST0005334,Elizabeth,Sanchez,elizabeth.sanchez704@example.com,Mexico,Retail,2025-12-07,2306.43,Y
CUST0005335,Raj,Taylor,raj.taylor123@example.com,China,Retail,2018-01-06,17489.78,Y
CUST0005336,Sakura,Jones,sakura.jones661@example.com,Japan,Corporate,2018-05-17,14975.58,Y
CUST0005337,Priya,Wright,priya.wright528@example.com,USA,Wholesale,2018-11-01,2538.93,Y
CUST0005338,Priya,Harris,,China,VIP,2022-02-15,4729.79,Y
CUST0005339,Elizabeth,Robinson,elizabeth.robinson597@example.com,Japan,Wholesale,2019-05-20,12517.3,Y
CUST0005340,Thomas,Rodriguez,thomas.rodriguez571@example.com,Australia,E-Commerce,2020-09-02,531.02,N
CUST0005341,Sarah,Garcia,sarah.garcia859@example.com,India,Retail,2018-12-14,8821.68,Y
CUST0005342,Jennifer,Scott,jennifer.scott698@example.com,France,VIP,2018-03-22,15318.22,Y
CUST0005343,James,Davis,james.davis483@example.com,USA,VIP,2026-02-13,978.84,Y
CUST0005344,Sakura,Miller,sakura.miller376@example.com,UK,Retail,2023-05-19,1380.39,Y
CUST0005345,Michael,Brown,michael.brown483@example.com,Singapore,E-Commerce,2018-08-27,16688.55,Y
CUST0005346,Joseph,Ramirez,joseph.ramirez999@example.com,Japan,VIP,2022-03-08,4355.98,Y
CUST0005347,Raj,Lewis,raj.lewis717@example.com,UK,E-Commerce,2022-08-16,571.49,Y
CUST0005348,Patricia,Lee,patricia.lee998@example.com,Canada,Retail,2018-05-24,1989.55,N
CUST0005349,James,Brown,james.brown693@example.com,China,Retail,2019-03-11,3488.67,Y
CUST0005350,Mei,Johnson,mei.johnson744@example.com,UK,Retail,2022-03-05,6403.05,Y
CUST0005351,Wei,Jackson,wei.jackson579@example.com,China,Wholesale,2025-09-11,7105.54,Y
CUST0005352,Joseph,Lopez,joseph.lopez34@example.com,Canada,Retail,2025-07-26,27431.93,Y
CUST0005353,Yuki,White,yuki.white927@example.com,Brazil,VIP,2023-04-23,2194.96,Y
CUST0005354,Ingrid,Perez,ingrid.perez656@example.com,Germany,VIP,2022-09-26,4363.33,Y
CUST0005355,Hans,Martin,hans.martin261@example.com,Singapore,Wholesale,2021-11-20,4310.6,Y
CUST0005356,Thomas,Hernandez,thomas.hernandez58@example.com,France,Retail,2022-07-15,3101.39,Y
CUST0005357,Wei,Wilson,wei.wilson452@example.com,France,Retail,2025-08-17,1426.6,Y
CUST0005358,Jennifer,Gonzalez,jennifer.gonzalez245@example.com,China,VIP,2026-08-10,19461.56,Y
CUST0005359,Hans,Ramirez,hans.ramirez816@example.com,Saudi Arabia,Corporate,2026-04-26,10097.41,Y
CUST0005360,Hans,Harris,hans.harris547@example.com,Canada,Corporate,2026-08-09,3949.09,N
CUST0005361,Layla,Lee,layla.lee352@example.com,China,Retail,2023-02-19,5122.19,Y
CUST0005362,Robert,White,robert.white534@example.com,France,VIP,2026-02-11,1789.07,Y
CUST0005363,Omar,Garcia,omar.garcia282@example.com,France,VIP,2024-11-12,4423.98,Y
CUST0005364,Patricia,Wilson,patricia.wilson979@example.com,Singapore,E-Commerce,2023-08-24,6436.73,Y
CUST0005365,Charles,Williams,charles.williams691@example.com,UAE,Corporate,2020-11-12,4119.75,Y
CUST0005366,Mary,Scott,mary.scott448@example.com,Germany,Wholesale,2020-11-24,23670.51,Y
CUST0005367,Jessica,Lee,jessica.lee149@example.com,China,VIP,2019-03-24,5225.27,Y
CUST0005368,Linda,Garcia,linda.garcia709@example.com,USA,VIP,2022-03-04,2817.91,Y
CUST0005369,John,Wright,john.wright257@example.com,India,Corporate,2023-09-27,7895.38,Y
CUST0005370,Ahmed,Anderson,ahmed.anderson839@example.com,UK,Retail,2020-09-21,1434.43,Y
CUST0005371,Carlos,Davis,carlos.davis513@example.com,Australia,Wholesale,2018-08-03,2926.73,Y
CUST0005372,Ingrid,Gonzalez,ingrid.gonzalez667@example.com,France,VIP,2018-02-04,2630.58,Y
CUST0005373,Robert,Martinez,robert.martinez152@example.com,Australia,Corporate,2020-12-20,3326.47,Y
CUST0005374,Sakura,Rodriguez,sakura.rodriguez9@example.com,UAE,E-Commerce,2021-04-29,8111.25,Y
CUST0005375,David,King,david.king891@example.com,South Africa,Corporate,2024-02-23,3809.92,Y
CUST0005376,Elizabeth,Jones,elizabeth.jones875@example.com,Saudi Arabia,E-Commerce,2023-04-12,8399.75,N
CUST0005377,Thomas,Wright,thomas.wright287@example.com,China,E-Commerce,2022-05-03,4795.88,Y
CUST0005378,Barbara,Thomas,barbara.thomas958@example.com,China,Retail,2023-05-28,2593.28,Y
CUST0005379,Thomas,Walker,thomas.walker814@example.com,South Africa,Wholesale,2018-11-27,8803.1,Y
CUST0005380,Jennifer,Robinson,jennifer.robinson188@example.com,China,E-Commerce,2024-01-02,1860.94,Y
CUST0005381,Sarah,Thompson,sarah.thompson820@example.com,UK,VIP,2020-01-12,1770.48,Y
CUST0005382,Sofia,Allen,sofia.allen531@example.com,Australia,VIP,2023-02-07,4010.97,Y
CUST0005383,Liam,King,liam.king473@example.com,China,E-Commerce,2021-04-15,2011.27,Y
CUST0005384,Omar,Taylor,omar.taylor905@example.com,China,E-Commerce,2018-10-11,545.64,Y
CUST0005385,James,Davis,james.davis941@example.com,Brazil,Wholesale,2026-02-05,5724.85,N
CUST0005386,Susan,Clark,susan.clark912@example.com,South Africa,Retail,2025-10-02,4077.92,Y
CUST0005387,Sofia,Lopez,sofia.lopez713@example.com,China,E-Commerce,2025-06-10,3448.6,N
CUST0005388,Susan,Taylor,susan.taylor386@example.com,South Africa,Wholesale,2023-10-15,17551.47,Y
CUST0005389,Linda,Martinez,linda.martinez861@example.com,France,VIP,2021-03-18,4733.81,Y
CUST0005390,Yuki,Thomas,yuki.thomas433@example.com,Mexico,E-Commerce,2022-07-26,10454.65,Y
CUST0005391,John,White,john.white420@example.com,Japan,Corporate,2019-07-12,1250.92,Y
CUST0005392,Jessica,Brown,jessica.brown990@example.com,Saudi Arabia,Corporate,2018-04-26,4710.63,Y
CUST0005393,Fatima,Taylor,fatima.taylor531@example.com,USA,E-Commerce,2020-08-08,10624.0,Y
CUST0005394,Robert,Rodriguez,robert.rodriguez724@example.com,UK,Corporate,2025-02-16,4874.61,N
CUST0005395,Jessica,Thomas,jessica.thomas55@example.com,Germany,Corporate,2025-07-28,6829.49,Y
CUST0005396,Sakura,Jones,sakura.jones550@example.com,India,Wholesale,2021-03-10,2826.42,Y
CUST0005397,Wei,Clark,wei.clark193@example.com,Singapore,Retail,2019-03-07,985.03,Y
CUST0005398,John,Wilson,john.wilson557@example.com,Mexico,Retail,2023-07-07,3561.53,Y
CUST0005399,Barbara,Scott,barbara.scott926@example.com,China,VIP,2026-07-03,3008.33,Y
CUST0005400,Priya,Clark,priya.clark80@example.com,UAE,E-Commerce,2021-11-21,10589.29,Y
CUST0005401,Omar,Perez,omar.perez526@example.com,India,Corporate,2020-08-06,1898.54,Y
CUST0005402,Ahmed,Jackson,ahmed.jackson82@example.com,Japan,Retail,2019-11-08,17516.13,Y
CUST0005403,Olivia,King,olivia.king181@example.com,UAE,Wholesale,2018-11-08,16366.9,N
CUST0005404,Layla,Wright,layla.wright391@example.com,India,VIP,2018-06-19,1922.65,N
CUST0005405,Ahmed,Moore,ahmed.moore400@example.com,Brazil,VIP,2023-11-25,2638.95,Y
CUST0005406,Barbara,Wright,barbara.wright514@example.com,South Africa,Wholesale,2025-10-08,11795.51,Y
CUST0005407,Charles,Lewis,charles.lewis905@example.com,USA,E-Commerce,2019-09-24,17499.32,Y
CUST0005408,Jennifer,Anderson,jennifer.anderson860@example.com,Australia,Wholesale,2024-12-01,3429.89,Y
CUST0005409,Ingrid,Garcia,ingrid.garcia812@example.com,Mexico,Wholesale,2020-05-08,2435.65,Y
CUST0005410,Mary,Wilson,mary.wilson889@example.com,India,Corporate,2023-11-13,4233.73,Y
CUST0005411,Charles,Rodriguez,charles.rodriguez807@example.com,China,Corporate,2024-02-11,6320.06,Y
CUST0005412,Sofia,Wright,sofia.wright720@example.com,Australia,E-Commerce,2020-02-02,2097.41,Y
CUST0005413,Layla,Robinson,layla.robinson757@example.com,India,Retail,2026-02-06,7168.0,Y
CUST0005414,James,Allen,james.allen935@example.com,China,Corporate,2024-04-17,765.2,Y
CUST0005415,Sarah,Lewis,sarah.lewis994@example.com,Canada,Retail,2022-07-24,752.75,Y
CUST0005416,Liam,Anderson,liam.anderson844@example.com,Germany,E-Commerce,2025-02-25,2941.15,Y
CUST0005417,Mei,Walker,mei.walker249@example.com,UAE,Corporate,2019-12-12,2680.7,Y
CUST0005418,William,Lewis,william.lewis512@example.com,Australia,Retail,2018-08-18,2396.31,Y
CUST0005419,Susan,,susan.perez544@example.com,UAE,VIP,2023-04-09,3876.73,Y
CUST0005420,William,Robinson,william.robinson226@example.com,Mexico,Wholesale,2019-11-29,2433.71,Y
CUST0005421,Hans,Johnson,hans.johnson320@example.com,Mexico,Wholesale,2020-11-08,1567.56,Y
CUST0005422,Elizabeth,Perez,elizabeth.perez351@example.com,UAE,E-Commerce,2022-08-09,2351.48,Y
CUST0005423,Joseph,Lewis,joseph.lewis914@example.com,South Africa,Corporate,2025-04-13,18925.29,Y
CUST0005424,Michael,Miller,michael.miller426@example.com,China,VIP,2024-01-11,3147.61,Y
CUST0005425,John,White,john.white808@example.com,Brazil,Corporate,2025-02-24,3441.35,Y
CUST0005426,Charles,Sanchez,charles.sanchez891@example.com,Australia,Corporate,2020-08-11,4796.54,Y
CUST0005427,Fatima,Harris,fatima.harris624@example.com,USA,E-Commerce,2021-02-14,20973.95,Y
CUST0005428,Thomas,Ramirez,thomas.ramirez512@example.com,Mexico,Wholesale,2020-04-28,1882.73,Y
CUST0005429,Barbara,Jones,barbara.jones988@example.com,Mexico,Wholesale,2021-03-06,6217.24,Y
CUST0005430,Fatima,Thompson,fatima.thompson548@example.com,China,Corporate,2018-04-29,6793.64,Y
CUST0005431,Sofia,Hernandez,sofia.hernandez245@example.com,Australia,VIP,2020-12-08,5173.86,N
CUST0005432,Sarah,Hernandez,sarah.hernandez432@example.com,France,Retail,2023-06-23,963.75,Y
CUST0005433,Olivia,Lee,olivia.lee212@example.com,USA,Retail,2019-06-12,6148.54,N
CUST0005434,Patricia,Anderson,patricia.anderson881@example.com,Germany,VIP,2023-09-27,831.2,Y
CUST0005435,Linda,Thomas,linda.thomas739@example.com,Japan,Corporate,2019-01-09,5033.47,Y
CUST0005436,Raj,Martinez,raj.martinez558@example.com,Germany,Wholesale,2021-12-28,7227.32,Y
CUST0005437,Patricia,Lee,patricia.lee913@example.com,South Africa,VIP,2018-11-07,1684.75,Y
CUST0005438,Mary,Davis,mary.davis375@example.com,Singapore,Wholesale,2020-04-26,9713.85,Y
CUST0005439,Richard,Lee,richard.lee414@example.com,China,Retail,2019-06-14,654.12,Y
CUST0005440,Hans,Young,hans.young170@example.com,Japan,Corporate,2018-10-18,9783.5,N
CUST0005441,Raj,White,raj.white623@example.com,India,VIP,2022-02-16,3583.98,Y
CUST0005442,Charles,Thompson,charles.thompson984@example.com,China,E-Commerce,2024-05-16,1726.87,Y
CUST0005443,Mei,White,mei.white27@example.com,South Africa,E-Commerce,2021-08-20,1218.07,Y
CUST0005444,Jessica,Harris,jessica.harris138@example.com,Brazil,Retail,2022-12-20,15820.82,Y
CUST0005445,Omar,White,omar.white897@example.com,South Africa,E-Commerce,2018-11-01,877.21,Y
CUST0005446,Wei,Hernandez,wei.hernandez707@example.com,UAE,Wholesale,2026-04-16,1610.05,Y
CUST0005447,Mei,Martinez,mei.martinez829@example.com,South Africa,Retail,2023-01-31,2637.19,Y
CUST0005448,Layla,Allen,layla.allen168@example.com,Saudi Arabia,Retail,2022-06-04,5341.01,Y
CUST0005449,Michael,Jones,michael.jones625@example.com,Australia,Wholesale,2019-01-15,4435.1,Y
CUST0005450,Mei,Young,mei.young303@example.com,Mexico,E-Commerce,2021-08-02,1171.34,Y
CUST0005451,Susan,Williams,susan.williams809@example.com,Saudi Arabia,Wholesale,2023-04-24,2210.54,Y
CUST0005452,Thomas,Robinson,thomas.robinson208@example.com,USA,VIP,2026-03-12,1863.98,Y
CUST0005453,Elizabeth,Martin,elizabeth.martin974@example.com,USA,Wholesale,2026-03-05,1701.09,Y
CUST0005454,Jessica,Lopez,jessica.lopez741@example.com,South Africa,Retail,2019-11-22,3147.87,Y
CUST0005455,Charles,Jackson,charles.jackson10@example.com,Mexico,Wholesale,2024-07-14,6587.51,Y
CUST0005456,Sofia,Anderson,sofia.anderson297@example.com,Australia,Retail,2024-06-16,1726.01,Y
CUST0005457,Barbara,Garcia,barbara.garcia843@example.com,Japan,Retail,2022-01-21,2783.89,Y
CUST0005458,David,Thompson,david.thompson490@example.com,Brazil,E-Commerce,2024-07-15,2979.01,Y
CUST0005459,Mary,Jackson,mary.jackson948@example.com,Singapore,Corporate,2024-10-25,19244.53,N
CUST0005460,Jennifer,Rodriguez,jennifer.rodriguez820@example.com,South Africa,Wholesale,2019-09-23,15968.53,Y
CUST0005461,Carlos,Smith,carlos.smith89@example.com,Japan,VIP,2018-12-23,8550.63,N
CUST0005462,Linda,Wilson,linda.wilson820@example.com,France,Wholesale,2020-12-09,1883.11,Y
CUST0005463,Mei,Walker,mei.walker71@example.com,Germany,Wholesale,2024-09-26,852.31,Y
CUST0005464,Sofia,Lopez,sofia.lopez914@example.com,China,Corporate,2024-02-18,2405.6,Y
CUST0005465,Barbara,Young,barbara.young245@example.com,France,Wholesale,2019-04-21,2051.65,Y
CUST0005466,Elizabeth,Johnson,elizabeth.johnson792@example.com,UK,VIP,2018-12-20,4025.35,Y
CUST0005467,Susan,Allen,susan.allen86@example.com,Germany,Retail,2019-01-13,8019.27,Y
CUST0005468,Karen,Scott,karen.scott36@example.com,UK,VIP,2023-11-24,10271.03,N
CUST0005469,Patricia,Scott,patricia.scott559@example.com,Australia,VIP,2025-12-23,9817.27,Y
CUST0005470,Raj,Clark,raj.clark310@example.com,Saudi Arabia,E-Commerce,2019-10-09,2728.9,Y
CUST0005471,Michael,Williams,michael.williams526@example.com,UK,Retail,2025-07-10,6311.51,Y
CUST0005472,Ahmed,Sanchez,ahmed.sanchez988@example.com,Japan,Wholesale,2019-01-21,2375.9,Y
CUST0005473,Elizabeth,Anderson,elizabeth.anderson779@example.com,India,Corporate,2023-06-27,814.2,Y
CUST0005474,Karen,Jones,karen.jones934@example.com,China,Retail,2018-02-16,6546.02,Y
CUST0005475,Susan,Scott,susan.scott924@example.com,Brazil,Retail,2024-12-07,549.38,Y
CUST0005476,Omar,Walker,omar.walker298@example.com,USA,E-Commerce,2018-05-04,3131.24,Y
CUST0005477,Susan,Hernandez,susan.hernandez24@example.com,Saudi Arabia,Wholesale,2021-01-20,2497.76,N
CUST0005478,Thomas,White,thomas.white441@example.com,USA,Corporate,2018-11-10,6410.69,Y
CUST0005479,Layla,Walker,layla.walker789@example.com,India,E-Commerce,2018-08-26,7767.42,Y
CUST0005480,Sakura,Robinson,sakura.robinson356@example.com,Saudi Arabia,Wholesale,2022-01-06,2312.71,Y
CUST0005481,Ingrid,Martinez,ingrid.martinez232@example.com,Canada,Corporate,2026-06-24,8846.66,Y
CUST0005482,Linda,Sanchez,linda.sanchez27@example.com,Singapore,Wholesale,2025-06-05,2240.11,Y
CUST0005483,Omar,Jones,omar.jones96@example.com,Australia,Retail,2021-07-16,3455.9,Y
CUST0005484,Hans,Johnson,hans.johnson978@example.com,Germany,VIP,2024-11-11,6991.76,Y
CUST0005485,Susan,Brown,susan.brown435@example.com,India,Corporate,2018-04-04,6403.24,Y
CUST0005486,Sarah,Sanchez,sarah.sanchez936@example.com,Brazil,Corporate,2022-06-15,22357.8,Y
CUST0005487,Jessica,Rodriguez,jessica.rodriguez785@example.com,Germany,Wholesale,2025-09-27,1775.5,Y
CUST0005488,Mary,Young,mary.young111@example.com,Mexico,E-Commerce,2023-11-12,5928.25,Y
CUST0005489,Mary,Young,mary.young888@example.com,South Africa,Retail,2021-01-28,5203.97,Y
CUST0005490,Olivia,Clark,olivia.clark203@example.com,Germany,Wholesale,2020-06-04,12831.31,Y
CUST0005491,Mary,Sanchez,mary.sanchez346@example.com,South Africa,VIP,2023-07-04,1350.16,Y
CUST0005492,Liam,King,liam.king566@example.com,Germany,VIP,2025-04-20,7467.57,Y
CUST0005493,Ingrid,Perez,ingrid.perez615@example.com,Mexico,Retail,2024-06-24,4699.76,Y
CUST0005494,Elizabeth,King,elizabeth.king872@example.com,South Africa,E-Commerce,2024-01-28,2105.61,Y
CUST0005495,Elizabeth,White,elizabeth.white564@example.com,UAE,E-Commerce,2021-12-29,3716.41,Y
CUST0005496,Linda,Wilson,linda.wilson636@example.com,Saudi Arabia,Retail,2024-06-17,2530.65,N
CUST0005497,Mary,Wilson,mary.wilson942@example.com,France,VIP,2019-11-08,4829.34,Y
CUST0005498,Jessica,Ramirez,jessica.ramirez508@example.com,Japan,VIP,2020-04-24,11491.15,Y
CUST0005499,Sakura,Gonzalez,sakura.gonzalez406@example.com,South Africa,VIP,2025-02-13,4711.78,Y
CUST0005500,Jessica,Wright,jessica.wright18@example.com,USA,E-Commerce,2025-10-17,5494.59,Y
CUST0005501,Thomas,Lewis,thomas.lewis373@example.com,Japan,E-Commerce,2022-08-20,4156.82,Y
CUST0005502,Sarah,King,sarah.king442@example.com,Mexico,Corporate,2025-12-25,762.6,Y
CUST0005503,Priya,Anderson,priya.anderson503@example.com,Saudi Arabia,Retail,2019-06-18,1825.42,Y
CUST0005504,Joseph,Miller,joseph.miller469@example.com,UAE,E-Commerce,2019-11-22,3886.39,Y
CUST0005505,Yuki,Sanchez,yuki.sanchez39@example.com,Canada,E-Commerce,2022-01-07,2357.02,Y
CUST0005506,James,Allen,james.allen106@example.com,Canada,E-Commerce,2020-11-02,1503.02,Y
CUST0005507,Mei,Lewis,mei.lewis183@example.com,Japan,Retail,2025-12-04,4007.24,Y
CUST0005508,Susan,Harris,susan.harris914@example.com,Canada,Retail,2022-08-24,2449.02,Y
CUST0005509,Linda,Miller,linda.miller315@example.com,India,Retail,2020-03-23,1992.76,Y
CUST0005510,John,Garcia,john.garcia529@example.com,Brazil,Wholesale,2022-06-26,3617.97,Y
CUST0005511,Mary,Perez,mary.perez350@example.com,UAE,E-Commerce,2022-04-02,1215.22,N
CUST0005512,Thomas,Lopez,thomas.lopez760@example.com,India,VIP,2020-10-07,13637.82,Y
CUST0005513,Thomas,Anderson,,China,Retail,2020-12-29,10613.5,Y
CUST0005514,Richard,Jackson,richard.jackson899@example.com,Saudi Arabia,E-Commerce,2025-02-01,6648.51,Y
CUST0005515,Sarah,Perez,sarah.perez868@example.com,Brazil,E-Commerce,2025-07-26,-1061.44,Y
CUST0005516,Sofia,Johnson,sofia.johnson10@example.com,Germany,Retail,2018-12-20,7977.81,Y
CUST0005517,Carlos,,carlos.rodriguez156@example.com,China,Wholesale,2020-06-22,8750.19,N
CUST0005518,Raj,Walker,raj.walker929@example.com,France,Wholesale,2025-09-29,7800.02,Y
CUST0005519,Hans,Wilson,hans.wilson400@example.com,Saudi Arabia,VIP,2020-08-07,1105.0,Y
CUST0005520,Patricia,Lee,patricia.lee858@example.com,Australia,Corporate,2018-03-29,5662.83,N
CUST0005521,Richard,Taylor,richard.taylor31@example.com,Saudi Arabia,VIP,2024-06-07,9488.63,Y
CUST0005522,Mei,Williams,mei.williams557@example.com,Canada,Retail,2020-02-14,4806.09,Y
CUST0005523,Thomas,Johnson,thomas.johnson247@example.com,France,VIP,2025-01-17,5698.05,Y
CUST0005524,Sarah,Gonzalez,sarah.gonzalez893@example.com,Mexico,Corporate,2023-03-14,3565.8,Y
CUST0005525,Carlos,Lopez,carlos.lopez830@example.com,China,VIP,2021-09-16,4261.38,Y
CUST0005526,Fatima,Davis,fatima.davis313@example.com,Saudi Arabia,Wholesale,2024-08-29,674.91,N
CUST0005527,Thomas,Jackson,thomas.jackson628@example.com,Mexico,Corporate,2022-10-19,5593.87,Y
CUST0005528,Charles,Rodriguez,charles.rodriguez856@example.com,Canada,Corporate,2025-10-19,924.78,Y
CUST0005529,Wei,Ramirez,wei.ramirez134@example.com,China,E-Commerce,2019-11-22,3354.78,Y
CUST0005530,James,Davis,james.davis425@example.com,South Africa,Retail,2025-04-09,2231.18,N
CUST0005531,Susan,Moore,susan.moore314@example.com,China,VIP,2025-06-05,4441.99,Y
CUST0005532,Ahmed,Lopez,ahmed.lopez240@example.com,UAE,Retail,2022-08-04,1215.98,Y
CUST0005533,Olivia,Anderson,olivia.anderson844@example.com,UK,Corporate,2021-02-14,6382.49,N
CUST0005534,Omar,Young,omar.young736@example.com,Canada,Retail,2018-08-06,8424.01,Y
CUST0005535,James,Robinson,james.robinson570@example.com,Canada,Wholesale,2025-08-29,1391.77,Y
CUST0005536,Charles,Perez,charles.perez460@example.com,India,Retail,2026-04-10,1050.82,Y
CUST0005537,Robert,Moore,robert.moore895@example.com,Saudi Arabia,VIP,2021-05-20,1286.28,Y
CUST0005538,Jennifer,Jackson,jennifer.jackson178@example.com,Australia,Wholesale,2021-07-07,10983.04,Y
CUST0005539,Elizabeth,Wright,elizabeth.wright207@example.com,Australia,Wholesale,2023-06-03,4255.89,Y
CUST0005540,Liam,Walker,liam.walker731@example.com,UAE,Corporate,2025-05-20,3648.62,Y
CUST0005541,Olivia,Davis,olivia.davis676@example.com,Germany,Retail,2019-07-22,1064.23,Y
CUST0005542,Ahmed,Harris,ahmed.harris281@example.com,Australia,Corporate,2025-12-22,5742.77,Y
CUST0005543,Jennifer,Perez,jennifer.perez531@example.com,Japan,Wholesale,2026-03-05,10624.75,Y
CUST0005544,John,King,john.king887@example.com,China,Retail,2025-07-28,9306.71,Y
CUST0005545,Sarah,Jones,sarah.jones955@example.com,Mexico,Retail,2023-06-21,5418.23,Y
CUST0005546,Linda,Davis,linda.davis427@example.com,Canada,Retail,2021-05-16,891.31,N
CUST0005547,Thomas,Taylor,thomas.taylor391@example.com,Mexico,Retail,2019-02-27,1096.15,N
CUST0005548,Omar,Thomas,omar.thomas62@example.com,Saudi Arabia,VIP,2023-02-17,752.83,Y
CUST0005549,Karen,Lopez,karen.lopez750@example.com,Saudi Arabia,E-Commerce,2023-06-28,1988.52,Y
CUST0005550,Layla,Wright,layla.wright879@example.com,Australia,E-Commerce,2025-12-19,1228.95,Y
CUST0005551,Sakura,Walker,sakura.walker994@example.com,France,VIP,2025-07-26,2005.85,Y
CUST0005552,Sakura,Robinson,sakura.robinson5@example.com,USA,Corporate,2024-04-14,2931.14,Y
CUST0005553,Linda,Martinez,linda.martinez349@example.com,Germany,Wholesale,2021-10-01,14822.01,N
CUST0005554,David,,david.garcia769@example.com,Australia,VIP,2018-05-07,5212.87,Y
CUST0005555,David,Hernandez,david.hernandez416@example.com,China,VIP,2024-07-26,9508.25,Y
CUST0005556,Carlos,Sanchez,carlos.sanchez422@example.com,Mexico,Retail,2019-08-31,6695.44,Y
CUST0005557,Mei,Wilson,mei.wilson563@example.com,Germany,VIP,2025-04-02,1096.75,N
CUST0005558,Ingrid,Jones,ingrid.jones420@example.com,France,Corporate,2026-07-02,7157.52,Y
CUST0005559,Layla,Rodriguez,layla.rodriguez999@example.com,Canada,Retail,2018-02-26,2108.6,Y
CUST0005560,Yuki,Smith,yuki.smith852@example.com,Saudi Arabia,VIP,2018-03-28,5595.88,Y
CUST0005561,Jessica,Young,jessica.young533@example.com,Saudi Arabia,Retail,2023-12-02,2584.87,Y
CUST0005562,Carlos,Ramirez,carlos.ramirez770@example.com,Saudi Arabia,VIP,2020-07-09,30814.29,Y
CUST0005563,Sakura,Williams,sakura.williams585@example.com,South Africa,VIP,2020-08-18,2029.58,Y
CUST0005564,Sarah,Martinez,sarah.martinez689@example.com,Mexico,Corporate,2023-07-08,2136.49,Y
CUST0005565,Liam,Lewis,liam.lewis886@example.com,India,Wholesale,2024-11-26,13844.55,Y
CUST0005566,Patricia,Walker,patricia.walker818@example.com,France,E-Commerce,2021-10-25,624.77,Y
CUST0005567,Hans,Rodriguez,hans.rodriguez438@example.com,China,Corporate,2022-01-16,6464.98,Y
CUST0005568,Jennifer,Allen,jennifer.allen165@example.com,Japan,Retail,2023-01-04,6960.86,N
CUST0005569,Sarah,Young,sarah.young489@example.com,Brazil,E-Commerce,2018-01-15,9551.0,Y
CUST0005570,Robert,Gonzalez,robert.gonzalez315@example.com,UAE,Wholesale,2026-06-19,18833.5,Y
CUST0005571,Barbara,Ramirez,barbara.ramirez999@example.com,UK,Corporate,2024-11-09,19066.25,N
CUST0005572,Joseph,Brown,joseph.brown222@example.com,UK,Corporate,2025-06-09,837.52,N
CUST0005573,Thomas,Thompson,thomas.thompson176@example.com,South Africa,E-Commerce,2022-12-21,9125.35,Y
CUST0005574,James,Williams,james.williams473@example.com,Saudi Arabia,E-Commerce,2026-07-13,5696.67,Y
CUST0005575,Raj,Anderson,raj.anderson344@example.com,Canada,Corporate,2023-10-11,5711.28,Y
CUST0005576,Elizabeth,Moore,elizabeth.moore477@example.com,India,Corporate,2022-02-16,1186.84,Y
CUST0005577,Fatima,Scott,fatima.scott205@example.com,China,VIP,2024-08-28,5751.79,N
CUST0005578,Patricia,Thompson,patricia.thompson861@example.com,Singapore,Wholesale,2022-06-25,20722.8,Y
CUST0005579,Carlos,Wilson,carlos.wilson199@example.com,UK,Corporate,2022-11-15,12641.79,Y
CUST0005580,Thomas,Rodriguez,thomas.rodriguez154@example.com,Japan,E-Commerce,2025-10-26,3391.34,Y
CUST0005581,Layla,Anderson,layla.anderson477@example.com,UK,Wholesale,2023-07-30,703.84,Y
CUST0005582,Barbara,Perez,barbara.perez769@example.com,Brazil,Wholesale,2019-02-22,2749.39,Y
CUST0005583,Joseph,Walker,joseph.walker845@example.com,Saudi Arabia,Retail,2018-01-29,9254.73,Y
CUST0005584,Karen,Martinez,karen.martinez671@example.com,Germany,E-Commerce,2018-05-20,6544.91,Y
CUST0005585,Hans,Smith,hans.smith274@example.com,Germany,Wholesale,2020-08-13,3574.86,Y
CUST0005586,Richard,Davis,richard.davis648@example.com,Australia,VIP,2023-10-09,783.39,Y
CUST0005587,Sarah,White,sarah.white409@example.com,Australia,Retail,2019-06-08,3283.43,Y
CUST0005588,Sakura,Scott,sakura.scott641@example.com,South Africa,Retail,2021-01-08,3665.2,Y
CUST0005589,Hans,Miller,hans.miller607@example.com,Japan,E-Commerce,2026-06-11,13694.17,N
CUST0005590,Linda,Walker,,India,VIP,2025-05-22,5623.36,Y
CUST0005591,Mary,Harris,mary.harris303@example.com,UAE,E-Commerce,2021-06-12,2367.31,Y
CUST0005592,Elizabeth,Miller,elizabeth.miller377@example.com,China,VIP,2020-06-30,4225.55,Y
CUST0005593,David,Ramirez,david.ramirez297@example.com,USA,E-Commerce,2020-04-24,841.69,Y
CUST0005594,Hans,Gonzalez,hans.gonzalez664@example.com,Brazil,Corporate,2023-11-10,18480.27,Y
CUST0005595,Susan,Taylor,susan.taylor744@example.com,UK,VIP,2024-03-27,2731.9,Y
CUST0005596,Robert,Anderson,robert.anderson618@example.com,China,VIP,2024-10-23,3749.17,Y
CUST0005597,Layla,Wilson,layla.wilson694@example.com,Germany,Retail,2025-10-11,2694.73,Y
CUST0005598,Jessica,Hernandez,jessica.hernandez97@example.com,Brazil,VIP,2022-03-13,6236.57,Y
CUST0005599,Carlos,Thompson,carlos.thompson818@example.com,UAE,Retail,2025-08-21,5926.98,Y
CUST0005600,Mary,Rodriguez,mary.rodriguez340@example.com,USA,Corporate,2022-11-21,6781.99,Y
CUST0005601,Layla,Sanchez,layla.sanchez654@example.com,Australia,Retail,2022-07-10,2060.85,Y
CUST0005602,Joseph,Martin,joseph.martin507@example.com,India,Corporate,2019-01-19,2396.56,Y
CUST0005603,Liam,Ramirez,liam.ramirez253@example.com,UK,VIP,2024-07-18,1169.09,Y
CUST0005604,Jennifer,Smith,jennifer.smith237@example.com,Japan,E-Commerce,2020-01-29,5828.45,Y
CUST0005605,Yuki,Harris,yuki.harris173@example.com,UK,Retail,2021-08-25,703.05,Y
CUST0005606,Priya,Thomas,priya.thomas930@example.com,Australia,Corporate,2021-04-23,5052.57,Y
CUST0005607,Carlos,Anderson,carlos.anderson611@example.com,Brazil,E-Commerce,2024-11-24,10689.42,Y
CUST0005608,Charles,Smith,charles.smith206@example.com,Japan,VIP,2021-11-25,11574.34,Y
CUST0005609,Charles,Clark,charles.clark371@example.com,India,E-Commerce,2020-03-23,3480.45,Y
CUST0005610,Patricia,Allen,patricia.allen503@example.com,Germany,Retail,2018-08-08,3574.49,Y
CUST0005611,Jennifer,Johnson,jennifer.johnson679@example.com,UK,Corporate,2020-04-15,900.46,Y
CUST0005612,Raj,Anderson,raj.anderson700@example.com,Mexico,Wholesale,2021-12-08,6054.92,Y
CUST0005613,Ingrid,Wilson,ingrid.wilson738@example.com,Mexico,Wholesale,2019-11-28,9109.1,N
CUST0005614,Susan,Jackson,susan.jackson941@example.com,Japan,Corporate,2021-01-02,1902.9,Y
CUST0005615,John,Ramirez,john.ramirez684@example.com,India,Retail,2019-01-29,3234.86,Y
CUST0005616,Robert,Smith,robert.smith310@example.com,Japan,VIP,2022-10-31,9626.77,Y
CUST0005617,Mary,Lewis,mary.lewis213@example.com,Singapore,Wholesale,2022-08-21,10982.75,Y
CUST0005618,Hans,Scott,hans.scott908@example.com,Brazil,Wholesale,2025-06-14,1893.15,Y
CUST0005619,Wei,White,wei.white646@example.com,France,Retail,2023-06-07,4498.88,N
CUST0005620,Patricia,Johnson,patricia.johnson614@example.com,Germany,Corporate,2019-02-01,1569.02,N
CUST0005621,Charles,White,charles.white654@example.com,Japan,Retail,2018-03-01,1037.25,Y
CUST0005622,Sakura,Thomas,sakura.thomas733@example.com,France,Corporate,2022-11-19,12602.37,N
CUST0005623,Karen,Taylor,karen.taylor937@example.com,China,Wholesale,2025-09-21,9088.11,N
CUST0005624,Joseph,Wright,joseph.wright452@example.com,Saudi Arabia,VIP,2018-08-22,7636.31,Y
CUST0005625,Ahmed,Rodriguez,ahmed.rodriguez514@example.com,Brazil,Retail,2025-05-24,749.98,Y
CUST0005626,Sofia,Thompson,sofia.thompson941@example.com,Canada,VIP,2020-02-23,9780.81,Y
CUST0005627,Karen,Lewis,karen.lewis454@example.com,Canada,VIP,2023-12-06,3381.66,N
CUST0005628,Liam,Allen,liam.allen243@example.com,China,E-Commerce,2020-10-02,2595.76,Y
CUST0005629,Wei,Williams,wei.williams621@example.com,Singapore,Corporate,2023-09-13,4453.54,Y
CUST0005630,Susan,Allen,susan.allen42@example.com,India,Wholesale,2026-05-18,978.99,Y
CUST0005631,Elizabeth,Thomas,elizabeth.thomas47@example.com,Japan,VIP,2025-03-26,7566.2,Y
CUST0005632,Raj,Moore,raj.moore403@example.com,Saudi Arabia,VIP,2025-03-05,4866.58,Y
CUST0005633,Joseph,Martin,joseph.martin794@example.com,Singapore,Wholesale,2022-01-07,1532.6,Y
CUST0005634,Priya,Perez,priya.perez182@example.com,Canada,Wholesale,2019-02-23,1542.7,Y
CUST0005635,Raj,Williams,raj.williams843@example.com,Germany,VIP,2023-01-25,1518.23,Y
CUST0005636,Layla,Wright,layla.wright47@example.com,Germany,E-Commerce,2021-06-25,793.46,Y
CUST0005637,Charles,Harris,charles.harris438@example.com,USA,E-Commerce,2024-08-03,4931.21,Y
CUST0005638,Susan,Walker,susan.walker413@example.com,France,Corporate,2021-02-05,9673.8,Y
CUST0005639,Linda,Garcia,linda.garcia437@example.com,Canada,Wholesale,2019-12-28,588.27,Y
CUST0005640,Fatima,Williams,fatima.williams773@example.com,Germany,VIP,2025-08-19,751.23,Y
CUST0005641,Ahmed,Thompson,ahmed.thompson565@example.com,Saudi Arabia,Corporate,2025-12-18,4752.17,Y
CUST0005642,John,Williams,john.williams44@example.com,Saudi Arabia,E-Commerce,2019-05-18,9060.0,Y
CUST0005643,Joseph,Wilson,joseph.wilson222@example.com,UAE,Wholesale,2024-02-06,2478.11,Y
CUST0005644,Priya,Smith,priya.smith103@example.com,Singapore,Wholesale,2023-10-13,2650.95,Y
CUST0005645,James,Johnson,james.johnson172@example.com,Brazil,E-Commerce,2023-05-28,5035.99,Y
CUST0005646,Layla,Smith,layla.smith109@example.com,South Africa,Retail,2018-10-08,2102.49,Y
CUST0005647,Charles,Thompson,charles.thompson877@example.com,China,Retail,2024-01-29,634.84,Y
CUST0005648,Mei,Scott,mei.scott57@example.com,India,Retail,2024-09-14,7144.44,Y
CUST0005649,Linda,Gonzalez,linda.gonzalez936@example.com,India,E-Commerce,2018-05-29,5412.82,Y
CUST0005650,Fatima,Davis,fatima.davis590@example.com,Canada,VIP,2020-06-30,4846.51,Y
CUST0005651,Carlos,Wright,carlos.wright449@example.com,Canada,VIP,2022-11-09,7267.86,Y
CUST0005652,Sakura,Jones,sakura.jones495@example.com,USA,VIP,2018-02-16,6123.2,Y
CUST0005653,Elizabeth,Wilson,elizabeth.wilson725@example.com,UK,VIP,2026-01-09,1652.62,N
CUST0005654,Mei,Johnson,mei.johnson503@example.com,South Africa,Retail,2024-09-24,2673.04,Y
CUST0005655,Elizabeth,Anderson,elizabeth.anderson213@example.com,Singapore,Wholesale,2018-11-01,1174.0,Y
CUST0005656,Sarah,Thompson,sarah.thompson168@example.com,UK,Retail,2024-04-23,1195.49,Y
CUST0005657,Thomas,Williams,thomas.williams682@example.com,USA,Wholesale,2023-05-12,6138.08,Y
CUST0005658,John,Walker,john.walker508@example.com,UAE,VIP,2024-03-26,10280.82,Y
CUST0005659,Elizabeth,Lewis,elizabeth.lewis262@example.com,Japan,Retail,2022-05-11,16948.18,Y
CUST0005660,John,Lopez,john.lopez927@example.com,India,Wholesale,2026-01-31,5448.97,Y
CUST0005661,Joseph,Brown,joseph.brown398@example.com,Brazil,E-Commerce,2018-10-28,1517.33,Y
CUST0005662,Sakura,Garcia,sakura.garcia173@example.com,Canada,Retail,2024-03-20,1058.29,Y
CUST0005663,John,Wright,john.wright84@example.com,South Africa,Retail,2025-06-25,8879.25,Y
CUST0005664,Joseph,Anderson,joseph.anderson201@example.com,USA,Wholesale,2021-08-22,4822.72,Y
CUST0005665,Omar,Young,omar.young595@example.com,Mexico,Wholesale,2018-09-01,5315.41,Y
CUST0005666,Elizabeth,Anderson,elizabeth.anderson118@example.com,Saudi Arabia,E-Commerce,2025-06-07,8103.98,Y
CUST0005667,Sofia,Scott,sofia.scott674@example.com,Mexico,VIP,2025-11-11,6574.79,Y
CUST0005668,Michael,,michael.johnson903@example.com,Brazil,Corporate,2025-02-06,9492.66,Y
CUST0005669,Priya,Scott,priya.scott50@example.com,France,E-Commerce,2018-05-07,789.28,Y
CUST0005670,Jennifer,Jones,jennifer.jones145@example.com,Saudi Arabia,Retail,2020-06-08,7382.13,Y
CUST0005671,James,King,james.king126@example.com,India,E-Commerce,2019-02-27,10014.11,N
CUST0005672,Olivia,Smith,olivia.smith260@example.com,France,Corporate,2018-06-24,2185.31,Y
CUST0005673,John,Young,john.young929@example.com,Canada,E-Commerce,2018-06-06,5614.47,Y
CUST0005674,Olivia,Thomas,olivia.thomas280@example.com,India,VIP,2021-08-26,2385.57,Y
CUST0005675,Wei,Johnson,wei.johnson840@example.com,India,Retail,2024-08-16,16346.99,Y
CUST0005676,Fatima,Allen,fatima.allen36@example.com,India,Wholesale,2025-10-06,669.97,N
CUST0005677,Thomas,Perez,thomas.perez408@example.com,India,VIP,2024-04-02,4835.04,Y
CUST0005678,Liam,Thompson,liam.thompson586@example.com,Australia,Retail,2023-06-19,1410.63,Y
CUST0005679,Sarah,Garcia,sarah.garcia313@example.com,UK,VIP,2025-05-18,6727.8,Y
CUST0005680,Wei,Robinson,wei.robinson953@example.com,Singapore,Corporate,2022-11-01,1467.26,Y
CUST0005681,Richard,Wright,richard.wright295@example.com,China,Corporate,2026-06-11,1841.9,Y
CUST0005682,Jennifer,Thompson,jennifer.thompson200@example.com,USA,Retail,2022-05-20,3909.76,N
CUST0005683,Charles,Young,charles.young143@example.com,Japan,Corporate,2019-05-21,12815.82,Y
CUST0005684,Charles,Harris,charles.harris912@example.com,Japan,E-Commerce,2024-07-13,1689.47,N
CUST0005685,William,Harris,william.harris133@example.com,Brazil,Corporate,2022-05-09,1278.83,Y
CUST0005686,Raj,Harris,raj.harris141@example.com,Saudi Arabia,VIP,2022-06-23,7614.31,Y
CUST0005687,Richard,Martin,richard.martin612@example.com,Japan,Wholesale,2021-01-11,3971.94,Y
CUST0005688,Priya,Scott,priya.scott609@example.com,South Africa,Corporate,2023-06-02,12639.9,Y
CUST0005689,Linda,Sanchez,linda.sanchez379@example.com,India,Wholesale,2023-08-01,1292.72,Y
CUST0005690,Charles,Williams,charles.williams162@example.com,Canada,E-Commerce,2023-07-30,5691.27,N
CUST0005691,Susan,Garcia,susan.garcia735@example.com,UK,E-Commerce,2019-08-30,-1825.55,Y
CUST0005692,Richard,Perez,richard.perez156@example.com,UAE,Corporate,2018-05-19,1352.52,Y
CUST0005693,Ahmed,King,ahmed.king858@example.com,Brazil,E-Commerce,2024-09-24,6251.05,Y
CUST0005694,John,Lewis,john.lewis185@example.com,Canada,E-Commerce,2018-08-20,5003.13,Y
CUST0005695,Elizabeth,Smith,elizabeth.smith641@example.com,UAE,Wholesale,2021-09-15,7528.97,Y
CUST0005696,Jennifer,Gonzalez,jennifer.gonzalez737@example.com,Canada,VIP,2021-01-19,2351.43,Y
CUST0005697,Carlos,Johnson,carlos.johnson338@example.com,Brazil,VIP,2020-07-30,3470.78,Y
CUST0005698,Elizabeth,Thomas,elizabeth.thomas154@example.com,UK,Retail,2018-01-28,3099.93,Y
CUST0005699,Elizabeth,Moore,elizabeth.moore939@example.com,France,Wholesale,2026-02-19,21203.87,Y
CUST0005700,Sarah,Jones,sarah.jones288@example.com,Singapore,Retail,2024-01-14,2228.31,N
CUST0005701,Sakura,Allen,sakura.allen228@example.com,France,Wholesale,2025-08-21,2246.49,Y
CUST0005702,Ingrid,Walker,ingrid.walker606@example.com,Saudi Arabia,VIP,2019-09-12,2689.02,Y
CUST0005703,Karen,Williams,karen.williams775@example.com,UK,Retail,2019-04-16,4657.38,Y
CUST0005704,Layla,Martinez,layla.martinez234@example.com,Canada,Wholesale,2023-07-09,1953.92,Y
CUST0005705,Layla,Garcia,layla.garcia515@example.com,Canada,Retail,2018-06-24,12842.6,Y
CUST0005706,Raj,Martinez,raj.martinez883@example.com,France,Wholesale,2022-07-31,2044.09,Y
CUST0005707,Ingrid,King,ingrid.king791@example.com,Brazil,Corporate,2020-06-08,11807.97,Y
CUST0005708,Mei,Allen,mei.allen485@example.com,China,E-Commerce,2021-11-21,1046.15,Y
CUST0005709,Carlos,Wilson,carlos.wilson786@example.com,Mexico,E-Commerce,2023-08-20,5843.75,Y
CUST0005710,Liam,Martinez,liam.martinez201@example.com,Mexico,Corporate,2025-01-10,12375.0,Y
CUST0005711,Karen,Jackson,karen.jackson766@example.com,UK,Wholesale,2025-03-03,1424.12,Y
CUST0005712,Ahmed,Davis,ahmed.davis70@example.com,South Africa,Corporate,2023-11-27,17761.45,Y
CUST0005713,Barbara,Scott,barbara.scott26@example.com,UAE,Retail,2020-10-19,3515.47,Y
CUST0005714,Mei,Anderson,mei.anderson568@example.com,Mexico,VIP,2020-02-04,15067.55,Y
CUST0005715,Yuki,Hernandez,yuki.hernandez8@example.com,France,Corporate,2022-06-13,6147.73,Y
CUST0005716,Raj,Harris,raj.harris726@example.com,USA,VIP,2019-06-11,2294.72,Y
CUST0005717,Sakura,Martin,sakura.martin329@example.com,Mexico,VIP,2023-01-04,1543.14,Y
CUST0005718,William,Brown,william.brown641@example.com,China,E-Commerce,2020-04-30,2310.13,Y
CUST0005719,Susan,Harris,susan.harris569@example.com,UAE,VIP,2020-02-16,988.16,Y
CUST0005720,William,Sanchez,william.sanchez132@example.com,Canada,Retail,2023-05-24,1276.65,Y
CUST0005721,Jennifer,Taylor,jennifer.taylor810@example.com,France,Wholesale,2018-01-16,1052.76,Y
CUST0005722,Linda,Smith,linda.smith825@example.com,India,Retail,2021-02-10,3249.08,N
CUST0005723,Wei,Martinez,wei.martinez606@example.com,Saudi Arabia,VIP,2022-04-14,8437.85,N
CUST0005724,Wei,Robinson,wei.robinson320@example.com,France,Wholesale,2020-05-24,1262.16,Y
CUST0005725,Yuki,Miller,yuki.miller831@example.com,Canada,E-Commerce,2020-07-17,1198.15,Y
CUST0005726,Jessica,Moore,jessica.moore805@example.com,Brazil,Corporate,2019-11-06,5656.11,Y
CUST0005727,Ingrid,Johnson,ingrid.johnson95@example.com,USA,Retail,2026-05-15,1598.14,Y
CUST0005728,Karen,Anderson,karen.anderson302@example.com,France,VIP,2024-09-22,1013.54,Y
CUST0005729,Liam,Thompson,liam.thompson834@example.com,Japan,Corporate,2025-01-11,1412.7,Y
CUST0005730,Layla,King,layla.king519@example.com,Canada,Corporate,2023-09-28,13367.47,Y
CUST0005731,William,Davis,william.davis376@example.com,Brazil,VIP,2019-09-21,9115.03,Y
CUST0005732,Thomas,Wilson,thomas.wilson468@example.com,India,Wholesale,2023-10-11,2685.28,Y
CUST0005733,Charles,Williams,charles.williams976@example.com,South Africa,Wholesale,2020-05-28,5832.96,Y
CUST0005734,David,Lopez,david.lopez235@example.com,Singapore,VIP,2021-08-09,4353.12,Y
CUST0005735,Robert,Lewis,robert.lewis15@example.com,France,Corporate,2020-04-26,6152.44,Y
CUST0005736,Karen,King,karen.king224@example.com,Saudi Arabia,Corporate,2024-03-25,6239.08,Y
CUST0005737,Ingrid,Walker,ingrid.walker741@example.com,Singapore,Corporate,2020-11-13,5454.18,Y
CUST0005738,Mary,Anderson,mary.anderson413@example.com,India,Corporate,2026-07-20,2046.92,Y
CUST0005739,James,Smith,james.smith689@example.com,China,Corporate,2026-01-16,698.94,Y
CUST0005740,Olivia,Martinez,olivia.martinez124@example.com,Singapore,Wholesale,2025-09-16,3540.05,Y
CUST0005741,William,Davis,william.davis595@example.com,Singapore,Wholesale,2023-08-25,11580.84,Y
CUST0005742,Liam,Hernandez,liam.hernandez493@example.com,Japan,E-Commerce,2026-07-21,4714.01,Y
CUST0005743,Sofia,Taylor,sofia.taylor726@example.com,Saudi Arabia,Wholesale,2024-09-18,9430.61,Y
CUST0005744,James,Martin,james.martin740@example.com,Saudi Arabia,E-Commerce,2025-03-22,24412.13,Y
CUST0005745,Sofia,Hernandez,sofia.hernandez679@example.com,Saudi Arabia,Retail,2022-07-06,1393.34,Y
CUST0005746,Priya,Williams,priya.williams909@example.com,France,VIP,2021-12-14,6384.67,N
CUST0005747,Michael,Lopez,michael.lopez208@example.com,France,E-Commerce,2020-04-22,6108.79,N
CUST0005748,Layla,Moore,layla.moore593@example.com,South Africa,VIP,2019-01-11,20048.99,Y
CUST0005749,Layla,Martin,layla.martin881@example.com,Saudi Arabia,Corporate,2021-12-10,21702.89,Y
CUST0005750,Thomas,Lopez,thomas.lopez122@example.com,USA,Corporate,2026-05-28,6302.63,Y
CUST0005751,Olivia,Garcia,olivia.garcia486@example.com,Saudi Arabia,Retail,2021-06-11,1896.02,Y
CUST0005752,Joseph,Harris,joseph.harris259@example.com,Australia,VIP,2019-01-24,8511.22,Y
CUST0005753,Carlos,Perez,carlos.perez594@example.com,UAE,E-Commerce,2026-04-12,1066.01,N
CUST0005754,Olivia,White,olivia.white587@example.com,South Africa,E-Commerce,2019-11-15,8086.56,Y
CUST0005755,Jessica,Young,jessica.young588@example.com,Saudi Arabia,Wholesale,2019-03-04,12550.64,Y
CUST0005756,Carlos,Gonzalez,carlos.gonzalez932@example.com,Mexico,Corporate,2021-10-10,2913.08,Y
CUST0005757,Barbara,Young,barbara.young410@example.com,China,Corporate,2023-10-30,5479.85,Y
CUST0005758,Sakura,White,sakura.white582@example.com,Germany,E-Commerce,2024-04-08,3311.85,Y
CUST0005759,Susan,Martin,susan.martin92@example.com,China,E-Commerce,2024-09-05,3379.18,Y
CUST0005760,Wei,Anderson,wei.anderson794@example.com,Singapore,VIP,2018-04-07,2358.01,N
CUST0005761,Liam,Martin,liam.martin184@example.com,India,Corporate,2019-06-18,7680.15,Y
CUST0005762,James,,james.young870@example.com,India,Retail,2022-01-28,14258.17,Y
CUST0005763,Robert,Miller,robert.miller77@example.com,Canada,Wholesale,2024-11-02,14630.02,Y
CUST0005764,Karen,King,karen.king991@example.com,USA,E-Commerce,2021-03-05,1460.53,Y
CUST0005765,Richard,Clark,richard.clark996@example.com,France,Corporate,2024-12-08,10886.96,Y
CUST0005766,John,Taylor,john.taylor600@example.com,Brazil,Retail,2018-12-23,7186.22,Y
CUST0005767,Layla,Sanchez,layla.sanchez100@example.com,Saudi Arabia,Corporate,2020-10-21,1957.36,Y
CUST0005768,Mary,Martin,mary.martin860@example.com,Australia,VIP,2024-05-26,848.28,N
CUST0005769,Fatima,Walker,fatima.walker230@example.com,Japan,Retail,2022-04-12,2059.86,Y
CUST0005770,Raj,Robinson,raj.robinson683@example.com,Germany,Corporate,2023-01-26,12663.94,Y
CUST0005771,Robert,Sanchez,robert.sanchez122@example.com,USA,Wholesale,2026-07-17,5514.4,Y
CUST0005772,Barbara,Ramirez,barbara.ramirez313@example.com,Germany,Wholesale,2018-08-23,6883.7,Y
CUST0005773,Raj,Lewis,raj.lewis163@example.com,South Africa,E-Commerce,2022-01-27,1986.32,Y
CUST0005774,Yuki,Miller,yuki.miller681@example.com,Singapore,E-Commerce,2022-01-22,6853.91,N
CUST0005775,Hans,Gonzalez,hans.gonzalez161@example.com,Saudi Arabia,Corporate,2023-03-28,642.62,Y
CUST0005776,Linda,Perez,linda.perez316@example.com,Australia,VIP,2019-01-28,2852.59,Y
CUST0005777,Ingrid,Young,ingrid.young211@example.com,Australia,Wholesale,2026-03-10,5427.58,Y
CUST0005778,Carlos,Smith,carlos.smith837@example.com,Brazil,Corporate,2023-09-12,1289.69,Y
CUST0005779,Omar,Scott,omar.scott705@example.com,Japan,VIP,2022-09-17,9158.13,Y
CUST0005780,Robert,King,robert.king352@example.com,Australia,VIP,2023-04-27,1839.6,Y
CUST0005781,Wei,Allen,wei.allen388@example.com,China,VIP,2021-04-16,5781.8,Y
CUST0005782,Richard,Clark,richard.clark281@example.com,France,Corporate,2018-07-29,3097.63,Y
CUST0005783,Richard,Martinez,not_an_email,India,Corporate,2025-05-18,5032.24,Y
CUST0005784,Wei,Sanchez,wei.sanchez828@example.com,Singapore,E-Commerce,2026-04-01,1068.37,Y
CUST0005785,Hans,Harris,hans.harris395@example.com,Brazil,E-Commerce,2024-07-17,585.29,Y
CUST0005786,Hans,Garcia,hans.garcia358@example.com,UAE,Wholesale,2021-01-31,12515.59,Y
CUST0005787,Thomas,Lee,thomas.lee664@example.com,USA,Wholesale,2020-11-03,2071.02,Y
CUST0005788,Mei,Thomas,,China,Wholesale,2024-09-25,9065.03,Y
CUST0005789,Olivia,Moore,olivia.moore696@example.com,Singapore,VIP,2024-11-08,37195.0,Y
CUST0005790,Joseph,Taylor,joseph.taylor341@example.com,South Africa,Retail,2020-08-28,1687.68,Y
CUST0005791,Wei,Moore,wei.moore568@example.com,Singapore,Retail,2023-05-29,2040.59,Y
CUST0005792,Mei,Anderson,mei.anderson545@example.com,Germany,Wholesale,2026-03-07,5936.28,Y
CUST0005793,Priya,Gonzalez,priya.gonzalez192@example.com,Mexico,VIP,2019-05-11,17326.54,Y
CUST0005794,Raj,Martin,raj.martin759@example.com,Japan,Retail,2025-10-24,12873.65,N
CUST0005795,Mary,Walker,,China,Wholesale,2018-08-15,3994.57,N
CUST0005796,Sarah,Garcia,sarah.garcia361@example.com,USA,Corporate,2020-06-13,8426.42,Y
CUST0005797,Thomas,Johnson,thomas.johnson322@example.com,Canada,Retail,2026-04-12,1229.44,Y
CUST0005798,Carlos,White,carlos.white529@example.com,Germany,VIP,2023-01-26,19457.48,Y
CUST0005799,Sofia,Wilson,sofia.wilson207@example.com,South Africa,E-Commerce,2022-06-05,17170.48,Y
CUST0005800,Sofia,Moore,sofia.moore709@example.com,Saudi Arabia,Corporate,2022-11-04,1394.01,Y
CUST0005801,Jessica,Wilson,jessica.wilson872@example.com,Singapore,Wholesale,2023-06-13,2279.26,Y
CUST0005802,Yuki,Taylor,yuki.taylor115@example.com,UAE,VIP,2019-08-24,1027.66,Y
CUST0005803,Charles,Jones,charles.jones55@example.com,South Africa,Retail,2018-03-28,2085.33,Y
CUST0005804,Sakura,Ramirez,sakura.ramirez46@example.com,China,VIP,2019-03-28,8962.9,Y
CUST0005805,Ahmed,Davis,ahmed.davis402@example.com,France,VIP,2020-12-10,2876.61,Y
CUST0005806,Ingrid,Walker,ingrid.walker580@example.com,Australia,Corporate,2020-04-08,962.75,Y
CUST0005807,Jessica,Johnson,jessica.johnson438@example.com,Canada,E-Commerce,2020-10-27,2594.47,Y
CUST0005808,Ahmed,Lewis,ahmed.lewis883@example.com,Australia,E-Commerce,2021-01-09,20418.49,Y
CUST0005809,Yuki,King,yuki.king605@example.com,Germany,E-Commerce,2018-04-04,5466.99,N
CUST0005810,Wei,Lopez,wei.lopez420@example.com,USA,Wholesale,2026-07-13,3190.65,Y
CUST0005811,Priya,King,priya.king482@example.com,UAE,Corporate,2026-06-25,1410.84,Y
CUST0005812,Yuki,Garcia,yuki.garcia652@example.com,Singapore,VIP,2025-08-18,21907.03,N
CUST0005813,David,Lopez,david.lopez245@example.com,South Africa,Corporate,2019-01-24,9097.63,Y
CUST0005814,Linda,Rodriguez,linda.rodriguez193@example.com,China,Corporate,2020-11-04,2152.79,Y
CUST0005815,Layla,Martin,layla.martin983@example.com,Australia,Retail,2025-11-06,863.22,Y
CUST0005816,Susan,Thomas,susan.thomas511@example.com,India,VIP,2023-01-01,791.46,Y
CUST0005817,Omar,Smith,omar.smith502@example.com,Brazil,Retail,2026-07-04,1141.32,Y
CUST0005818,Priya,White,priya.white122@example.com,South Africa,Retail,2022-10-17,4846.66,Y
CUST0005819,Sakura,Williams,sakura.williams989@example.com,China,VIP,2020-04-19,13708.74,Y
CUST0005820,Karen,Lewis,karen.lewis544@example.com,Mexico,E-Commerce,2023-09-30,3933.28,N
CUST0005821,James,Anderson,james.anderson261@example.com,Japan,E-Commerce,2023-03-10,9755.81,Y
CUST0005822,Fatima,Jackson,fatima.jackson707@example.com,Australia,Retail,2021-04-07,3451.93,Y
CUST0005823,William,Walker,william.walker190@example.com,Japan,Retail,2024-11-21,6665.01,Y
CUST0005824,Linda,Lewis,linda.lewis568@example.com,Singapore,VIP,2020-09-29,7081.47,Y
CUST0005825,Raj,Taylor,raj.taylor252@example.com,Mexico,Retail,2022-10-20,1455.58,Y
CUST0005826,Layla,Lee,layla.lee765@example.com,Brazil,VIP,2020-12-29,2740.95,N
CUST0005827,Sarah,Williams,,Japan,VIP,2021-07-16,5570.93,N
CUST0005828,Susan,Johnson,susan.johnson205@example.com,UK,Retail,2023-03-04,866.6,Y
CUST0005829,Mei,Ramirez,mei.ramirez6@example.com,Singapore,E-Commerce,2019-09-25,2743.48,Y
CUST0005830,Patricia,Davis,patricia.davis762@example.com,UAE,Wholesale,2020-04-26,4326.43,Y
CUST0005831,Robert,Rodriguez,robert.rodriguez622@example.com,Brazil,VIP,2022-07-06,28396.1,Y
CUST0005832,Joseph,Johnson,joseph.johnson983@example.com,Brazil,Wholesale,2020-10-04,3717.34,Y
CUST0005833,Priya,Thompson,priya.thompson272@example.com,USA,Wholesale,2018-05-01,8965.64,Y
CUST0005834,Linda,Thompson,linda.thompson282@example.com,Saudi Arabia,Retail,2020-01-08,3328.76,Y
CUST0005835,Susan,Hernandez,susan.hernandez27@example.com,Canada,Wholesale,2025-01-16,8457.76,Y
CUST0005836,Susan,Garcia,susan.garcia572@example.com,South Africa,E-Commerce,2018-01-18,5024.46,Y
CUST0005837,William,Gonzalez,william.gonzalez81@example.com,Australia,VIP,2019-07-28,11383.97,Y
CUST0005838,Raj,King,raj.king130@example.com,Saudi Arabia,Retail,2021-05-17,3146.16,Y
CUST0005839,Linda,Williams,linda.williams581@example.com,Germany,Retail,2021-11-20,5135.55,Y
CUST0005840,Charles,Lewis,charles.lewis223@example.com,South Africa,VIP,2022-01-10,5471.51,Y
CUST0005841,Sakura,Lewis,sakura.lewis907@example.com,Germany,VIP,2023-11-23,3201.13,N
CUST0005842,Elizabeth,Moore,elizabeth.moore851@example.com,Mexico,E-Commerce,2025-02-26,1279.25,Y
CUST0005843,Jessica,King,jessica.king850@example.com,Canada,E-Commerce,2018-12-13,991.15,Y
CUST0005844,Sakura,Martinez,sakura.martinez881@example.com,Australia,Wholesale,2026-07-30,584.06,Y
CUST0005845,William,Ramirez,william.ramirez955@example.com,France,Wholesale,2024-07-31,10838.92,Y
CUST0005846,Michael,Allen,michael.allen352@example.com,UK,E-Commerce,2022-02-04,1849.05,Y
CUST0005847,Carlos,King,carlos.king803@example.com,Japan,Retail,2021-10-10,1688.16,N
CUST0005848,Robert,Thomas,robert.thomas55@example.com,South Africa,VIP,2019-05-23,7159.7,Y
CUST0005849,Fatima,Martin,fatima.martin269@example.com,Mexico,VIP,2023-02-01,2428.43,Y
CUST0005850,Fatima,Smith,fatima.smith845@example.com,Mexico,E-Commerce,2023-10-01,4026.55,Y
CUST0005851,Linda,Lee,linda.lee755@example.com,USA,VIP,2024-06-01,1386.74,Y
CUST0005852,Thomas,Jackson,thomas.jackson417@example.com,Mexico,E-Commerce,2018-06-18,16562.69,Y
CUST0005853,Fatima,Johnson,fatima.johnson455@example.com,South Africa,Corporate,2024-09-05,10038.59,N
CUST0005854,Wei,Thompson,wei.thompson616@example.com,Mexico,Wholesale,2022-02-17,10467.77,Y
CUST0005855,Omar,Allen,omar.allen80@example.com,Singapore,Retail,2023-09-11,3110.9,Y
CUST0005856,William,Martinez,william.martinez458@example.com,China,E-Commerce,2021-05-13,7685.02,Y
CUST0005857,Hans,Young,hans.young957@example.com,China,E-Commerce,2022-03-05,1276.7,Y
CUST0005858,Barbara,White,barbara.white291@example.com,South Africa,Retail,2019-06-01,543.28,Y
CUST0005859,Hans,Martinez,hans.martinez872@example.com,France,VIP,2020-10-14,600.88,Y
CUST0005860,Yuki,Williams,yuki.williams18@example.com,China,Retail,2025-12-21,4916.72,Y
CUST0005861,Fatima,White,fatima.white615@example.com,France,VIP,2021-06-25,3538.47,Y
CUST0005862,Carlos,Robinson,carlos.robinson918@example.com,France,Retail,2022-11-23,4149.22,Y
CUST0005863,Richard,Perez,richard.perez808@example.com,India,Corporate,2019-04-26,537.46,Y
CUST0005864,Mei,Anderson,mei.anderson352@example.com,South Africa,Retail,2019-11-23,3246.85,Y
CUST0005865,Sofia,Lewis,sofia.lewis270@example.com,Brazil,Retail,2022-03-19,6830.45,Y
CUST0005866,Elizabeth,Martinez,elizabeth.martinez503@example.com,UK,Corporate,2022-06-16,3423.2,Y
CUST0005867,John,Jackson,john.jackson837@example.com,UAE,Retail,2025-10-11,7087.93,Y
CUST0005868,Sarah,Miller,sarah.miller509@example.com,South Africa,Retail,2018-08-17,1826.47,Y
CUST0005869,Mei,Perez,mei.perez570@example.com,Germany,E-Commerce,2021-12-17,8887.03,Y
CUST0005870,Fatima,White,fatima.white946@example.com,India,Wholesale,2019-05-19,4938.9,Y
CUST0005871,Olivia,Wilson,olivia.wilson209@example.com,UAE,Corporate,2025-11-04,1683.44,N
CUST0005872,Carlos,Clark,carlos.clark522@example.com,USA,VIP,2024-11-14,1850.65,Y
CUST0005873,James,Martin,james.martin823@example.com,Mexico,VIP,2019-01-11,5444.72,Y
CUST0005874,Carlos,Brown,carlos.brown301@example.com,Germany,Retail,2023-04-25,9358.01,Y
CUST0005875,Fatima,Walker,fatima.walker573@example.com,UAE,Wholesale,2019-01-18,3186.09,Y
CUST0005876,Ingrid,Anderson,ingrid.anderson229@example.com,India,VIP,2022-04-21,1994.06,Y
CUST0005877,Jessica,,jessica.jones685@example.com,Australia,Corporate,2018-05-28,10587.47,Y
CUST0005878,Layla,Allen,layla.allen560@example.com,UAE,Retail,2018-12-27,6032.24,Y
CUST0005879,Mei,Scott,mei.scott202@example.com,Brazil,Retail,2019-01-16,3471.81,Y
CUST0005880,Susan,Lopez,susan.lopez45@example.com,UK,Corporate,2021-03-13,3846.18,Y
CUST0005881,Richard,Thomas,richard.thomas725@example.com,Germany,VIP,2022-11-11,1642.39,Y
CUST0005882,Robert,Lopez,robert.lopez932@example.com,USA,Wholesale,2024-02-04,5428.24,Y
CUST0005883,Hans,King,hans.king174@example.com,Australia,Retail,2024-04-11,2721.62,Y
CUST0005884,Susan,King,susan.king305@example.com,France,Corporate,2023-10-30,27682.36,Y
CUST0005885,Carlos,Lewis,carlos.lewis443@example.com,India,Wholesale,2026-05-21,3771.4,Y
CUST0005886,William,Smith,william.smith557@example.com,Germany,E-Commerce,2023-10-01,3826.55,Y
CUST0005887,Barbara,Jackson,barbara.jackson191@example.com,Mexico,Corporate,2022-11-17,4671.85,Y
CUST0005888,Sarah,Martinez,sarah.martinez746@example.com,Singapore,Corporate,2021-06-11,12929.9,Y
CUST0005889,Mary,Taylor,mary.taylor475@example.com,Australia,VIP,2020-03-06,8567.68,Y
CUST0005890,David,Young,david.young614@example.com,Singapore,Corporate,2022-07-23,3499.47,Y
CUST0005891,Ahmed,King,ahmed.king96@example.com,Australia,VIP,2023-04-28,6841.65,Y
CUST0005892,Karen,Moore,karen.moore625@example.com,Brazil,Wholesale,2021-06-28,4912.29,Y
CUST0005893,Hans,Garcia,hans.garcia314@example.com,South Africa,E-Commerce,2022-04-22,3889.98,Y
CUST0005894,Susan,Perez,susan.perez256@example.com,Canada,E-Commerce,2021-09-14,1567.92,Y
CUST0005895,Priya,Martin,priya.martin670@example.com,UK,Wholesale,2024-11-24,3617.51,Y
CUST0005896,Elizabeth,Harris,elizabeth.harris812@example.com,Saudi Arabia,VIP,2026-07-06,1910.61,Y
CUST0005897,Olivia,Harris,olivia.harris275@example.com,Saudi Arabia,VIP,2022-05-11,12816.24,Y
CUST0005898,Layla,Jones,layla.jones982@example.com,South Africa,Retail,2025-06-01,2542.9,N
CUST0005899,Barbara,Rodriguez,barbara.rodriguez591@example.com,Saudi Arabia,Wholesale,2020-09-22,15710.35,Y
CUST0005900,William,Moore,william.moore393@example.com,Japan,Corporate,2019-07-17,4307.72,Y
CUST0005901,Patricia,Anderson,patricia.anderson479@example.com,Germany,Wholesale,2023-06-14,5492.18,Y
CUST0005902,Sarah,Brown,sarah.brown397@example.com,Australia,Retail,2020-04-14,4414.71,Y
CUST0005903,Sakura,Martin,sakura.martin724@example.com,South Africa,VIP,2021-08-31,1192.75,Y
CUST0005904,Jessica,Brown,jessica.brown951@example.com,France,E-Commerce,2021-09-04,2856.59,Y
CUST0005905,Ahmed,Lewis,ahmed.lewis679@example.com,India,E-Commerce,2023-03-01,1022.06,Y
CUST0005906,Olivia,Smith,olivia.smith56@example.com,South Africa,E-Commerce,2021-10-13,5376.94,Y
CUST0005907,William,Sanchez,william.sanchez653@example.com,Mexico,Corporate,2025-04-23,3460.85,Y
CUST0005908,Thomas,Taylor,thomas.taylor220@example.com,India,Wholesale,2019-11-10,8025.05,Y
CUST0005909,Mei,Clark,mei.clark110@example.com,France,Corporate,2021-12-25,1745.32,Y
CUST0005910,Thomas,Taylor,thomas.taylor182@example.com,USA,Retail,2021-04-10,1399.02,Y
CUST0005911,Omar,Ramirez,omar.ramirez454@example.com,France,Corporate,2026-01-09,3107.18,Y
CUST0005912,Mei,Rodriguez,mei.rodriguez52@example.com,Germany,E-Commerce,2018-12-06,13558.16,Y
CUST0005913,Jennifer,King,jennifer.king356@example.com,Australia,Retail,2021-10-25,6696.65,Y
CUST0005914,Michael,Thomas,michael.thomas230@example.com,UAE,VIP,2021-08-01,3214.37,Y
CUST0005915,Jennifer,Taylor,jennifer.taylor193@example.com,South Africa,Wholesale,2020-02-01,4141.51,Y
CUST0005916,Omar,Walker,omar.walker921@example.com,India,Corporate,2025-12-19,939.86,N
CUST0005917,Barbara,Young,barbara.young688@example.com,Brazil,Retail,2021-02-17,21359.12,Y
CUST0005918,Susan,Scott,susan.scott99@example.com,USA,Corporate,2018-06-16,5989.17,N
CUST0005919,Omar,Jones,omar.jones755@example.com,Singapore,Corporate,2018-06-27,2180.19,Y
CUST0005920,Elizabeth,Rodriguez,elizabeth.rodriguez618@example.com,Canada,VIP,2020-12-30,4907.13,Y
CUST0005921,Charles,Clark,charles.clark371@example.com,Brazil,VIP,2018-03-27,1079.76,Y
CUST0005922,William,Walker,william.walker20@example.com,Mexico,Wholesale,2021-12-10,17383.01,Y
CUST0005923,Sofia,Miller,sofia.miller981@example.com,Canada,E-Commerce,2020-06-01,1460.56,Y
CUST0005924,Omar,Gonzalez,omar.gonzalez46@example.com,France,Retail,2025-01-14,5721.05,Y
CUST0005925,Mei,Davis,mei.davis227@example.com,USA,Corporate,2018-11-11,1908.2,Y
CUST0005926,Elizabeth,Rodriguez,elizabeth.rodriguez112@example.com,India,VIP,2024-08-04,6821.47,Y
CUST0005927,Fatima,Gonzalez,fatima.gonzalez843@example.com,China,Retail,2021-03-03,7998.91,N
CUST0005928,Jessica,Martinez,jessica.martinez45@example.com,France,Wholesale,2018-12-05,6095.4,Y
CUST0005929,Hans,Jackson,hans.jackson255@example.com,Saudi Arabia,Retail,2020-01-06,5266.06,Y
CUST0005930,Carlos,Thompson,carlos.thompson408@example.com,Singapore,Retail,2019-12-20,11649.88,Y
CUST0005931,Priya,Garcia,priya.garcia927@example.com,India,E-Commerce,2021-10-23,909.45,Y
CUST0005932,Carlos,Martinez,carlos.martinez257@example.com,China,E-Commerce,2021-09-20,2509.22,Y
CUST0005933,Carlos,Robinson,carlos.robinson963@example.com,UK,Retail,2025-07-25,1927.01,Y
CUST0005934,Yuki,Brown,yuki.brown148@example.com,China,E-Commerce,2019-04-07,22620.06,Y
CUST0005935,Wei,Ramirez,wei.ramirez564@example.com,China,Retail,2022-10-12,2966.48,Y
CUST0005936,Ahmed,Robinson,ahmed.robinson980@example.com,Canada,Retail,2019-12-30,7095.29,Y
CUST0005937,Layla,Garcia,layla.garcia870@example.com,India,Corporate,2025-09-19,6271.55,Y
CUST0005938,Barbara,Thomas,barbara.thomas374@example.com,Saudi Arabia,Wholesale,2024-06-10,1691.8,Y
CUST0005939,Joseph,Johnson,joseph.johnson645@example.com,Singapore,E-Commerce,2021-01-21,1865.59,Y
CUST0005940,Ahmed,Garcia,ahmed.garcia892@example.com,Singapore,Corporate,2021-09-17,2151.45,Y
CUST0005941,Patricia,Lewis,patricia.lewis596@example.com,France,Wholesale,2019-08-19,3147.73,Y
CUST0005942,Layla,Anderson,layla.anderson33@example.com,UK,E-Commerce,2019-12-25,1834.99,Y
CUST0005943,Thomas,Clark,thomas.clark768@example.com,Japan,E-Commerce,2025-01-16,599.24,N
CUST0005944,Fatima,Davis,fatima.davis588@example.com,USA,Wholesale,2026-01-31,11076.09,Y
CUST0005945,John,Jones,john.jones331@example.com,Mexico,E-Commerce,2024-02-08,17349.92,Y
CUST0005946,Ahmed,Miller,ahmed.miller52@example.com,Brazil,Wholesale,2020-02-19,2589.49,Y
CUST0005947,Mei,Thomas,mei.thomas230@example.com,India,Wholesale,2026-07-27,2566.28,Y
CUST0005948,Ahmed,Walker,ahmed.walker726@example.com,Saudi Arabia,E-Commerce,2025-11-06,535.59,Y
CUST0005949,Ingrid,Brown,ingrid.brown3@example.com,Brazil,VIP,2021-02-28,6201.09,Y
CUST0005950,Thomas,Anderson,thomas.anderson462@example.com,South Africa,Corporate,2018-05-16,9227.43,Y
CUST0005951,Elizabeth,Miller,elizabeth.miller806@example.com,China,Retail,2026-05-17,1292.68,Y
CUST0005952,Patricia,Davis,patricia.davis839@example.com,UK,E-Commerce,2025-11-22,1369.78,Y
CUST0005953,David,Scott,david.scott921@example.com,Australia,Wholesale,2020-05-19,8305.22,N
CUST0005954,Yuki,,yuki.garcia460@example.com,Australia,VIP,2022-03-13,5289.35,Y
CUST0005955,Michael,Robinson,michael.robinson388@example.com,Brazil,Corporate,2022-03-16,729.49,Y
CUST0005956,Michael,Young,michael.young975@example.com,Mexico,Wholesale,2025-09-24,5371.55,Y
CUST0005957,Jessica,Johnson,jessica.johnson782@example.com,Mexico,Retail,2018-08-23,2347.48,Y
CUST0005958,Mei,Garcia,mei.garcia794@example.com,India,VIP,2024-02-24,2800.07,Y
CUST0005959,John,Young,john.young603@example.com,Germany,Corporate,2021-03-23,7842.54,Y
CUST0005960,Mary,King,mary.king617@example.com,Mexico,E-Commerce,2026-02-08,8828.33,Y
CUST0005961,Raj,Thompson,raj.thompson722@example.com,Mexico,E-Commerce,2021-12-24,3057.1,Y
CUST0005962,Fatima,Gonzalez,fatima.gonzalez954@example.com,Singapore,E-Commerce,2023-03-29,15201.77,Y
CUST0005963,Sakura,Harris,sakura.harris886@example.com,UAE,Retail,2024-06-19,3108.28,Y
CUST0005964,Barbara,Smith,barbara.smith481@example.com,Japan,E-Commerce,2022-10-09,7888.45,Y
CUST0005965,Barbara,Lewis,barbara.lewis114@example.com,Brazil,Wholesale,2022-08-10,3807.05,Y
CUST0005966,William,Harris,william.harris807@example.com,Mexico,Retail,2019-05-12,11891.04,Y
CUST0005967,Omar,Johnson,omar.johnson758@example.com,Canada,Retail,2024-10-19,12416.87,Y
CUST0005968,Joseph,Ramirez,joseph.ramirez859@example.com,USA,VIP,2025-04-13,957.38,Y
CUST0005969,Sarah,Smith,sarah.smith835@example.com,Japan,Retail,2025-05-01,14283.05,Y
CUST0005970,Patricia,Gonzalez,patricia.gonzalez140@example.com,China,Corporate,2025-06-24,9230.15,Y
CUST0005971,Mary,Thompson,mary.thompson952@example.com,Singapore,VIP,2023-03-07,8334.54,Y
CUST0005972,Sakura,Young,sakura.young804@example.com,USA,Retail,2021-02-10,1621.42,Y
CUST0005973,Ingrid,Rodriguez,ingrid.rodriguez715@example.com,India,VIP,2019-06-15,8676.84,Y
CUST0005974,Michael,Miller,michael.miller577@example.com,UAE,Corporate,2025-04-06,9990.03,Y
CUST0005975,Priya,Martin,priya.martin445@example.com,USA,Corporate,2023-01-16,2206.47,Y
CUST0005976,Ahmed,White,ahmed.white400@example.com,Mexico,VIP,2025-09-10,15709.94,Y
CUST0005977,David,Martinez,david.martinez38@example.com,UAE,Retail,2020-04-18,755.73,Y
CUST0005978,Jessica,Robinson,jessica.robinson817@example.com,France,VIP,2025-07-08,1312.06,Y
CUST0005979,Wei,Williams,wei.williams50@example.com,China,E-Commerce,2019-03-10,4356.42,Y
CUST0005980,Sarah,King,sarah.king427@example.com,Australia,Corporate,2020-02-14,4787.66,Y
CUST0005981,Linda,Scott,linda.scott134@example.com,Mexico,Retail,2023-07-01,5680.3,Y
CUST0005982,Thomas,Allen,thomas.allen461@example.com,France,Corporate,2023-01-22,585.57,Y
CUST0005983,Mei,Perez,mei.perez671@example.com,Japan,E-Commerce,2020-06-04,16640.44,Y
CUST0005984,Mei,Harris,mei.harris619@example.com,Brazil,VIP,2023-04-08,728.06,Y
CUST0005985,Barbara,Thompson,barbara.thompson149@example.com,Saudi Arabia,Retail,2018-11-25,1271.95,Y
CUST0005986,Patricia,Harris,patricia.harris914@example.com,France,Corporate,2025-03-08,570.57,Y
CUST0005987,Elizabeth,Harris,elizabeth.harris830@example.com,China,Retail,2024-06-22,4683.45,Y
CUST0005988,Carlos,Gonzalez,carlos.gonzalez216@example.com,UAE,Wholesale,2025-08-10,13960.9,Y
CUST0005989,John,Thomas,john.thomas784@example.com,Japan,Corporate,2024-03-30,5982.28,Y
CUST0005990,Ahmed,Sanchez,ahmed.sanchez544@example.com,UK,VIP,2026-04-12,9148.36,Y
CUST0005991,Yuki,White,yuki.white238@example.com,Germany,E-Commerce,2021-09-19,566.85,Y
CUST0005992,David,Brown,david.brown140@example.com,Brazil,E-Commerce,2024-02-27,4404.6,N
CUST0005993,Thomas,Walker,thomas.walker517@example.com,Canada,Retail,2020-02-03,3576.89,Y
CUST0005994,Priya,Gonzalez,priya.gonzalez298@example.com,Mexico,E-Commerce,2019-05-16,3955.43,Y
CUST0005995,David,Rodriguez,david.rodriguez141@example.com,Brazil,Wholesale,2018-12-05,874.77,Y
CUST0005996,Ingrid,Allen,ingrid.allen442@example.com,UAE,Retail,2020-09-27,6266.96,Y
CUST0005997,Sarah,Lewis,sarah.lewis383@example.com,Singapore,Retail,2021-07-19,3998.04,Y
CUST0005998,Yuki,Young,yuki.young743@example.com,China,VIP,2018-11-20,7744.02,Y
CUST0005999,Susan,Jones,susan.jones937@example.com,UK,E-Commerce,2020-05-17,-3820.76,Y
CUST0006000,Ahmed,Wilson,ahmed.wilson359@example.com,Germany,VIP,2025-10-20,1308.96,Y
CUST0006001,Fatima,Young,fatima.young361@example.com,USA,VIP,2019-07-31,5724.27,Y
CUST0006002,Ingrid,Hernandez,ingrid.hernandez52@example.com,Brazil,E-Commerce,2023-10-13,1446.04,Y
CUST0006003,Richard,Harris,richard.harris606@example.com,Mexico,E-Commerce,2023-01-21,10794.06,Y
CUST0006004,Carlos,Lopez,carlos.lopez904@example.com,Brazil,E-Commerce,2020-03-18,5248.15,Y
CUST0006005,Michael,Clark,michael.clark549@example.com,India,Corporate,2018-01-20,1355.15,Y
CUST0006006,Liam,Lee,liam.lee333@example.com,USA,Corporate,2024-06-03,16895.53,Y
CUST0006007,Joseph,Moore,joseph.moore273@example.com,Saudi Arabia,Retail,2018-09-05,4152.85,Y
CUST0006008,John,Johnson,john.johnson308@example.com,UK,Corporate,2026-05-25,878.46,Y
CUST0006009,Thomas,Gonzalez,thomas.gonzalez358@example.com,France,VIP,2019-09-08,5428.64,Y
CUST0006010,James,Miller,james.miller872@example.com,Japan,Retail,2023-08-31,1959.78,Y
CUST0006011,Carlos,Davis,carlos.davis220@example.com,UK,VIP,2020-10-02,8640.39,Y
CUST0006012,Ahmed,Wilson,ahmed.wilson542@example.com,France,VIP,2025-02-10,9013.86,Y
CUST0006013,Jennifer,Lee,jennifer.lee734@example.com,China,Retail,2020-02-12,19803.65,Y
CUST0006014,Mei,Sanchez,mei.sanchez55@example.com,Australia,Retail,2022-08-15,3984.47,Y
CUST0006015,David,Harris,david.harris192@example.com,France,E-Commerce,2021-08-17,3534.45,Y
CUST0006016,David,Smith,david.smith934@example.com,UK,Retail,2020-08-02,7501.47,Y
CUST0006017,Thomas,Harris,thomas.harris638@example.com,Mexico,Wholesale,2019-08-14,1210.53,Y
CUST0006018,Charles,Smith,charles.smith502@example.com,Singapore,Retail,2026-06-03,4458.38,Y
CUST0006019,Charles,Anderson,charles.anderson283@example.com,India,Corporate,2018-09-12,4451.02,N
CUST0006020,Fatima,Taylor,fatima.taylor484@example.com,Australia,Retail,2026-01-31,968.66,Y
CUST0006021,Carlos,Brown,carlos.brown816@example.com,Saudi Arabia,Wholesale,2024-05-26,3206.29,Y
CUST0006022,John,Brown,john.brown453@example.com,Brazil,E-Commerce,2019-03-20,10096.31,Y
CUST0006023,Fatima,Rodriguez,fatima.rodriguez77@example.com,France,Retail,2026-04-20,10195.05,Y
CUST0006024,David,Hernandez,david.hernandez299@example.com,Australia,Retail,2023-06-21,1022.57,Y
CUST0006025,John,Harris,john.harris527@example.com,USA,VIP,2021-10-14,975.52,Y
CUST0006026,Jennifer,King,jennifer.king750@example.com,South Africa,E-Commerce,2021-01-10,2023.77,Y
CUST0006027,Susan,Gonzalez,susan.gonzalez446@example.com,India,E-Commerce,2026-03-13,10887.86,Y
CUST0006028,William,King,william.king349@example.com,Brazil,Retail,2021-09-08,1190.01,N
CUST0006029,Ahmed,Scott,ahmed.scott120@example.com,China,VIP,2019-02-10,6864.77,Y
CUST0006030,Yuki,Scott,yuki.scott175@example.com,Brazil,Retail,2025-11-23,-1033.28,Y
CUST0006031,Karen,Lopez,karen.lopez175@example.com,Canada,VIP,2019-04-21,5379.38,Y
CUST0006032,Michael,Jackson,michael.jackson164@example.com,Brazil,VIP,2024-10-24,2700.81,Y
CUST0006033,Linda,Jackson,linda.jackson113@example.com,France,Retail,2026-06-04,8277.45,Y
CUST0006034,Omar,White,omar.white711@example.com,Mexico,Corporate,2024-06-22,1830.85,Y
CUST0006035,Linda,Jackson,linda.jackson876@example.com,UK,Corporate,2021-08-09,5597.18,Y
CUST0006036,Linda,Hernandez,linda.hernandez841@example.com,Mexico,Retail,2019-03-19,1843.86,Y
CUST0006037,Robert,Martinez,robert.martinez53@example.com,Brazil,VIP,2025-04-02,6752.88,Y
CUST0006038,Karen,Ramirez,karen.ramirez634@example.com,Japan,VIP,2023-11-03,10844.61,Y
CUST0006039,Mei,Martin,mei.martin557@example.com,Canada,VIP,2019-08-25,1177.96,Y
CUST0006040,Linda,Thomas,linda.thomas678@example.com,India,Corporate,2025-06-29,10571.85,Y
CUST0006041,Michael,Clark,michael.clark320@example.com,France,VIP,2019-05-22,5001.78,N
CUST0006042,Ahmed,Gonzalez,ahmed.gonzalez815@example.com,UK,Retail,2024-04-11,1179.73,Y
CUST0006043,Michael,Miller,michael.miller196@example.com,USA,VIP,2021-07-12,3289.08,Y
CUST0006044,Susan,Miller,susan.miller368@example.com,India,VIP,2026-08-10,1376.89,Y
CUST0006045,Jessica,Jackson,jessica.jackson188@example.com,Japan,E-Commerce,2026-01-08,6525.67,N
CUST0006046,William,Martinez,william.martinez903@example.com,Mexico,E-Commerce,2022-06-05,7612.06,Y
CUST0006047,Priya,Walker,priya.walker854@example.com,Canada,Wholesale,2019-10-10,1059.11,Y
CUST0006048,William,Lee,william.lee253@example.com,South Africa,E-Commerce,2019-10-13,4027.51,Y
CUST0006049,Sofia,Lewis,sofia.lewis820@example.com,USA,Corporate,2023-04-26,8926.87,Y
CUST0006050,Karen,Rodriguez,karen.rodriguez634@example.com,South Africa,Wholesale,2025-04-23,14257.11,N
CUST0006051,Liam,Young,liam.young656@example.com,Mexico,Corporate,2025-12-11,4102.78,Y
CUST0006052,Yuki,Martin,yuki.martin54@example.com,Japan,Corporate,2023-06-17,15506.66,Y
CUST0006053,John,Williams,john.williams460@example.com,Australia,E-Commerce,2020-01-02,4336.0,Y
CUST0006054,Patricia,Johnson,patricia.johnson247@example.com,Singapore,Wholesale,2025-11-02,3005.95,Y
CUST0006055,Mei,Jones,mei.jones20@example.com,Mexico,VIP,2026-01-06,9926.06,Y
CUST0006056,Elizabeth,Jackson,elizabeth.jackson818@example.com,China,Wholesale,2021-11-12,3896.05,Y
CUST0006057,Sofia,Thompson,sofia.thompson297@example.com,South Africa,Retail,2022-11-25,3692.37,Y
CUST0006058,Liam,Wilson,liam.wilson608@example.com,UK,Corporate,2022-11-15,3869.79,Y
CUST0006059,Joseph,Scott,joseph.scott327@example.com,Mexico,Wholesale,2020-06-18,9879.57,Y
CUST0006060,Michael,Scott,michael.scott174@example.com,Saudi Arabia,VIP,2024-06-19,9417.22,Y
CUST0006061,Raj,Gonzalez,raj.gonzalez994@example.com,Australia,Wholesale,2023-02-25,3083.55,Y
CUST0006062,Sofia,King,not_an_email,China,Retail,2021-01-28,2527.07,Y
CUST0006063,Joseph,Thompson,joseph.thompson926@example.com,South Africa,Corporate,2025-04-18,3885.66,Y
CUST0006064,Layla,White,layla.white593@example.com,Germany,Retail,2018-11-27,4752.19,Y
CUST0006065,Barbara,Garcia,barbara.garcia667@example.com,Germany,E-Commerce,2020-10-18,1861.26,Y
CUST0006066,Ingrid,Brown,ingrid.brown355@example.com,USA,Corporate,2025-05-08,8398.31,Y
CUST0006067,Yuki,White,yuki.white7@example.com,Mexico,VIP,2024-03-09,3832.36,N
CUST0006068,Karen,Jackson,karen.jackson675@example.com,Brazil,VIP,2024-11-11,2532.67,Y
CUST0006069,Priya,Gonzalez,priya.gonzalez802@example.com,UAE,Corporate,2022-03-28,1064.84,Y
CUST0006070,Carlos,,carlos.rodriguez788@example.com,Canada,Wholesale,2024-02-18,1864.59,N
CUST0006071,Ahmed,Thompson,ahmed.thompson75@example.com,Brazil,E-Commerce,2024-03-12,15407.29,Y
CUST0006072,Wei,Moore,wei.moore767@example.com,UK,Wholesale,2022-02-27,2319.93,Y
CUST0006073,Fatima,Miller,fatima.miller201@example.com,Singapore,Wholesale,2025-12-09,1424.78,Y
CUST0006074,Ahmed,Jones,ahmed.jones360@example.com,France,Retail,2024-07-11,3587.16,Y
CUST0006075,Wei,Davis,wei.davis943@example.com,Mexico,Retail,2018-04-17,2334.26,Y
CUST0006076,Sakura,Martin,sakura.martin351@example.com,Canada,Wholesale,2022-10-23,678.96,Y
CUST0006077,Wei,Smith,wei.smith966@example.com,Singapore,E-Commerce,2026-03-26,2451.49,Y
CUST0006078,John,Young,john.young244@example.com,China,Wholesale,2019-07-31,4427.5,Y
CUST0006079,William,Clark,william.clark887@example.com,Mexico,Corporate,2023-08-20,4511.6,Y
CUST0006080,Ingrid,Williams,ingrid.williams727@example.com,Germany,Wholesale,2020-06-05,2704.62,Y
CUST0006081,Liam,Davis,liam.davis144@example.com,Japan,Retail,2022-12-13,3464.72,Y
CUST0006082,Layla,Anderson,layla.anderson362@example.com,Singapore,E-Commerce,2025-07-26,17336.58,Y
CUST0006083,Ahmed,Rodriguez,ahmed.rodriguez978@example.com,Singapore,Retail,2018-10-17,2868.84,N
CUST0006084,Hans,Lee,hans.lee971@example.com,Brazil,Corporate,2020-09-27,1993.56,Y
CUST0006085,Sakura,Wilson,sakura.wilson73@example.com,Canada,E-Commerce,2024-10-19,1895.05,Y
CUST0006086,Susan,Thomas,susan.thomas108@example.com,South Africa,Retail,2024-01-01,3560.28,Y
CUST0006087,David,Thomas,david.thomas56@example.com,Singapore,Corporate,2026-03-18,7625.59,Y
CUST0006088,Thomas,Johnson,thomas.johnson28@example.com,Germany,VIP,2019-01-27,1653.28,Y
CUST0006089,Mary,Thomas,mary.thomas722@example.com,India,E-Commerce,2024-02-20,6677.25,N
CUST0006090,Jennifer,Williams,jennifer.williams940@example.com,USA,Wholesale,2018-10-05,606.88,Y
CUST0006091,Karen,Jones,karen.jones724@example.com,France,Retail,2024-02-07,3214.45,Y
CUST0006092,Robert,Rodriguez,robert.rodriguez531@example.com,France,Corporate,2018-09-14,7977.54,Y
CUST0006093,Olivia,Walker,olivia.walker546@example.com,China,Wholesale,2020-01-23,2567.99,Y
CUST0006094,Charles,Walker,charles.walker883@example.com,South Africa,Retail,2020-05-08,4647.55,Y
CUST0006095,Mary,Moore,mary.moore193@example.com,Australia,E-Commerce,2025-06-13,1646.94,Y
CUST0006096,Susan,Wilson,susan.wilson315@example.com,France,Wholesale,2019-03-04,7273.89,Y
CUST0006097,Mei,Jones,mei.jones892@example.com,USA,Retail,2021-04-20,768.48,Y
CUST0006098,James,Jones,james.jones13@example.com,Australia,E-Commerce,2019-03-29,10071.08,Y
CUST0006099,Jessica,Perez,jessica.perez376@example.com,UAE,Corporate,2024-05-28,1604.46,Y
CUST0006100,Patricia,Walker,patricia.walker779@example.com,UK,Wholesale,2025-08-13,10873.19,Y
CUST0006101,Wei,Ramirez,wei.ramirez774@example.com,Singapore,Corporate,2019-06-19,2673.41,Y
CUST0006102,Sakura,Harris,sakura.harris814@example.com,Saudi Arabia,Retail,2025-12-21,6912.98,Y
CUST0006103,Olivia,Scott,olivia.scott509@example.com,Mexico,VIP,2023-02-03,2422.62,Y
CUST0006104,Yuki,Lewis,yuki.lewis940@example.com,UAE,Retail,2020-06-10,12317.61,Y
CUST0006105,Ingrid,Jones,ingrid.jones132@example.com,Saudi Arabia,Wholesale,2024-10-20,1177.02,Y
CUST0006106,Liam,,liam.anderson630@example.com,China,Wholesale,2018-06-20,1483.24,Y
CUST0006107,Yuki,Anderson,yuki.anderson40@example.com,France,E-Commerce,2019-04-24,3896.52,Y
CUST0006108,Ahmed,Perez,ahmed.perez758@example.com,Japan,Corporate,2023-09-20,927.45,Y
CUST0006109,Jennifer,Robinson,jennifer.robinson849@example.com,Mexico,Wholesale,2021-02-23,1590.66,Y
CUST0006110,Olivia,Johnson,olivia.johnson511@example.com,Brazil,Corporate,2021-06-30,14891.2,Y
CUST0006111,Robert,Thomas,robert.thomas642@example.com,Australia,Retail,2021-11-25,19251.58,Y
CUST0006112,Ahmed,Allen,ahmed.allen340@example.com,Brazil,Wholesale,2024-05-18,2860.1,Y
CUST0006113,Liam,Lee,liam.lee245@example.com,Australia,Corporate,2026-01-29,13338.36,Y
CUST0006114,Mei,Moore,mei.moore848@example.com,France,VIP,2020-02-23,4435.36,Y
CUST0006115,Barbara,Lewis,barbara.lewis84@example.com,Australia,VIP,2021-07-19,2071.79,Y
CUST0006116,Carlos,Anderson,carlos.anderson529@example.com,UAE,Corporate,2023-02-12,6560.0,Y
CUST0006117,Patricia,Robinson,patricia.robinson987@example.com,Australia,Retail,2026-08-11,5877.92,Y
CUST0006118,Ingrid,Scott,ingrid.scott673@example.com,France,Wholesale,2018-08-14,23106.59,Y
CUST0006119,Wei,Thompson,wei.thompson699@example.com,Australia,E-Commerce,2026-01-23,2039.75,Y
CUST0006120,Joseph,Lee,joseph.lee274@example.com,France,Retail,2023-01-18,6074.62,Y
CUST0006121,Layla,Clark,layla.clark467@example.com,China,VIP,2023-11-23,767.13,Y
CUST0006122,David,Rodriguez,david.rodriguez999@example.com,Saudi Arabia,Retail,2026-07-20,1103.19,N
CUST0006123,Robert,Robinson,robert.robinson799@example.com,UK,Retail,2021-02-09,519.63,Y
CUST0006124,Karen,Young,karen.young779@example.com,Canada,Retail,2019-12-13,38126.02,Y
CUST0006125,Michael,Lewis,michael.lewis376@example.com,Australia,Corporate,2024-01-11,8604.36,Y
CUST0006126,Sarah,Miller,sarah.miller966@example.com,South Africa,Retail,2025-10-13,8225.82,N
CUST0006127,Olivia,Ramirez,olivia.ramirez419@example.com,China,Retail,2023-11-08,4063.96,Y
CUST0006128,Sarah,Martinez,sarah.martinez983@example.com,India,Wholesale,2021-04-12,2283.85,Y
CUST0006129,Sakura,Brown,sakura.brown713@example.com,France,VIP,2024-02-26,1320.04,Y
CUST0006130,Jennifer,Davis,jennifer.davis825@example.com,USA,Retail,2023-08-19,2175.09,Y
CUST0006131,James,Anderson,james.anderson249@example.com,UK,E-Commerce,2023-03-13,2857.79,Y
CUST0006132,Charles,Jackson,charles.jackson230@example.com,Saudi Arabia,Retail,2023-03-14,7559.29,Y
CUST0006133,Karen,Harris,karen.harris676@example.com,India,VIP,2024-05-08,4378.97,N
CUST0006134,Yuki,Taylor,yuki.taylor616@example.com,Saudi Arabia,Retail,2026-06-19,903.25,Y
CUST0006135,Patricia,Taylor,patricia.taylor818@example.com,Germany,VIP,2019-02-19,590.97,Y
CUST0006136,Hans,Allen,hans.allen956@example.com,Brazil,VIP,2019-08-08,1039.78,Y
CUST0006137,David,Jackson,david.jackson479@example.com,USA,E-Commerce,2023-12-01,3142.39,Y
CUST0006138,Richard,Brown,richard.brown96@example.com,Japan,Corporate,2026-08-11,14029.73,N
CUST0006139,Jessica,Rodriguez,jessica.rodriguez254@example.com,Canada,E-Commerce,2022-01-03,5572.31,Y
CUST0006140,Mei,Miller,mei.miller523@example.com,Saudi Arabia,Retail,2019-11-12,8593.05,Y
CUST0006141,Jennifer,Walker,jennifer.walker59@example.com,USA,Wholesale,2021-01-15,3640.31,Y
CUST0006142,Ingrid,Moore,ingrid.moore203@example.com,Mexico,Wholesale,2021-12-21,2744.47,Y
CUST0006143,Yuki,Jackson,yuki.jackson30@example.com,Singapore,E-Commerce,2020-05-10,-1073.69,Y
CUST0006144,Ahmed,Garcia,ahmed.garcia897@example.com,Australia,Wholesale,2020-04-21,10934.67,Y
CUST0006145,Fatima,Taylor,fatima.taylor112@example.com,Australia,Retail,2019-04-11,8142.98,Y
CUST0006146,Mary,Rodriguez,mary.rodriguez29@example.com,India,Retail,2023-06-26,1420.32,Y
CUST0006147,Priya,Wilson,priya.wilson55@example.com,Saudi Arabia,Retail,2022-01-16,4089.87,Y
CUST0006148,Barbara,Jones,barbara.jones692@example.com,France,E-Commerce,2019-11-03,3841.05,Y
CUST0006149,Sofia,Lewis,sofia.lewis670@example.com,Germany,E-Commerce,2020-03-30,5405.37,Y
CUST0006150,William,Lee,william.lee794@example.com,India,Retail,2019-05-22,15111.19,Y
CUST0006151,Michael,Lee,michael.lee685@example.com,Saudi Arabia,VIP,2024-05-27,4834.78,Y
CUST0006152,Karen,Moore,karen.moore753@example.com,UK,Corporate,2025-11-14,4385.01,Y
CUST0006153,Sarah,Perez,sarah.perez323@example.com,Germany,Corporate,2026-07-24,758.17,Y
CUST0006154,Ahmed,Wright,ahmed.wright995@example.com,UK,Corporate,2023-12-11,824.87,Y
CUST0006155,Mei,Brown,mei.brown547@example.com,Canada,E-Commerce,2024-11-11,1537.25,Y
CUST0006156,Karen,Williams,karen.williams188@example.com,Saudi Arabia,Wholesale,2019-07-02,665.05,Y
CUST0006157,Olivia,White,olivia.white608@example.com,Germany,E-Commerce,2023-09-25,7300.27,Y
CUST0006158,Susan,Perez,susan.perez897@example.com,Australia,Wholesale,2023-09-12,6924.65,Y
CUST0006159,Fatima,Johnson,fatima.johnson949@example.com,Saudi Arabia,Corporate,2021-07-18,1231.24,Y
CUST0006160,Sakura,Allen,sakura.allen91@example.com,Brazil,Corporate,2020-05-17,9541.85,Y
CUST0006161,Charles,Rodriguez,charles.rodriguez367@example.com,UK,E-Commerce,2025-11-22,1340.83,Y
CUST0006162,Sakura,Young,sakura.young495@example.com,France,E-Commerce,2021-01-25,2291.78,Y
CUST0006163,Thomas,Thomas,thomas.thomas35@example.com,France,Corporate,2021-03-02,1931.59,Y
CUST0006164,Patricia,Ramirez,patricia.ramirez9@example.com,India,VIP,2023-12-20,2828.52,Y
CUST0006165,William,Harris,william.harris305@example.com,Japan,Corporate,2019-05-31,1969.6,N
CUST0006166,Ingrid,White,ingrid.white826@example.com,UAE,Wholesale,2023-07-29,3856.45,Y
CUST0006167,Joseph,Scott,joseph.scott361@example.com,South Africa,E-Commerce,2025-04-29,3116.24,Y
CUST0006168,Mary,Miller,mary.miller144@example.com,Canada,Retail,2020-11-07,22051.13,Y
CUST0006169,David,White,david.white260@example.com,Saudi Arabia,E-Commerce,2026-03-14,787.76,Y
CUST0006170,Sofia,Williams,sofia.williams95@example.com,Saudi Arabia,Corporate,2018-09-05,1266.81,Y
CUST0006171,Joseph,Martinez,joseph.martinez863@example.com,Australia,E-Commerce,2023-04-04,771.36,Y
CUST0006172,Elizabeth,Sanchez,elizabeth.sanchez976@example.com,UK,E-Commerce,2025-06-30,5415.37,N
CUST0006173,Michael,Walker,michael.walker304@example.com,Germany,Retail,2025-09-09,780.26,Y
CUST0006174,Patricia,Wilson,patricia.wilson135@example.com,UAE,Retail,2025-04-12,9552.87,Y
CUST0006175,Karen,Thomas,karen.thomas691@example.com,Australia,VIP,2023-09-14,4086.57,N
CUST0006176,Thomas,Moore,thomas.moore961@example.com,UK,Corporate,2024-03-30,4243.38,Y
CUST0006177,Elizabeth,Thomas,elizabeth.thomas438@example.com,Canada,Corporate,2024-08-19,4623.06,N
CUST0006178,Carlos,Taylor,carlos.taylor345@example.com,South Africa,E-Commerce,2024-10-12,1436.55,Y
CUST0006179,Wei,Thompson,wei.thompson863@example.com,China,VIP,2019-04-21,1601.3,Y
CUST0006180,Richard,Miller,richard.miller505@example.com,Mexico,E-Commerce,2025-08-21,2419.62,Y
CUST0006181,Elizabeth,Lewis,elizabeth.lewis747@example.com,Canada,VIP,2020-07-25,5000.81,Y
CUST0006182,Elizabeth,Moore,elizabeth.moore924@example.com,USA,Wholesale,2020-05-23,1679.36,Y
CUST0006183,Susan,Sanchez,susan.sanchez884@example.com,Australia,Wholesale,2023-05-03,1118.37,Y
CUST0006184,Ingrid,Clark,ingrid.clark941@example.com,Singapore,E-Commerce,2025-12-20,18052.31,Y
CUST0006185,Sarah,Williams,sarah.williams285@example.com,Mexico,Corporate,2021-10-09,611.14,Y
CUST0006186,Michael,Garcia,michael.garcia168@example.com,Japan,Corporate,2020-08-05,8615.08,Y
CUST0006187,Linda,Johnson,linda.johnson359@example.com,USA,Wholesale,2025-12-07,8256.67,Y
CUST0006188,William,Wright,william.wright736@example.com,Brazil,Wholesale,2018-06-05,2263.52,Y
CUST0006189,Charles,Perez,charles.perez602@example.com,UAE,Wholesale,2023-11-25,1228.75,N
CUST0006190,William,Lewis,william.lewis799@example.com,South Africa,Corporate,2023-07-02,1286.95,Y
CUST0006191,Sarah,Lopez,sarah.lopez212@example.com,Brazil,Wholesale,2021-07-27,6477.24,Y
CUST0006192,Susan,Anderson,susan.anderson840@example.com,Australia,Corporate,2020-03-03,5647.39,Y
CUST0006193,William,Lewis,william.lewis533@example.com,Germany,VIP,2022-09-10,8133.43,Y
CUST0006194,Barbara,Garcia,barbara.garcia845@example.com,UAE,Retail,2018-06-18,14361.44,Y
CUST0006195,Raj,Smith,raj.smith502@example.com,China,Wholesale,2018-10-05,6387.1,Y
CUST0006196,Thomas,King,thomas.king395@example.com,South Africa,VIP,2025-06-22,1347.13,Y
CUST0006197,Fatima,Wilson,fatima.wilson896@example.com,China,Retail,2022-01-19,1894.88,N
CUST0006198,Yuki,Thomas,yuki.thomas115@example.com,USA,E-Commerce,2020-01-14,9731.94,Y
CUST0006199,Olivia,Gonzalez,olivia.gonzalez68@example.com,Japan,Corporate,2020-06-28,1674.22,Y
CUST0006200,Mei,Brown,mei.brown488@example.com,Brazil,Wholesale,2020-08-12,876.43,Y
CUST0006201,Joseph,Miller,joseph.miller134@example.com,Brazil,Corporate,2020-02-29,6574.83,Y
CUST0006202,Sarah,Garcia,sarah.garcia760@example.com,France,VIP,2021-10-24,3075.23,Y
CUST0006203,David,Robinson,david.robinson686@example.com,South Africa,E-Commerce,2024-10-20,13131.15,Y
CUST0006204,Mary,King,mary.king153@example.com,India,VIP,2026-01-12,5752.76,Y
CUST0006205,Patricia,Walker,patricia.walker155@example.com,UK,Retail,2024-04-15,973.86,Y
CUST0006206,Yuki,Garcia,yuki.garcia893@example.com,UK,Retail,2023-11-10,15268.79,Y
CUST0006207,Sarah,Thompson,sarah.thompson185@example.com,Germany,VIP,2025-03-19,1995.79,Y
CUST0006208,Carlos,Williams,carlos.williams135@example.com,Germany,Wholesale,2018-11-05,2556.5,Y
CUST0006209,Layla,Robinson,layla.robinson969@example.com,UAE,Retail,2023-03-01,3073.0,Y
CUST0006210,Mary,Gonzalez,mary.gonzalez172@example.com,Germany,Retail,2024-03-06,762.91,Y
CUST0006211,Patricia,Ramirez,patricia.ramirez885@example.com,USA,VIP,2021-03-05,3931.01,N
CUST0006212,Ingrid,Perez,ingrid.perez13@example.com,UK,E-Commerce,2019-05-14,1158.06,N
CUST0006213,Mary,Brown,mary.brown455@example.com,Japan,VIP,2022-09-30,3062.22,Y
CUST0006214,Wei,King,wei.king718@example.com,Saudi Arabia,Corporate,2021-08-22,2659.38,Y
CUST0006215,Liam,Perez,liam.perez973@example.com,USA,VIP,2021-10-19,7910.51,Y
CUST0006216,Michael,Martin,michael.martin344@example.com,USA,E-Commerce,2024-12-08,8627.09,Y
CUST0006217,Hans,Lopez,hans.lopez923@example.com,Germany,Corporate,2022-08-16,1332.71,Y
CUST0006218,Priya,Rodriguez,priya.rodriguez457@example.com,UK,VIP,2022-10-25,2782.88,N
CUST0006219,Michael,Wright,michael.wright934@example.com,Canada,E-Commerce,2026-08-09,2836.86,Y
CUST0006220,Robert,Martin,robert.martin813@example.com,South Africa,Wholesale,2025-04-21,1320.9,Y
CUST0006221,Ahmed,Williams,ahmed.williams699@example.com,Mexico,E-Commerce,2022-07-02,8508.68,Y
CUST0006222,Sakura,Harris,sakura.harris268@example.com,Australia,Wholesale,2021-04-26,6641.81,Y
CUST0006223,Richard,Jackson,richard.jackson110@example.com,India,Corporate,2023-01-14,1555.96,Y
CUST0006224,Robert,Lewis,robert.lewis570@example.com,South Africa,VIP,2025-07-15,2784.23,Y
CUST0006225,Carlos,Allen,carlos.allen754@example.com,Singapore,E-Commerce,2023-12-23,1059.16,Y
CUST0006226,Sarah,Jones,sarah.jones981@example.com,Saudi Arabia,Retail,2018-08-12,5447.08,Y
CUST0006227,Sofia,Robinson,sofia.robinson657@example.com,UK,Corporate,2021-04-01,1146.97,N
CUST0006228,Omar,Lewis,omar.lewis640@example.com,Germany,VIP,2023-01-18,21820.03,Y
CUST0006229,Ahmed,Wilson,ahmed.wilson466@example.com,China,Retail,2018-10-24,8086.16,N
CUST0006230,Sarah,Wilson,sarah.wilson900@example.com,Singapore,Retail,2022-11-02,2973.44,Y
CUST0006231,Wei,King,wei.king151@example.com,South Africa,E-Commerce,2020-10-08,-4820.44,N
CUST0006232,Hans,Wright,hans.wright15@example.com,France,Corporate,2018-01-12,12614.83,Y
CUST0006233,Yuki,Gonzalez,yuki.gonzalez399@example.com,UAE,Retail,2023-09-16,4538.29,Y
CUST0006234,Mei,Sanchez,mei.sanchez806@example.com,Brazil,Wholesale,2022-11-05,1458.82,Y
CUST0006235,William,Brown,william.brown854@example.com,Saudi Arabia,Wholesale,2025-06-30,2879.73,N
CUST0006236,David,Walker,david.walker976@example.com,Germany,E-Commerce,2023-07-26,9762.16,Y
CUST0006237,Mei,Harris,mei.harris913@example.com,China,Wholesale,2018-10-24,5667.12,Y
CUST0006238,Jessica,Smith,jessica.smith28@example.com,Japan,E-Commerce,2023-02-19,5759.47,Y
CUST0006239,Wei,Davis,wei.davis377@example.com,Germany,Wholesale,2025-11-30,10580.32,Y
CUST0006240,Fatima,Harris,fatima.harris390@example.com,USA,Retail,2024-07-05,11720.31,Y
CUST0006241,James,Perez,james.perez939@example.com,China,VIP,2020-05-21,13115.7,Y
CUST0006242,Robert,Wilson,robert.wilson32@example.com,Germany,E-Commerce,2018-10-27,998.27,Y
CUST0006243,Jessica,Sanchez,jessica.sanchez347@example.com,Australia,Wholesale,2019-05-28,4427.69,Y
CUST0006244,Ahmed,Ramirez,ahmed.ramirez750@example.com,South Africa,VIP,2020-12-29,7245.18,Y
CUST0006245,Hans,Lewis,hans.lewis836@example.com,USA,Corporate,2018-06-28,7571.96,Y
CUST0006246,Mary,Young,mary.young279@example.com,India,Retail,2021-02-12,5166.12,Y
CUST0006247,Jessica,Lewis,jessica.lewis33@example.com,USA,E-Commerce,2026-03-23,1412.33,Y
CUST0006248,Sakura,Martin,sakura.martin914@example.com,France,Wholesale,2022-05-07,8483.12,Y
CUST0006249,Jennifer,Harris,jennifer.harris245@example.com,Japan,Corporate,2022-11-24,6866.82,Y
CUST0006250,Jennifer,Thompson,jennifer.thompson914@example.com,China,Corporate,2021-05-18,950.37,Y
CUST0006251,Ahmed,Taylor,ahmed.taylor996@example.com,UAE,VIP,2022-11-26,3616.33,Y
CUST0006252,Layla,Martinez,layla.martinez298@example.com,Saudi Arabia,VIP,2026-02-15,1455.67,Y
CUST0006253,John,Moore,john.moore175@example.com,China,VIP,2022-01-20,2558.5,Y
CUST0006254,John,Taylor,john.taylor112@example.com,Mexico,VIP,2023-08-23,591.23,Y
CUST0006255,Barbara,Clark,barbara.clark213@example.com,Mexico,E-Commerce,2025-09-11,3056.88,Y
CUST0006256,Jennifer,Hernandez,jennifer.hernandez140@example.com,Germany,Wholesale,2024-06-18,4491.17,Y
CUST0006257,Layla,Hernandez,layla.hernandez126@example.com,UAE,VIP,2018-04-08,5332.43,Y
CUST0006258,Linda,Wilson,linda.wilson882@example.com,UK,Retail,2021-03-31,5945.64,Y
CUST0006259,Omar,Taylor,omar.taylor946@example.com,Saudi Arabia,E-Commerce,2022-09-16,9548.33,Y
CUST0006260,Yuki,Jones,yuki.jones373@example.com,Singapore,E-Commerce,2019-03-29,1713.31,Y
CUST0006261,Ingrid,Harris,ingrid.harris400@example.com,USA,E-Commerce,2021-07-16,1141.91,Y
CUST0006262,Joseph,Garcia,joseph.garcia914@example.com,Canada,Corporate,2025-09-09,10037.1,Y
CUST0006263,Karen,White,karen.white451@example.com,Australia,Corporate,2023-07-07,1351.65,N
CUST0006264,Hans,Sanchez,hans.sanchez955@example.com,UAE,Corporate,2026-01-26,18896.64,Y
CUST0006265,Priya,Taylor,priya.taylor493@example.com,India,Retail,2024-04-21,9742.86,Y
CUST0006266,James,Allen,james.allen688@example.com,Mexico,E-Commerce,2025-03-09,3974.51,Y
CUST0006267,Sofia,Martin,sofia.martin338@example.com,South Africa,E-Commerce,2020-01-28,20428.73,Y
CUST0006268,Mei,Brown,mei.brown295@example.com,Brazil,VIP,2024-01-10,1012.25,Y
CUST0006269,Layla,Rodriguez,layla.rodriguez608@example.com,Japan,VIP,2023-06-21,2305.32,N
CUST0006270,Ingrid,White,ingrid.white307@example.com,Mexico,E-Commerce,2019-08-04,5583.66,Y
CUST0006271,Sofia,Jones,sofia.jones704@example.com,Mexico,VIP,2022-01-21,2653.97,Y
CUST0006272,Carlos,Hernandez,carlos.hernandez610@example.com,Singapore,VIP,2023-03-30,13681.38,Y
CUST0006273,Joseph,King,joseph.king443@example.com,Saudi Arabia,E-Commerce,2018-05-23,839.39,Y
CUST0006274,Yuki,Rodriguez,yuki.rodriguez313@example.com,India,Corporate,2020-04-08,4486.01,Y
CUST0006275,Jessica,Hernandez,jessica.hernandez820@example.com,Singapore,Retail,2020-11-18,4968.57,Y
CUST0006276,Richard,Garcia,richard.garcia558@example.com,Mexico,Wholesale,2024-05-10,5788.24,Y
CUST0006277,Jessica,Thomas,jessica.thomas841@example.com,USA,Retail,2019-03-21,1976.33,N
CUST0006278,Omar,Taylor,omar.taylor685@example.com,USA,Corporate,2021-12-19,2767.24,Y
CUST0006279,Liam,Lee,liam.lee352@example.com,Japan,Corporate,2021-08-02,9779.27,Y
CUST0006280,Charles,Thompson,charles.thompson158@example.com,Brazil,Corporate,2019-03-04,1584.21,Y
CUST0006281,Sarah,Gonzalez,sarah.gonzalez422@example.com,Brazil,Corporate,2020-11-02,9268.5,Y
CUST0006282,Layla,Wilson,layla.wilson325@example.com,Canada,Corporate,2024-05-31,4635.17,Y
CUST0006283,Richard,Allen,richard.allen468@example.com,Mexico,Retail,2025-05-13,7681.36,Y
CUST0006284,Wei,Sanchez,wei.sanchez979@example.com,India,VIP,2022-11-05,6751.96,N
CUST0006285,Jessica,Wilson,jessica.wilson828@example.com,Singapore,VIP,2025-12-26,1662.89,Y
CUST0006286,Wei,Wright,wei.wright448@example.com,Australia,E-Commerce,2018-10-07,4706.06,Y
CUST0006287,Liam,Martinez,liam.martinez335@example.com,Australia,Corporate,2018-07-08,10614.29,Y
CUST0006288,Linda,Ramirez,linda.ramirez133@example.com,France,Corporate,2024-10-04,3329.19,Y
CUST0006289,Yuki,Clark,yuki.clark721@example.com,UK,VIP,2020-03-13,17494.62,Y
CUST0006290,Liam,Jackson,liam.jackson141@example.com,India,VIP,2022-01-22,3509.36,Y
CUST0006291,Sakura,Robinson,sakura.robinson196@example.com,India,Corporate,2024-05-01,1270.34,Y
CUST0006292,Patricia,Garcia,patricia.garcia833@example.com,South Africa,Retail,2019-06-22,2966.85,Y
CUST0006293,Sakura,Jones,sakura.jones622@example.com,Saudi Arabia,Retail,2025-08-15,15651.87,Y
CUST0006294,Ahmed,Rodriguez,ahmed.rodriguez857@example.com,USA,Wholesale,2024-01-21,2426.26,N
CUST0006295,Ingrid,Hernandez,ingrid.hernandez104@example.com,South Africa,Wholesale,2019-05-24,10628.49,Y
CUST0006296,Mei,Jones,mei.jones586@example.com,USA,E-Commerce,2021-12-12,11153.7,Y
CUST0006297,Raj,Hernandez,raj.hernandez847@example.com,France,E-Commerce,2022-09-05,2655.35,Y
CUST0006298,Elizabeth,Williams,elizabeth.williams97@example.com,India,E-Commerce,2022-10-07,934.64,Y
CUST0006299,Jessica,Wilson,jessica.wilson695@example.com,UAE,Retail,2023-11-08,6946.89,Y
CUST0006300,Richard,Rodriguez,richard.rodriguez393@example.com,UK,E-Commerce,2020-09-12,2366.29,Y
CUST0006301,Jennifer,Moore,jennifer.moore15@example.com,Germany,Retail,2025-03-19,8137.53,Y
CUST0006302,Ahmed,King,ahmed.king859@example.com,France,Retail,2025-07-17,3422.85,Y
CUST0006303,David,Brown,david.brown145@example.com,South Africa,E-Commerce,2023-12-08,3820.53,Y
CUST0006304,Wei,Brown,wei.brown500@example.com,France,E-Commerce,2018-03-01,8023.35,Y
CUST0006305,Susan,Thomas,,UK,VIP,2018-08-10,2909.27,Y
CUST0006306,Ingrid,Johnson,ingrid.johnson144@example.com,France,E-Commerce,2018-01-17,3427.09,Y
CUST0006307,Richard,Garcia,richard.garcia25@example.com,South Africa,VIP,2018-02-19,2859.55,Y
CUST0006308,Michael,Scott,michael.scott179@example.com,Germany,E-Commerce,2025-11-17,2789.11,Y
CUST0006309,William,Young,,Australia,Wholesale,2023-06-29,4232.18,Y
CUST0006310,Fatima,Taylor,fatima.taylor452@example.com,India,Retail,2022-11-28,8772.16,Y
CUST0006311,Wei,Walker,wei.walker970@example.com,Germany,E-Commerce,2021-08-05,2745.27,Y
CUST0006312,Michael,Jackson,michael.jackson480@example.com,Canada,Wholesale,2022-05-15,4214.36,Y
CUST0006313,Michael,,michael.perez913@example.com,Australia,Wholesale,2024-07-04,6054.35,Y
CUST0006314,William,Moore,william.moore184@example.com,China,Retail,2019-07-23,2069.72,N
CUST0006315,Wei,Brown,wei.brown957@example.com,Australia,Retail,2020-04-30,2125.35,Y
CUST0006316,Joseph,Thomas,joseph.thomas584@example.com,USA,Corporate,2019-10-08,14046.24,Y
CUST0006317,Liam,Perez,liam.perez517@example.com,UK,E-Commerce,2023-01-03,6928.35,Y
CUST0006318,Susan,Jones,susan.jones852@example.com,UK,VIP,2024-10-08,4804.12,Y
CUST0006319,Joseph,Lewis,joseph.lewis942@example.com,Canada,VIP,2019-03-26,5716.65,Y
CUST0006320,Hans,Thompson,hans.thompson614@example.com,Germany,VIP,2025-10-25,648.69,Y
CUST0006321,Ahmed,Robinson,ahmed.robinson684@example.com,South Africa,Retail,2021-03-24,5313.02,Y
CUST0006322,Jennifer,Garcia,jennifer.garcia432@example.com,Australia,Wholesale,2019-12-28,4061.74,Y
CUST0006323,Priya,Lee,priya.lee613@example.com,Canada,Retail,2018-01-16,4445.53,Y
CUST0006324,Thomas,Gonzalez,thomas.gonzalez404@example.com,France,Wholesale,2022-05-26,2726.94,Y
CUST0006325,Thomas,Wilson,thomas.wilson844@example.com,UK,VIP,2022-09-10,924.92,Y
CUST0006326,Thomas,Martinez,thomas.martinez161@example.com,Mexico,Retail,2025-01-30,1574.26,Y
CUST0006327,Elizabeth,Hernandez,elizabeth.hernandez942@example.com,South Africa,Corporate,2022-06-19,15553.69,Y
CUST0006328,Jessica,Lee,jessica.lee161@example.com,China,VIP,2018-07-12,3127.16,Y
CUST0006329,Omar,Lewis,omar.lewis944@example.com,Japan,E-Commerce,2025-07-01,3643.2,Y
CUST0006330,Patricia,Wilson,patricia.wilson193@example.com,Japan,E-Commerce,2020-06-12,770.75,Y
CUST0006331,Robert,Williams,robert.williams922@example.com,USA,Corporate,2020-05-17,691.45,Y
CUST0006332,William,Perez,william.perez527@example.com,Mexico,Corporate,2025-03-28,6814.75,N
CUST0006333,Hans,Perez,hans.perez291@example.com,India,E-Commerce,2024-03-09,4361.98,Y
CUST0006334,Yuki,Hernandez,yuki.hernandez567@example.com,Australia,E-Commerce,2023-03-10,4053.56,Y
CUST0006335,Jessica,Jackson,jessica.jackson281@example.com,Saudi Arabia,Corporate,2025-02-25,1892.78,Y
CUST0006336,Barbara,Jackson,barbara.jackson840@example.com,India,E-Commerce,2025-04-10,7327.57,Y
CUST0006337,Carlos,King,carlos.king292@example.com,Singapore,Retail,2021-09-30,1421.04,Y
CUST0006338,Carlos,Gonzalez,carlos.gonzalez341@example.com,Canada,Corporate,2021-07-04,1553.2,Y
CUST0006339,Ahmed,Jones,ahmed.jones838@example.com,Japan,E-Commerce,2019-03-20,3587.53,Y
CUST0006340,Sakura,Sanchez,sakura.sanchez583@example.com,Australia,Corporate,2022-01-10,2186.32,Y
CUST0006341,Mei,Clark,mei.clark336@example.com,Saudi Arabia,Corporate,2018-02-21,1921.53,Y
CUST0006342,Joseph,Anderson,joseph.anderson459@example.com,Mexico,E-Commerce,2019-09-21,5681.54,Y
CUST0006343,Priya,Moore,priya.moore529@example.com,France,Wholesale,2018-12-28,5763.01,Y
CUST0006344,David,Lopez,david.lopez995@example.com,South Africa,Wholesale,2021-08-28,9201.07,Y
CUST0006345,Thomas,Perez,thomas.perez362@example.com,China,VIP,2025-02-09,3203.92,Y
CUST0006346,Richard,Robinson,richard.robinson657@example.com,UK,Wholesale,2023-06-09,879.47,Y
CUST0006347,Robert,Moore,robert.moore72@example.com,France,Wholesale,2022-10-26,2098.73,Y
CUST0006348,Patricia,Lopez,patricia.lopez634@example.com,Singapore,Corporate,2018-07-09,20061.48,Y
CUST0006349,Joseph,Young,joseph.young159@example.com,UK,VIP,2024-04-10,5034.9,Y
CUST0006350,Mary,Gonzalez,mary.gonzalez371@example.com,Australia,Wholesale,2021-06-29,6684.84,Y
CUST0006351,Richard,Martinez,richard.martinez171@example.com,Brazil,E-Commerce,2018-05-15,536.93,Y
CUST0006352,Karen,Sanchez,karen.sanchez920@example.com,UK,VIP,2020-12-02,4151.19,Y
CUST0006353,Sofia,Perez,sofia.perez203@example.com,Brazil,Retail,2024-02-14,691.25,Y
CUST0006354,Susan,Jackson,susan.jackson770@example.com,China,Corporate,2023-02-19,4710.91,Y
CUST0006355,Mary,Brown,mary.brown974@example.com,China,VIP,2019-10-01,13177.05,Y
CUST0006356,Priya,Ramirez,priya.ramirez402@example.com,India,VIP,2021-06-18,17776.02,Y
CUST0006357,Joseph,Ramirez,joseph.ramirez952@example.com,Australia,Retail,2025-08-17,4388.65,N
CUST0006358,Karen,Wilson,karen.wilson531@example.com,India,VIP,2019-10-13,3564.34,Y
CUST0006359,Wei,Johnson,wei.johnson543@example.com,UAE,E-Commerce,2024-06-30,15003.66,Y
CUST0006360,Sofia,Hernandez,sofia.hernandez585@example.com,China,Wholesale,2022-03-25,6098.31,Y
CUST0006361,Elizabeth,Wilson,elizabeth.wilson827@example.com,South Africa,Wholesale,2021-09-03,835.51,Y
CUST0006362,David,Young,david.young251@example.com,Australia,E-Commerce,2026-01-19,3634.23,Y
CUST0006363,Carlos,Wright,carlos.wright840@example.com,Mexico,VIP,2025-12-24,1873.8,Y
CUST0006364,Patricia,Moore,patricia.moore479@example.com,UK,Wholesale,2025-07-15,3672.55,Y
CUST0006365,Thomas,Taylor,thomas.taylor897@example.com,South Africa,Corporate,2022-09-01,3539.12,Y
CUST0006366,Robert,Thompson,robert.thompson103@example.com,South Africa,E-Commerce,2024-09-21,4863.1,Y
CUST0006367,Raj,Garcia,raj.garcia560@example.com,USA,Corporate,2023-10-04,2706.27,Y
CUST0006368,Omar,Scott,omar.scott396@example.com,Saudi Arabia,VIP,2025-10-19,1397.25,Y
CUST0006369,Yuki,Hernandez,not_an_email,France,VIP,2020-11-09,4003.07,Y
CUST0006370,Jessica,White,jessica.white86@example.com,Japan,Corporate,2024-12-21,9365.75,Y
CUST0006371,Carlos,Garcia,carlos.garcia236@example.com,Australia,E-Commerce,2021-01-23,5953.4,Y
CUST0006372,Olivia,Wright,olivia.wright234@example.com,Mexico,Wholesale,2019-02-20,2565.23,Y
CUST0006373,Liam,Johnson,liam.johnson125@example.com,India,VIP,2026-04-24,14207.24,Y
CUST0006374,Yuki,Clark,yuki.clark600@example.com,Canada,Wholesale,2025-03-28,12663.9,Y
CUST0006375,Susan,Young,susan.young989@example.com,China,VIP,2020-10-11,1674.49,Y
CUST0006376,Olivia,Smith,olivia.smith94@example.com,Saudi Arabia,Wholesale,2019-10-18,701.08,N
CUST0006377,Mary,Jones,mary.jones395@example.com,Germany,Retail,2023-08-15,7260.6,Y
CUST0006378,Barbara,Johnson,barbara.johnson7@example.com,Australia,Wholesale,2020-09-11,9289.99,Y
CUST0006379,Mei,Martinez,mei.martinez222@example.com,Canada,Wholesale,2020-09-19,17688.98,Y
CUST0006380,Priya,Wilson,priya.wilson696@example.com,Canada,E-Commerce,2026-08-12,11528.94,Y
CUST0006381,Olivia,Lopez,olivia.lopez82@example.com,UK,Corporate,2018-07-06,5088.14,Y
CUST0006382,Linda,Scott,not_an_email,South Africa,Corporate,2023-06-06,4275.67,Y
CUST0006383,Linda,Lopez,linda.lopez638@example.com,UAE,VIP,2018-03-16,641.18,Y
CUST0006384,Jessica,Miller,jessica.miller680@example.com,Saudi Arabia,Corporate,2023-06-14,1916.17,Y
CUST0006385,Priya,Smith,priya.smith8@example.com,Mexico,Retail,2025-09-28,3577.36,Y
CUST0006386,Jennifer,Robinson,jennifer.robinson386@example.com,Singapore,E-Commerce,2020-05-20,5451.08,Y
CUST0006387,Barbara,Jackson,barbara.jackson871@example.com,France,VIP,2020-09-03,4573.77,Y
CUST0006388,Susan,Allen,susan.allen932@example.com,Saudi Arabia,Corporate,2019-04-11,7286.32,Y
CUST0006389,John,Lee,john.lee292@example.com,Mexico,Corporate,2021-06-01,2140.9,Y
CUST0006390,Linda,Davis,linda.davis477@example.com,Australia,Retail,2026-01-09,4661.5,Y
CUST0006391,Hans,Smith,hans.smith137@example.com,China,Wholesale,2023-12-24,961.36,N
CUST0006392,Robert,Taylor,robert.taylor55@example.com,USA,VIP,2020-08-30,3169.32,Y
CUST0006393,Layla,Smith,layla.smith882@example.com,Singapore,VIP,2026-02-26,7434.69,Y
CUST0006394,Linda,Lopez,linda.lopez858@example.com,Germany,Wholesale,2019-04-09,6411.07,Y
CUST0006395,James,Johnson,james.johnson384@example.com,Singapore,VIP,2025-12-18,23858.01,Y
CUST0006396,Thomas,,thomas.jones560@example.com,Germany,Wholesale,2025-08-30,2127.9,Y
CUST0006397,Wei,Lopez,wei.lopez729@example.com,China,Corporate,2019-10-19,3947.66,Y
CUST0006398,Robert,Hernandez,robert.hernandez91@example.com,Germany,Retail,2019-02-09,2498.88,Y
CUST0006399,Wei,Jackson,wei.jackson170@example.com,Japan,Wholesale,2019-11-17,3404.48,Y
CUST0006400,Sakura,Johnson,sakura.johnson104@example.com,Mexico,Retail,2022-07-01,10222.81,Y
CUST0006401,Linda,Davis,linda.davis823@example.com,India,Corporate,2026-04-28,6263.37,Y
CUST0006402,William,Smith,william.smith184@example.com,UAE,Retail,2021-09-26,11204.08,Y
CUST0006403,Priya,Taylor,priya.taylor773@example.com,UK,Corporate,2022-12-18,1637.71,Y
CUST0006404,Mary,Hernandez,mary.hernandez176@example.com,USA,VIP,2024-06-06,10832.08,Y
CUST0006405,Yuki,Perez,yuki.perez214@example.com,Australia,Retail,2021-03-04,808.11,N
CUST0006406,James,White,james.white811@example.com,Germany,Retail,2024-10-27,11473.11,Y
CUST0006407,John,Brown,john.brown681@example.com,UAE,Retail,2023-01-07,2495.48,Y
CUST0006408,Ahmed,Smith,ahmed.smith541@example.com,France,VIP,2021-08-03,2388.67,Y
CUST0006409,Charles,Clark,charles.clark952@example.com,China,Corporate,2018-09-13,4088.11,Y
CUST0006410,Sakura,Allen,sakura.allen257@example.com,India,Corporate,2024-11-03,14624.9,Y
CUST0006411,James,Scott,james.scott671@example.com,Mexico,Wholesale,2018-04-08,744.8,Y
CUST0006412,Priya,Moore,priya.moore676@example.com,France,Retail,2021-10-23,2671.11,N
CUST0006413,Joseph,Lee,joseph.lee336@example.com,Mexico,Retail,2018-12-11,10209.61,Y
CUST0006414,David,Lewis,david.lewis172@example.com,China,VIP,2022-12-19,3021.36,Y
CUST0006415,William,Scott,william.scott192@example.com,Brazil,Retail,2019-04-28,1610.45,Y
CUST0006416,Olivia,Thomas,olivia.thomas134@example.com,USA,E-Commerce,2019-03-19,3265.14,Y
CUST0006417,David,Jones,david.jones847@example.com,Germany,E-Commerce,2018-04-24,2935.16,Y
CUST0006418,Richard,Harris,richard.harris547@example.com,USA,Retail,2024-12-06,12850.06,Y
CUST0006419,Mei,Johnson,mei.johnson184@example.com,France,Retail,2022-07-02,7676.04,Y
CUST0006420,John,Walker,john.walker654@example.com,Mexico,E-Commerce,2023-04-29,4017.15,Y
CUST0006421,Jennifer,Robinson,jennifer.robinson51@example.com,Australia,Corporate,2021-01-17,22771.08,Y
CUST0006422,Hans,Ramirez,hans.ramirez935@example.com,Japan,VIP,2022-07-20,3630.04,N
CUST0006423,Jennifer,Hernandez,jennifer.hernandez916@example.com,Saudi Arabia,E-Commerce,2018-08-18,800.01,Y
CUST0006424,Mary,Martin,mary.martin650@example.com,France,VIP,2025-09-05,2020.92,Y
CUST0006425,Jessica,Wright,jessica.wright674@example.com,Japan,Retail,2024-06-23,3364.13,Y
CUST0006426,Linda,Miller,linda.miller772@example.com,Singapore,E-Commerce,2021-10-05,1353.36,Y
CUST0006427,Sakura,Sanchez,sakura.sanchez476@example.com,China,Corporate,2018-10-19,15240.92,Y
CUST0006428,Fatima,Rodriguez,fatima.rodriguez275@example.com,Brazil,Corporate,2026-04-11,7780.34,Y
CUST0006429,Yuki,Williams,yuki.williams582@example.com,UK,Retail,2023-01-17,2061.84,Y
CUST0006430,Fatima,Jones,fatima.jones955@example.com,South Africa,Corporate,2023-03-27,4967.81,Y
CUST0006431,Robert,Rodriguez,,UK,Wholesale,2024-03-23,6890.77,Y
CUST0006432,Wei,Anderson,wei.anderson313@example.com,China,VIP,2019-10-27,14674.78,Y
CUST0006433,William,Lee,william.lee883@example.com,Germany,Wholesale,2018-08-31,11169.93,Y
CUST0006434,Wei,Lopez,wei.lopez545@example.com,France,VIP,2024-04-29,4120.01,Y
CUST0006435,Jessica,White,jessica.white726@example.com,Japan,Corporate,2019-12-17,7950.56,N
CUST0006436,David,Gonzalez,david.gonzalez221@example.com,Australia,E-Commerce,2025-11-09,4629.33,Y
CUST0006437,Mary,Hernandez,mary.hernandez717@example.com,South Africa,E-Commerce,2018-05-03,4522.67,Y
CUST0006438,Jessica,Allen,jessica.allen411@example.com,Australia,Corporate,2020-03-11,1109.38,Y
CUST0006439,Layla,Martin,layla.martin785@example.com,India,E-Commerce,2023-12-27,1174.16,Y
CUST0006440,William,Robinson,william.robinson255@example.com,Brazil,VIP,2020-08-10,4270.15,Y
CUST0006441,Priya,Thompson,priya.thompson135@example.com,Mexico,Wholesale,2024-10-05,2065.76,Y
CUST0006442,Olivia,Clark,olivia.clark678@example.com,China,Corporate,2019-11-12,606.31,Y
CUST0006443,Elizabeth,Walker,elizabeth.walker255@example.com,UAE,Wholesale,2020-08-19,6915.79,Y
CUST0006444,James,Harris,james.harris646@example.com,UK,Retail,2019-03-04,665.13,Y
CUST0006445,Richard,Thomas,richard.thomas277@example.com,Saudi Arabia,Retail,2019-04-23,5022.76,Y
CUST0006446,William,Garcia,william.garcia384@example.com,India,Wholesale,2020-11-12,4373.89,Y
CUST0006447,Fatima,Lopez,fatima.lopez996@example.com,Singapore,Corporate,2020-05-17,17839.04,Y
CUST0006448,Layla,Scott,layla.scott430@example.com,UK,Wholesale,2020-03-09,3810.31,Y
CUST0006449,Robert,Jackson,robert.jackson283@example.com,France,E-Commerce,2022-01-27,828.57,Y
CUST0006450,Linda,Martin,linda.martin209@example.com,France,E-Commerce,2019-08-27,4511.33,Y
CUST0006451,Michael,Robinson,michael.robinson348@example.com,France,VIP,2020-12-21,9697.28,Y
CUST0006452,Fatima,Walker,fatima.walker657@example.com,France,Wholesale,2026-08-01,29300.63,Y
CUST0006453,Olivia,Wright,olivia.wright736@example.com,France,Wholesale,2025-01-05,3313.61,Y
CUST0006454,Raj,Thomas,raj.thomas518@example.com,Canada,E-Commerce,2018-11-02,2430.51,Y
CUST0006455,Linda,Davis,linda.davis932@example.com,India,E-Commerce,2026-06-09,12357.17,Y
CUST0006456,Barbara,Taylor,barbara.taylor677@example.com,India,E-Commerce,2019-12-31,1561.28,Y
CUST0006457,Omar,Lewis,omar.lewis178@example.com,France,Corporate,2026-03-03,5278.13,Y
CUST0006458,Susan,King,susan.king904@example.com,China,E-Commerce,2026-07-30,3101.98,Y
CUST0006459,Linda,White,linda.white246@example.com,Singapore,Retail,2018-09-08,709.75,Y
CUST0006460,Linda,Taylor,linda.taylor378@example.com,Australia,Retail,2023-12-07,2633.1,Y
CUST0006461,Sarah,Walker,sarah.walker905@example.com,Brazil,Wholesale,2025-09-16,2040.98,Y
CUST0006462,Patricia,Perez,patricia.perez981@example.com,China,VIP,2019-12-04,6293.26,Y
CUST0006463,Richard,Jones,richard.jones27@example.com,Mexico,VIP,2019-01-11,15359.15,Y
CUST0006464,Priya,Martin,priya.martin926@example.com,Germany,Corporate,2024-01-01,2060.2,Y
CUST0006465,Raj,Hernandez,raj.hernandez316@example.com,Germany,Retail,2025-02-16,8842.38,Y
CUST0006466,Sarah,Clark,sarah.clark14@example.com,India,Corporate,2026-04-05,784.76,Y
CUST0006467,Raj,Davis,raj.davis743@example.com,USA,Corporate,2024-09-02,4362.26,Y
CUST0006468,Jessica,Lewis,jessica.lewis936@example.com,France,VIP,2019-02-24,865.81,Y
CUST0006469,Elizabeth,Jones,elizabeth.jones532@example.com,South Africa,Corporate,2024-09-14,14093.0,N
CUST0006470,Robert,Harris,robert.harris347@example.com,USA,Corporate,2018-11-14,7769.68,Y
CUST0006471,Sarah,Lewis,sarah.lewis86@example.com,UAE,VIP,2018-02-06,5863.99,Y
CUST0006472,David,Lee,david.lee3@example.com,UK,Wholesale,2018-11-30,9183.41,Y
CUST0006473,James,Taylor,james.taylor780@example.com,USA,Wholesale,2023-05-23,5713.8,Y
CUST0006474,Liam,Clark,liam.clark809@example.com,Singapore,VIP,2020-07-18,17859.88,Y
CUST0006475,Linda,Lopez,linda.lopez62@example.com,Japan,Corporate,2018-11-24,6758.08,Y
CUST0006476,Olivia,Jackson,olivia.jackson145@example.com,UAE,Retail,2023-03-08,13428.63,Y
CUST0006477,Raj,Lewis,raj.lewis518@example.com,South Africa,E-Commerce,2019-11-03,4140.06,Y
CUST0006478,Patricia,Jones,patricia.jones293@example.com,Canada,E-Commerce,2021-01-09,1122.52,Y
CUST0006479,Priya,Smith,priya.smith658@example.com,China,Wholesale,2023-06-24,4255.76,Y
CUST0006480,Liam,Ramirez,liam.ramirez70@example.com,Mexico,E-Commerce,2024-06-28,1178.37,Y
CUST0006481,Layla,Lee,layla.lee758@example.com,Brazil,VIP,2021-01-24,4988.49,Y
CUST0006482,Ahmed,Walker,ahmed.walker715@example.com,India,Wholesale,2026-06-14,3793.66,Y
CUST0006483,Omar,Hernandez,omar.hernandez608@example.com,Germany,Retail,2021-10-24,5371.92,Y
CUST0006484,Yuki,Walker,yuki.walker676@example.com,Singapore,VIP,2025-03-11,550.49,Y
CUST0006485,Susan,Harris,susan.harris455@example.com,India,Retail,2023-04-06,1583.57,Y
CUST0006486,Michael,Williams,michael.williams378@example.com,Brazil,Wholesale,2024-10-15,3879.78,Y
CUST0006487,Liam,Miller,liam.miller325@example.com,USA,E-Commerce,2020-07-30,15529.27,Y
CUST0006488,Jessica,Perez,jessica.perez997@example.com,Saudi Arabia,Corporate,2026-04-28,2919.37,Y
CUST0006489,William,King,william.king365@example.com,Saudi Arabia,VIP,2025-02-04,3261.47,Y
CUST0006490,Raj,Ramirez,raj.ramirez734@example.com,USA,VIP,2022-09-13,6771.0,Y
CUST0006491,Karen,Robinson,karen.robinson929@example.com,South Africa,Corporate,2018-03-12,5129.09,N
CUST0006492,Ahmed,Garcia,ahmed.garcia817@example.com,UK,Retail,2018-08-22,2275.71,Y
CUST0006493,Charles,Rodriguez,charles.rodriguez399@example.com,UK,Wholesale,2022-04-05,3145.09,Y
CUST0006494,Charles,Miller,charles.miller540@example.com,USA,Wholesale,2021-02-10,1727.58,Y
CUST0006495,Charles,Brown,charles.brown514@example.com,UAE,VIP,2025-02-06,17410.13,Y
CUST0006496,Priya,White,priya.white247@example.com,UAE,Wholesale,2021-02-06,1199.96,Y
CUST0006497,Yuki,Robinson,yuki.robinson783@example.com,Mexico,VIP,2021-09-17,2824.78,Y
CUST0006498,Hans,Clark,hans.clark944@example.com,Australia,E-Commerce,2021-08-14,630.89,Y
CUST0006499,Joseph,Young,joseph.young897@example.com,Singapore,E-Commerce,2024-04-13,1753.73,Y
CUST0006500,Wei,Martinez,not_an_email,Canada,Wholesale,2019-11-30,8081.36,N
CUST0006501,Olivia,Jackson,olivia.jackson430@example.com,China,VIP,2025-03-07,1623.07,Y
CUST0006502,Sakura,Lee,sakura.lee792@example.com,UK,Wholesale,2023-05-22,917.25,Y
CUST0006503,Barbara,Moore,barbara.moore577@example.com,Australia,Corporate,2021-09-04,3716.58,Y
CUST0006504,Susan,Sanchez,susan.sanchez509@example.com,France,VIP,2024-04-28,550.1,Y
CUST0006505,Elizabeth,Brown,elizabeth.brown840@example.com,Germany,VIP,2021-10-22,942.88,Y
CUST0006506,Hans,Smith,hans.smith61@example.com,Japan,E-Commerce,2026-07-09,8741.57,Y
CUST0006507,Jennifer,Rodriguez,jennifer.rodriguez290@example.com,UK,Corporate,2024-04-30,7880.51,Y
CUST0006508,Yuki,Lee,yuki.lee227@example.com,Singapore,VIP,2021-10-27,12833.69,Y
CUST0006509,Richard,Walker,richard.walker385@example.com,Mexico,Wholesale,2021-09-28,10138.43,Y
CUST0006510,Charles,Clark,charles.clark73@example.com,France,Wholesale,2026-02-09,6247.04,Y
CUST0006511,David,Johnson,david.johnson278@example.com,USA,VIP,2021-12-21,768.76,Y
CUST0006512,Priya,Thomas,priya.thomas210@example.com,France,Corporate,2018-11-09,8135.8,Y
CUST0006513,Sakura,King,sakura.king508@example.com,Germany,Corporate,2019-08-13,9838.16,Y
CUST0006514,Raj,Thompson,raj.thompson618@example.com,South Africa,Wholesale,2025-05-23,8524.3,Y
CUST0006515,Omar,Williams,omar.williams294@example.com,Canada,VIP,2018-09-28,4051.25,Y
CUST0006516,Raj,Brown,raj.brown252@example.com,Germany,Wholesale,2018-09-08,1825.7,Y
CUST0006517,Mei,Jackson,mei.jackson289@example.com,Canada,VIP,2025-04-16,9832.31,Y
CUST0006518,Carlos,Ramirez,carlos.ramirez56@example.com,Australia,Wholesale,2025-08-04,6994.4,Y
CUST0006519,Richard,Garcia,richard.garcia228@example.com,China,VIP,2024-01-23,20254.12,Y
CUST0006520,David,Jones,david.jones33@example.com,Brazil,Wholesale,2022-08-29,1346.19,Y
CUST0006521,Carlos,Young,carlos.young963@example.com,China,Corporate,2023-02-07,1778.75,Y
CUST0006522,Carlos,Perez,carlos.perez784@example.com,China,Corporate,2021-06-28,1690.01,Y
CUST0006523,Karen,Perez,not_an_email,South Africa,Retail,2020-05-02,8364.08,Y
CUST0006524,Omar,Davis,omar.davis629@example.com,UAE,E-Commerce,2020-04-07,1534.55,Y
CUST0006525,Linda,Miller,linda.miller924@example.com,USA,Wholesale,2022-04-13,844.93,Y
CUST0006526,Ahmed,White,ahmed.white211@example.com,Germany,Retail,2024-01-11,33218.36,Y
CUST0006527,William,Gonzalez,william.gonzalez708@example.com,Germany,Wholesale,2025-04-27,625.65,N
CUST0006528,Jennifer,Wilson,jennifer.wilson374@example.com,Australia,Retail,2021-06-29,9516.45,N
CUST0006529,Layla,Lee,layla.lee345@example.com,Mexico,Retail,2023-03-18,2773.54,Y
CUST0006530,Raj,Taylor,raj.taylor18@example.com,India,Wholesale,2022-09-27,9713.65,Y
CUST0006531,Hans,Jackson,hans.jackson735@example.com,Canada,E-Commerce,2025-02-02,4544.14,N
CUST0006532,Karen,Martin,karen.martin835@example.com,Japan,Corporate,2022-11-25,12095.16,Y
CUST0006533,Carlos,Jackson,carlos.jackson576@example.com,Germany,E-Commerce,2025-05-31,13531.51,Y
CUST0006534,Ingrid,Thomas,ingrid.thomas56@example.com,UK,VIP,2021-02-28,545.7,Y
CUST0006535,Ahmed,Walker,ahmed.walker941@example.com,UK,E-Commerce,2019-11-19,892.04,Y
CUST0006536,David,Anderson,david.anderson759@example.com,Saudi Arabia,E-Commerce,2023-09-09,1940.8,Y
CUST0006537,Ingrid,Robinson,ingrid.robinson787@example.com,Canada,Wholesale,2022-03-13,6032.95,Y
CUST0006538,Liam,Taylor,liam.taylor544@example.com,Saudi Arabia,VIP,2024-10-04,11458.45,Y
CUST0006539,Karen,Thompson,karen.thompson975@example.com,Canada,Corporate,2025-08-11,3580.39,Y
CUST0006540,John,Moore,john.moore322@example.com,Singapore,Corporate,2025-05-14,5169.39,N
CUST0006541,Karen,Ramirez,karen.ramirez258@example.com,Saudi Arabia,E-Commerce,2019-08-15,1544.35,Y
CUST0006542,James,Johnson,james.johnson265@example.com,Canada,E-Commerce,2019-11-27,8672.93,Y
CUST0006543,Elizabeth,King,elizabeth.king385@example.com,China,VIP,2022-02-05,17606.2,Y
CUST0006544,Sakura,Smith,sakura.smith807@example.com,Canada,VIP,2024-08-05,2063.97,Y
CUST0006545,Sakura,Thompson,sakura.thompson783@example.com,USA,Retail,2025-09-06,3914.26,Y
CUST0006546,Hans,Williams,hans.williams767@example.com,South Africa,VIP,2025-08-13,950.26,Y
CUST0006547,Sofia,Young,,Saudi Arabia,E-Commerce,2018-07-02,4595.1,Y
CUST0006548,Omar,Johnson,omar.johnson59@example.com,Saudi Arabia,E-Commerce,2025-06-21,3993.65,Y
CUST0006549,Yuki,Williams,yuki.williams849@example.com,Australia,Corporate,2020-09-15,1279.97,Y
CUST0006550,Sofia,Williams,sofia.williams690@example.com,Germany,Retail,2022-08-22,3417.57,Y
CUST0006551,Karen,Smith,karen.smith765@example.com,China,VIP,2024-12-06,2533.11,Y
CUST0006552,Jennifer,Harris,jennifer.harris907@example.com,France,E-Commerce,2023-05-26,4188.95,Y
CUST0006553,Barbara,Young,barbara.young354@example.com,France,Wholesale,2026-01-18,4905.27,Y
CUST0006554,Richard,Rodriguez,richard.rodriguez779@example.com,Japan,Corporate,2023-06-30,542.66,Y
CUST0006555,Omar,Perez,omar.perez943@example.com,Canada,E-Commerce,2025-08-17,7656.58,Y
CUST0006556,Priya,King,priya.king958@example.com,Japan,Retail,2021-11-24,6741.61,Y
CUST0006557,Ingrid,Davis,ingrid.davis710@example.com,UAE,E-Commerce,2022-08-31,2780.79,Y
CUST0006558,Jennifer,Clark,jennifer.clark425@example.com,Japan,VIP,2021-05-20,771.94,N
CUST0006559,Jessica,Clark,jessica.clark957@example.com,Mexico,Wholesale,2022-05-09,7531.11,Y
CUST0006560,James,Perez,james.perez583@example.com,South Africa,E-Commerce,2021-07-08,16024.96,Y
CUST0006561,Carlos,Davis,carlos.davis885@example.com,South Africa,Retail,2020-06-16,1873.18,Y
CUST0006562,Fatima,Clark,fatima.clark193@example.com,UK,Wholesale,2020-12-04,2454.3,N
CUST0006563,John,Allen,john.allen153@example.com,UAE,Corporate,2024-10-22,1515.56,Y
CUST0006564,William,Garcia,william.garcia972@example.com,UK,Corporate,2024-05-13,4801.16,Y
CUST0006565,Karen,Scott,karen.scott860@example.com,Saudi Arabia,Corporate,2024-07-02,1341.15,Y
CUST0006566,Karen,King,karen.king494@example.com,Brazil,VIP,2025-01-14,2701.79,Y
CUST0006567,Carlos,Gonzalez,carlos.gonzalez88@example.com,Brazil,Corporate,2020-07-08,6470.33,Y
CUST0006568,David,Young,david.young643@example.com,USA,E-Commerce,2025-12-12,4606.22,Y
CUST0006569,Barbara,Lopez,barbara.lopez781@example.com,UAE,VIP,2026-03-17,2942.57,Y
CUST0006570,Thomas,Rodriguez,thomas.rodriguez241@example.com,USA,Retail,2019-07-04,3225.79,Y
CUST0006571,Priya,Smith,priya.smith114@example.com,China,Corporate,2020-04-14,4628.95,N
CUST0006572,Jennifer,Allen,jennifer.allen883@example.com,India,Wholesale,2023-03-27,529.41,N
CUST0006573,Mary,King,mary.king372@example.com,Australia,E-Commerce,2020-07-15,908.82,Y
CUST0006574,James,Clark,james.clark808@example.com,UK,Wholesale,2020-02-29,11154.01,Y
CUST0006575,Richard,Thompson,richard.thompson428@example.com,China,Wholesale,2025-03-11,905.39,Y
CUST0006576,Sakura,Robinson,sakura.robinson383@example.com,India,VIP,2026-03-15,6634.56,Y
CUST0006577,Layla,,layla.martin820@example.com,Canada,Retail,2021-05-05,13131.03,Y
CUST0006578,Robert,Wilson,robert.wilson876@example.com,Mexico,Wholesale,2023-04-05,2078.24,Y
CUST0006579,Susan,Rodriguez,susan.rodriguez316@example.com,Saudi Arabia,VIP,2019-12-15,2814.08,Y
CUST0006580,Karen,Harris,karen.harris212@example.com,Mexico,E-Commerce,2019-06-06,4707.32,Y
CUST0006581,Joseph,Perez,joseph.perez860@example.com,India,Retail,2019-04-20,11173.04,Y
CUST0006582,Elizabeth,Smith,elizabeth.smith989@example.com,Germany,VIP,2018-01-14,14728.43,Y
CUST0006583,Sofia,Perez,sofia.perez518@example.com,Australia,Corporate,2019-07-23,7226.98,Y
CUST0006584,Olivia,Perez,olivia.perez205@example.com,South Africa,Retail,2025-12-18,953.02,Y
CUST0006585,David,Allen,david.allen781@example.com,Canada,Corporate,2023-06-08,6030.51,Y
CUST0006586,Mary,Wilson,mary.wilson653@example.com,India,Corporate,2022-04-26,3140.74,Y
CUST0006587,Priya,Martin,priya.martin492@example.com,UK,VIP,2018-10-29,3681.01,Y
CUST0006588,David,Clark,david.clark975@example.com,Singapore,E-Commerce,2024-07-09,751.99,Y
CUST0006589,Fatima,Smith,fatima.smith198@example.com,Germany,Corporate,2024-11-08,1560.17,Y
CUST0006590,Barbara,Moore,barbara.moore32@example.com,Singapore,Wholesale,2023-07-03,8315.48,Y
CUST0006591,Wei,Gonzalez,wei.gonzalez683@example.com,Mexico,Retail,2025-05-27,3525.3,Y
CUST0006592,Thomas,Perez,thomas.perez130@example.com,Singapore,Corporate,2025-09-21,2295.26,Y
CUST0006593,Hans,Miller,hans.miller597@example.com,Australia,E-Commerce,2018-07-14,2922.7,Y
CUST0006594,Jessica,Brown,jessica.brown379@example.com,India,VIP,2023-02-06,10134.44,Y
CUST0006595,Ingrid,Jones,ingrid.jones129@example.com,Mexico,Corporate,2021-09-12,7411.49,Y
CUST0006596,Charles,Wright,charles.wright619@example.com,Canada,VIP,2021-12-27,2089.44,Y
CUST0006597,Omar,Thomas,omar.thomas520@example.com,Japan,Wholesale,2018-01-17,1124.99,N
CUST0006598,John,Lee,john.lee124@example.com,France,VIP,2023-03-28,1951.75,Y
CUST0006599,Carlos,Moore,carlos.moore589@example.com,Canada,Wholesale,2022-06-27,13176.15,Y
CUST0006600,Carlos,Thompson,,India,E-Commerce,2019-07-18,4856.45,Y
CUST0006601,David,Rodriguez,david.rodriguez721@example.com,Saudi Arabia,Corporate,2019-03-21,4312.27,Y
CUST0006602,Ahmed,Moore,ahmed.moore726@example.com,South Africa,VIP,2025-06-22,5036.58,Y
CUST0006603,William,Martin,william.martin576@example.com,Singapore,E-Commerce,2024-07-05,2778.75,Y
CUST0006604,Richard,Taylor,richard.taylor759@example.com,Singapore,E-Commerce,2023-02-20,8728.1,Y
CUST0006605,Carlos,Sanchez,carlos.sanchez79@example.com,Mexico,Wholesale,2024-01-31,4204.2,Y
CUST0006606,Sofia,Perez,sofia.perez641@example.com,UAE,Retail,2026-04-06,1120.72,N
CUST0006607,Robert,Garcia,robert.garcia715@example.com,UAE,VIP,2021-11-20,1190.94,Y
CUST0006608,Hans,Allen,hans.allen193@example.com,UK,Wholesale,2024-04-30,4348.62,Y
CUST0006609,Mei,Gonzalez,mei.gonzalez393@example.com,Saudi Arabia,Retail,2019-04-25,14289.11,Y
CUST0006610,Charles,Garcia,charles.garcia158@example.com,Australia,Corporate,2018-05-06,2343.39,Y
CUST0006611,Michael,Scott,michael.scott794@example.com,UAE,Wholesale,2022-08-06,10683.49,Y
CUST0006612,Layla,Young,layla.young548@example.com,USA,Corporate,2019-07-11,7721.64,Y
CUST0006613,William,Johnson,william.johnson925@example.com,Singapore,Wholesale,2025-02-09,1923.85,Y
CUST0006614,Olivia,Scott,olivia.scott103@example.com,Canada,Wholesale,2018-02-16,685.09,Y
CUST0006615,Sofia,Sanchez,sofia.sanchez873@example.com,China,Corporate,2020-06-19,1037.08,Y
CUST0006616,Mary,Gonzalez,mary.gonzalez663@example.com,China,Wholesale,2021-04-24,7018.85,Y
CUST0006617,Omar,Anderson,omar.anderson918@example.com,India,E-Commerce,2022-09-19,1613.65,Y
CUST0006618,Ingrid,Miller,not_an_email,Australia,Retail,2021-11-24,2820.27,Y
CUST0006619,Ahmed,Young,ahmed.young825@example.com,France,Wholesale,2024-08-09,3982.76,Y
CUST0006620,Yuki,Williams,yuki.williams326@example.com,France,Corporate,2023-01-20,6963.44,Y
CUST0006621,Jessica,Jones,jessica.jones402@example.com,France,VIP,2018-01-24,1100.86,Y
CUST0006622,Fatima,Moore,fatima.moore436@example.com,South Africa,VIP,2025-05-01,3107.46,Y
CUST0006623,Jessica,Brown,jessica.brown774@example.com,UAE,VIP,2023-08-21,3818.65,Y
CUST0006624,Linda,Brown,linda.brown871@example.com,UK,E-Commerce,2020-05-19,4391.64,N
CUST0006625,William,Lopez,william.lopez433@example.com,Singapore,Corporate,2019-06-08,9028.66,Y
CUST0006626,Sakura,Allen,sakura.allen917@example.com,USA,Retail,2024-04-27,1441.77,Y
CUST0006627,Patricia,Martin,patricia.martin15@example.com,Singapore,Retail,2021-04-18,8746.91,Y
CUST0006628,Ahmed,Robinson,ahmed.robinson788@example.com,Mexico,Retail,2018-06-17,6402.56,Y
CUST0006629,Patricia,Williams,patricia.williams462@example.com,Germany,VIP,2023-09-06,4558.2,N
CUST0006630,Thomas,Sanchez,thomas.sanchez452@example.com,South Africa,Wholesale,2025-01-27,6512.0,Y
CUST0006631,Sakura,Jackson,sakura.jackson250@example.com,Singapore,Corporate,2026-06-13,3155.29,Y
CUST0006632,Robert,Scott,robert.scott619@example.com,France,Retail,2020-05-12,1244.81,Y
CUST0006633,Layla,Lee,layla.lee970@example.com,Brazil,Corporate,2023-08-02,5979.56,Y
CUST0006634,Joseph,Martinez,joseph.martinez112@example.com,Germany,Retail,2021-12-05,4218.75,Y
CUST0006635,Liam,Taylor,liam.taylor671@example.com,Saudi Arabia,Wholesale,2022-01-08,5599.58,Y
CUST0006636,Michael,Garcia,michael.garcia990@example.com,South Africa,VIP,2025-05-11,2562.44,Y
CUST0006637,Wei,Martin,wei.martin881@example.com,Mexico,Retail,2024-06-24,12368.61,Y
CUST0006638,Charles,Jones,charles.jones846@example.com,UK,E-Commerce,2024-05-02,4926.02,Y
CUST0006639,Robert,Anderson,robert.anderson779@example.com,Saudi Arabia,Wholesale,2020-10-08,946.36,Y
CUST0006640,Hans,Clark,hans.clark480@example.com,India,Corporate,2018-05-29,3487.4,N
CUST0006641,Raj,Hernandez,raj.hernandez862@example.com,Mexico,VIP,2024-06-22,7560.24,N
CUST0006642,John,Gonzalez,john.gonzalez800@example.com,Singapore,E-Commerce,2018-03-10,8402.66,Y
CUST0006643,Yuki,Scott,yuki.scott224@example.com,Japan,Corporate,2021-03-20,3912.0,Y
CUST0006644,Richard,Johnson,richard.johnson541@example.com,Canada,VIP,2020-03-16,11756.97,Y
CUST0006645,David,Wilson,david.wilson649@example.com,Brazil,Corporate,2025-11-30,2057.61,Y
CUST0006646,Raj,Harris,raj.harris249@example.com,Japan,Wholesale,2018-01-19,3143.24,Y
CUST0006647,Wei,Martin,wei.martin573@example.com,Canada,VIP,2021-08-27,11943.26,Y
CUST0006648,Joseph,Miller,joseph.miller80@example.com,Singapore,Corporate,2023-09-18,11829.18,Y
CUST0006649,Fatima,Lewis,fatima.lewis850@example.com,China,Corporate,2023-01-27,6287.24,Y
CUST0006650,William,Scott,william.scott566@example.com,Brazil,Wholesale,2026-07-24,10294.29,Y
CUST0006651,Joseph,Brown,joseph.brown944@example.com,UK,VIP,2022-12-24,964.82,Y
CUST0006652,Hans,Moore,hans.moore35@example.com,UAE,VIP,2024-12-31,10512.22,Y
CUST0006653,Barbara,Thomas,barbara.thomas696@example.com,Singapore,Retail,2020-05-06,2432.87,Y
CUST0006654,Raj,Lewis,raj.lewis501@example.com,Japan,Corporate,2019-03-30,1482.09,Y
CUST0006655,David,Moore,david.moore778@example.com,Brazil,Corporate,2025-06-06,1868.04,N
CUST0006656,Raj,Lee,raj.lee350@example.com,Saudi Arabia,Corporate,2018-09-20,3206.15,Y
CUST0006657,Priya,Jackson,priya.jackson591@example.com,Singapore,Corporate,2023-05-07,1946.36,N
CUST0006658,Mei,Miller,mei.miller712@example.com,Mexico,E-Commerce,2021-07-19,2432.49,Y
CUST0006659,Wei,Lopez,wei.lopez364@example.com,China,E-Commerce,2021-05-02,1225.0,Y
CUST0006660,Layla,Wright,layla.wright150@example.com,Singapore,E-Commerce,2019-07-26,2256.14,Y
CUST0006661,Patricia,Davis,patricia.davis836@example.com,Japan,E-Commerce,2019-03-03,4746.48,Y
CUST0006662,Michael,Davis,michael.davis323@example.com,Mexico,Corporate,2023-05-06,3415.67,Y
CUST0006663,Joseph,Wright,joseph.wright886@example.com,UAE,Retail,2021-08-02,2628.74,Y
CUST0006664,Charles,Clark,charles.clark507@example.com,USA,E-Commerce,2018-09-04,7361.01,Y
CUST0006665,Liam,Smith,not_an_email,Brazil,VIP,2020-04-08,11698.52,Y
CUST0006666,Susan,Jones,susan.jones881@example.com,Brazil,Wholesale,2020-11-27,7569.13,Y
CUST0006667,Patricia,Lopez,patricia.lopez778@example.com,China,E-Commerce,2023-09-17,2517.34,N
CUST0006668,Patricia,Thomas,patricia.thomas944@example.com,Australia,E-Commerce,2026-05-16,7321.53,Y
CUST0006669,Wei,Harris,wei.harris208@example.com,Mexico,Wholesale,2020-04-26,1324.26,Y
CUST0006670,Elizabeth,Thomas,elizabeth.thomas308@example.com,Brazil,E-Commerce,2019-07-21,1198.14,Y
CUST0006671,Ahmed,Lewis,ahmed.lewis55@example.com,UAE,Retail,2021-07-21,2620.39,Y
CUST0006672,Fatima,Walker,fatima.walker874@example.com,Japan,Wholesale,2022-07-07,8743.55,Y
CUST0006673,Liam,Smith,liam.smith844@example.com,Australia,Wholesale,2019-11-12,1914.12,N
CUST0006674,Elizabeth,Robinson,elizabeth.robinson91@example.com,India,Retail,2025-06-17,826.71,Y
CUST0006675,Raj,Hernandez,raj.hernandez733@example.com,South Africa,VIP,2025-02-01,1206.14,Y
CUST0006676,Ingrid,Taylor,ingrid.taylor493@example.com,India,Wholesale,2020-06-02,10285.94,Y
CUST0006677,Mary,Wilson,mary.wilson701@example.com,Japan,E-Commerce,2025-04-22,5522.65,N
CUST0006678,Yuki,Scott,yuki.scott776@example.com,China,Wholesale,2022-08-20,1959.8,Y
CUST0006679,Richard,Davis,richard.davis816@example.com,Brazil,Wholesale,2020-01-03,4551.73,Y
CUST0006680,Sarah,Garcia,sarah.garcia791@example.com,Saudi Arabia,Wholesale,2025-11-14,4249.43,Y
CUST0006681,Omar,Smith,omar.smith888@example.com,Saudi Arabia,Corporate,2020-01-30,5827.38,Y
CUST0006682,Thomas,Miller,thomas.miller934@example.com,Japan,E-Commerce,2021-01-29,1827.57,Y
CUST0006683,Sarah,Jones,sarah.jones864@example.com,Japan,VIP,2019-11-04,10490.34,Y
CUST0006684,Layla,Thomas,layla.thomas88@example.com,France,Retail,2018-07-29,2350.74,Y
CUST0006685,Wei,Sanchez,wei.sanchez231@example.com,USA,Wholesale,2019-10-12,6423.0,Y
CUST0006686,Sofia,Walker,sofia.walker196@example.com,UAE,E-Commerce,2024-11-13,581.28,Y
CUST0006687,Hans,Wright,hans.wright975@example.com,India,E-Commerce,2022-12-20,2831.31,Y
CUST0006688,Omar,Ramirez,omar.ramirez670@example.com,UK,Retail,2020-03-08,2667.08,Y
CUST0006689,Mei,Brown,mei.brown538@example.com,India,Wholesale,2024-01-21,4420.66,Y
CUST0006690,Liam,Lee,liam.lee396@example.com,France,Wholesale,2021-05-05,877.59,Y
CUST0006691,Patricia,King,patricia.king844@example.com,Singapore,VIP,2019-12-18,8306.37,Y
CUST0006692,David,White,david.white558@example.com,China,Wholesale,2023-11-03,1728.1,Y
CUST0006693,Charles,Sanchez,charles.sanchez479@example.com,South Africa,Wholesale,2022-05-29,6151.1,Y
CUST0006694,Priya,Gonzalez,priya.gonzalez250@example.com,USA,VIP,2021-04-17,8628.14,Y
CUST0006695,Michael,Walker,michael.walker162@example.com,Mexico,Corporate,2019-09-16,4626.28,Y
CUST0006696,James,Thomas,james.thomas968@example.com,Germany,Corporate,2021-06-30,7252.38,Y
CUST0006697,Omar,Jackson,omar.jackson802@example.com,South Africa,Corporate,2021-02-26,5921.48,Y
CUST0006698,Jennifer,Ramirez,jennifer.ramirez827@example.com,Germany,E-Commerce,2025-04-24,2696.63,Y
CUST0006699,Robert,Anderson,robert.anderson966@example.com,Canada,Retail,2025-12-31,8773.71,N
CUST0006700,Michael,Harris,michael.harris422@example.com,Germany,Corporate,2022-11-03,2245.67,Y
CUST0006701,Elizabeth,King,elizabeth.king281@example.com,UAE,E-Commerce,2021-06-07,4733.97,Y
CUST0006702,James,Wright,james.wright651@example.com,UAE,Corporate,2024-11-25,7340.26,N
CUST0006703,Raj,Martinez,raj.martinez167@example.com,South Africa,VIP,2021-12-12,2881.77,Y
CUST0006704,Michael,Smith,michael.smith524@example.com,France,VIP,2022-10-15,2303.18,Y
CUST0006705,Raj,Clark,raj.clark766@example.com,USA,Retail,2020-01-19,3574.88,Y
CUST0006706,James,Jackson,james.jackson429@example.com,Brazil,Retail,2025-02-22,9017.74,Y
CUST0006707,Thomas,Perez,thomas.perez205@example.com,Japan,VIP,2019-03-10,13790.71,N
CUST0006708,Raj,Rodriguez,raj.rodriguez924@example.com,France,E-Commerce,2018-10-25,4438.21,N
CUST0006709,Carlos,Harris,carlos.harris642@example.com,China,VIP,2024-02-08,5915.66,Y
CUST0006710,Yuki,Anderson,yuki.anderson869@example.com,Singapore,Wholesale,2018-11-08,12179.35,Y
CUST0006711,Patricia,Lopez,patricia.lopez934@example.com,Australia,E-Commerce,2019-09-19,1018.74,Y
CUST0006712,Layla,Gonzalez,layla.gonzalez355@example.com,France,E-Commerce,2018-02-27,1820.34,Y
CUST0006713,John,Smith,john.smith704@example.com,China,Wholesale,2024-11-30,6670.44,Y
CUST0006714,Mary,Hernandez,mary.hernandez250@example.com,Australia,Retail,2021-11-18,9179.1,Y
CUST0006715,Mary,Ramirez,mary.ramirez445@example.com,China,Retail,2020-10-31,10225.57,Y
CUST0006716,Joseph,Anderson,joseph.anderson673@example.com,Germany,Retail,2023-08-09,3181.63,Y
CUST0006717,Thomas,Robinson,thomas.robinson589@example.com,Saudi Arabia,E-Commerce,2022-01-01,967.93,Y
CUST0006718,John,Hernandez,john.hernandez577@example.com,South Africa,VIP,2025-10-17,3379.32,Y
CUST0006719,Barbara,Hernandez,barbara.hernandez6@example.com,Singapore,Wholesale,2023-09-11,1811.6,N
CUST0006720,Olivia,Jones,olivia.jones366@example.com,Saudi Arabia,Wholesale,2018-07-14,2220.88,Y
CUST0006721,Wei,Rodriguez,wei.rodriguez114@example.com,Singapore,Corporate,2022-05-27,7897.92,Y
CUST0006722,Linda,Hernandez,linda.hernandez428@example.com,Brazil,Corporate,2019-11-12,892.66,Y
CUST0006723,Robert,Lee,robert.lee778@example.com,USA,Corporate,2026-04-06,9289.14,Y
CUST0006724,William,Moore,william.moore768@example.com,South Africa,VIP,2018-09-17,3290.19,Y
CUST0006725,Charles,Thomas,charles.thomas56@example.com,Germany,Wholesale,2022-02-05,5032.49,Y
CUST0006726,David,Young,david.young257@example.com,Brazil,Corporate,2019-09-15,969.64,Y
CUST0006727,Jessica,Scott,jessica.scott236@example.com,Japan,E-Commerce,2021-04-26,2557.61,Y
CUST0006728,Joseph,Walker,joseph.walker658@example.com,India,E-Commerce,2020-11-18,969.91,Y
CUST0006729,Sarah,Martinez,sarah.martinez864@example.com,Mexico,VIP,2026-06-30,16791.17,Y
CUST0006730,Layla,Johnson,layla.johnson196@example.com,Germany,Retail,2023-11-12,8732.11,Y
CUST0006731,Thomas,Miller,thomas.miller295@example.com,Japan,Corporate,2025-05-08,3577.53,Y
CUST0006732,William,Williams,william.williams528@example.com,UAE,Retail,2021-09-24,1765.45,N
CUST0006733,Sarah,Allen,sarah.allen876@example.com,China,Retail,2021-10-02,14049.39,Y
CUST0006734,Ahmed,Davis,ahmed.davis571@example.com,UK,Wholesale,2023-03-27,2612.52,Y
CUST0006735,Michael,Brown,michael.brown630@example.com,USA,Corporate,2020-11-02,1377.63,Y
CUST0006736,Yuki,Anderson,yuki.anderson582@example.com,Canada,Retail,2023-04-16,4640.99,Y
CUST0006737,Thomas,Smith,thomas.smith31@example.com,Germany,E-Commerce,2021-12-31,14891.89,Y
CUST0006738,Omar,Moore,omar.moore938@example.com,Japan,Corporate,2021-09-11,519.19,Y
CUST0006739,Sakura,Wilson,sakura.wilson491@example.com,France,E-Commerce,2024-09-18,1859.86,Y
CUST0006740,Raj,Smith,raj.smith454@example.com,UK,Wholesale,2022-06-01,14439.34,Y
CUST0006741,Patricia,Jackson,patricia.jackson872@example.com,South Africa,Corporate,2020-12-14,1438.19,Y
CUST0006742,James,Scott,james.scott109@example.com,Japan,Retail,2020-03-01,1100.92,Y
CUST0006743,Susan,Allen,susan.allen655@example.com,UK,E-Commerce,2019-06-28,4722.03,Y
CUST0006744,Charles,Smith,charles.smith314@example.com,Germany,VIP,2020-10-08,10396.85,Y
CUST0006745,Linda,Sanchez,linda.sanchez19@example.com,UK,Corporate,2024-10-25,3741.92,Y
CUST0006746,Fatima,Walker,fatima.walker998@example.com,China,E-Commerce,2019-06-27,26573.8,Y
CUST0006747,Sofia,Clark,sofia.clark575@example.com,France,VIP,2018-07-30,6184.25,Y
CUST0006748,Michael,Ramirez,michael.ramirez202@example.com,India,Corporate,2023-11-14,884.81,Y
CUST0006749,Ahmed,Martinez,ahmed.martinez268@example.com,Singapore,VIP,2018-10-02,25190.73,Y
CUST0006750,Jessica,Young,jessica.young395@example.com,South Africa,E-Commerce,2019-10-04,3120.35,Y
CUST0006751,Omar,Anderson,omar.anderson775@example.com,Brazil,Wholesale,2018-02-16,2194.19,Y
CUST0006752,Wei,Thomas,wei.thomas614@example.com,UAE,Wholesale,2026-04-22,4580.86,Y
CUST0006753,Priya,Williams,priya.williams535@example.com,Australia,VIP,2021-11-17,2314.24,Y
CUST0006754,Olivia,Robinson,olivia.robinson901@example.com,Germany,E-Commerce,2025-11-26,952.13,Y
CUST0006755,Jennifer,Garcia,jennifer.garcia261@example.com,Brazil,VIP,2023-06-26,507.15,Y
CUST0006756,Karen,Robinson,karen.robinson337@example.com,France,Corporate,2020-04-06,3485.4,Y
CUST0006757,Hans,Robinson,hans.robinson38@example.com,France,VIP,2024-11-27,9565.84,Y
CUST0006758,Carlos,Robinson,carlos.robinson547@example.com,Canada,VIP,2021-06-23,4746.84,Y
CUST0006759,Raj,Perez,raj.perez589@example.com,China,Corporate,2020-08-12,36200.32,Y
CUST0006760,Michael,Williams,michael.williams680@example.com,Germany,E-Commerce,2018-03-28,2190.29,Y
CUST0006761,Susan,Sanchez,susan.sanchez555@example.com,South Africa,VIP,2019-01-31,2145.68,N
CUST0006762,Layla,Johnson,layla.johnson301@example.com,Saudi Arabia,Retail,2025-11-30,1370.28,Y
CUST0006763,Ahmed,Ramirez,ahmed.ramirez640@example.com,Australia,E-Commerce,2020-05-28,1396.01,Y
CUST0006764,David,Miller,david.miller920@example.com,Australia,VIP,2025-05-28,2178.67,Y
CUST0006765,Ingrid,Robinson,ingrid.robinson822@example.com,Canada,Corporate,2024-06-18,8371.32,Y
CUST0006766,Raj,Lee,raj.lee519@example.com,China,Wholesale,2020-08-06,12309.38,Y
CUST0006767,Karen,Jones,karen.jones122@example.com,USA,E-Commerce,2024-01-13,18961.86,Y
CUST0006768,Hans,Scott,hans.scott940@example.com,Mexico,Corporate,2023-01-15,1821.71,N
CUST0006769,Linda,Martinez,linda.martinez395@example.com,UAE,Corporate,2025-10-14,11155.68,Y
CUST0006770,John,Scott,john.scott993@example.com,UK,VIP,2019-04-27,2489.38,Y
CUST0006771,Sakura,Scott,sakura.scott639@example.com,Australia,VIP,2023-09-16,1098.65,Y
CUST0006772,David,Taylor,david.taylor592@example.com,Australia,VIP,2018-09-20,10702.06,Y
CUST0006773,Priya,Johnson,priya.johnson654@example.com,Japan,E-Commerce,2019-02-14,5554.46,Y
CUST0006774,Wei,Scott,wei.scott798@example.com,UAE,E-Commerce,2020-03-02,1400.01,Y
CUST0006775,Joseph,Brown,joseph.brown724@example.com,Saudi Arabia,E-Commerce,2020-05-28,3309.11,Y
CUST0006776,Carlos,Wilson,carlos.wilson127@example.com,Japan,E-Commerce,2022-02-18,2193.18,Y
CUST0006777,Sakura,Johnson,sakura.johnson505@example.com,Singapore,Retail,2022-11-18,7174.1,Y
CUST0006778,Thomas,Taylor,thomas.taylor561@example.com,Mexico,Retail,2021-01-14,3520.34,Y
CUST0006779,James,Smith,james.smith61@example.com,Mexico,E-Commerce,2018-05-29,23178.2,Y
CUST0006780,Mei,Clark,mei.clark47@example.com,UK,Wholesale,2019-05-19,781.5,Y
CUST0006781,Sofia,Martin,sofia.martin993@example.com,Saudi Arabia,Retail,2022-12-26,2692.64,Y
CUST0006782,Sakura,Hernandez,sakura.hernandez599@example.com,India,VIP,2026-04-22,3787.94,Y
CUST0006783,Olivia,Allen,olivia.allen678@example.com,South Africa,E-Commerce,2026-05-27,3997.17,Y
CUST0006784,Elizabeth,Robinson,elizabeth.robinson947@example.com,Germany,E-Commerce,2020-11-25,2398.52,N
CUST0006785,Sakura,Martinez,sakura.martinez918@example.com,Singapore,E-Commerce,2019-04-16,7032.62,Y
CUST0006786,Yuki,Gonzalez,yuki.gonzalez832@example.com,India,Corporate,2025-01-28,10887.1,Y
CUST0006787,Ahmed,Moore,ahmed.moore457@example.com,Mexico,E-Commerce,2023-09-15,14461.45,N
CUST0006788,Ingrid,Scott,ingrid.scott720@example.com,Australia,Wholesale,2025-06-24,8676.17,Y
CUST0006789,John,Brown,john.brown860@example.com,Mexico,E-Commerce,2020-02-08,10004.98,N
CUST0006790,Elizabeth,Thompson,,Mexico,VIP,2018-08-14,4498.6,Y
CUST0006791,Sakura,Robinson,sakura.robinson124@example.com,Japan,E-Commerce,2020-03-09,9240.29,Y
CUST0006792,James,Miller,james.miller487@example.com,France,Wholesale,2025-11-09,2308.47,Y
CUST0006793,Patricia,Hernandez,patricia.hernandez359@example.com,India,Retail,2018-07-11,3041.47,Y
CUST0006794,Richard,Miller,richard.miller419@example.com,Australia,Corporate,2023-07-18,2405.67,Y
CUST0006795,Elizabeth,Walker,elizabeth.walker796@example.com,USA,Corporate,2019-03-29,3649.8,N
CUST0006796,Hans,Robinson,hans.robinson106@example.com,China,Corporate,2020-05-22,2181.42,Y
CUST0006797,Ahmed,Smith,ahmed.smith421@example.com,Singapore,E-Commerce,2020-01-01,16799.98,N
CUST0006798,Ingrid,Hernandez,ingrid.hernandez584@example.com,Mexico,VIP,2018-04-07,2375.97,Y
CUST0006799,Susan,Allen,susan.allen561@example.com,Australia,Retail,2023-06-19,1015.95,N
CUST0006800,Carlos,Robinson,carlos.robinson408@example.com,UK,Wholesale,2022-12-01,4241.37,Y
CUST0006801,Wei,Martin,wei.martin253@example.com,Canada,Corporate,2025-03-07,793.97,N
CUST0006802,Joseph,Jones,joseph.jones327@example.com,Japan,E-Commerce,2022-09-21,1085.72,Y
CUST0006803,Yuki,Rodriguez,yuki.rodriguez344@example.com,India,Retail,2021-03-04,1738.39,Y
CUST0006804,Ingrid,Allen,ingrid.allen162@example.com,Australia,Retail,2025-08-25,3621.37,Y
CUST0006805,Mary,Sanchez,mary.sanchez711@example.com,South Africa,Retail,2021-08-04,3339.19,Y
CUST0006806,Wei,Williams,wei.williams680@example.com,Singapore,Wholesale,2022-05-29,8539.49,N
CUST0006807,Jessica,Taylor,,Mexico,VIP,2023-04-15,7225.28,Y
CUST0006808,William,Martinez,william.martinez812@example.com,Saudi Arabia,Retail,2025-12-27,3278.4,Y
CUST0006809,Hans,Ramirez,hans.ramirez416@example.com,UAE,E-Commerce,2025-05-10,2530.11,Y
CUST0006810,Joseph,Lopez,joseph.lopez285@example.com,UK,Retail,2025-10-03,2402.41,Y
CUST0006811,Sarah,Anderson,sarah.anderson343@example.com,Germany,Wholesale,2023-08-13,7935.99,Y
CUST0006812,John,Robinson,john.robinson564@example.com,Australia,Retail,2022-02-06,767.39,Y
CUST0006813,John,Thomas,john.thomas991@example.com,Japan,Retail,2021-09-25,564.52,Y
CUST0006814,Barbara,Davis,barbara.davis229@example.com,India,Corporate,2024-04-04,8437.02,Y
CUST0006815,Olivia,Harris,olivia.harris304@example.com,UAE,E-Commerce,2022-03-05,3742.27,Y
CUST0006816,Linda,Lee,linda.lee123@example.com,USA,Corporate,2018-02-15,1201.38,N
CUST0006817,Wei,White,wei.white510@example.com,USA,E-Commerce,2019-10-03,1843.1,Y
CUST0006818,Mei,Williams,mei.williams576@example.com,India,VIP,2023-07-12,13978.43,Y
CUST0006819,Sarah,Jackson,sarah.jackson95@example.com,UK,Wholesale,2021-11-08,10312.84,N
CUST0006820,Liam,Ramirez,liam.ramirez672@example.com,UK,E-Commerce,2024-04-18,6685.67,Y
CUST0006821,Elizabeth,Sanchez,elizabeth.sanchez253@example.com,UAE,Corporate,2018-04-13,3791.07,Y
CUST0006822,Barbara,Perez,barbara.perez682@example.com,UAE,Retail,2022-02-08,4173.22,Y
CUST0006823,Hans,White,hans.white78@example.com,Singapore,VIP,2020-04-02,18993.55,Y
CUST0006824,Layla,Taylor,layla.taylor603@example.com,UAE,Wholesale,2018-10-02,17373.33,Y
CUST0006825,Barbara,Robinson,barbara.robinson822@example.com,Germany,E-Commerce,2026-08-01,1712.07,Y
CUST0006826,Fatima,King,fatima.king662@example.com,USA,Retail,2025-01-01,8832.81,N
CUST0006827,Sofia,Hernandez,sofia.hernandez115@example.com,Germany,E-Commerce,2022-09-04,1598.51,Y
CUST0006828,Priya,Moore,priya.moore700@example.com,India,Retail,2021-08-03,1701.05,Y
CUST0006829,Sofia,Perez,sofia.perez255@example.com,UK,Wholesale,2019-06-07,6136.49,Y
CUST0006830,Thomas,Lewis,thomas.lewis41@example.com,Mexico,VIP,2019-01-24,3095.98,N
CUST0006831,James,Miller,james.miller277@example.com,Japan,Retail,2019-11-19,13907.85,Y
CUST0006832,Hans,Jones,hans.jones631@example.com,Japan,VIP,2021-01-21,966.12,Y
CUST0006833,Olivia,Taylor,olivia.taylor253@example.com,China,E-Commerce,2024-03-18,4082.34,Y
CUST0006834,Linda,Rodriguez,linda.rodriguez916@example.com,India,VIP,2019-03-27,13037.08,Y
CUST0006835,Jessica,Smith,jessica.smith746@example.com,USA,VIP,2018-03-16,12222.96,Y
CUST0006836,Liam,Smith,liam.smith338@example.com,Singapore,VIP,2018-06-21,-1351.15,Y
CUST0006837,Sarah,Johnson,sarah.johnson198@example.com,Germany,E-Commerce,2025-12-27,2783.56,Y
CUST0006838,Fatima,Williams,fatima.williams567@example.com,Singapore,Retail,2025-10-17,5326.37,Y
CUST0006839,Patricia,Perez,patricia.perez386@example.com,Mexico,Wholesale,2021-10-29,1368.17,N
CUST0006840,Layla,,layla.ramirez830@example.com,Saudi Arabia,VIP,2024-08-14,17713.56,Y
CUST0006841,Barbara,Miller,barbara.miller797@example.com,Germany,Retail,2019-02-03,12810.8,Y
CUST0006842,Carlos,Martin,carlos.martin429@example.com,USA,Wholesale,2025-02-19,1413.31,Y
CUST0006843,Charles,Ramirez,charles.ramirez986@example.com,China,Corporate,2020-11-23,1145.74,Y
CUST0006844,Linda,Martinez,linda.martinez723@example.com,Australia,E-Commerce,2024-05-07,946.39,Y
CUST0006845,Richard,Sanchez,richard.sanchez796@example.com,UK,Retail,2023-02-16,12508.92,Y
CUST0006846,Sarah,Allen,sarah.allen844@example.com,Japan,E-Commerce,2024-07-23,1576.02,N
CUST0006847,Ahmed,Jones,ahmed.jones868@example.com,UK,Corporate,2018-01-19,3191.71,Y
CUST0006848,Elizabeth,Smith,elizabeth.smith251@example.com,Germany,Retail,2026-02-13,3478.75,Y
CUST0006849,Sofia,White,sofia.white428@example.com,Australia,E-Commerce,2023-07-23,5069.11,Y
CUST0006850,Linda,Clark,linda.clark401@example.com,UAE,Corporate,2023-09-30,872.19,Y
CUST0006851,Susan,Johnson,susan.johnson293@example.com,Brazil,VIP,2021-11-15,1785.82,Y
CUST0006852,Karen,Thomas,karen.thomas950@example.com,Japan,VIP,2025-07-29,13903.91,Y
CUST0006853,Charles,Miller,charles.miller408@example.com,France,E-Commerce,2018-06-11,12452.17,Y
CUST0006854,Elizabeth,Lee,elizabeth.lee195@example.com,Saudi Arabia,Wholesale,2019-06-05,8100.06,Y
CUST0006855,Mary,Walker,mary.walker152@example.com,France,VIP,2023-06-27,597.96,Y
CUST0006856,Michael,Lopez,michael.lopez424@example.com,Canada,Wholesale,2025-07-05,2480.1,Y
CUST0006857,Mei,White,mei.white502@example.com,France,E-Commerce,2024-02-07,5443.75,Y
CUST0006858,Omar,Smith,omar.smith705@example.com,UAE,VIP,2020-03-30,2109.23,Y
CUST0006859,Karen,Williams,karen.williams531@example.com,Germany,E-Commerce,2021-01-16,12516.82,Y
CUST0006860,Sarah,Martinez,sarah.martinez692@example.com,Australia,Corporate,2023-10-11,5524.1,Y
CUST0006861,Liam,Allen,liam.allen128@example.com,Brazil,Wholesale,2018-03-04,873.12,Y
CUST0006862,Raj,White,raj.white391@example.com,Brazil,Wholesale,2019-12-30,12484.79,Y
CUST0006863,Carlos,Martinez,carlos.martinez975@example.com,China,Corporate,2025-09-20,16322.73,Y
CUST0006864,Jessica,Clark,jessica.clark552@example.com,Germany,Retail,2019-12-14,904.49,Y
CUST0006865,Joseph,Taylor,joseph.taylor126@example.com,Japan,Wholesale,2024-11-15,4300.29,Y
CUST0006866,Wei,Perez,,China,VIP,2026-05-24,2307.46,Y
CUST0006867,Robert,Hernandez,robert.hernandez927@example.com,Saudi Arabia,Wholesale,2023-10-07,2994.81,Y
CUST0006868,Ingrid,Young,ingrid.young83@example.com,Australia,Retail,2022-09-19,1490.13,Y
CUST0006869,Charles,White,charles.white889@example.com,South Africa,Retail,2019-07-01,4814.6,Y
CUST0006870,Charles,Moore,charles.moore466@example.com,Germany,E-Commerce,2025-06-24,16347.97,Y
CUST0006871,Michael,Jackson,michael.jackson714@example.com,Germany,VIP,2018-10-27,3996.56,Y
CUST0006872,Susan,Lopez,susan.lopez973@example.com,Germany,Retail,2023-12-06,932.77,Y
CUST0006873,Sofia,,sofia.robinson878@example.com,Brazil,Retail,2022-10-05,5337.94,Y
CUST0006874,Sakura,Taylor,sakura.taylor482@example.com,China,Wholesale,2026-06-04,2579.27,Y
CUST0006875,Michael,Garcia,michael.garcia678@example.com,Singapore,Retail,2021-04-24,10187.11,Y
CUST0006876,Joseph,Allen,joseph.allen257@example.com,Germany,Corporate,2024-04-03,3351.8,Y
CUST0006877,Mary,Garcia,mary.garcia658@example.com,Japan,Corporate,2023-04-05,1571.16,Y
CUST0006878,Wei,Anderson,wei.anderson193@example.com,Singapore,E-Commerce,2019-08-07,1560.43,Y
CUST0006879,Susan,Anderson,susan.anderson964@example.com,Brazil,Wholesale,2019-07-03,7821.59,Y
CUST0006880,Mei,Young,mei.young489@example.com,China,Wholesale,2023-02-11,2043.42,Y
CUST0006881,Mei,Lewis,mei.lewis691@example.com,UAE,Retail,2019-11-07,7788.6,N
CUST0006882,Layla,King,layla.king899@example.com,UAE,Wholesale,2019-01-17,1652.65,Y
CUST0006883,Charles,King,charles.king317@example.com,India,Retail,2020-07-19,2440.73,Y
CUST0006884,Richard,King,richard.king236@example.com,Brazil,Corporate,2025-12-24,3632.0,Y
CUST0006885,Sakura,Wright,sakura.wright853@example.com,Japan,E-Commerce,2019-12-24,14840.73,Y
CUST0006886,Mary,Jackson,mary.jackson474@example.com,UAE,VIP,2024-04-14,13921.53,Y
CUST0006887,Omar,Martin,omar.martin458@example.com,Saudi Arabia,Corporate,2018-08-18,1658.85,Y
CUST0006888,Jessica,Lopez,jessica.lopez539@example.com,UAE,Wholesale,2019-06-20,2717.54,Y
CUST0006889,Patricia,Martinez,patricia.martinez997@example.com,South Africa,E-Commerce,2021-06-25,1309.06,Y
CUST0006890,Carlos,Walker,carlos.walker607@example.com,France,Corporate,2026-05-15,4066.6,N
CUST0006891,Hans,King,hans.king681@example.com,Saudi Arabia,Retail,2023-10-31,3586.33,N
CUST0006892,Layla,Ramirez,layla.ramirez221@example.com,Mexico,Corporate,2026-05-15,12051.08,N
CUST0006893,Joseph,Lee,joseph.lee634@example.com,Mexico,E-Commerce,2025-02-23,13796.68,Y
CUST0006894,William,Jones,william.jones118@example.com,Mexico,VIP,2021-10-05,2919.03,Y
CUST0006895,Barbara,Anderson,barbara.anderson976@example.com,Australia,E-Commerce,2025-01-25,3883.79,Y
CUST0006896,Sarah,Robinson,sarah.robinson219@example.com,China,Corporate,2024-05-27,11828.19,Y
CUST0006897,Priya,Gonzalez,priya.gonzalez518@example.com,South Africa,VIP,2022-04-02,8717.76,Y
CUST0006898,Wei,Jackson,wei.jackson785@example.com,Brazil,VIP,2023-07-15,518.32,Y
CUST0006899,Jennifer,Walker,jennifer.walker568@example.com,Australia,Wholesale,2019-07-08,2428.75,Y
CUST0006900,Olivia,Davis,olivia.davis24@example.com,Saudi Arabia,Retail,2019-02-04,3238.95,Y
CUST0006901,Barbara,Allen,barbara.allen837@example.com,India,Corporate,2024-09-07,1804.98,Y
CUST0006902,Barbara,Lee,barbara.lee88@example.com,UAE,Corporate,2021-08-17,1613.04,Y
CUST0006903,Michael,Taylor,michael.taylor888@example.com,Brazil,Retail,2024-05-03,692.58,Y
CUST0006904,Hans,Miller,hans.miller648@example.com,Mexico,Retail,2025-06-11,5655.28,Y
CUST0006905,James,Taylor,james.taylor647@example.com,UAE,VIP,2025-10-16,2022.52,Y
CUST0006906,Barbara,Moore,barbara.moore161@example.com,Australia,Wholesale,2023-06-05,768.84,Y
CUST0006907,Charles,Sanchez,charles.sanchez434@example.com,UAE,Wholesale,2024-12-11,1813.19,Y
CUST0006908,Layla,Gonzalez,layla.gonzalez874@example.com,USA,E-Commerce,2019-04-16,8595.27,Y
CUST0006909,Ingrid,Martinez,ingrid.martinez761@example.com,UAE,Retail,2020-01-08,10035.49,Y
CUST0006910,Thomas,Wilson,,Germany,E-Commerce,2020-08-08,3799.2,N
CUST0006911,Ingrid,White,ingrid.white692@example.com,China,Corporate,2023-08-01,3189.88,Y
CUST0006912,Thomas,Rodriguez,thomas.rodriguez398@example.com,Saudi Arabia,E-Commerce,2023-12-20,19550.42,Y
CUST0006913,Ahmed,Brown,ahmed.brown212@example.com,Australia,Retail,2018-02-07,1619.25,Y
CUST0006914,Hans,Garcia,hans.garcia263@example.com,USA,Corporate,2023-05-10,1712.65,Y
CUST0006915,Barbara,Allen,barbara.allen31@example.com,Saudi Arabia,Corporate,2018-12-16,2225.62,N
CUST0006916,Robert,Walker,robert.walker863@example.com,France,Corporate,2022-05-29,1448.29,Y
CUST0006917,Carlos,Young,carlos.young853@example.com,Australia,E-Commerce,2023-04-28,2885.07,Y
CUST0006918,Jennifer,Robinson,jennifer.robinson123@example.com,Saudi Arabia,Wholesale,2021-04-02,12586.29,Y
CUST0006919,Mei,Harris,mei.harris434@example.com,Japan,Wholesale,2026-03-31,5277.08,Y
CUST0006920,Elizabeth,Thompson,elizabeth.thompson776@example.com,Germany,Corporate,2024-06-04,3154.69,Y
CUST0006921,Elizabeth,White,elizabeth.white334@example.com,Japan,Corporate,2026-02-28,14121.72,Y
CUST0006922,Raj,Young,raj.young212@example.com,UAE,Retail,2023-04-28,748.39,N
CUST0006923,Jennifer,Brown,jennifer.brown678@example.com,China,Wholesale,2023-11-11,1680.36,Y
CUST0006924,Karen,Robinson,karen.robinson862@example.com,India,E-Commerce,2026-02-21,4672.27,Y
CUST0006925,John,Lopez,john.lopez697@example.com,India,Retail,2020-12-02,5279.74,Y
CUST0006926,Susan,Sanchez,susan.sanchez687@example.com,South Africa,Wholesale,2019-03-16,701.81,Y
CUST0006927,Priya,Lopez,priya.lopez882@example.com,South Africa,Corporate,2021-09-29,3079.52,Y
CUST0006928,Karen,Taylor,karen.taylor229@example.com,Brazil,Retail,2024-07-16,5737.04,Y
CUST0006929,Fatima,Sanchez,fatima.sanchez911@example.com,India,Wholesale,2018-03-09,6487.81,Y
CUST0006930,Priya,Gonzalez,priya.gonzalez400@example.com,UK,Retail,2018-08-09,5582.49,Y
CUST0006931,John,Harris,john.harris266@example.com,USA,Corporate,2023-09-22,2432.46,Y
CUST0006932,Patricia,Martin,patricia.martin860@example.com,South Africa,VIP,2019-03-19,990.93,Y
CUST0006933,Mei,Gonzalez,mei.gonzalez895@example.com,South Africa,Corporate,2026-05-25,3285.33,Y
CUST0006934,Jessica,Clark,jessica.clark374@example.com,South Africa,Wholesale,2023-06-01,1189.16,N
CUST0006935,David,Lee,david.lee595@example.com,Mexico,VIP,2022-05-27,15246.5,Y
CUST0006936,Yuki,Brown,yuki.brown343@example.com,UAE,E-Commerce,2023-10-18,3723.41,Y
CUST0006937,Robert,Walker,robert.walker92@example.com,UK,VIP,2024-10-14,2408.2,Y
CUST0006938,Michael,Lee,michael.lee300@example.com,Mexico,VIP,2020-01-20,7768.67,N
CUST0006939,Yuki,Smith,yuki.smith51@example.com,Australia,Wholesale,2024-06-08,3945.26,Y
CUST0006940,Michael,Wilson,michael.wilson132@example.com,India,VIP,2024-05-31,2355.56,Y
CUST0006941,Thomas,Clark,thomas.clark21@example.com,UK,Retail,2020-10-19,8855.71,Y
CUST0006942,Liam,Wright,liam.wright295@example.com,Canada,E-Commerce,2023-08-09,10592.75,Y
CUST0006943,William,Jones,william.jones539@example.com,France,Wholesale,2025-11-08,6089.1,Y
CUST0006944,Mei,Jones,mei.jones740@example.com,Brazil,E-Commerce,2022-08-22,740.52,Y
CUST0006945,Yuki,Ramirez,yuki.ramirez683@example.com,South Africa,E-Commerce,2021-10-08,4677.27,Y
CUST0006946,David,Martinez,david.martinez226@example.com,Mexico,E-Commerce,2022-01-20,7704.7,Y
CUST0006947,Liam,Lee,liam.lee570@example.com,China,Retail,2022-11-26,1233.82,Y
CUST0006948,Elizabeth,Martinez,elizabeth.martinez561@example.com,Saudi Arabia,Wholesale,2024-10-27,1798.2,N
CUST0006949,Jessica,Thompson,jessica.thompson974@example.com,UK,VIP,2022-12-03,11206.38,Y
CUST0006950,Sakura,Miller,sakura.miller384@example.com,Mexico,Wholesale,2021-12-07,601.63,Y
CUST0006951,Carlos,Martin,carlos.martin497@example.com,UK,Corporate,2023-11-26,7486.31,Y
CUST0006952,Sakura,Moore,sakura.moore423@example.com,France,E-Commerce,2021-08-07,3710.12,Y
CUST0006953,Elizabeth,King,elizabeth.king252@example.com,Canada,Retail,2019-05-19,3459.93,N
CUST0006954,Wei,Brown,wei.brown539@example.com,Japan,Retail,2024-01-21,535.61,Y
CUST0006955,Priya,Martin,priya.martin839@example.com,South Africa,E-Commerce,2026-05-31,9057.3,Y
CUST0006956,Fatima,Wright,fatima.wright114@example.com,Australia,Retail,2021-08-03,2730.07,Y
CUST0006957,Michael,Smith,michael.smith576@example.com,South Africa,VIP,2025-08-19,4390.97,Y
CUST0006958,Sakura,Young,sakura.young824@example.com,France,E-Commerce,2023-08-09,6155.17,Y
CUST0006959,Susan,Lewis,susan.lewis545@example.com,Saudi Arabia,VIP,2022-10-15,6563.88,Y
CUST0006960,Raj,Jackson,raj.jackson398@example.com,Saudi Arabia,E-Commerce,2020-09-19,16115.56,N
CUST0006961,Joseph,Martin,,China,Corporate,2021-02-06,4289.39,Y
CUST0006962,Carlos,Anderson,carlos.anderson204@example.com,China,VIP,2019-08-29,3051.79,Y
CUST0006963,Sofia,Hernandez,sofia.hernandez515@example.com,Canada,VIP,2018-11-01,15863.46,Y
CUST0006964,Barbara,Wilson,barbara.wilson497@example.com,France,Wholesale,2024-02-29,5637.65,Y
CUST0006965,Sakura,Thomas,sakura.thomas296@example.com,UAE,Retail,2021-08-16,2270.18,N
CUST0006966,Linda,Jackson,linda.jackson9@example.com,UAE,Retail,2020-10-31,1176.03,Y
CUST0006967,Carlos,Johnson,carlos.johnson640@example.com,China,VIP,2022-10-16,9743.38,Y
CUST0006968,John,Moore,john.moore364@example.com,Brazil,Corporate,2023-01-21,2748.51,Y
CUST0006969,Carlos,Harris,carlos.harris17@example.com,Brazil,VIP,2026-06-04,5900.96,Y
CUST0006970,Ahmed,Davis,ahmed.davis622@example.com,Japan,Retail,2022-12-04,3682.1,Y
CUST0006971,Sakura,Anderson,sakura.anderson399@example.com,India,E-Commerce,2020-04-19,1609.03,Y
CUST0006972,Layla,King,layla.king359@example.com,Japan,Corporate,2021-05-11,5102.58,Y
CUST0006973,Wei,White,wei.white464@example.com,Canada,Wholesale,2019-04-09,813.01,Y
CUST0006974,Liam,Taylor,liam.taylor983@example.com,France,E-Commerce,2026-02-08,3166.57,Y
CUST0006975,Raj,Jones,raj.jones941@example.com,India,Wholesale,2024-05-01,4455.07,Y
CUST0006976,Fatima,Walker,fatima.walker257@example.com,China,Corporate,2023-06-03,3363.92,Y
CUST0006977,Hans,Hernandez,hans.hernandez82@example.com,UK,Wholesale,2023-09-11,7404.99,Y
CUST0006978,Ingrid,Lewis,ingrid.lewis379@example.com,India,Retail,2024-12-17,9299.12,Y
CUST0006979,Olivia,King,olivia.king481@example.com,UAE,E-Commerce,2023-07-12,7875.48,Y
CUST0006980,Liam,Anderson,liam.anderson130@example.com,Mexico,Wholesale,2024-09-01,697.93,Y
CUST0006981,Mary,Brown,mary.brown332@example.com,Brazil,Retail,2021-08-02,1579.16,Y
CUST0006982,Linda,Lewis,linda.lewis236@example.com,India,E-Commerce,2024-03-04,4345.9,Y
CUST0006983,Robert,Lee,robert.lee747@example.com,Brazil,Retail,2024-05-30,14153.17,Y
CUST0006984,Karen,Lopez,karen.lopez298@example.com,India,Wholesale,2025-05-17,9507.74,Y
CUST0006985,Yuki,Miller,yuki.miller138@example.com,Germany,VIP,2020-08-17,9742.74,Y
CUST0006986,Patricia,Clark,patricia.clark345@example.com,Germany,Wholesale,2022-03-04,2306.34,Y
CUST0006987,Richard,White,richard.white628@example.com,China,E-Commerce,2024-07-25,3305.75,Y
CUST0006988,Mary,Sanchez,mary.sanchez831@example.com,UK,VIP,2020-02-01,3681.06,Y
CUST0006989,Linda,Sanchez,linda.sanchez939@example.com,USA,VIP,2023-07-01,1356.15,Y
CUST0006990,Ahmed,Walker,ahmed.walker517@example.com,Australia,VIP,2019-08-23,657.8,Y
CUST0006991,Yuki,Gonzalez,yuki.gonzalez477@example.com,Singapore,Corporate,2020-10-10,15178.16,Y
CUST0006992,Yuki,Robinson,yuki.robinson225@example.com,Brazil,VIP,2026-02-16,1876.87,Y
CUST0006993,Sofia,Harris,sofia.harris422@example.com,USA,VIP,2023-08-09,1871.85,Y
CUST0006994,Sakura,Allen,sakura.allen830@example.com,UAE,E-Commerce,2018-02-15,935.31,Y
CUST0006995,Patricia,Jackson,patricia.jackson285@example.com,UAE,Retail,2022-12-23,13690.83,Y
CUST0006996,Priya,Hernandez,priya.hernandez968@example.com,Brazil,Retail,2025-09-11,4834.37,Y
CUST0006997,Hans,Anderson,hans.anderson728@example.com,UK,Wholesale,2022-07-16,5998.62,Y
CUST0006998,Hans,King,hans.king163@example.com,UAE,E-Commerce,2022-04-30,12628.11,Y
CUST0006999,Fatima,Martin,fatima.martin687@example.com,Canada,E-Commerce,2022-10-09,2620.34,Y
CUST0007000,John,Robinson,john.robinson453@example.com,UAE,Wholesale,2024-07-20,5357.79,Y
CUST0007001,Hans,Hernandez,hans.hernandez285@example.com,Saudi Arabia,E-Commerce,2024-03-17,697.86,Y
CUST0007002,Olivia,Robinson,olivia.robinson687@example.com,USA,VIP,2025-07-12,1533.72,Y
CUST0007003,James,Young,james.young338@example.com,Mexico,E-Commerce,2026-07-30,9396.56,Y
CUST0007004,Olivia,Smith,olivia.smith374@example.com,Germany,Corporate,2021-10-19,7778.62,Y
CUST0007005,Yuki,Martinez,yuki.martinez448@example.com,Japan,Wholesale,2024-12-11,2658.86,N
CUST0007006,Robert,Robinson,robert.robinson759@example.com,Mexico,Retail,2021-12-01,2864.52,Y
CUST0007007,Richard,Williams,richard.williams419@example.com,Brazil,Corporate,2023-01-11,4313.07,Y
CUST0007008,William,Wright,william.wright110@example.com,UAE,Corporate,2024-02-21,501.21,Y
CUST0007009,Hans,Johnson,hans.johnson848@example.com,South Africa,Wholesale,2023-06-04,1880.38,Y
CUST0007010,Layla,Perez,layla.perez230@example.com,China,VIP,2024-03-30,1667.43,Y
CUST0007011,Linda,Jackson,linda.jackson984@example.com,Mexico,VIP,2019-11-30,1941.63,Y
CUST0007012,Joseph,Walker,joseph.walker106@example.com,China,Wholesale,2018-01-11,8697.06,Y
CUST0007013,Sofia,Gonzalez,sofia.gonzalez580@example.com,USA,VIP,2022-03-04,2140.26,Y
CUST0007014,Robert,Clark,robert.clark573@example.com,France,VIP,2020-04-16,1563.0,N
CUST0007015,Sofia,King,sofia.king952@example.com,Canada,Corporate,2022-12-20,4008.55,Y
CUST0007016,Liam,Sanchez,liam.sanchez436@example.com,UAE,Corporate,2018-07-08,10536.35,N
CUST0007017,Yuki,Walker,yuki.walker381@example.com,South Africa,E-Commerce,2024-04-29,1881.07,Y
CUST0007018,Jessica,Lee,jessica.lee298@example.com,Canada,Retail,2021-07-28,908.96,N
CUST0007019,Hans,Walker,hans.walker922@example.com,Australia,Wholesale,2021-12-20,2703.43,N
CUST0007020,Charles,Williams,charles.williams184@example.com,UAE,VIP,2025-04-20,7384.73,Y
CUST0007021,Omar,Scott,omar.scott67@example.com,USA,VIP,2021-08-04,4500.22,Y
CUST0007022,Layla,Lewis,layla.lewis155@example.com,Germany,E-Commerce,2023-06-08,8985.7,Y
CUST0007023,Mei,,mei.walker645@example.com,UK,Retail,2023-11-27,16543.66,Y
CUST0007024,Charles,Davis,charles.davis17@example.com,Saudi Arabia,E-Commerce,2018-12-17,8367.04,Y
CUST0007025,Ingrid,Martin,ingrid.martin594@example.com,Germany,Retail,2022-07-22,5129.22,Y
CUST0007026,Layla,Davis,layla.davis439@example.com,Saudi Arabia,Retail,2018-12-19,3899.59,Y
CUST0007027,Mei,Harris,mei.harris993@example.com,India,Retail,2020-08-04,704.47,Y
CUST0007028,Mary,Moore,mary.moore452@example.com,Australia,E-Commerce,2018-07-04,21277.48,Y
CUST0007029,Karen,Perez,karen.perez566@example.com,France,Retail,2025-03-09,2918.33,Y
CUST0007030,William,Rodriguez,william.rodriguez642@example.com,China,Retail,2022-07-22,1325.72,Y
CUST0007031,Robert,Harris,robert.harris318@example.com,Brazil,E-Commerce,2024-12-30,5993.69,Y
CUST0007032,Sofia,Thompson,not_an_email,Mexico,VIP,2018-06-16,2172.39,N
CUST0007033,Joseph,Sanchez,joseph.sanchez217@example.com,Japan,Wholesale,2022-07-11,4906.77,Y
CUST0007034,William,Hernandez,william.hernandez312@example.com,UAE,E-Commerce,2023-09-20,4918.73,N
CUST0007035,Michael,Young,michael.young40@example.com,Japan,Wholesale,2020-08-23,3450.52,Y
CUST0007036,Charles,Lopez,charles.lopez267@example.com,France,VIP,2025-01-27,9543.06,Y
CUST0007037,Carlos,Sanchez,carlos.sanchez720@example.com,Germany,VIP,2018-05-25,2039.2,Y
CUST0007038,Robert,Taylor,robert.taylor366@example.com,Germany,VIP,2025-12-18,3476.77,Y
CUST0007039,Sarah,Scott,sarah.scott889@example.com,Saudi Arabia,VIP,2026-04-06,4357.62,Y
CUST0007040,David,Lee,david.lee107@example.com,France,Retail,2025-09-16,5947.64,Y
CUST0007041,Linda,Lewis,linda.lewis53@example.com,Brazil,VIP,2023-08-19,8161.73,N
CUST0007042,Susan,Jones,susan.jones510@example.com,Singapore,Retail,2024-08-13,3011.04,Y
CUST0007043,Linda,Sanchez,linda.sanchez993@example.com,India,VIP,2024-04-16,5692.95,Y
CUST0007044,Mary,Anderson,mary.anderson879@example.com,Australia,VIP,2021-04-19,1316.19,Y
CUST0007045,Michael,Lopez,michael.lopez563@example.com,Canada,E-Commerce,2018-08-12,13989.12,Y
CUST0007046,Thomas,Lee,thomas.lee268@example.com,South Africa,Corporate,2022-04-27,2914.91,N
CUST0007047,Mei,Lewis,mei.lewis238@example.com,Canada,Wholesale,2021-12-01,7037.81,Y
CUST0007048,Michael,Rodriguez,michael.rodriguez452@example.com,India,VIP,2023-08-13,602.75,Y
CUST0007049,Barbara,Hernandez,barbara.hernandez806@example.com,Saudi Arabia,VIP,2021-12-23,1648.24,N
CUST0007050,Karen,Young,karen.young287@example.com,UAE,Retail,2024-03-24,3838.2,Y
CUST0007051,Omar,Lewis,omar.lewis123@example.com,China,Wholesale,2025-04-24,11029.03,Y
CUST0007052,Fatima,Young,fatima.young97@example.com,South Africa,Corporate,2018-05-31,4246.0,Y
CUST0007053,Barbara,Harris,barbara.harris961@example.com,Singapore,Retail,2020-12-21,13787.06,Y
CUST0007054,Thomas,Lewis,thomas.lewis90@example.com,South Africa,Corporate,2021-09-25,3806.27,Y
CUST0007055,Thomas,Taylor,thomas.taylor785@example.com,Canada,E-Commerce,2020-01-30,3871.13,Y
CUST0007056,Charles,Thompson,charles.thompson699@example.com,Australia,VIP,2026-04-19,1137.73,Y
CUST0007057,Carlos,Jackson,carlos.jackson746@example.com,UAE,E-Commerce,2018-12-20,8614.04,Y
CUST0007058,Linda,Anderson,linda.anderson955@example.com,Mexico,Corporate,2024-04-03,1918.22,Y
CUST0007059,Omar,Young,omar.young849@example.com,India,Wholesale,2018-03-27,11993.59,Y
CUST0007060,Olivia,Gonzalez,olivia.gonzalez455@example.com,Germany,VIP,2022-05-26,12585.73,N
CUST0007061,David,Martin,david.martin921@example.com,UK,Corporate,2025-07-07,14850.8,Y
CUST0007062,Sakura,Jackson,sakura.jackson676@example.com,Australia,Retail,2021-06-27,4172.25,Y
CUST0007063,Sarah,Smith,sarah.smith816@example.com,UK,Corporate,2025-10-12,6151.97,Y
CUST0007064,Wei,Gonzalez,wei.gonzalez290@example.com,UK,E-Commerce,2021-12-17,8037.02,Y
CUST0007065,Jennifer,Scott,jennifer.scott203@example.com,UK,Corporate,2026-01-27,1202.14,Y
CUST0007066,Jennifer,Wilson,jennifer.wilson547@example.com,France,Retail,2025-09-18,5093.43,Y
CUST0007067,John,Smith,john.smith590@example.com,Australia,E-Commerce,2021-01-23,674.5,N
CUST0007068,Mei,Martinez,mei.martinez888@example.com,China,E-Commerce,2018-01-28,3941.46,Y
CUST0007069,Liam,Allen,liam.allen654@example.com,USA,VIP,2021-01-26,1341.16,Y
CUST0007070,Layla,Lopez,layla.lopez714@example.com,USA,Corporate,2019-10-03,1510.11,Y
CUST0007071,Elizabeth,Sanchez,elizabeth.sanchez193@example.com,Germany,E-Commerce,2018-05-14,2771.03,Y
CUST0007072,Barbara,Wilson,barbara.wilson501@example.com,Japan,Retail,2026-03-23,3332.02,Y
CUST0007073,Elizabeth,Clark,elizabeth.clark482@example.com,UK,Corporate,2020-10-10,5379.84,Y
CUST0007074,Carlos,Rodriguez,carlos.rodriguez460@example.com,China,Corporate,2022-12-04,886.72,Y
CUST0007075,Fatima,Allen,fatima.allen813@example.com,Japan,Retail,2024-07-06,4002.79,Y
CUST0007076,Charles,Harris,charles.harris551@example.com,China,Corporate,2026-06-10,1508.29,Y
CUST0007077,Elizabeth,Jackson,elizabeth.jackson275@example.com,Brazil,VIP,2020-03-05,4766.29,Y
CUST0007078,Richard,Clark,richard.clark501@example.com,UAE,Corporate,2019-10-06,5572.34,N
CUST0007079,Priya,Clark,priya.clark517@example.com,France,VIP,2018-01-19,4567.65,N
CUST0007080,Fatima,Anderson,fatima.anderson415@example.com,Australia,Corporate,2022-12-04,7202.7,Y
CUST0007081,Susan,,susan.lopez33@example.com,Germany,Retail,2022-06-14,2544.42,Y
CUST0007082,Susan,Miller,susan.miller496@example.com,China,VIP,2018-03-02,7743.12,Y
CUST0007083,Karen,Williams,karen.williams938@example.com,Germany,VIP,2025-08-19,3334.93,Y
CUST0007084,Richard,Gonzalez,richard.gonzalez105@example.com,Australia,E-Commerce,2025-06-15,3810.03,N
CUST0007085,Michael,Allen,michael.allen17@example.com,Canada,Corporate,2022-07-08,5722.07,Y
CUST0007086,James,Hernandez,james.hernandez256@example.com,India,Wholesale,2024-01-12,592.64,Y
CUST0007087,Linda,Anderson,linda.anderson513@example.com,Japan,VIP,2025-03-24,5806.5,Y
CUST0007088,Richard,Jones,richard.jones113@example.com,UAE,E-Commerce,2025-06-29,5319.34,Y
CUST0007089,Yuki,Wright,yuki.wright931@example.com,Canada,E-Commerce,2023-06-09,2354.21,Y
CUST0007090,Jennifer,Lee,jennifer.lee594@example.com,Saudi Arabia,Retail,2018-03-30,948.5,Y
CUST0007091,Sofia,Smith,sofia.smith513@example.com,India,Wholesale,2020-08-23,976.7,Y
CUST0007092,Wei,Brown,wei.brown297@example.com,India,Retail,2019-08-02,13334.3,Y
CUST0007093,Barbara,Martinez,barbara.martinez319@example.com,Singapore,Corporate,2024-03-11,6344.3,Y
CUST0007094,William,Martinez,william.martinez956@example.com,South Africa,E-Commerce,2019-03-06,1179.69,Y
CUST0007095,Olivia,Martinez,olivia.martinez890@example.com,South Africa,Corporate,2025-03-11,2705.9,Y
CUST0007096,Jessica,Perez,jessica.perez45@example.com,India,Wholesale,2018-09-24,4988.36,Y
CUST0007097,Charles,Williams,charles.williams80@example.com,UAE,Corporate,2024-11-18,9526.4,Y
CUST0007098,Sakura,Johnson,sakura.johnson405@example.com,UK,VIP,2023-11-15,723.21,Y
CUST0007099,Yuki,Thompson,yuki.thompson189@example.com,Singapore,Corporate,2023-12-15,1850.08,Y
CUST0007100,Mei,Brown,mei.brown547@example.com,Germany,Corporate,2024-03-12,11524.98,Y
CUST0007101,Priya,Scott,priya.scott953@example.com,Saudi Arabia,Wholesale,2019-04-11,546.04,Y
CUST0007102,Hans,Anderson,hans.anderson483@example.com,Germany,Retail,2023-11-23,1624.47,Y
CUST0007103,Ingrid,Garcia,ingrid.garcia946@example.com,France,Wholesale,2024-06-27,16473.87,Y
CUST0007104,James,Martinez,james.martinez27@example.com,South Africa,Retail,2021-10-29,5251.85,Y
CUST0007105,Priya,Lopez,priya.lopez408@example.com,Saudi Arabia,Retail,2023-05-30,2016.83,Y
CUST0007106,Barbara,Jackson,barbara.jackson505@example.com,France,VIP,2021-08-29,846.7,Y
CUST0007107,Hans,King,,Japan,VIP,2024-11-28,642.98,Y
CUST0007108,Joseph,Hernandez,joseph.hernandez473@example.com,Germany,VIP,2019-04-26,1903.5,Y
CUST0007109,Barbara,Martinez,barbara.martinez611@example.com,Saudi Arabia,Wholesale,2019-12-10,11163.61,Y
CUST0007110,Ingrid,Lopez,ingrid.lopez988@example.com,Saudi Arabia,E-Commerce,2020-11-14,3188.53,Y
CUST0007111,Charles,Thomas,charles.thomas564@example.com,Australia,E-Commerce,2023-06-28,6870.78,Y
CUST0007112,Mei,Jackson,mei.jackson241@example.com,Australia,Retail,2023-09-04,13022.59,Y
CUST0007113,Karen,White,karen.white615@example.com,France,Corporate,2024-02-15,3121.58,Y
CUST0007114,Yuki,Lopez,yuki.lopez755@example.com,France,Corporate,2020-06-06,1561.5,Y
CUST0007115,Layla,Thomas,layla.thomas490@example.com,Singapore,E-Commerce,2022-01-12,4139.91,N
CUST0007116,Mei,Johnson,mei.johnson287@example.com,Singapore,E-Commerce,2024-02-07,12434.38,Y
CUST0007117,Sakura,White,sakura.white40@example.com,USA,Corporate,2026-05-21,8657.76,Y
CUST0007118,Robert,Brown,robert.brown750@example.com,Germany,Retail,2022-12-23,840.48,Y
CUST0007119,Michael,Jones,michael.jones813@example.com,Germany,E-Commerce,2024-08-03,6397.58,Y
CUST0007120,James,Jackson,james.jackson198@example.com,Germany,Wholesale,2019-03-27,4741.96,Y
CUST0007121,Mei,Clark,mei.clark595@example.com,India,E-Commerce,2018-03-17,12400.74,Y
CUST0007122,Jennifer,Martin,jennifer.martin416@example.com,USA,Retail,2024-12-06,1153.29,Y
CUST0007123,Susan,Lee,susan.lee191@example.com,USA,Corporate,2019-11-13,4318.24,N
CUST0007124,Raj,Brown,raj.brown704@example.com,Brazil,Wholesale,2018-11-13,11078.98,N
CUST0007125,Sarah,Rodriguez,sarah.rodriguez779@example.com,India,Corporate,2020-07-17,3138.37,Y
CUST0007126,Raj,Miller,raj.miller300@example.com,USA,VIP,2019-10-02,3788.85,Y
CUST0007127,James,Jones,james.jones487@example.com,Canada,Corporate,2019-05-11,865.33,Y
CUST0007128,Charles,Lee,charles.lee477@example.com,South Africa,E-Commerce,2018-07-09,2129.65,Y
CUST0007129,Linda,White,linda.white30@example.com,Japan,Retail,2024-09-15,2461.56,Y
CUST0007130,James,Smith,james.smith862@example.com,Singapore,E-Commerce,2022-08-19,15013.25,Y
CUST0007131,Joseph,Thompson,joseph.thompson162@example.com,Saudi Arabia,Corporate,2020-07-14,2161.08,Y
CUST0007132,Mei,Garcia,mei.garcia484@example.com,Saudi Arabia,Corporate,2020-09-04,3588.98,Y
CUST0007133,Thomas,Davis,thomas.davis246@example.com,Australia,Retail,2019-09-07,6063.12,Y
CUST0007134,Layla,Harris,layla.harris491@example.com,Canada,Retail,2022-06-14,1384.78,Y
CUST0007135,Sofia,Johnson,sofia.johnson173@example.com,France,VIP,2019-11-18,3831.97,N
CUST0007136,Mei,Lewis,mei.lewis451@example.com,China,E-Commerce,2018-11-29,7207.35,Y
CUST0007137,Robert,White,robert.white483@example.com,Canada,Corporate,2021-10-12,10581.59,Y
CUST0007138,William,Young,william.young885@example.com,Australia,VIP,2024-12-06,5420.96,Y
CUST0007139,Sakura,Thompson,sakura.thompson168@example.com,India,Retail,2021-07-17,6028.99,Y
CUST0007140,Layla,King,layla.king610@example.com,Saudi Arabia,Retail,2022-07-01,1175.0,Y
CUST0007141,Olivia,Thomas,olivia.thomas102@example.com,China,Retail,2021-07-23,15073.2,Y
CUST0007142,Linda,Garcia,linda.garcia69@example.com,France,Wholesale,2026-02-10,1211.13,Y
CUST0007143,David,Jackson,david.jackson719@example.com,Saudi Arabia,VIP,2021-06-30,7951.01,N
CUST0007144,Karen,Clark,karen.clark451@example.com,Germany,Retail,2025-07-18,2038.17,N
CUST0007145,Hans,Jones,hans.jones946@example.com,Mexico,Corporate,2026-01-03,14059.77,Y
CUST0007146,James,Clark,james.clark412@example.com,Brazil,E-Commerce,2021-06-24,6864.11,N
CUST0007147,Ahmed,Brown,ahmed.brown556@example.com,UAE,Corporate,2026-04-21,7508.33,Y
CUST0007148,Richard,Taylor,richard.taylor8@example.com,South Africa,Retail,2025-04-14,1736.28,N
CUST0007149,Jennifer,Young,jennifer.young413@example.com,South Africa,Retail,2023-03-06,3426.31,Y
CUST0007150,Michael,Wilson,michael.wilson666@example.com,South Africa,Retail,2019-04-10,5309.23,Y
CUST0007151,William,Lewis,william.lewis219@example.com,Japan,Wholesale,2019-01-06,7847.81,Y
CUST0007152,Layla,Garcia,layla.garcia466@example.com,UK,Retail,2020-09-28,1048.85,N
CUST0007153,Yuki,Harris,yuki.harris367@example.com,Singapore,Corporate,2020-11-29,16899.15,Y
CUST0007154,John,Jones,john.jones682@example.com,Saudi Arabia,E-Commerce,2021-04-05,11546.42,Y
CUST0007155,Priya,Brown,priya.brown727@example.com,South Africa,Corporate,2024-03-14,2075.94,Y
CUST0007156,Elizabeth,Jackson,elizabeth.jackson77@example.com,Canada,Corporate,2021-02-21,9151.26,Y
CUST0007157,Barbara,Martin,barbara.martin984@example.com,Australia,Retail,2019-05-16,4152.42,Y
CUST0007158,Yuki,Lee,yuki.lee899@example.com,France,Corporate,2022-11-23,3597.69,Y
CUST0007159,Layla,Martinez,layla.martinez130@example.com,Germany,Retail,2025-03-23,2387.55,Y
CUST0007160,Charles,Rodriguez,charles.rodriguez761@example.com,Canada,Retail,2022-09-28,4849.05,N
CUST0007161,Thomas,Sanchez,thomas.sanchez57@example.com,Germany,VIP,2024-09-13,7044.61,Y
CUST0007162,Michael,Perez,michael.perez629@example.com,UK,Wholesale,2021-02-17,3146.08,N
CUST0007163,Sofia,Sanchez,sofia.sanchez327@example.com,UK,Retail,2026-06-14,5460.72,Y
CUST0007164,Sofia,Taylor,sofia.taylor333@example.com,Germany,Wholesale,2019-02-08,6508.43,N
CUST0007165,Sarah,Lee,sarah.lee10@example.com,India,Retail,2021-08-18,6708.75,Y
CUST0007166,Charles,Miller,charles.miller99@example.com,Mexico,Wholesale,2023-05-03,766.83,N
CUST0007167,Michael,Anderson,michael.anderson658@example.com,Australia,E-Commerce,2025-03-09,10321.57,Y
CUST0007168,Jessica,Miller,jessica.miller776@example.com,Australia,Retail,2023-07-27,3564.78,Y
CUST0007169,Robert,Walker,robert.walker549@example.com,India,VIP,2025-09-04,2021.88,Y
CUST0007170,Hans,Harris,hans.harris55@example.com,Canada,VIP,2026-08-04,1883.81,Y
CUST0007171,James,Moore,james.moore110@example.com,Mexico,E-Commerce,2025-02-09,3798.7,Y
CUST0007172,Sarah,Jackson,sarah.jackson501@example.com,France,Corporate,2020-09-11,11394.39,Y
CUST0007173,Joseph,White,joseph.white671@example.com,Singapore,VIP,2023-04-05,2876.87,Y
CUST0007174,Yuki,Williams,yuki.williams97@example.com,Australia,Corporate,2023-08-19,7425.99,Y
CUST0007175,Elizabeth,White,elizabeth.white857@example.com,Germany,Retail,2025-06-19,1009.16,Y
CUST0007176,Yuki,Lee,yuki.lee50@example.com,France,Retail,2024-04-27,3731.86,Y
CUST0007177,Mary,Garcia,mary.garcia934@example.com,Mexico,Retail,2023-10-25,24449.16,Y
CUST0007178,Priya,Scott,priya.scott587@example.com,Mexico,Corporate,2021-01-05,7857.91,Y
CUST0007179,Wei,Hernandez,wei.hernandez579@example.com,USA,E-Commerce,2026-02-14,1681.96,Y
CUST0007180,Wei,Williams,wei.williams614@example.com,UAE,Corporate,2024-05-25,3980.17,Y
CUST0007181,John,King,john.king274@example.com,China,Wholesale,2022-05-19,-1830.42,Y
CUST0007182,Patricia,Sanchez,patricia.sanchez970@example.com,Germany,VIP,2024-10-16,3134.44,Y
CUST0007183,Barbara,Jackson,barbara.jackson79@example.com,India,Retail,2019-01-06,8072.55,Y
CUST0007184,Sarah,Williams,sarah.williams832@example.com,Mexico,Corporate,2019-12-29,7875.08,Y
CUST0007185,Omar,Johnson,omar.johnson523@example.com,Japan,Retail,2022-06-01,1794.5,Y
CUST0007186,Richard,Garcia,richard.garcia781@example.com,Canada,Wholesale,2025-06-28,13269.57,Y
CUST0007187,Ingrid,Perez,ingrid.perez618@example.com,UK,VIP,2019-09-01,4989.41,Y
CUST0007188,David,Wilson,david.wilson248@example.com,Canada,Wholesale,2021-09-10,2889.57,Y
CUST0007189,Sakura,Rodriguez,sakura.rodriguez355@example.com,USA,Wholesale,2023-10-28,3985.13,Y
CUST0007190,Sofia,Davis,sofia.davis435@example.com,UK,Corporate,2025-11-04,5145.25,Y
CUST0007191,Thomas,Garcia,thomas.garcia195@example.com,France,Wholesale,2023-07-28,4603.66,Y
CUST0007192,Sakura,Gonzalez,sakura.gonzalez148@example.com,Germany,E-Commerce,2025-04-18,3831.6,Y
CUST0007193,Sakura,Taylor,sakura.taylor185@example.com,South Africa,Retail,2025-08-01,4015.31,Y
CUST0007194,Elizabeth,Smith,elizabeth.smith624@example.com,France,Wholesale,2018-05-23,1470.42,Y
CUST0007195,Jessica,Walker,jessica.walker268@example.com,Canada,E-Commerce,2025-04-14,8876.1,Y
CUST0007196,John,Jackson,john.jackson147@example.com,UAE,Retail,2025-06-06,4401.81,Y
CUST0007197,William,Perez,william.perez232@example.com,Singapore,Retail,2026-08-04,1202.52,Y
CUST0007198,Wei,Scott,wei.scott504@example.com,China,VIP,2025-12-02,7765.53,Y
CUST0007199,Priya,Jackson,priya.jackson688@example.com,Saudi Arabia,Wholesale,2023-06-25,13973.99,Y
CUST0007200,Wei,Robinson,wei.robinson153@example.com,Germany,VIP,2026-02-03,15216.35,Y
CUST0007201,Sofia,Jones,sofia.jones131@example.com,Brazil,Wholesale,2018-12-15,2802.39,Y
CUST0007202,Michael,Miller,michael.miller676@example.com,South Africa,Retail,2020-09-07,1228.12,Y
CUST0007203,Patricia,Miller,patricia.miller31@example.com,China,E-Commerce,2020-02-08,4153.2,Y
CUST0007204,Robert,Lopez,robert.lopez890@example.com,France,Corporate,2024-06-20,1097.35,Y
CUST0007205,Layla,Jackson,layla.jackson729@example.com,Mexico,Retail,2019-11-30,-14089.55,Y
CUST0007206,William,Lopez,william.lopez234@example.com,Singapore,Wholesale,2018-05-17,1514.13,Y
CUST0007207,Jessica,King,jessica.king771@example.com,UAE,Corporate,2018-08-31,1956.88,N
CUST0007208,Karen,Wilson,karen.wilson599@example.com,Singapore,Retail,2020-10-15,3109.74,Y
CUST0007209,Layla,Thompson,layla.thompson576@example.com,South Africa,Corporate,2023-10-28,2915.76,Y
CUST0007210,David,Davis,david.davis231@example.com,Canada,Corporate,2026-04-22,8415.51,Y
CUST0007211,William,Harris,william.harris666@example.com,USA,VIP,2018-01-27,3546.94,Y
CUST0007212,Susan,Lewis,susan.lewis70@example.com,UAE,Retail,2025-01-02,1436.28,Y
CUST0007213,Hans,Wright,hans.wright309@example.com,France,VIP,2024-02-09,2054.48,Y
CUST0007214,Jessica,Wright,jessica.wright4@example.com,Germany,Corporate,2025-02-26,4057.71,Y
CUST0007215,Hans,Anderson,hans.anderson557@example.com,Canada,Retail,2020-07-03,1297.64,Y
CUST0007216,Hans,Brown,hans.brown688@example.com,France,VIP,2020-12-27,5229.31,Y
CUST0007217,Karen,White,karen.white321@example.com,France,Retail,2022-12-06,4670.64,Y
CUST0007218,James,Smith,james.smith329@example.com,South Africa,Wholesale,2021-12-29,6771.11,Y
CUST0007219,Omar,King,omar.king134@example.com,Singapore,Wholesale,2020-12-16,14379.34,Y
CUST0007220,Michael,Davis,michael.davis798@example.com,Japan,Retail,2025-06-28,12666.58,Y
CUST0007221,Barbara,Anderson,barbara.anderson530@example.com,UAE,Retail,2019-07-13,15100.86,Y
CUST0007222,Liam,Moore,liam.moore504@example.com,China,VIP,2024-03-16,1903.3,Y
CUST0007223,Fatima,Allen,fatima.allen498@example.com,Mexico,E-Commerce,2020-06-16,1205.31,Y
CUST0007224,Mei,Ramirez,mei.ramirez789@example.com,France,Retail,2021-08-08,2299.66,Y
CUST0007225,Jessica,Wilson,jessica.wilson762@example.com,USA,Corporate,2018-03-08,11773.03,Y
CUST0007226,Carlos,Young,carlos.young63@example.com,Australia,Corporate,2020-05-23,18387.31,Y
CUST0007227,Joseph,Garcia,joseph.garcia103@example.com,Brazil,Retail,2026-01-22,10306.51,Y
CUST0007228,Jennifer,Miller,jennifer.miller987@example.com,Brazil,E-Commerce,2021-10-12,1082.77,Y
CUST0007229,Mary,Thomas,mary.thomas502@example.com,Germany,Retail,2020-02-19,15227.86,Y
CUST0007230,Patricia,Anderson,patricia.anderson500@example.com,China,VIP,2018-11-13,3252.67,N
CUST0007231,James,Wilson,james.wilson498@example.com,Brazil,Wholesale,2018-04-23,546.77,Y
CUST0007232,Liam,Rodriguez,liam.rodriguez901@example.com,USA,Retail,2021-03-20,3420.51,N
CUST0007233,Mei,King,mei.king133@example.com,USA,Corporate,2019-08-13,735.82,Y
CUST0007234,Priya,Lopez,priya.lopez849@example.com,France,Corporate,2025-10-08,4424.97,Y
CUST0007235,Karen,Ramirez,karen.ramirez573@example.com,France,Corporate,2020-09-25,2566.63,Y
CUST0007236,Ahmed,Brown,ahmed.brown787@example.com,India,E-Commerce,2019-07-05,3706.9,Y
CUST0007237,Mary,Perez,mary.perez734@example.com,South Africa,Wholesale,2022-04-25,5248.85,Y
CUST0007238,Hans,Davis,hans.davis133@example.com,USA,Corporate,2019-10-13,10655.2,N
CUST0007239,Robert,Thompson,robert.thompson489@example.com,Japan,VIP,2018-04-03,5922.09,Y
CUST0007240,Ahmed,Lee,ahmed.lee12@example.com,South Africa,VIP,2019-02-09,3346.24,Y
CUST0007241,Carlos,Wright,carlos.wright881@example.com,Saudi Arabia,E-Commerce,2021-02-11,9058.12,Y
CUST0007242,Ahmed,Lewis,ahmed.lewis762@example.com,Mexico,VIP,2018-11-22,12300.13,Y
CUST0007243,Hans,Taylor,hans.taylor302@example.com,UK,Retail,2021-07-12,1137.8,Y
CUST0007244,Mei,Garcia,mei.garcia998@example.com,South Africa,E-Commerce,2025-09-29,4295.72,Y
CUST0007245,Carlos,Walker,carlos.walker817@example.com,France,Retail,2024-04-29,2173.95,Y
CUST0007246,Patricia,Davis,patricia.davis747@example.com,India,Corporate,2021-07-18,741.02,Y
CUST0007247,Jessica,Williams,jessica.williams947@example.com,USA,Retail,2020-07-06,6021.34,Y
CUST0007248,Jennifer,Martin,jennifer.martin895@example.com,USA,E-Commerce,2026-04-10,10430.51,Y
CUST0007249,Patricia,Harris,patricia.harris646@example.com,China,Retail,2024-05-27,1389.07,Y
CUST0007250,Thomas,Moore,thomas.moore977@example.com,India,E-Commerce,2021-06-21,8867.58,Y
CUST0007251,James,Brown,,USA,E-Commerce,2018-06-03,10100.09,Y
CUST0007252,Carlos,Taylor,carlos.taylor870@example.com,UAE,E-Commerce,2024-12-27,12786.87,Y
CUST0007253,Layla,Wilson,layla.wilson303@example.com,Mexico,VIP,2022-12-11,2041.36,Y
CUST0007254,Mei,Clark,mei.clark20@example.com,France,VIP,2024-07-07,12214.59,Y
CUST0007255,Charles,Sanchez,charles.sanchez436@example.com,UK,E-Commerce,2022-12-22,2433.19,Y
CUST0007256,Jennifer,Gonzalez,jennifer.gonzalez544@example.com,USA,Corporate,2024-10-03,4518.58,Y
CUST0007257,Jennifer,Garcia,jennifer.garcia520@example.com,Canada,Wholesale,2025-06-27,759.14,Y
CUST0007258,Raj,Thompson,raj.thompson182@example.com,Australia,E-Commerce,2018-09-03,724.36,Y
CUST0007259,Linda,White,linda.white580@example.com,UAE,VIP,2018-04-03,6871.5,Y
CUST0007260,Michael,Perez,michael.perez963@example.com,USA,Corporate,2018-10-17,3439.25,Y
CUST0007261,Thomas,Jones,thomas.jones648@example.com,India,E-Commerce,2023-05-25,1980.54,N
CUST0007262,Yuki,Harris,yuki.harris900@example.com,Germany,Retail,2025-01-07,1556.16,Y
CUST0007263,Joseph,Hernandez,joseph.hernandez718@example.com,Germany,Retail,2024-07-19,6042.61,Y
CUST0007264,Yuki,Brown,yuki.brown167@example.com,UAE,E-Commerce,2022-03-20,502.01,Y
CUST0007265,Omar,Taylor,,France,E-Commerce,2022-04-05,8696.68,Y
CUST0007266,Charles,White,charles.white780@example.com,Australia,VIP,2024-10-22,912.83,N
CUST0007267,Barbara,Taylor,barbara.taylor700@example.com,France,Retail,2025-06-13,1562.81,Y
CUST0007268,Barbara,,barbara.allen917@example.com,Saudi Arabia,Retail,2018-12-27,2940.73,Y
CUST0007269,Jessica,Lewis,jessica.lewis648@example.com,UK,E-Commerce,2026-05-14,3816.57,Y
CUST0007270,Sarah,Young,sarah.young956@example.com,Mexico,VIP,2025-12-19,2692.49,Y
CUST0007271,Ingrid,Lee,ingrid.lee589@example.com,Canada,E-Commerce,2021-05-11,2433.55,N
CUST0007272,Karen,Johnson,karen.johnson911@example.com,USA,VIP,2025-05-29,17109.53,Y
CUST0007273,Fatima,Wright,fatima.wright262@example.com,South Africa,Corporate,2020-08-19,5630.24,Y
CUST0007274,Elizabeth,Jackson,elizabeth.jackson574@example.com,Mexico,VIP,2023-07-18,618.56,Y
CUST0007275,Yuki,Thomas,yuki.thomas490@example.com,India,Corporate,2022-09-09,3312.14,Y
CUST0007276,Yuki,Wilson,yuki.wilson464@example.com,Japan,Retail,2021-08-10,10897.56,Y
CUST0007277,Elizabeth,Thompson,elizabeth.thompson115@example.com,Brazil,Retail,2024-01-13,2293.79,Y
CUST0007278,Sofia,Rodriguez,sofia.rodriguez868@example.com,Japan,VIP,2023-01-03,996.65,Y
CUST0007279,Sofia,Robinson,sofia.robinson443@example.com,India,Corporate,2026-06-14,7602.04,Y
CUST0007280,Jennifer,Davis,jennifer.davis616@example.com,Germany,E-Commerce,2019-11-02,5157.2,Y
CUST0007281,Thomas,Rodriguez,thomas.rodriguez351@example.com,Brazil,VIP,2020-05-12,4723.49,Y
CUST0007282,Sofia,Young,sofia.young866@example.com,South Africa,Retail,2023-12-15,775.33,Y
CUST0007283,Carlos,Lewis,carlos.lewis327@example.com,Brazil,Retail,2018-04-18,1257.02,Y
CUST0007284,Sofia,Wilson,sofia.wilson816@example.com,South Africa,VIP,2025-04-25,5371.58,Y
CUST0007285,Carlos,Young,carlos.young48@example.com,Australia,E-Commerce,2021-02-10,1664.86,Y
CUST0007286,Yuki,Walker,yuki.walker939@example.com,Singapore,Retail,2021-01-17,4006.6,Y
CUST0007287,Hans,Robinson,hans.robinson968@example.com,South Africa,Retail,2019-07-07,4435.99,N
CUST0007288,Mary,Garcia,mary.garcia369@example.com,UAE,E-Commerce,2020-11-14,2166.94,Y
CUST0007289,Robert,Wright,robert.wright329@example.com,China,E-Commerce,2019-06-26,15323.61,Y
CUST0007290,Susan,Young,susan.young265@example.com,South Africa,E-Commerce,2026-05-15,9740.51,Y
CUST0007291,Wei,Perez,wei.perez751@example.com,UAE,Corporate,2022-05-18,6907.39,N
CUST0007292,Carlos,Wilson,carlos.wilson248@example.com,Singapore,E-Commerce,2025-09-26,906.02,Y
CUST0007293,Barbara,Smith,barbara.smith726@example.com,South Africa,E-Commerce,2018-04-19,1060.97,N
CUST0007294,Fatima,Wilson,,USA,Corporate,2019-10-20,3894.07,Y
CUST0007295,Yuki,Rodriguez,yuki.rodriguez541@example.com,Australia,Wholesale,2023-04-29,1376.01,Y
CUST0007296,Ahmed,Allen,ahmed.allen902@example.com,Japan,Corporate,2018-09-04,19644.26,N
CUST0007297,Olivia,Moore,olivia.moore862@example.com,Singapore,Wholesale,2026-04-01,1362.97,Y
CUST0007298,Sofia,Sanchez,sofia.sanchez24@example.com,Germany,Corporate,2022-10-02,3841.96,Y
CUST0007299,Liam,Johnson,liam.johnson807@example.com,Australia,Wholesale,2023-03-19,2763.74,Y
CUST0007300,Karen,Taylor,karen.taylor554@example.com,UK,VIP,2021-03-15,5599.74,Y
CUST0007301,Mei,Williams,mei.williams58@example.com,China,VIP,2022-06-19,1190.78,Y
CUST0007302,Sofia,Thompson,sofia.thompson230@example.com,China,Corporate,2023-03-28,3313.37,Y
CUST0007303,Thomas,Rodriguez,thomas.rodriguez285@example.com,China,Retail,2022-09-17,2105.88,N
CUST0007304,John,Davis,john.davis399@example.com,Germany,Corporate,2024-07-11,11435.2,Y
CUST0007305,Yuki,Lopez,yuki.lopez352@example.com,Brazil,Wholesale,2021-11-11,707.16,Y
CUST0007306,Raj,Jones,raj.jones358@example.com,India,VIP,2023-05-06,12751.22,Y
CUST0007307,Yuki,Allen,yuki.allen146@example.com,Germany,Retail,2023-05-13,9448.63,Y
CUST0007308,Mary,King,mary.king65@example.com,Germany,Wholesale,2026-06-17,2266.05,Y
CUST0007309,Karen,Johnson,karen.johnson145@example.com,Germany,Corporate,2021-05-12,8286.38,Y
CUST0007310,Sofia,Lopez,sofia.lopez777@example.com,Saudi Arabia,E-Commerce,2024-12-28,658.56,Y
CUST0007311,Olivia,Smith,olivia.smith93@example.com,Mexico,Corporate,2025-07-18,17535.91,Y
CUST0007312,Wei,Davis,wei.davis121@example.com,Australia,Wholesale,2024-06-02,4239.02,Y
CUST0007313,Carlos,Taylor,carlos.taylor41@example.com,Germany,Retail,2019-03-15,2306.87,Y
CUST0007314,Olivia,Robinson,olivia.robinson614@example.com,South Africa,Retail,2020-12-13,-2751.66,Y
CUST0007315,Wei,Thompson,wei.thompson99@example.com,Canada,Wholesale,2018-04-23,843.56,Y
CUST0007316,Joseph,Brown,joseph.brown377@example.com,Brazil,Corporate,2022-11-06,23210.75,Y
CUST0007317,Thomas,Martinez,thomas.martinez223@example.com,Brazil,E-Commerce,2020-02-13,700.42,Y
CUST0007318,Susan,Walker,susan.walker366@example.com,South Africa,E-Commerce,2019-10-14,5819.71,Y
CUST0007319,Karen,Harris,karen.harris249@example.com,China,Corporate,2020-09-15,3423.58,Y
CUST0007320,Olivia,Lee,olivia.lee55@example.com,Mexico,Wholesale,2018-02-09,15371.44,Y
CUST0007321,Barbara,Lewis,barbara.lewis487@example.com,Saudi Arabia,Wholesale,2025-09-01,1911.81,Y
CUST0007322,Ingrid,Wilson,ingrid.wilson834@example.com,Canada,Corporate,2019-10-11,4297.36,Y
CUST0007323,Fatima,Thompson,fatima.thompson203@example.com,UK,Corporate,2022-12-22,3792.34,Y
CUST0007324,Elizabeth,Moore,elizabeth.moore883@example.com,Singapore,E-Commerce,2025-07-30,6567.87,Y
CUST0007325,Omar,Thomas,omar.thomas708@example.com,China,Wholesale,2022-06-05,852.17,N
CUST0007326,Ingrid,Young,ingrid.young604@example.com,South Africa,Wholesale,2026-03-25,1577.05,Y
CUST0007327,Layla,Moore,layla.moore882@example.com,Brazil,Retail,2019-12-04,1707.59,Y
CUST0007328,Sofia,Lewis,sofia.lewis170@example.com,Japan,Corporate,2023-05-21,7199.93,Y
CUST0007329,Liam,Harris,liam.harris942@example.com,Brazil,Retail,2018-08-02,1548.29,Y
CUST0007330,Hans,Harris,hans.harris722@example.com,Singapore,Wholesale,2024-09-10,4760.62,Y
CUST0007331,Raj,Lee,raj.lee188@example.com,Singapore,E-Commerce,2019-02-15,1711.91,Y
CUST0007332,Sakura,Anderson,sakura.anderson77@example.com,Australia,VIP,2018-07-25,10388.94,Y
CUST0007333,Charles,Johnson,charles.johnson271@example.com,Canada,Retail,2023-02-28,14752.57,Y
CUST0007334,John,Rodriguez,john.rodriguez610@example.com,Saudi Arabia,E-Commerce,2020-10-18,4154.17,Y
CUST0007335,Jessica,Robinson,jessica.robinson58@example.com,South Africa,Wholesale,2022-09-26,2671.71,Y
CUST0007336,Layla,Miller,layla.miller299@example.com,Brazil,Corporate,2020-06-28,1833.24,Y
CUST0007337,Ahmed,Johnson,ahmed.johnson81@example.com,Brazil,Wholesale,2022-02-24,755.31,Y
CUST0007338,John,Garcia,john.garcia32@example.com,South Africa,Retail,2026-01-25,2063.29,Y
CUST0007339,Karen,White,karen.white406@example.com,China,Wholesale,2019-01-11,5809.99,Y
CUST0007340,Yuki,Brown,yuki.brown712@example.com,USA,Retail,2025-06-13,4313.74,Y
CUST0007341,Sarah,Gonzalez,sarah.gonzalez95@example.com,South Africa,Corporate,2022-01-12,14915.7,Y
CUST0007342,Mary,Young,mary.young239@example.com,USA,Wholesale,2019-03-01,3023.2,Y
CUST0007343,Hans,Wilson,hans.wilson465@example.com,Germany,Wholesale,2024-09-05,6418.62,Y
CUST0007344,Robert,Garcia,robert.garcia862@example.com,South Africa,Retail,2019-02-05,3860.09,Y
CUST0007345,Charles,Hernandez,charles.hernandez424@example.com,UK,Retail,2024-03-09,4093.11,Y
CUST0007346,David,Hernandez,david.hernandez973@example.com,Mexico,E-Commerce,2018-03-05,2058.33,N
CUST0007347,Carlos,Jones,carlos.jones214@example.com,Japan,Corporate,2021-10-02,3534.4,Y
CUST0007348,Sofia,,sofia.sanchez55@example.com,UK,E-Commerce,2018-12-15,3681.8,N
CUST0007349,Sarah,Thomas,sarah.thomas350@example.com,Japan,Retail,2021-02-07,-6631.82,Y
CUST0007350,Jennifer,Jones,jennifer.jones850@example.com,Japan,Retail,2018-05-14,14620.67,N
CUST0007351,Fatima,Brown,,South Africa,E-Commerce,2026-05-16,2497.33,Y
CUST0007352,John,Davis,john.davis586@example.com,UAE,VIP,2025-01-12,715.58,Y
CUST0007353,Elizabeth,Walker,elizabeth.walker416@example.com,Brazil,Wholesale,2025-11-18,3928.82,Y
CUST0007354,Sakura,Young,sakura.young622@example.com,India,Corporate,2018-07-23,4431.37,Y
CUST0007355,Thomas,Allen,thomas.allen863@example.com,South Africa,E-Commerce,2022-03-21,1422.26,Y
CUST0007356,Yuki,Thompson,yuki.thompson9@example.com,Singapore,E-Commerce,2019-11-24,7645.27,Y
CUST0007357,Priya,Taylor,,USA,Corporate,2024-08-16,21474.95,Y
CUST0007358,Omar,Clark,omar.clark776@example.com,Canada,Corporate,2021-10-14,15073.04,Y
CUST0007359,Michael,King,michael.king164@example.com,China,Corporate,2019-03-24,1597.66,Y
CUST0007360,Karen,Scott,karen.scott572@example.com,Singapore,Retail,2022-04-17,10911.76,Y
CUST0007361,Olivia,Johnson,olivia.johnson970@example.com,Canada,VIP,2023-08-07,6595.32,Y
CUST0007362,Fatima,Thompson,fatima.thompson933@example.com,China,Retail,2024-03-30,3524.28,Y
CUST0007363,Sakura,Scott,sakura.scott391@example.com,Singapore,E-Commerce,2018-07-11,4389.29,Y
CUST0007364,Charles,Garcia,,France,E-Commerce,2026-05-17,9972.29,Y
CUST0007365,Thomas,Martinez,thomas.martinez767@example.com,India,Corporate,2025-01-21,3770.93,Y
CUST0007366,Liam,Brown,liam.brown717@example.com,UAE,Retail,2018-09-23,2835.7,Y
CUST0007367,Linda,Anderson,linda.anderson449@example.com,Australia,VIP,2025-05-18,3898.66,Y
CUST0007368,Barbara,Clark,barbara.clark523@example.com,France,VIP,2022-12-25,4827.15,Y
CUST0007369,Elizabeth,Taylor,elizabeth.taylor65@example.com,India,VIP,2025-06-18,1547.91,Y
CUST0007370,Charles,Martinez,charles.martinez896@example.com,South Africa,Retail,2022-12-29,12058.52,N
CUST0007371,Liam,Garcia,liam.garcia450@example.com,Australia,Retail,2018-06-30,6107.16,Y
CUST0007372,John,Taylor,john.taylor226@example.com,India,E-Commerce,2024-06-20,5515.63,Y
CUST0007373,Joseph,Robinson,joseph.robinson401@example.com,India,Retail,2025-08-30,1024.0,Y
CUST0007374,Thomas,Davis,thomas.davis887@example.com,China,Retail,2021-08-13,5133.9,Y
CUST0007375,Sakura,Ramirez,sakura.ramirez15@example.com,Canada,Corporate,2021-11-25,1144.63,Y
CUST0007376,Linda,Wright,linda.wright902@example.com,USA,Retail,2023-01-13,909.84,N
CUST0007377,Olivia,Taylor,olivia.taylor184@example.com,Japan,E-Commerce,2022-02-15,4246.59,Y
CUST0007378,Sofia,Miller,sofia.miller543@example.com,Australia,Corporate,2023-06-03,3077.39,Y
CUST0007379,Robert,Ramirez,robert.ramirez439@example.com,China,Wholesale,2025-09-19,4943.5,Y
CUST0007380,David,Lopez,david.lopez567@example.com,Saudi Arabia,Wholesale,2021-05-11,967.28,Y
CUST0007381,Linda,Taylor,linda.taylor211@example.com,USA,VIP,2019-09-11,3319.23,Y
CUST0007382,David,Lewis,david.lewis975@example.com,UK,E-Commerce,2024-12-23,1460.57,Y
CUST0007383,Joseph,Gonzalez,joseph.gonzalez433@example.com,Singapore,Corporate,2021-02-22,22252.67,Y
CUST0007384,Patricia,King,patricia.king695@example.com,Brazil,Retail,2019-11-30,4617.99,Y
CUST0007385,Robert,Thompson,robert.thompson608@example.com,Brazil,E-Commerce,2021-03-19,6314.74,Y
CUST0007386,Priya,Wright,priya.wright882@example.com,Japan,Retail,2019-01-07,2468.31,Y
CUST0007387,David,Perez,david.perez774@example.com,India,Wholesale,2018-09-07,997.66,Y
CUST0007388,Carlos,Miller,carlos.miller761@example.com,USA,VIP,2024-01-20,19121.68,Y
CUST0007389,Wei,Young,wei.young844@example.com,Australia,Retail,2018-10-14,2186.18,Y
CUST0007390,David,Brown,david.brown753@example.com,Australia,Corporate,2026-01-21,3256.57,Y
CUST0007391,Patricia,Anderson,,UAE,E-Commerce,2024-12-10,5747.17,Y
CUST0007392,Michael,Lee,michael.lee127@example.com,India,Corporate,2022-04-01,625.04,Y
CUST0007393,Sofia,Clark,sofia.clark156@example.com,Brazil,Corporate,2021-11-23,8810.48,Y
CUST0007394,Priya,Gonzalez,priya.gonzalez396@example.com,Singapore,Retail,2019-06-28,4345.59,Y
CUST0007395,Jessica,Harris,jessica.harris526@example.com,China,Wholesale,2019-08-15,2130.15,Y
CUST0007396,Elizabeth,Lopez,elizabeth.lopez335@example.com,Singapore,E-Commerce,2022-01-12,817.94,Y
CUST0007397,Olivia,Johnson,olivia.johnson397@example.com,Brazil,E-Commerce,2018-03-17,1386.66,Y
CUST0007398,Olivia,Robinson,olivia.robinson840@example.com,Germany,VIP,2023-08-02,11770.59,N
CUST0007399,Liam,Gonzalez,liam.gonzalez652@example.com,South Africa,E-Commerce,2019-04-26,6292.2,Y
CUST0007400,Patricia,Smith,patricia.smith448@example.com,India,E-Commerce,2024-01-21,1937.76,Y
CUST0007401,Charles,Thomas,charles.thomas873@example.com,Mexico,VIP,2020-08-05,839.26,N
CUST0007402,James,Moore,james.moore441@example.com,USA,Wholesale,2025-11-13,6365.85,Y
CUST0007403,Carlos,Smith,carlos.smith726@example.com,Japan,VIP,2025-10-23,4747.93,Y
CUST0007404,Sakura,Williams,sakura.williams394@example.com,France,VIP,2025-08-30,3091.93,Y
CUST0007405,Mei,Smith,mei.smith292@example.com,France,Corporate,2024-11-06,2759.73,N
CUST0007406,Ahmed,Scott,ahmed.scott842@example.com,Germany,Retail,2020-12-12,1721.93,Y
CUST0007407,William,Young,william.young671@example.com,Japan,VIP,2018-04-07,6037.43,Y
CUST0007408,Ingrid,Ramirez,ingrid.ramirez270@example.com,UAE,Retail,2020-02-10,18145.39,Y
CUST0007409,Patricia,Lee,,Australia,Retail,2019-04-30,1466.2,Y
CUST0007410,Liam,Lee,liam.lee938@example.com,China,E-Commerce,2021-05-08,5045.54,Y
CUST0007411,Liam,Allen,liam.allen794@example.com,USA,VIP,2021-03-04,3259.84,Y
CUST0007412,Karen,Johnson,karen.johnson392@example.com,UK,VIP,2019-11-06,3459.17,Y
CUST0007413,James,Lewis,james.lewis168@example.com,UAE,E-Commerce,2020-07-05,1966.14,Y
CUST0007414,Mei,Rodriguez,mei.rodriguez986@example.com,Japan,E-Commerce,2018-10-26,9218.7,Y
CUST0007415,Mei,Brown,mei.brown120@example.com,Germany,E-Commerce,2019-10-06,3820.42,Y
CUST0007416,Jennifer,Garcia,jennifer.garcia821@example.com,China,VIP,2023-09-21,4419.8,Y
CUST0007417,Wei,Smith,wei.smith737@example.com,UAE,Retail,2020-05-03,2317.5,N
CUST0007418,Linda,King,linda.king651@example.com,France,Retail,2023-10-02,1503.29,Y
CUST0007419,Jennifer,Jackson,jennifer.jackson105@example.com,UK,Retail,2025-12-31,949.13,N
CUST0007420,James,Young,james.young265@example.com,Australia,Retail,2021-01-30,6760.9,Y
CUST0007421,Mei,Jones,mei.jones340@example.com,India,VIP,2024-10-08,1592.24,N
CUST0007422,Susan,Wilson,susan.wilson822@example.com,Saudi Arabia,Wholesale,2023-04-21,6357.13,Y
CUST0007423,Elizabeth,Harris,elizabeth.harris576@example.com,Brazil,VIP,2020-12-22,2974.57,Y
CUST0007424,Omar,Robinson,omar.robinson858@example.com,Brazil,Wholesale,2018-06-22,3187.34,Y
CUST0007425,Elizabeth,White,elizabeth.white183@example.com,Singapore,Wholesale,2024-10-04,3666.64,Y
CUST0007426,Patricia,White,patricia.white423@example.com,Germany,Corporate,2018-07-05,2792.02,Y
CUST0007427,Elizabeth,Martin,elizabeth.martin850@example.com,Singapore,Retail,2020-04-13,1030.25,Y
CUST0007428,Karen,Garcia,karen.garcia141@example.com,Australia,E-Commerce,2024-01-02,2352.65,N
CUST0007429,John,Anderson,john.anderson916@example.com,India,Corporate,2024-06-27,5949.27,Y
CUST0007430,Richard,Ramirez,richard.ramirez305@example.com,Germany,Corporate,2021-12-04,5979.84,Y
CUST0007431,Richard,Garcia,richard.garcia674@example.com,France,E-Commerce,2025-10-09,2185.93,N
CUST0007432,Sarah,White,sarah.white976@example.com,India,VIP,2026-07-13,3581.88,Y
CUST0007433,Robert,Wright,robert.wright598@example.com,UAE,Retail,2021-04-17,1574.93,Y
CUST0007434,Joseph,Miller,joseph.miller547@example.com,China,VIP,2024-03-05,1680.97,Y
CUST0007435,Carlos,Anderson,carlos.anderson246@example.com,Australia,Retail,2019-06-12,616.58,Y
CUST0007436,Sarah,Martinez,sarah.martinez830@example.com,Singapore,Wholesale,2020-09-12,11852.84,Y
CUST0007437,Layla,King,layla.king647@example.com,Saudi Arabia,Wholesale,2019-03-01,1683.09,Y
CUST0007438,Raj,Smith,raj.smith787@example.com,UK,E-Commerce,2018-04-21,1790.84,Y
CUST0007439,Elizabeth,Young,elizabeth.young17@example.com,France,Retail,2018-04-10,2139.75,Y
CUST0007440,Jessica,Wright,jessica.wright939@example.com,India,Corporate,2022-10-23,1181.44,Y
CUST0007441,Ingrid,Williams,ingrid.williams832@example.com,China,Wholesale,2022-05-12,5598.03,Y
CUST0007442,David,Robinson,david.robinson323@example.com,China,VIP,2024-10-18,890.58,Y
CUST0007443,Sofia,Gonzalez,sofia.gonzalez424@example.com,Japan,Retail,2022-01-01,1220.52,Y
CUST0007444,Sakura,Gonzalez,sakura.gonzalez543@example.com,USA,VIP,2023-11-24,5674.76,N
CUST0007445,Elizabeth,Gonzalez,elizabeth.gonzalez195@example.com,South Africa,Retail,2024-04-30,2575.01,Y
CUST0007446,Jennifer,Wright,jennifer.wright174@example.com,France,Corporate,2023-08-10,6654.11,Y
CUST0007447,Ingrid,White,ingrid.white102@example.com,Japan,Corporate,2019-07-22,4575.72,Y
CUST0007448,Omar,Clark,omar.clark860@example.com,Germany,Corporate,2023-03-01,1978.71,Y
CUST0007449,Barbara,Allen,barbara.allen665@example.com,Australia,Retail,2022-10-02,5760.95,Y
CUST0007450,Raj,Smith,raj.smith15@example.com,India,Corporate,2023-08-28,1118.04,Y
CUST0007451,Layla,Jones,layla.jones897@example.com,South Africa,Wholesale,2023-06-16,4343.78,Y
CUST0007452,Karen,Hernandez,karen.hernandez379@example.com,UK,VIP,2025-07-15,3373.69,Y
CUST0007453,Ahmed,Allen,ahmed.allen952@example.com,USA,Corporate,2024-02-15,2059.01,Y
CUST0007454,Hans,Rodriguez,hans.rodriguez161@example.com,Australia,E-Commerce,2019-02-18,5131.77,Y
CUST0007455,Ingrid,Lewis,ingrid.lewis9@example.com,Germany,Retail,2018-06-19,10752.66,Y
CUST0007456,Layla,Wilson,layla.wilson271@example.com,Japan,Retail,2024-12-05,34583.63,Y
CUST0007457,Wei,Taylor,wei.taylor264@example.com,South Africa,VIP,2023-02-11,5179.44,Y
CUST0007458,Robert,Moore,robert.moore919@example.com,Japan,Wholesale,2020-02-28,3093.5,Y
CUST0007459,Ahmed,Wright,ahmed.wright387@example.com,South Africa,Corporate,2026-04-04,1775.8,Y
CUST0007460,Raj,Brown,raj.brown188@example.com,Canada,Wholesale,2018-10-15,1985.94,Y
CUST0007461,Omar,Johnson,omar.johnson433@example.com,Mexico,Corporate,2026-05-21,3764.39,Y
CUST0007462,Karen,Brown,karen.brown328@example.com,South Africa,VIP,2024-06-25,2788.62,Y
CUST0007463,Karen,Anderson,karen.anderson656@example.com,USA,VIP,2023-08-05,12756.27,Y
CUST0007464,James,Wilson,james.wilson456@example.com,Japan,Wholesale,2025-03-16,2796.67,Y
CUST0007465,Jessica,Lewis,jessica.lewis110@example.com,UK,Corporate,2026-03-30,2837.59,Y
CUST0007466,Layla,King,layla.king509@example.com,USA,E-Commerce,2018-11-25,2918.76,Y
CUST0007467,Ahmed,Young,ahmed.young554@example.com,Australia,Retail,2020-08-20,9558.39,Y
CUST0007468,Hans,Gonzalez,hans.gonzalez732@example.com,Canada,E-Commerce,2019-11-16,5760.39,N
CUST0007469,Linda,Walker,linda.walker685@example.com,UAE,Corporate,2019-07-18,5261.78,Y
CUST0007470,Sarah,Taylor,sarah.taylor253@example.com,Germany,Retail,2023-07-28,2533.4,N
CUST0007471,David,Lewis,david.lewis232@example.com,Mexico,Retail,2021-12-12,9016.11,Y
CUST0007472,Yuki,Clark,yuki.clark446@example.com,UK,Retail,2023-12-03,695.6,Y
CUST0007473,James,Lewis,james.lewis534@example.com,France,Corporate,2020-11-02,10731.86,Y
CUST0007474,Linda,Perez,linda.perez453@example.com,China,E-Commerce,2022-07-23,4094.89,N
CUST0007475,William,Davis,william.davis615@example.com,Brazil,Corporate,2023-09-25,3039.57,Y
CUST0007476,Sofia,Perez,sofia.perez647@example.com,UK,E-Commerce,2021-11-08,3937.49,Y
CUST0007477,Karen,Martinez,karen.martinez270@example.com,UAE,VIP,2022-09-25,6004.31,Y
CUST0007478,Barbara,Lopez,barbara.lopez587@example.com,Brazil,Retail,2023-03-13,564.24,Y
CUST0007479,Carlos,Walker,carlos.walker631@example.com,France,Retail,2022-11-11,10761.15,Y
CUST0007480,Michael,Lee,michael.lee793@example.com,France,Retail,2020-07-21,3459.63,Y
CUST0007481,Hans,Anderson,hans.anderson571@example.com,India,VIP,2023-11-23,2600.1,Y
CUST0007482,Jessica,Rodriguez,jessica.rodriguez823@example.com,Germany,VIP,2025-06-22,1243.92,Y
CUST0007483,Layla,Harris,layla.harris142@example.com,UK,E-Commerce,2025-04-03,3394.32,Y
CUST0007484,Sofia,Allen,sofia.allen758@example.com,India,Wholesale,2024-04-25,3929.1,Y
CUST0007485,Sofia,Garcia,sofia.garcia62@example.com,Germany,E-Commerce,2022-07-03,3084.61,Y
CUST0007486,Sarah,Scott,sarah.scott54@example.com,Japan,E-Commerce,2020-04-02,6176.28,Y
CUST0007487,Jennifer,Martin,jennifer.martin853@example.com,Saudi Arabia,VIP,2019-10-22,3231.37,Y
CUST0007488,Yuki,Anderson,yuki.anderson642@example.com,UAE,Retail,2025-04-06,16774.79,Y
CUST0007489,Patricia,,patricia.jones153@example.com,Singapore,Corporate,2022-08-17,5072.43,Y
CUST0007490,Raj,Williams,raj.williams600@example.com,Saudi Arabia,Corporate,2018-11-06,8737.72,Y
CUST0007491,Robert,Garcia,robert.garcia7@example.com,USA,VIP,2019-03-12,1079.05,Y
CUST0007492,Wei,Lee,wei.lee317@example.com,UAE,E-Commerce,2026-01-29,3031.61,Y
CUST0007493,Patricia,Miller,patricia.miller486@example.com,South Africa,VIP,2021-01-05,2553.75,Y
CUST0007494,William,Young,william.young745@example.com,France,Wholesale,2018-01-18,4713.84,N
CUST0007495,Ahmed,Lopez,ahmed.lopez842@example.com,Mexico,Wholesale,2021-10-24,10370.49,Y
CUST0007496,Olivia,Allen,olivia.allen957@example.com,South Africa,Corporate,2025-09-12,907.88,N
CUST0007497,Richard,Brown,richard.brown512@example.com,Saudi Arabia,Wholesale,2019-10-09,876.72,Y
CUST0007498,Priya,White,priya.white841@example.com,Saudi Arabia,Corporate,2024-05-21,9996.2,Y
CUST0007499,Robert,Lewis,robert.lewis61@example.com,Australia,VIP,2025-08-12,1696.68,Y
CUST0007500,John,Davis,john.davis834@example.com,China,Retail,2020-05-24,6024.46,Y
CUST0007501,Thomas,Smith,,UK,E-Commerce,2018-05-18,4414.03,N
CUST0007502,Carlos,Moore,carlos.moore181@example.com,UK,Corporate,2022-09-19,9445.62,N
CUST0007503,Thomas,Thomas,thomas.thomas318@example.com,Singapore,VIP,2025-04-01,1168.17,Y
CUST0007504,Carlos,Perez,carlos.perez144@example.com,South Africa,Corporate,2025-07-22,1195.06,Y
CUST0007505,Wei,Brown,wei.brown868@example.com,UAE,Wholesale,2021-03-11,4568.88,Y
CUST0007506,Sakura,Taylor,sakura.taylor82@example.com,Canada,Corporate,2018-03-02,15129.04,Y
CUST0007507,Mei,Thompson,mei.thompson197@example.com,Mexico,VIP,2024-01-11,3180.7,Y
CUST0007508,Fatima,Thompson,fatima.thompson614@example.com,Australia,VIP,2023-07-15,2479.62,N
CUST0007509,Barbara,Brown,barbara.brown267@example.com,Mexico,Retail,2025-07-20,5165.78,Y
CUST0007510,Ahmed,Hernandez,ahmed.hernandez986@example.com,Saudi Arabia,VIP,2026-04-10,13828.45,Y
CUST0007511,David,Anderson,david.anderson51@example.com,Saudi Arabia,Retail,2022-06-24,9567.81,N
CUST0007512,Sarah,Anderson,sarah.anderson21@example.com,South Africa,Wholesale,2025-01-12,27500.21,N
CUST0007513,William,Young,william.young469@example.com,Mexico,E-Commerce,2021-04-22,614.14,Y
CUST0007514,Charles,Anderson,charles.anderson234@example.com,Saudi Arabia,Wholesale,2024-08-26,1098.75,Y
CUST0007515,Wei,Robinson,wei.robinson538@example.com,India,Corporate,2025-10-10,5201.22,Y
CUST0007516,Charles,Brown,charles.brown303@example.com,Singapore,Corporate,2023-02-05,9090.03,Y
CUST0007517,Priya,Moore,priya.moore936@example.com,Brazil,Corporate,2019-09-08,2179.07,Y
CUST0007518,Omar,Wilson,omar.wilson678@example.com,Saudi Arabia,E-Commerce,2019-02-25,1867.0,Y
CUST0007519,James,Clark,james.clark462@example.com,Australia,Retail,2018-03-31,8231.75,Y
CUST0007520,Hans,Scott,hans.scott299@example.com,France,Wholesale,2024-11-18,790.17,Y
CUST0007521,Jessica,Jones,jessica.jones389@example.com,Australia,E-Commerce,2019-06-22,2805.28,Y
CUST0007522,Omar,Rodriguez,omar.rodriguez434@example.com,UAE,VIP,2021-11-29,4024.17,N
CUST0007523,Yuki,Brown,yuki.brown991@example.com,South Africa,Wholesale,2021-03-10,4608.87,Y
CUST0007524,John,Smith,john.smith351@example.com,Australia,E-Commerce,2023-04-08,7021.09,Y
CUST0007525,Jennifer,White,jennifer.white786@example.com,Singapore,VIP,2026-05-03,2691.33,Y
CUST0007526,Thomas,Thompson,thomas.thompson914@example.com,India,E-Commerce,2019-04-25,5242.58,Y
CUST0007527,Joseph,Jackson,joseph.jackson210@example.com,South Africa,E-Commerce,2021-02-01,4901.91,Y
CUST0007528,Ingrid,Johnson,ingrid.johnson527@example.com,Saudi Arabia,Retail,2022-08-25,4466.12,Y
CUST0007529,Susan,Jones,susan.jones963@example.com,Mexico,Wholesale,2024-08-17,5614.97,Y
CUST0007530,Charles,Thomas,charles.thomas331@example.com,South Africa,Corporate,2024-01-21,2001.81,Y
CUST0007531,Sarah,Lee,sarah.lee635@example.com,USA,Corporate,2020-05-07,942.24,N
CUST0007532,Linda,Martinez,linda.martinez536@example.com,UK,Retail,2025-02-22,1135.03,Y
CUST0007533,John,Lopez,john.lopez403@example.com,France,Wholesale,2019-01-23,1771.77,N
CUST0007534,Omar,Garcia,omar.garcia328@example.com,France,E-Commerce,2023-07-24,3967.72,N
CUST0007535,Omar,Wilson,omar.wilson786@example.com,China,Corporate,2018-08-01,9676.76,Y
CUST0007536,Mei,Johnson,mei.johnson455@example.com,USA,VIP,2022-02-28,6541.47,N
CUST0007537,Mary,Sanchez,mary.sanchez956@example.com,UK,Corporate,2025-07-02,8280.45,Y
CUST0007538,Hans,Sanchez,hans.sanchez184@example.com,South Africa,E-Commerce,2026-01-02,2661.43,Y
CUST0007539,Richard,Rodriguez,richard.rodriguez438@example.com,UAE,Corporate,2019-09-19,3093.06,Y
CUST0007540,Sakura,King,sakura.king54@example.com,France,Corporate,2018-06-14,3001.75,Y
CUST0007541,Jessica,Lewis,jessica.lewis619@example.com,South Africa,VIP,2023-08-05,1565.18,Y
CUST0007542,Fatima,Hernandez,fatima.hernandez718@example.com,Australia,Wholesale,2024-12-15,815.85,Y
CUST0007543,Sofia,Gonzalez,sofia.gonzalez399@example.com,Brazil,Retail,2023-10-28,4969.17,Y
CUST0007544,Sarah,Moore,sarah.moore111@example.com,Singapore,VIP,2024-02-12,23148.78,Y
CUST0007545,Omar,White,omar.white464@example.com,Mexico,VIP,2019-09-22,1412.59,Y
CUST0007546,Priya,Martinez,priya.martinez761@example.com,Brazil,Retail,2019-02-17,739.05,Y
CUST0007547,Wei,Miller,wei.miller324@example.com,Brazil,VIP,2021-07-08,8060.01,Y
CUST0007548,Charles,Lewis,charles.lewis873@example.com,Saudi Arabia,VIP,2026-04-24,1955.68,N
CUST0007549,Michael,White,michael.white659@example.com,UAE,Wholesale,2020-03-01,9349.32,N
CUST0007550,John,Lewis,john.lewis588@example.com,Saudi Arabia,Wholesale,2018-10-19,6585.91,Y
CUST0007551,Susan,Martin,susan.martin837@example.com,China,E-Commerce,2022-04-18,15063.72,Y
CUST0007552,Sofia,Miller,sofia.miller880@example.com,China,Corporate,2022-01-17,3129.08,Y
CUST0007553,Elizabeth,Davis,elizabeth.davis822@example.com,USA,Retail,2018-06-27,5923.1,Y
CUST0007554,Layla,Ramirez,layla.ramirez316@example.com,Australia,VIP,2024-04-25,3626.09,Y
CUST0007555,Layla,Robinson,layla.robinson58@example.com,Saudi Arabia,Retail,2021-12-08,5479.22,Y
CUST0007556,William,Lee,william.lee233@example.com,Japan,Retail,2025-04-15,3485.54,Y
CUST0007557,Richard,Miller,richard.miller629@example.com,Mexico,Retail,2021-09-17,1545.17,N
CUST0007558,Sakura,Harris,sakura.harris613@example.com,Germany,Wholesale,2026-03-10,4045.34,Y
CUST0007559,David,Young,david.young294@example.com,Australia,Corporate,2020-02-07,4260.07,Y
CUST0007560,Omar,Walker,omar.walker325@example.com,Germany,Retail,2018-11-11,-8819.57,Y
CUST0007561,Wei,Hernandez,wei.hernandez685@example.com,France,Wholesale,2024-01-17,-7149.96,Y
CUST0007562,Mary,Lewis,mary.lewis333@example.com,China,VIP,2020-02-29,5950.12,Y
CUST0007563,Karen,Martin,karen.martin258@example.com,Australia,VIP,2021-01-01,1101.73,Y
CUST0007564,Linda,Harris,linda.harris676@example.com,France,E-Commerce,2025-08-11,6875.85,Y
CUST0007565,Raj,Lopez,raj.lopez649@example.com,France,Wholesale,2024-03-14,3968.79,Y
CUST0007566,Elizabeth,Young,elizabeth.young458@example.com,Australia,Retail,2021-12-24,11726.28,Y
CUST0007567,Joseph,Clark,joseph.clark541@example.com,UAE,Retail,2025-04-04,13120.58,Y
CUST0007568,Ahmed,Davis,ahmed.davis918@example.com,Japan,Wholesale,2021-12-02,783.68,Y
CUST0007569,Linda,Johnson,linda.johnson961@example.com,Germany,Retail,2025-04-28,9091.85,Y
CUST0007570,Hans,Rodriguez,hans.rodriguez20@example.com,China,E-Commerce,2024-06-29,692.13,Y
CUST0007571,Sarah,White,sarah.white425@example.com,India,Retail,2024-12-11,2787.76,Y
CUST0007572,Priya,Robinson,priya.robinson703@example.com,India,Retail,2019-01-13,4407.71,Y
CUST0007573,Patricia,Moore,patricia.moore241@example.com,France,Retail,2018-11-29,1301.44,Y
CUST0007574,Barbara,Sanchez,barbara.sanchez670@example.com,UAE,E-Commerce,2023-02-01,7358.29,Y
CUST0007575,Karen,Robinson,karen.robinson380@example.com,India,Corporate,2022-01-25,541.95,Y
CUST0007576,Richard,Rodriguez,richard.rodriguez603@example.com,Australia,Corporate,2023-05-19,1423.22,N
CUST0007577,Jennifer,Brown,jennifer.brown346@example.com,USA,Corporate,2023-10-30,4847.0,Y
CUST0007578,Mary,Martinez,mary.martinez248@example.com,Germany,Retail,2024-11-11,6765.6,Y
CUST0007579,Sofia,Lopez,sofia.lopez121@example.com,France,Corporate,2025-02-19,12923.12,Y
CUST0007580,Carlos,Miller,carlos.miller858@example.com,India,E-Commerce,2020-06-21,6612.32,Y
CUST0007581,Ingrid,Anderson,ingrid.anderson857@example.com,Singapore,Retail,2021-08-11,6070.34,Y
CUST0007582,Charles,Hernandez,charles.hernandez557@example.com,Brazil,Retail,2023-07-04,3007.19,Y
CUST0007583,John,Clark,john.clark153@example.com,Brazil,Wholesale,2018-09-13,506.43,N
CUST0007584,Raj,Davis,raj.davis361@example.com,Singapore,Retail,2023-05-16,1140.07,Y
CUST0007585,Patricia,Ramirez,patricia.ramirez408@example.com,Canada,Corporate,2024-10-09,4323.8,Y
CUST0007586,Sofia,Robinson,sofia.robinson60@example.com,UAE,VIP,2018-08-29,6121.65,Y
CUST0007587,Linda,Robinson,linda.robinson673@example.com,Singapore,VIP,2025-03-05,3201.69,Y
CUST0007588,Yuki,Lewis,yuki.lewis624@example.com,India,Wholesale,2019-03-02,7059.26,Y
CUST0007589,Charles,Clark,charles.clark454@example.com,USA,VIP,2024-12-22,4189.28,Y
CUST0007590,Patricia,Scott,patricia.scott473@example.com,France,VIP,2022-09-18,885.36,Y
CUST0007591,Elizabeth,Martinez,elizabeth.martinez620@example.com,Singapore,VIP,2020-06-15,1566.07,Y
CUST0007592,Sakura,Wright,sakura.wright530@example.com,France,Corporate,2023-01-27,9662.85,Y
CUST0007593,Liam,Allen,liam.allen929@example.com,Japan,Wholesale,2020-11-14,6953.33,Y
CUST0007594,Ingrid,Thompson,ingrid.thompson637@example.com,India,VIP,2026-04-23,11757.65,Y
CUST0007595,Sofia,Lopez,sofia.lopez458@example.com,France,VIP,2020-02-07,1125.31,N
CUST0007596,Joseph,Smith,joseph.smith894@example.com,Saudi Arabia,Retail,2024-05-23,23638.37,Y
CUST0007597,John,Lee,john.lee264@example.com,China,E-Commerce,2024-08-15,1674.86,N
CUST0007598,Mary,Davis,mary.davis832@example.com,Germany,Wholesale,2022-04-25,559.25,Y
CUST0007599,Elizabeth,Garcia,elizabeth.garcia68@example.com,Singapore,E-Commerce,2022-04-14,30305.53,Y
CUST0007600,Layla,Jones,layla.jones284@example.com,USA,VIP,2019-10-15,2149.98,N
CUST0007601,Barbara,Jackson,barbara.jackson771@example.com,Singapore,Corporate,2021-06-17,6013.39,N
CUST0007602,Linda,Thomas,linda.thomas461@example.com,Canada,Corporate,2021-08-28,1472.07,Y
CUST0007603,Sarah,Hernandez,sarah.hernandez680@example.com,Saudi Arabia,Wholesale,2025-05-30,4840.22,Y
CUST0007604,Carlos,Thomas,carlos.thomas481@example.com,Japan,Retail,2020-07-01,12218.86,Y
CUST0007605,John,White,john.white109@example.com,Japan,Retail,2025-12-14,2429.64,Y
CUST0007606,Mary,Johnson,mary.johnson283@example.com,South Africa,Corporate,2024-08-30,6047.16,Y
CUST0007607,Sofia,Martin,sofia.martin289@example.com,Brazil,E-Commerce,2018-09-03,1540.68,Y
CUST0007608,Liam,Jones,liam.jones337@example.com,Canada,VIP,2026-07-13,5401.42,Y
CUST0007609,Thomas,Martinez,thomas.martinez507@example.com,Japan,VIP,2019-01-17,2550.76,N
CUST0007610,John,Hernandez,john.hernandez445@example.com,Saudi Arabia,VIP,2024-09-09,1686.26,Y
CUST0007611,Omar,Ramirez,omar.ramirez981@example.com,Australia,Retail,2025-03-08,2378.43,Y
CUST0007612,Layla,Jones,layla.jones914@example.com,Singapore,E-Commerce,2021-06-16,1485.19,Y
CUST0007613,Sofia,Ramirez,sofia.ramirez892@example.com,Mexico,Corporate,2019-01-29,12109.66,Y
CUST0007614,Ingrid,Martinez,ingrid.martinez856@example.com,Brazil,E-Commerce,2019-10-31,3030.74,N
CUST0007615,Carlos,Walker,carlos.walker52@example.com,Japan,Retail,2021-11-03,1907.04,Y
CUST0007616,Wei,Scott,wei.scott158@example.com,France,Retail,2020-11-10,3474.73,Y
CUST0007617,Yuki,Young,yuki.young729@example.com,Australia,VIP,2025-11-16,2432.26,Y
CUST0007618,Yuki,Lopez,yuki.lopez292@example.com,USA,Retail,2020-08-02,7321.08,Y
CUST0007619,Jennifer,,jennifer.white67@example.com,Mexico,VIP,2022-08-22,18240.36,Y
CUST0007620,Wei,Scott,wei.scott624@example.com,India,Wholesale,2019-09-16,3381.57,Y
CUST0007621,Karen,Robinson,karen.robinson430@example.com,France,Retail,2024-11-03,10367.61,Y
CUST0007622,Wei,Allen,wei.allen955@example.com,Germany,Wholesale,2022-01-26,4671.98,Y
CUST0007623,Robert,Garcia,robert.garcia11@example.com,UK,Corporate,2020-08-09,1355.34,Y
CUST0007624,William,Martinez,william.martinez454@example.com,South Africa,Corporate,2025-10-27,6365.97,Y
CUST0007625,Patricia,Wright,patricia.wright336@example.com,Brazil,E-Commerce,2025-08-13,4101.92,Y
CUST0007626,Omar,Lopez,omar.lopez241@example.com,Brazil,E-Commerce,2026-04-25,5757.78,Y
CUST0007627,Richard,Moore,richard.moore263@example.com,Japan,Wholesale,2019-01-10,11522.19,Y
CUST0007628,James,Davis,james.davis124@example.com,UAE,E-Commerce,2023-05-09,3402.97,Y
CUST0007629,Sarah,Miller,sarah.miller689@example.com,UAE,Retail,2020-05-13,12072.16,Y
CUST0007630,Mei,White,mei.white826@example.com,Germany,Wholesale,2020-04-18,7444.87,Y
CUST0007631,James,Allen,james.allen777@example.com,Germany,VIP,2023-07-21,3853.06,Y
CUST0007632,Ingrid,Lee,ingrid.lee919@example.com,UK,E-Commerce,2019-09-05,5121.89,Y
CUST0007633,Joseph,Martinez,joseph.martinez286@example.com,Germany,E-Commerce,2025-11-01,2469.52,Y
CUST0007634,Susan,Thompson,susan.thompson817@example.com,Mexico,Corporate,2024-06-17,21051.55,Y
CUST0007635,Ahmed,Ramirez,ahmed.ramirez170@example.com,Japan,Retail,2023-07-04,6003.34,Y
CUST0007636,Joseph,White,joseph.white20@example.com,USA,Corporate,2025-12-15,724.19,Y
CUST0007637,Ahmed,Lee,ahmed.lee738@example.com,Japan,Retail,2021-06-02,2477.24,Y
CUST0007638,David,Jackson,david.jackson43@example.com,China,VIP,2019-10-15,5381.72,Y
CUST0007639,Barbara,White,barbara.white753@example.com,UAE,VIP,2022-12-11,789.91,Y
CUST0007640,Richard,Lewis,richard.lewis24@example.com,Saudi Arabia,Corporate,2026-06-10,620.87,Y
CUST0007641,Mei,Allen,mei.allen975@example.com,China,Wholesale,2022-04-08,3489.41,Y
CUST0007642,Patricia,White,patricia.white361@example.com,Japan,Wholesale,2025-08-02,2522.5,Y
CUST0007643,Elizabeth,Gonzalez,elizabeth.gonzalez960@example.com,Mexico,Retail,2022-08-02,3383.92,N
CUST0007644,Mei,Johnson,mei.johnson66@example.com,Canada,E-Commerce,2020-03-21,2023.76,Y
CUST0007645,Hans,Johnson,hans.johnson795@example.com,Germany,E-Commerce,2026-08-08,1399.93,Y
CUST0007646,Charles,Lewis,charles.lewis489@example.com,South Africa,E-Commerce,2026-06-29,6342.12,Y
CUST0007647,Liam,Allen,liam.allen714@example.com,Australia,Corporate,2020-05-16,4113.61,Y
CUST0007648,Jennifer,Thomas,jennifer.thomas451@example.com,Brazil,VIP,2024-01-10,1616.68,Y
CUST0007649,Layla,Johnson,layla.johnson883@example.com,Saudi Arabia,E-Commerce,2020-10-13,2425.29,Y
CUST0007650,Liam,Scott,liam.scott757@example.com,Canada,Wholesale,2025-11-25,4980.09,Y
CUST0007651,Joseph,Harris,joseph.harris821@example.com,Singapore,E-Commerce,2023-01-30,874.85,Y
CUST0007652,Mei,Gonzalez,mei.gonzalez778@example.com,Australia,Corporate,2026-07-09,1297.63,Y
CUST0007653,Charles,Perez,charles.perez117@example.com,UK,E-Commerce,2022-04-20,880.33,Y
CUST0007654,David,Martinez,david.martinez13@example.com,Japan,Wholesale,2021-02-23,8865.01,Y
CUST0007655,Thomas,Moore,thomas.moore820@example.com,UK,VIP,2024-05-06,7479.89,Y
CUST0007656,Raj,Davis,raj.davis215@example.com,Japan,Retail,2023-01-08,7498.17,Y
CUST0007657,Raj,Williams,raj.williams938@example.com,Mexico,Corporate,2024-05-24,6799.64,Y
CUST0007658,Richard,Taylor,richard.taylor349@example.com,Canada,Retail,2022-04-24,6034.01,Y
CUST0007659,Layla,Gonzalez,,Mexico,Wholesale,2024-11-29,3740.79,Y
CUST0007660,Raj,Martinez,raj.martinez998@example.com,Brazil,VIP,2026-03-12,5640.0,Y
CUST0007661,Karen,Lopez,karen.lopez497@example.com,Japan,E-Commerce,2025-11-11,695.58,Y
CUST0007662,Michael,Brown,michael.brown252@example.com,India,Wholesale,2025-02-09,5357.23,Y
CUST0007663,Raj,Perez,raj.perez667@example.com,Australia,Corporate,2019-12-23,8022.64,Y
CUST0007664,Robert,Harris,robert.harris629@example.com,France,Retail,2019-07-29,3969.32,Y
CUST0007665,David,Scott,david.scott542@example.com,Japan,VIP,2024-07-13,2712.05,Y
CUST0007666,James,Scott,james.scott911@example.com,Japan,VIP,2022-04-21,2124.68,Y
CUST0007667,Layla,Jones,layla.jones94@example.com,South Africa,Retail,2023-03-01,5647.33,Y
CUST0007668,Barbara,Wilson,barbara.wilson721@example.com,India,Retail,2020-09-28,6401.3,Y
CUST0007669,Carlos,Allen,carlos.allen31@example.com,Japan,E-Commerce,2024-04-06,10738.46,Y
CUST0007670,Charles,Taylor,charles.taylor801@example.com,Saudi Arabia,E-Commerce,2020-05-07,2595.29,Y
CUST0007671,Sakura,Rodriguez,sakura.rodriguez799@example.com,Canada,Wholesale,2019-12-13,7843.43,Y
CUST0007672,Sakura,Young,sakura.young875@example.com,India,Wholesale,2024-04-08,4620.33,Y
CUST0007673,Joseph,Jones,joseph.jones733@example.com,Brazil,Retail,2025-09-02,11220.92,N
CUST0007674,Patricia,Martin,patricia.martin239@example.com,Japan,E-Commerce,2025-10-31,4251.89,Y
CUST0007675,Yuki,Young,yuki.young338@example.com,Saudi Arabia,Corporate,2023-10-01,4145.22,Y
CUST0007676,Thomas,Lopez,thomas.lopez121@example.com,Japan,Retail,2024-03-27,4812.29,Y
CUST0007677,Robert,Jones,robert.jones831@example.com,Japan,Corporate,2021-02-17,7417.8,Y
CUST0007678,Jennifer,Anderson,jennifer.anderson108@example.com,Canada,Wholesale,2022-05-02,17218.01,Y
CUST0007679,Hans,Martin,hans.martin397@example.com,USA,Wholesale,2018-08-23,882.05,Y
CUST0007680,Susan,Miller,susan.miller137@example.com,Canada,Corporate,2023-12-02,774.58,Y
CUST0007681,Mary,Martin,mary.martin182@example.com,Mexico,Wholesale,2019-07-30,14366.97,Y
CUST0007682,Ahmed,King,ahmed.king558@example.com,Japan,Retail,2018-11-22,4273.79,Y
CUST0007683,David,Johnson,david.johnson425@example.com,Germany,Retail,2020-12-07,5271.3,Y
CUST0007684,Wei,Rodriguez,wei.rodriguez887@example.com,China,Wholesale,2022-06-12,3792.99,Y
CUST0007685,Michael,Smith,michael.smith589@example.com,UAE,Wholesale,2019-02-01,991.69,N
CUST0007686,Mary,Jones,mary.jones471@example.com,Brazil,Wholesale,2026-07-01,7807.02,Y
CUST0007687,Joseph,Sanchez,joseph.sanchez889@example.com,Australia,Wholesale,2019-10-02,7376.27,Y
CUST0007688,Mary,Jones,mary.jones221@example.com,Australia,Corporate,2018-05-12,2367.68,Y
CUST0007689,Olivia,Garcia,olivia.garcia853@example.com,Brazil,E-Commerce,2018-01-21,2328.14,Y
CUST0007690,Sarah,Harris,sarah.harris631@example.com,India,Retail,2025-11-25,9595.9,Y
CUST0007691,Priya,Williams,priya.williams959@example.com,China,Corporate,2019-08-09,875.54,Y
CUST0007692,David,Williams,david.williams648@example.com,Mexico,E-Commerce,2022-02-01,11147.58,Y
CUST0007693,Olivia,Smith,olivia.smith445@example.com,Mexico,Wholesale,2025-09-26,1983.02,Y
CUST0007694,Wei,Anderson,wei.anderson247@example.com,Germany,E-Commerce,2018-04-22,4994.52,Y
CUST0007695,Priya,Lopez,priya.lopez432@example.com,UK,E-Commerce,2018-10-07,14243.91,Y
CUST0007696,Sarah,Harris,sarah.harris961@example.com,Canada,Corporate,2020-09-27,6167.92,Y
CUST0007697,Mei,Jones,,Mexico,E-Commerce,2019-02-16,3175.85,Y
CUST0007698,William,Johnson,william.johnson606@example.com,India,Corporate,2020-04-11,6348.41,Y
CUST0007699,Elizabeth,Jackson,elizabeth.jackson999@example.com,USA,Corporate,2021-06-21,2607.82,Y
CUST0007700,Richard,Perez,richard.perez581@example.com,Australia,Corporate,2022-08-27,2123.52,Y
CUST0007701,Jessica,Brown,jessica.brown228@example.com,Saudi Arabia,Corporate,2020-07-11,29043.89,Y
CUST0007702,Layla,White,layla.white493@example.com,France,Wholesale,2020-06-25,7447.3,Y
CUST0007703,Ahmed,Allen,ahmed.allen20@example.com,Mexico,Retail,2018-04-24,5674.25,Y
CUST0007704,Karen,Miller,karen.miller402@example.com,UK,Corporate,2023-06-23,2694.77,Y
CUST0007705,Jennifer,Martin,jennifer.martin441@example.com,Japan,Wholesale,2025-04-09,752.05,Y
CUST0007706,Priya,White,priya.white6@example.com,Singapore,Retail,2020-07-11,657.75,Y
CUST0007707,Mei,White,mei.white524@example.com,Mexico,E-Commerce,2022-05-11,4539.21,Y
CUST0007708,Charles,Hernandez,charles.hernandez61@example.com,Canada,VIP,2019-03-09,7678.11,Y
CUST0007709,Mary,Rodriguez,mary.rodriguez219@example.com,UK,Retail,2019-01-24,4354.24,Y
CUST0007710,Wei,Miller,wei.miller615@example.com,Japan,VIP,2024-10-09,9687.5,Y
CUST0007711,Mary,Davis,,China,E-Commerce,2018-05-13,669.99,Y
CUST0007712,Fatima,Davis,fatima.davis942@example.com,Mexico,VIP,2019-10-24,2784.47,Y
CUST0007713,Ingrid,Walker,ingrid.walker650@example.com,UAE,Retail,2021-02-23,1852.95,Y
CUST0007714,Priya,Hernandez,priya.hernandez678@example.com,UK,VIP,2025-01-13,3464.46,N
CUST0007715,Richard,Ramirez,not_an_email,India,VIP,2026-05-04,875.65,Y
CUST0007716,Olivia,Young,olivia.young804@example.com,UK,Retail,2019-08-06,15909.9,Y
CUST0007717,Thomas,Scott,thomas.scott498@example.com,Canada,Retail,2020-07-20,1763.22,Y
CUST0007718,Fatima,Anderson,,China,Corporate,2026-06-08,13275.0,Y
CUST0007719,Thomas,Jackson,thomas.jackson805@example.com,UK,Corporate,2019-04-17,3274.7,Y
CUST0007720,Hans,Jackson,hans.jackson346@example.com,Germany,Retail,2021-04-29,21676.36,Y
CUST0007721,Mei,Thompson,mei.thompson16@example.com,Japan,Retail,2018-07-23,4537.84,Y
CUST0007722,Mary,Ramirez,mary.ramirez737@example.com,Brazil,E-Commerce,2021-06-03,13856.15,Y
CUST0007723,Ahmed,Ramirez,ahmed.ramirez934@example.com,South Africa,E-Commerce,2019-07-08,526.82,Y
CUST0007724,William,Taylor,william.taylor209@example.com,India,Retail,2018-06-05,7396.37,N
CUST0007725,Mary,King,mary.king963@example.com,UK,E-Commerce,2021-08-17,12167.83,Y
CUST0007726,Layla,Davis,layla.davis271@example.com,Mexico,Corporate,2025-06-16,1252.49,Y
CUST0007727,Robert,Martinez,robert.martinez857@example.com,Germany,Corporate,2018-01-25,1005.33,Y
CUST0007728,Linda,Young,linda.young61@example.com,Saudi Arabia,Corporate,2018-02-22,3263.21,Y
CUST0007729,Mei,Hernandez,mei.hernandez344@example.com,UAE,Wholesale,2025-05-30,14066.24,Y
CUST0007730,Richard,Taylor,richard.taylor761@example.com,Canada,Corporate,2022-09-22,4408.65,Y
CUST0007731,Barbara,Wright,barbara.wright29@example.com,South Africa,VIP,2021-11-19,4248.13,Y
CUST0007732,John,Young,john.young379@example.com,France,Retail,2019-01-30,1260.67,Y
CUST0007733,Hans,Williams,hans.williams360@example.com,Saudi Arabia,VIP,2021-01-03,503.95,Y
CUST0007734,Olivia,Davis,olivia.davis457@example.com,Germany,VIP,2020-04-16,8807.34,Y
CUST0007735,Priya,Miller,priya.miller27@example.com,Saudi Arabia,VIP,2019-11-02,958.24,Y
CUST0007736,Sofia,Thompson,sofia.thompson445@example.com,Canada,Wholesale,2018-09-07,5523.56,Y
CUST0007737,Raj,Jackson,raj.jackson396@example.com,France,Corporate,2023-05-19,12803.01,Y
CUST0007738,Ingrid,Scott,ingrid.scott837@example.com,UAE,Corporate,2019-11-26,1670.09,Y
CUST0007739,Patricia,Scott,patricia.scott268@example.com,South Africa,E-Commerce,2018-08-26,5972.2,Y
CUST0007740,John,Martin,john.martin254@example.com,Saudi Arabia,VIP,2024-07-05,909.84,Y
CUST0007741,Wei,Robinson,wei.robinson904@example.com,USA,VIP,2024-06-29,5128.61,Y
CUST0007742,Omar,Ramirez,omar.ramirez123@example.com,USA,Wholesale,2023-11-04,1395.22,Y
CUST0007743,Fatima,Miller,fatima.miller257@example.com,Germany,VIP,2025-08-01,7158.15,Y
CUST0007744,Ahmed,Perez,ahmed.perez145@example.com,USA,Wholesale,2020-01-31,2292.18,N
CUST0007745,Liam,Clark,liam.clark346@example.com,Singapore,VIP,2019-04-28,3612.43,Y
CUST0007746,Linda,King,linda.king37@example.com,Saudi Arabia,E-Commerce,2020-01-31,5074.34,Y
CUST0007747,Susan,Williams,not_an_email,Singapore,E-Commerce,2020-03-08,1439.32,Y
CUST0007748,Sofia,Young,sofia.young225@example.com,South Africa,Retail,2026-03-26,7266.96,Y
CUST0007749,Joseph,Brown,joseph.brown233@example.com,Japan,VIP,2021-03-31,2302.27,Y
CUST0007750,Sofia,Walker,sofia.walker476@example.com,Saudi Arabia,Corporate,2024-08-23,5929.05,Y
CUST0007751,John,Davis,john.davis753@example.com,USA,E-Commerce,2018-02-22,1361.56,Y
CUST0007752,Michael,Robinson,michael.robinson36@example.com,Brazil,E-Commerce,2023-06-10,6325.65,Y
CUST0007753,Karen,Thompson,karen.thompson959@example.com,Mexico,E-Commerce,2018-04-11,1185.91,Y
CUST0007754,Linda,Martin,linda.martin254@example.com,Japan,Corporate,2022-11-13,3270.03,Y
CUST0007755,Olivia,Martin,olivia.martin252@example.com,Canada,E-Commerce,2026-05-10,1919.82,Y
CUST0007756,Carlos,Young,carlos.young435@example.com,Brazil,E-Commerce,2024-09-21,7399.08,N
CUST0007757,David,Harris,david.harris185@example.com,Mexico,Corporate,2020-07-17,2019.29,Y
CUST0007758,Yuki,Wilson,yuki.wilson172@example.com,France,Wholesale,2023-06-27,11173.39,Y
CUST0007759,Richard,Garcia,richard.garcia585@example.com,Australia,Retail,2021-08-30,11619.8,Y
CUST0007760,Ahmed,Miller,ahmed.miller947@example.com,South Africa,E-Commerce,2018-09-15,1593.53,Y
CUST0007761,Karen,Gonzalez,karen.gonzalez22@example.com,South Africa,Corporate,2022-06-15,5257.59,Y
CUST0007762,Joseph,Martinez,joseph.martinez973@example.com,Brazil,VIP,2022-12-24,959.03,Y
CUST0007763,Olivia,Garcia,olivia.garcia657@example.com,Australia,Corporate,2018-05-17,2984.1,N
CUST0007764,Jennifer,Miller,jennifer.miller483@example.com,Saudi Arabia,Retail,2019-10-18,6746.97,Y
CUST0007765,Barbara,Thomas,barbara.thomas439@example.com,Mexico,Wholesale,2022-12-14,5885.57,Y
CUST0007766,Susan,Robinson,susan.robinson256@example.com,Japan,Retail,2018-10-03,5400.16,Y
CUST0007767,John,King,john.king270@example.com,Germany,E-Commerce,2018-11-04,2160.2,Y
CUST0007768,Yuki,Davis,yuki.davis825@example.com,India,VIP,2019-08-09,2874.28,Y
CUST0007769,John,Miller,john.miller759@example.com,France,Corporate,2022-04-13,1043.2,N
CUST0007770,David,Johnson,david.johnson456@example.com,Germany,E-Commerce,2023-03-05,6847.41,Y
CUST0007771,Joseph,Thompson,joseph.thompson320@example.com,Canada,E-Commerce,2021-08-18,4004.78,N
CUST0007772,Carlos,Martin,carlos.martin463@example.com,South Africa,Wholesale,2018-09-21,6668.13,Y
CUST0007773,Priya,Allen,priya.allen547@example.com,UAE,VIP,2019-12-23,1931.37,Y
CUST0007774,Joseph,Walker,joseph.walker653@example.com,Mexico,Retail,2018-02-26,2461.05,Y
CUST0007775,Layla,Moore,layla.moore229@example.com,Japan,Wholesale,2018-07-05,2533.94,Y
CUST0007776,Olivia,White,olivia.white486@example.com,Japan,Retail,2022-07-16,630.4,Y
CUST0007777,Sofia,Smith,sofia.smith532@example.com,Japan,Retail,2025-08-08,2585.52,Y
CUST0007778,Thomas,Jones,thomas.jones521@example.com,Australia,VIP,2018-06-04,8630.49,Y
CUST0007779,William,Jackson,william.jackson292@example.com,India,Wholesale,2024-03-26,11879.64,Y
CUST0007780,David,Ramirez,david.ramirez68@example.com,China,Wholesale,2020-12-10,4151.32,Y
CUST0007781,Robert,Wright,robert.wright469@example.com,Germany,Corporate,2020-04-05,3539.45,Y
CUST0007782,Richard,Garcia,richard.garcia529@example.com,Canada,Wholesale,2023-01-24,656.55,N
CUST0007783,Elizabeth,Gonzalez,elizabeth.gonzalez533@example.com,Mexico,Retail,2021-06-05,11068.27,Y
CUST0007784,Joseph,Smith,joseph.smith795@example.com,South Africa,VIP,2026-04-13,565.48,Y
CUST0007785,Linda,Garcia,linda.garcia412@example.com,France,Corporate,2022-08-17,14979.44,Y
CUST0007786,Barbara,Walker,barbara.walker203@example.com,Japan,Corporate,2024-03-23,3859.04,Y
CUST0007787,Susan,Anderson,susan.anderson949@example.com,Mexico,Corporate,2025-04-12,2592.25,Y
CUST0007788,David,Young,david.young830@example.com,Mexico,VIP,2019-02-27,13399.5,Y
CUST0007789,Mei,Thompson,mei.thompson920@example.com,Germany,VIP,2020-01-30,623.47,Y
CUST0007790,Omar,Wright,omar.wright256@example.com,USA,Wholesale,2018-12-28,4854.49,Y
CUST0007791,Sakura,Jones,sakura.jones418@example.com,USA,Wholesale,2020-09-27,4480.69,Y
CUST0007792,John,Walker,john.walker778@example.com,Japan,Corporate,2022-07-12,1737.95,Y
CUST0007793,Omar,Young,omar.young318@example.com,Brazil,Retail,2023-04-18,3300.84,Y
CUST0007794,Thomas,King,thomas.king522@example.com,Canada,Retail,2021-10-18,5781.56,Y
CUST0007795,Jessica,Garcia,jessica.garcia428@example.com,China,VIP,2018-11-02,6993.82,Y
CUST0007796,Omar,Thomas,omar.thomas455@example.com,Brazil,Wholesale,2024-09-30,503.59,Y
CUST0007797,Fatima,Anderson,fatima.anderson965@example.com,Saudi Arabia,Retail,2024-03-28,14311.48,Y
CUST0007798,Barbara,Lewis,barbara.lewis662@example.com,Japan,Retail,2021-01-26,1398.78,Y
CUST0007799,Wei,Thomas,wei.thomas608@example.com,UAE,Wholesale,2022-09-24,1830.13,Y
CUST0007800,Elizabeth,Thomas,elizabeth.thomas970@example.com,Saudi Arabia,Wholesale,2018-06-25,2029.05,Y
CUST0007801,Karen,Allen,karen.allen425@example.com,Canada,Retail,2021-10-27,692.77,Y
CUST0007802,David,Anderson,,Singapore,Corporate,2023-08-04,1156.54,Y
CUST0007803,John,Moore,john.moore395@example.com,China,Retail,2018-12-13,21970.05,Y
CUST0007804,John,Martinez,john.martinez575@example.com,South Africa,Retail,2020-11-11,2393.26,Y
CUST0007805,Michael,Hernandez,michael.hernandez39@example.com,Japan,Wholesale,2026-06-29,1112.54,Y
CUST0007806,Charles,Scott,charles.scott458@example.com,France,VIP,2021-09-12,1065.79,Y
CUST0007807,Susan,Lewis,susan.lewis558@example.com,Australia,VIP,2022-10-10,6855.19,Y
CUST0007808,Yuki,Anderson,yuki.anderson823@example.com,Saudi Arabia,Wholesale,2023-01-26,10140.26,Y
CUST0007809,Carlos,Johnson,carlos.johnson721@example.com,India,Wholesale,2024-11-08,1984.98,Y
CUST0007810,Fatima,Jones,fatima.jones723@example.com,Germany,Corporate,2024-04-01,605.66,Y
CUST0007811,Patricia,Ramirez,patricia.ramirez369@example.com,Saudi Arabia,Corporate,2021-04-10,1762.15,Y
CUST0007812,Carlos,Scott,carlos.scott258@example.com,Australia,Wholesale,2022-08-28,790.88,Y
CUST0007813,Jessica,Thomas,jessica.thomas488@example.com,Mexico,E-Commerce,2022-09-02,1045.7,Y
CUST0007814,Omar,Moore,omar.moore363@example.com,Germany,E-Commerce,2023-05-28,3323.84,Y
CUST0007815,Sakura,King,sakura.king371@example.com,Brazil,Wholesale,2025-09-19,1806.29,Y
CUST0007816,Fatima,Allen,fatima.allen240@example.com,India,Retail,2024-01-04,4127.79,N
CUST0007817,Omar,Gonzalez,omar.gonzalez451@example.com,France,E-Commerce,2024-01-27,1961.76,Y
CUST0007818,David,Gonzalez,david.gonzalez777@example.com,Brazil,Corporate,2018-06-03,14612.03,Y
CUST0007819,Sarah,Moore,sarah.moore333@example.com,USA,Wholesale,2021-12-10,12319.32,Y
CUST0007820,Raj,Young,raj.young656@example.com,USA,Wholesale,2019-05-09,4682.85,N
CUST0007821,Layla,Lopez,layla.lopez633@example.com,UAE,VIP,2024-03-24,2688.06,Y
CUST0007822,John,Sanchez,john.sanchez778@example.com,Canada,Retail,2020-08-17,2899.44,Y
CUST0007823,Carlos,Wilson,carlos.wilson783@example.com,UK,VIP,2021-04-10,3153.89,Y
CUST0007824,Omar,Johnson,omar.johnson312@example.com,Germany,Corporate,2020-11-12,7002.04,Y
CUST0007825,David,Ramirez,david.ramirez626@example.com,South Africa,VIP,2018-02-09,3504.11,Y
CUST0007826,Raj,Lee,raj.lee327@example.com,Singapore,Retail,2018-03-04,10215.12,Y
CUST0007827,Michael,Robinson,michael.robinson940@example.com,USA,Corporate,2026-02-19,14920.49,Y
CUST0007828,Susan,Wilson,susan.wilson695@example.com,Canada,Wholesale,2019-06-08,2546.96,Y
CUST0007829,Robert,Hernandez,robert.hernandez693@example.com,China,E-Commerce,2024-08-05,4612.8,Y
CUST0007830,Wei,Williams,wei.williams68@example.com,South Africa,Corporate,2022-03-10,999.41,Y
CUST0007831,Mei,Lee,mei.lee487@example.com,France,VIP,2022-03-29,1618.65,Y
CUST0007832,Elizabeth,Scott,elizabeth.scott73@example.com,USA,Corporate,2025-07-05,3167.62,Y
CUST0007833,James,Perez,james.perez404@example.com,USA,E-Commerce,2021-07-12,1654.64,Y
CUST0007834,Layla,Jackson,layla.jackson119@example.com,USA,VIP,2022-07-16,10960.02,Y
CUST0007835,Mary,Ramirez,mary.ramirez951@example.com,India,Retail,2022-07-30,1361.58,Y
CUST0007836,John,Perez,john.perez199@example.com,Canada,Corporate,2022-03-31,3540.91,Y
CUST0007837,David,Jackson,david.jackson299@example.com,Mexico,E-Commerce,2022-03-23,5153.21,Y
CUST0007838,Jennifer,Allen,jennifer.allen87@example.com,France,Wholesale,2020-07-31,6386.07,Y
CUST0007839,Raj,Lewis,raj.lewis337@example.com,China,E-Commerce,2022-01-22,2914.99,Y
CUST0007840,Mary,Harris,mary.harris570@example.com,Germany,E-Commerce,2020-01-10,10666.57,Y
CUST0007841,Mei,Gonzalez,mei.gonzalez242@example.com,Singapore,VIP,2024-02-17,4700.34,Y
CUST0007842,Karen,Ramirez,karen.ramirez603@example.com,India,Corporate,2026-02-21,3394.7,Y
CUST0007843,Linda,Allen,linda.allen478@example.com,Saudi Arabia,E-Commerce,2023-10-21,848.04,Y
CUST0007844,Charles,Miller,charles.miller297@example.com,Australia,Retail,2020-03-01,3624.54,Y
CUST0007845,Joseph,Martin,joseph.martin540@example.com,China,E-Commerce,2021-09-28,9094.47,Y
CUST0007846,Raj,Davis,raj.davis930@example.com,Brazil,Wholesale,2023-01-18,5266.6,Y
CUST0007847,David,Hernandez,david.hernandez671@example.com,Mexico,VIP,2020-05-03,9423.79,Y
CUST0007848,Charles,Jackson,charles.jackson221@example.com,Canada,Wholesale,2018-12-14,3906.21,Y
CUST0007849,Sarah,Lee,sarah.lee339@example.com,Singapore,Corporate,2024-10-20,1130.43,Y
CUST0007850,Mary,Williams,mary.williams487@example.com,UK,E-Commerce,2022-07-01,568.67,Y
CUST0007851,Olivia,Young,olivia.young135@example.com,Germany,Retail,2022-04-12,2306.42,Y
CUST0007852,Carlos,Thompson,carlos.thompson458@example.com,Singapore,VIP,2020-03-22,6486.48,Y
CUST0007853,John,White,john.white112@example.com,Saudi Arabia,Retail,2021-03-12,8309.43,Y
CUST0007854,Priya,Young,priya.young467@example.com,China,Corporate,2023-06-17,2253.13,Y
CUST0007855,Richard,Rodriguez,richard.rodriguez737@example.com,UK,E-Commerce,2024-09-29,3922.46,Y
CUST0007856,Susan,Robinson,susan.robinson82@example.com,Brazil,Corporate,2023-04-16,3233.29,Y
CUST0007857,Hans,Davis,hans.davis829@example.com,UK,Retail,2024-10-13,3142.6,Y
CUST0007858,Thomas,Johnson,thomas.johnson945@example.com,UK,VIP,2025-11-27,1815.59,Y
CUST0007859,Sarah,Martin,sarah.martin209@example.com,Japan,VIP,2019-07-21,1233.06,Y
CUST0007860,Hans,Sanchez,hans.sanchez586@example.com,France,Retail,2020-08-22,1595.06,Y
CUST0007861,Raj,Young,raj.young277@example.com,Saudi Arabia,VIP,2023-11-04,784.61,Y
CUST0007862,Omar,Sanchez,omar.sanchez617@example.com,Singapore,Retail,2023-10-29,1604.05,Y
CUST0007863,Layla,Ramirez,layla.ramirez238@example.com,Brazil,Retail,2021-05-01,546.22,Y
CUST0007864,Jessica,Lee,jessica.lee599@example.com,USA,VIP,2021-03-14,5434.35,Y
CUST0007865,Charles,Jackson,charles.jackson267@example.com,China,E-Commerce,2020-02-02,2401.73,Y
CUST0007866,Hans,Rodriguez,hans.rodriguez371@example.com,France,E-Commerce,2021-11-08,18586.46,Y
CUST0007867,Yuki,Scott,yuki.scott422@example.com,Canada,Retail,2024-09-30,1576.6,Y
CUST0007868,Ingrid,Hernandez,ingrid.hernandez563@example.com,China,E-Commerce,2018-08-13,2621.93,Y
CUST0007869,Jennifer,Thomas,jennifer.thomas626@example.com,Canada,E-Commerce,2022-04-13,2714.6,Y
CUST0007870,Jessica,Lewis,jessica.lewis560@example.com,UK,VIP,2018-05-07,542.44,Y
CUST0007871,Carlos,King,carlos.king973@example.com,Brazil,VIP,2025-09-24,9638.22,Y
CUST0007872,Mary,Scott,mary.scott668@example.com,Australia,E-Commerce,2024-01-01,662.59,Y
CUST0007873,Ingrid,Smith,ingrid.smith913@example.com,Mexico,Corporate,2022-01-07,14582.06,Y
CUST0007874,Richard,Wilson,richard.wilson859@example.com,Saudi Arabia,VIP,2025-01-15,11631.56,Y
CUST0007875,Ahmed,Sanchez,ahmed.sanchez992@example.com,China,VIP,2023-05-13,4334.2,Y
CUST0007876,Karen,Sanchez,karen.sanchez835@example.com,Germany,Retail,2026-07-23,4421.88,N
CUST0007877,Yuki,Jones,yuki.jones532@example.com,India,Wholesale,2022-07-23,5803.37,Y
CUST0007878,Hans,King,hans.king422@example.com,Canada,Corporate,2020-08-10,2947.36,Y
CUST0007879,Olivia,Sanchez,olivia.sanchez213@example.com,Saudi Arabia,VIP,2019-05-04,5709.59,Y
CUST0007880,Richard,Martinez,richard.martinez763@example.com,Saudi Arabia,Corporate,2019-06-16,729.01,Y
CUST0007881,Layla,Clark,layla.clark311@example.com,USA,VIP,2020-11-01,777.82,Y
CUST0007882,Mei,Moore,mei.moore581@example.com,China,Corporate,2018-05-05,3555.35,Y
CUST0007883,Joseph,Sanchez,joseph.sanchez305@example.com,France,Wholesale,2020-11-17,4488.34,N
CUST0007884,Fatima,Jackson,fatima.jackson106@example.com,UK,Retail,2025-04-27,11438.15,Y
CUST0007885,David,Brown,david.brown927@example.com,Japan,Retail,2018-11-09,1052.76,Y
CUST0007886,Layla,Thomas,layla.thomas919@example.com,France,VIP,2019-11-01,9148.09,Y
CUST0007887,Mary,Hernandez,mary.hernandez843@example.com,USA,E-Commerce,2020-10-05,1678.91,Y
CUST0007888,Ahmed,Johnson,ahmed.johnson296@example.com,Australia,E-Commerce,2022-06-24,3005.07,Y
CUST0007889,Carlos,Williams,carlos.williams40@example.com,South Africa,Retail,2024-09-28,2403.39,Y
CUST0007890,Susan,Gonzalez,susan.gonzalez92@example.com,Saudi Arabia,E-Commerce,2019-06-29,3055.42,Y
CUST0007891,James,Moore,james.moore914@example.com,Canada,E-Commerce,2025-02-23,1315.51,Y
CUST0007892,Omar,Moore,omar.moore712@example.com,Saudi Arabia,Wholesale,2023-03-09,4001.56,Y
CUST0007893,Carlos,Garcia,carlos.garcia668@example.com,Saudi Arabia,Wholesale,2023-05-22,8588.42,Y
CUST0007894,Richard,Thomas,richard.thomas232@example.com,Germany,E-Commerce,2022-11-21,3412.81,N
CUST0007895,Karen,Martinez,karen.martinez21@example.com,Canada,VIP,2021-01-01,3872.74,Y
CUST0007896,Ahmed,Lewis,ahmed.lewis404@example.com,India,Retail,2022-08-24,9944.69,Y
CUST0007897,Barbara,White,barbara.white55@example.com,Mexico,Corporate,2021-02-26,6621.87,Y
CUST0007898,Susan,Jones,susan.jones548@example.com,France,Retail,2025-02-19,3871.18,Y
CUST0007899,Sakura,Thomas,sakura.thomas685@example.com,UK,Corporate,2022-02-18,1989.98,Y
CUST0007900,Susan,Taylor,susan.taylor650@example.com,India,E-Commerce,2025-11-11,11310.93,Y
CUST0007901,Mei,Jackson,mei.jackson440@example.com,Mexico,Retail,2019-06-07,4802.16,Y
CUST0007902,Patricia,Anderson,patricia.anderson780@example.com,Saudi Arabia,VIP,2021-02-22,1749.67,Y
CUST0007903,Carlos,Robinson,carlos.robinson692@example.com,UK,Corporate,2020-12-02,2067.53,Y
CUST0007904,Patricia,Jones,patricia.jones894@example.com,Brazil,VIP,2024-12-04,8626.14,Y
CUST0007905,Omar,Davis,omar.davis915@example.com,France,Wholesale,2021-09-29,725.75,N
CUST0007906,Fatima,Taylor,fatima.taylor846@example.com,UK,E-Commerce,2025-01-22,24699.52,Y
CUST0007907,Sofia,Rodriguez,sofia.rodriguez850@example.com,Japan,Corporate,2026-05-22,1198.33,Y
CUST0007908,Sakura,Allen,sakura.allen87@example.com,Singapore,Wholesale,2023-09-07,8449.86,Y
CUST0007909,Ingrid,Perez,ingrid.perez868@example.com,Canada,Wholesale,2026-04-15,3010.78,Y
CUST0007910,Robert,Robinson,robert.robinson689@example.com,France,VIP,2018-12-28,3888.5,Y
CUST0007911,Ahmed,Johnson,ahmed.johnson384@example.com,Mexico,VIP,2019-07-22,11128.5,Y
CUST0007912,Patricia,Thompson,patricia.thompson688@example.com,South Africa,E-Commerce,2021-01-08,3162.9,Y
CUST0007913,Wei,Jones,wei.jones135@example.com,USA,Corporate,2024-12-01,4355.48,Y
CUST0007914,Sofia,Miller,sofia.miller99@example.com,Brazil,E-Commerce,2024-08-21,752.78,Y
CUST0007915,Hans,Martinez,hans.martinez337@example.com,Germany,Retail,2020-08-08,511.75,Y
CUST0007916,Liam,Moore,liam.moore388@example.com,France,Wholesale,2026-07-26,1903.86,Y
CUST0007917,Thomas,Moore,,Singapore,Wholesale,2024-02-19,6206.29,Y
CUST0007918,Ahmed,Taylor,ahmed.taylor689@example.com,USA,Retail,2024-07-21,1146.36,N
CUST0007919,Susan,Miller,susan.miller589@example.com,UAE,Retail,2023-04-19,1103.85,Y
CUST0007920,Jessica,Smith,jessica.smith902@example.com,Singapore,E-Commerce,2025-09-04,3146.31,Y
CUST0007921,Mary,Williams,mary.williams246@example.com,Saudi Arabia,E-Commerce,2025-02-09,5718.31,Y
CUST0007922,Susan,Lopez,susan.lopez764@example.com,Brazil,Wholesale,2022-05-10,6725.22,Y
CUST0007923,Fatima,White,fatima.white788@example.com,Mexico,E-Commerce,2025-12-05,1482.82,Y
CUST0007924,Raj,Martinez,raj.martinez910@example.com,Japan,E-Commerce,2024-10-22,914.67,Y
CUST0007925,Raj,Thompson,raj.thompson751@example.com,South Africa,Corporate,2024-02-16,14600.25,Y
CUST0007926,Joseph,Thomas,joseph.thomas617@example.com,Brazil,E-Commerce,2020-04-30,2010.03,Y
CUST0007927,Wei,Garcia,wei.garcia995@example.com,Japan,VIP,2023-09-14,10098.41,Y
CUST0007928,Hans,Scott,hans.scott451@example.com,Japan,Wholesale,2023-12-09,10456.84,N
CUST0007929,James,Perez,james.perez494@example.com,UK,VIP,2020-09-19,7903.52,Y
CUST0007930,Layla,Gonzalez,layla.gonzalez13@example.com,Australia,Retail,2024-04-16,1424.63,Y
CUST0007931,Sofia,White,sofia.white647@example.com,Australia,VIP,2026-08-08,9124.28,Y
CUST0007932,Charles,Sanchez,charles.sanchez775@example.com,Saudi Arabia,Retail,2023-01-21,7832.11,Y
CUST0007933,Fatima,Clark,fatima.clark162@example.com,Australia,E-Commerce,2025-08-12,5040.66,Y
CUST0007934,Ingrid,Smith,ingrid.smith918@example.com,Germany,Wholesale,2023-01-07,2556.43,Y
CUST0007935,Liam,Allen,liam.allen458@example.com,UAE,VIP,2023-01-26,2022.5,Y
CUST0007936,Patricia,Scott,patricia.scott892@example.com,USA,Wholesale,2018-05-22,1149.91,Y
CUST0007937,William,Williams,william.williams259@example.com,India,VIP,2018-07-12,4064.27,Y
CUST0007938,Charles,Wilson,not_an_email,USA,Corporate,2020-11-29,4900.53,N
CUST0007939,Thomas,Walker,thomas.walker507@example.com,Germany,VIP,2019-11-19,2726.27,Y
CUST0007940,Karen,Taylor,karen.taylor845@example.com,South Africa,E-Commerce,2018-02-23,3725.21,Y
CUST0007941,Jessica,Miller,jessica.miller588@example.com,China,Retail,2024-01-27,2758.97,Y
CUST0007942,James,Davis,james.davis70@example.com,UK,Retail,2026-06-29,5622.25,Y
CUST0007943,Priya,Young,priya.young932@example.com,UK,VIP,2025-08-21,12076.29,N
CUST0007944,John,Sanchez,john.sanchez634@example.com,Saudi Arabia,E-Commerce,2019-05-29,1395.16,Y
CUST0007945,Jennifer,Sanchez,jennifer.sanchez426@example.com,Australia,Corporate,2021-01-29,2901.55,Y
CUST0007946,Mary,Young,mary.young712@example.com,Brazil,Wholesale,2021-11-20,1259.17,Y
CUST0007947,Fatima,Clark,,UK,Retail,2024-02-06,5403.4,Y
CUST0007948,Richard,Smith,richard.smith668@example.com,USA,Retail,2026-04-05,7025.79,Y
CUST0007949,Layla,Anderson,layla.anderson183@example.com,Canada,E-Commerce,2019-10-11,13934.83,N
CUST0007950,Robert,Brown,robert.brown860@example.com,China,E-Commerce,2018-10-12,2134.69,Y
CUST0007951,Raj,Harris,raj.harris729@example.com,Mexico,E-Commerce,2020-05-13,15499.83,N
CUST0007952,Olivia,Harris,olivia.harris25@example.com,Saudi Arabia,E-Commerce,2019-08-31,826.76,Y
CUST0007953,Jessica,Miller,jessica.miller408@example.com,China,Wholesale,2020-05-19,5119.27,Y
CUST0007954,Karen,Harris,karen.harris857@example.com,Mexico,E-Commerce,2021-02-24,794.15,Y
CUST0007955,Robert,Harris,robert.harris50@example.com,Saudi Arabia,Corporate,2018-09-09,11710.94,Y
CUST0007956,Jessica,Young,jessica.young930@example.com,China,VIP,2023-12-18,4273.08,Y
CUST0007957,David,Jones,david.jones262@example.com,Canada,VIP,2019-04-28,6033.45,Y
CUST0007958,Ingrid,Hernandez,ingrid.hernandez826@example.com,Brazil,Retail,2023-08-26,9406.29,Y
CUST0007959,Yuki,Wright,yuki.wright738@example.com,USA,Retail,2025-05-08,1314.42,Y
CUST0007960,Patricia,Thompson,patricia.thompson786@example.com,India,E-Commerce,2023-03-20,696.78,Y
CUST0007961,Sofia,Perez,sofia.perez553@example.com,Australia,E-Commerce,2023-02-05,11054.91,Y
CUST0007962,Hans,Johnson,hans.johnson908@example.com,Germany,Wholesale,2022-06-21,2391.19,Y
CUST0007963,Ahmed,Moore,ahmed.moore787@example.com,China,VIP,2018-12-07,1190.45,Y
CUST0007964,Mary,Wilson,mary.wilson761@example.com,Singapore,Corporate,2023-12-08,3659.9,Y
CUST0007965,Priya,Lee,priya.lee167@example.com,Germany,Retail,2024-01-13,5060.32,Y
CUST0007966,Ahmed,Wilson,ahmed.wilson199@example.com,France,Wholesale,2018-04-12,657.3,Y
CUST0007967,Liam,Lopez,liam.lopez27@example.com,Saudi Arabia,Corporate,2018-05-13,2107.2,Y
CUST0007968,Elizabeth,Sanchez,elizabeth.sanchez976@example.com,Saudi Arabia,Corporate,2021-12-02,666.75,Y
CUST0007969,Hans,Thompson,hans.thompson208@example.com,Saudi Arabia,VIP,2022-11-14,3226.53,Y
CUST0007970,Jennifer,Ramirez,jennifer.ramirez216@example.com,Japan,Wholesale,2021-10-30,11773.74,Y
CUST0007971,Yuki,Martinez,yuki.martinez840@example.com,Australia,Wholesale,2018-08-04,20771.51,Y
CUST0007972,Wei,Allen,wei.allen168@example.com,Canada,Corporate,2019-12-19,5567.42,N
CUST0007973,Joseph,Thomas,joseph.thomas887@example.com,USA,VIP,2026-08-07,1381.52,N
CUST0007974,Thomas,Scott,thomas.scott956@example.com,Singapore,Retail,2024-01-02,12314.3,Y
CUST0007975,Omar,Ramirez,omar.ramirez902@example.com,Mexico,Retail,2019-03-16,4130.91,Y
CUST0007976,Mei,Allen,mei.allen22@example.com,France,E-Commerce,2025-11-15,1334.7,Y
CUST0007977,Patricia,Sanchez,patricia.sanchez327@example.com,Australia,Corporate,2023-06-05,13237.74,Y
CUST0007978,Michael,Rodriguez,michael.rodriguez456@example.com,Canada,Corporate,2023-10-17,7583.13,Y
CUST0007979,Layla,Miller,layla.miller988@example.com,Singapore,Corporate,2022-08-30,7078.35,N
CUST0007980,Joseph,White,joseph.white132@example.com,Canada,E-Commerce,2019-09-16,6675.27,N
CUST0007981,Yuki,Gonzalez,yuki.gonzalez848@example.com,Australia,Corporate,2019-04-15,1617.84,Y
CUST0007982,Hans,Smith,hans.smith959@example.com,India,VIP,2022-08-09,1684.99,Y
CUST0007983,Sofia,Moore,sofia.moore430@example.com,Mexico,E-Commerce,2019-02-18,6328.46,Y
CUST0007984,Jessica,Thompson,jessica.thompson896@example.com,Brazil,E-Commerce,2022-10-18,1740.53,Y
CUST0007985,Fatima,Gonzalez,fatima.gonzalez652@example.com,China,E-Commerce,2020-01-31,3387.25,Y
CUST0007986,Ahmed,Robinson,ahmed.robinson455@example.com,South Africa,Corporate,2024-01-15,8116.34,Y
CUST0007987,Sakura,Walker,sakura.walker831@example.com,Saudi Arabia,Wholesale,2025-08-19,8161.29,Y
CUST0007988,Mei,Garcia,mei.garcia398@example.com,Australia,Corporate,2018-05-20,3518.93,Y
CUST0007989,David,Thomas,david.thomas673@example.com,China,Retail,2019-02-13,8355.65,Y
CUST0007990,Mary,Thompson,mary.thompson730@example.com,Australia,Retail,2025-08-12,9620.02,Y
CUST0007991,John,Thompson,john.thompson660@example.com,Saudi Arabia,Retail,2024-12-18,5817.81,Y
CUST0007992,Raj,Anderson,raj.anderson145@example.com,Germany,Retail,2025-04-18,1796.61,Y
CUST0007993,Sakura,Martinez,sakura.martinez345@example.com,Mexico,VIP,2022-09-11,2101.11,Y
CUST0007994,Jennifer,White,jennifer.white654@example.com,Australia,VIP,2025-11-28,2390.52,Y
CUST0007995,Joseph,Anderson,joseph.anderson824@example.com,Saudi Arabia,VIP,2021-04-07,1121.04,Y
CUST0007996,William,Johnson,william.johnson445@example.com,UK,VIP,2026-03-31,2095.24,Y
CUST0007997,Jennifer,Lee,jennifer.lee737@example.com,Mexico,Corporate,2022-06-17,1675.57,Y
CUST0007998,Richard,Johnson,richard.johnson994@example.com,South Africa,VIP,2024-01-01,3537.86,Y
CUST0007999,Jennifer,King,jennifer.king221@example.com,France,Wholesale,2021-01-27,12453.67,Y
CUST0008000,Susan,Clark,susan.clark256@example.com,UAE,Corporate,2023-12-01,1051.76,Y
CUST0004741,Wei,Gonzalez,wei.gonzalez306@example.com,Canada,Retail,2021-07-22,6841.99,Y
CUST0005607,Carlos,Anderson,carlos.anderson611@example.com,Brazil,E-Commerce,2024-11-24,10689.42,Y
CUST0004825,Layla,Clark,layla.clark855@example.com,Saudi Arabia,E-Commerce,2022-04-06,4432.41,Y
CUST0004206,Susan,Lewis,susan.lewis996@example.com,India,VIP,2020-06-23,3755.14,Y
CUST0003229,Liam,Thompson,liam.thompson355@example.com,Saudi Arabia,Wholesale,2022-03-12,1056.59,Y
CUST0002746,James,Young,james.young837@example.com,Germany,Corporate,2021-09-16,8100.77,Y
CUST0003612,Ingrid,Rodriguez,ingrid.rodriguez867@example.com,China,Retail,2023-02-01,1271.59,Y
CUST0003492,Mei,Hernandez,mei.hernandez7@example.com,Australia,VIP,2023-11-11,5167.78,Y
CUST0001186,Fatima,Harris,fatima.harris100@example.com,India,E-Commerce,2022-01-03,14341.27,Y
CUST0000075,Priya,Scott,priya.scott854@example.com,USA,E-Commerce,2021-03-21,6635.48,Y
CUST0001830,Michael,Miller,michael.miller312@example.com,Saudi Arabia,E-Commerce,2023-01-28,2232.36,Y
CUST0000308,Jessica,Martinez,jessica.martinez100@example.com,USA,E-Commerce,2022-04-23,2450.1,Y
CUST0001308,Richard,Lewis,richard.lewis993@example.com,India,Retail,2020-10-01,8590.58,Y
CUST0003153,Ahmed,Martin,ahmed.martin419@example.com,Singapore,VIP,2021-07-19,6611.72,Y
CUST0002933,William,Walker,william.walker7@example.com,France,E-Commerce,2019-06-16,908.52,Y
CUST0003027,Richard,Sanchez,richard.sanchez161@example.com,Singapore,Corporate,2020-11-07,14952.23,Y
CUST0002009,Sofia,Garcia,sofia.garcia228@example.com,India,VIP,2021-02-14,838.0,Y
CUST0004195,John,Jackson,john.jackson913@example.com,Canada,Wholesale,2026-07-24,5327.05,Y
CUST0006100,Patricia,Walker,patricia.walker779@example.com,UK,Wholesale,2025-08-13,10873.19,Y
CUST0002496,Charles,Martinez,charles.martinez834@example.com,Australia,Corporate,2025-07-30,3889.57,Y
CUST0000445,Priya,Johnson,priya.johnson756@example.com,Brazil,Wholesale,2023-01-16,8877.88,Y
CUST0001549,Elizabeth,Williams,elizabeth.williams614@example.com,UAE,E-Commerce,2023-08-20,721.92,N
CUST0005171,Jessica,Moore,jessica.moore591@example.com,Germany,Retail,2026-07-31,3271.33,Y
CUST0004942,Ingrid,White,ingrid.white812@example.com,France,VIP,2018-02-12,3343.11,Y
CUST0003259,Susan,Jones,susan.jones561@example.com,India,VIP,2019-09-26,2986.75,Y
CUST0005402,Ahmed,Jackson,ahmed.jackson82@example.com,Japan,Retail,2019-11-08,17516.13,Y
CUST0005530,James,Davis,james.davis425@example.com,South Africa,Retail,2025-04-09,2231.18,N
CUST0001611,Barbara,Sanchez,barbara.sanchez364@example.com,USA,Retail,2022-10-31,11104.61,Y
CUST0005512,Thomas,Lopez,thomas.lopez760@example.com,India,VIP,2020-10-07,13637.82,Y
CUST0006978,Ingrid,Lewis,ingrid.lewis379@example.com,India,Retail,2024-12-17,9299.12,Y
CUST0006371,Carlos,Garcia,carlos.garcia236@example.com,Australia,E-Commerce,2021-01-23,5953.4,Y
CUST0003372,Robert,Johnson,robert.johnson417@example.com,Germany,E-Commerce,2021-07-13,5023.09,Y
CUST0004829,Sofia,Allen,sofia.allen527@example.com,UAE,Corporate,2024-01-02,2357.55,Y
CUST0000538,Layla,Thomas,layla.thomas646@example.com,Saudi Arabia,VIP,2018-03-21,1920.76,N
CUST0001908,Liam,Williams,liam.williams822@example.com,USA,Wholesale,2018-08-21,2793.86,Y
CUST0002193,Thomas,Jackson,thomas.jackson853@example.com,UAE,Retail,2021-08-11,6054.42,Y
CUST0001577,Hans,Rodriguez,hans.rodriguez591@example.com,China,E-Commerce,2023-11-11,619.61,N
CUST0003105,Linda,Lopez,linda.lopez156@example.com,France,Wholesale,2026-07-19,1996.83,Y
CUST0003248,Jessica,Clark,jessica.clark688@example.com,Saudi Arabia,Wholesale,2018-02-04,3154.79,Y
CUST0001533,Michael,Harris,michael.harris301@example.com,Brazil,Wholesale,2025-12-26,6796.56,Y
CUST0000104,Jessica,,jessica.miller714@example.com,Saudi Arabia,E-Commerce,2025-09-03,4052.19,Y
CUST0002858,Omar,Ramirez,omar.ramirez615@example.com,India,Corporate,2018-09-14,698.54,N
CUST0006295,Ingrid,Hernandez,ingrid.hernandez104@example.com,South Africa,Wholesale,2019-05-24,10628.49,Y
CUST0004626,Omar,Anderson,omar.anderson116@example.com,Brazil,Corporate,2023-12-19,6237.02,Y
CUST0007536,Mei,Johnson,mei.johnson455@example.com,USA,VIP,2022-02-28,6541.47,N
CUST0001910,Jessica,Jackson,jessica.jackson133@example.com,Brazil,Corporate,2023-05-15,1306.06,Y
CUST0007170,Hans,Harris,hans.harris55@example.com,Canada,VIP,2026-08-04,1883.81,Y
CUST0001579,Jessica,Williams,,UK,E-Commerce,2020-05-31,5170.92,N
CUST0005168,Elizabeth,Gonzalez,elizabeth.gonzalez812@example.com,Mexico,VIP,2021-11-30,1198.34,Y
CUST0007538,Hans,Sanchez,hans.sanchez184@example.com,South Africa,E-Commerce,2026-01-02,2661.43,Y
CUST0005980,Sarah,King,sarah.king427@example.com,Australia,Corporate,2020-02-14,4787.66,Y
CUST0005229,Wei,Perez,wei.perez94@example.com,Australia,Retail,2018-03-17,1322.86,N
CUST0000645,Robert,Jackson,robert.jackson369@example.com,Saudi Arabia,E-Commerce,2022-10-11,1137.82,Y
CUST0004999,Mary,Lee,mary.lee81@example.com,Mexico,Retail,2020-01-03,8957.18,Y
CUST0005452,Thomas,Robinson,thomas.robinson208@example.com,USA,VIP,2026-03-12,1863.98,Y
CUST0006697,Omar,Jackson,omar.jackson802@example.com,South Africa,Corporate,2021-02-26,5921.48,Y
CUST0002568,Ahmed,Anderson,ahmed.anderson176@example.com,Saudi Arabia,Corporate,2020-04-12,2149.5,Y
CUST0000959,Raj,Lopez,raj.lopez610@example.com,Canada,E-Commerce,2025-11-28,1409.31,Y
CUST0002165,Linda,Gonzalez,linda.gonzalez366@example.com,China,Corporate,2024-05-21,3686.55,N
CUST0002601,Priya,Taylor,priya.taylor537@example.com,South Africa,Corporate,2019-11-15,5465.29,Y
CUST0003895,Mary,Williams,mary.williams596@example.com,Saudi Arabia,Wholesale,2023-05-08,7074.46,Y
CUST0000803,Richard,Wright,richard.wright179@example.com,Saudi Arabia,E-Commerce,2021-12-25,4793.51,Y
CUST0006174,Patricia,Wilson,patricia.wilson135@example.com,UAE,Retail,2025-04-12,9552.87,Y
CUST0005222,David,Davis,david.davis41@example.com,South Africa,Corporate,2025-08-29,3715.21,Y
