order_id,customer_id,product_id,order_date,quantity,unit_price,sales_amount,discount_pct,order_status,currency,region,load_timestamp
SO000000001,CUST0005941,MAT000383,2026-05-04,15.0,301.93,4528.95,20,Completed,USD,France,2026-08-11 23:25:20
SO000000002,CUST0006954,MAT000833,2024-12-28,15.0,456.45,6846.75,5,Completed,USD,Australia,2026-08-12 11:25:20
SO000000003,CUST0002839,MAT000362,2023-09-02,22.0,35.09,771.98,10,Completed,JPY,India,2026-08-12 09:25:20
SO000000004,CUST0000054,MAT000888,2024-08-13,3.0,582.46,1747.38,0,Completed,EUR,Saudi Arabia,2026-08-11 19:25:20
SO000000005,CUST0005249,MAT000157,2024-10-24,9.0,547.35,4926.15,0,Completed,USD,China,2026-08-12 02:25:20
SO000000006,CUST0001675,MAT000018,2025-07-15,11.0,254.9,2803.9,0,Completed,USD,China,2026-08-11 22:25:20
SO000000007,CUST0000172,MAT000389,2024-07-05,19.0,165.67,3147.73,0,Completed,AED,Australia,2026-08-12 07:25:20
SO000000008,CUST0001028,MAT000780,2026-05-24,21.0,70.32,1476.72,5,Completed,INR,South Africa,2026-08-12 09:25:20
SO000000009,CUST0001370,MAT000952,2023-11-09,24.0,530.67,12736.08,0,Completed,AED,France,2026-08-11 21:25:20
SO000000010,CUST0002567,MAT000584,2024-02-20,13.0,514.17,6684.21,5,Completed,EUR,Saudi Arabia,2026-08-12 03:25:20
SO000000011,CUST0005007,MAT000888,2025-09-07,22.0,482.32,10611.04,0,Completed,EUR,South Africa,2026-08-12 13:25:20
SO000000012,CUST0003166,MAT001053,2025-04-16,23.0,887.13,20403.99,0,Completed,GBP,Mexico,2026-08-12 11:25:20
SO000000013,CUST0001689,MAT000452,2023-09-29,16.0,480.73,7691.68,10,Shipped,GBP,Mexico,2026-08-12 01:25:20
SO000000014,CUST0007776,MAT000277,2023-07-13,15.0,651.0,9765.0,0,Completed,INR,Australia,2026-08-11 15:25:20
SO000000015,CUST0003965,MAT000248,2026-05-19,19.0,106.06,2015.14,5,Completed,AED,France,2026-08-11 23:25:20
SO000000016,CUST0000771,MAT001107,2024-12-21,4.0,272.58,1090.32,0,Shipped,USD,Canada,2026-08-12 05:25:20
SO000000017,CUST0006055,MAT000086,2024-03-03,18.0,251.52,4527.36,0,Completed,USD,Mexico,2026-08-12 14:25:20
SO000000018,CUST0003264,MAT000060,2025-05-07,17.0,520.5,8848.5,0,Pending,JPY,China,2026-08-12 00:25:20
SO000000019,CUST0002568,MAT000828,2023-05-27,10.0,301.08,3010.8,20,Completed,USD,South Africa,2026-08-12 06:25:20
SO000000020,CUST0003134,MAT000144,2025-01-24,20.0,578.75,11575.0,0,Completed,USD,Mexico,2026-08-12 08:25:20
SO000000021,CUST0007809,MAT000926,2025-12-16,20.0,622.63,12452.6,0,Cancelled,USD,Saudi Arabia,2026-08-11 14:25:20
SO000000022,CUST0000355,MAT000868,2026-03-10,1.0,35.15,35.15,0,Completed,GBP,Saudi Arabia,2026-08-12 11:25:20
SO000000023,CUST0002340,MAT000989,2023-05-26,3.0,577.58,1732.74,0,Completed,USD,USA,2026-08-11 16:25:20
SO000000024,CUST0006906,MAT000285,2024-04-24,17.0,109.52,1861.84,15,Pending,USD,Brazil,2026-08-11 16:25:20
SO000000025,CUST0002708,MAT000200,2023-10-13,19.0,421.3,8004.7,15,Completed,JPY,China,2026-08-12 14:25:20
SO000000026,CUST0001206,MAT000404,2023-04-04,7.0,655.29,4587.03,0,Completed,EUR,Germany,2026-08-12 11:25:20
SO000000027,CUST0004722,MAT001108,2026-06-18,22.0,634.49,13958.78,0,Completed,EUR,Germany,2026-08-11 22:25:20
SO000000028,CUST0006264,MAT001194,2025-10-15,25.0,273.34,6833.5,15,Completed,GBP,Japan,2026-08-11 16:25:20
SO000000029,CUST0005419,MAT000938,2026-09-20,6.0,248.77,1492.62,5,Completed,USD,China,2026-08-11 12:25:20
SO000000030,CUST0004371,MAT000321,2024-05-18,13.0,399.0,5187.0,0,Completed,GBP,UK,2026-08-12 14:25:20
SO000000031,CUST0004860,MAT000785,2025-04-15,11.0,173.86,1912.46,0,Completed,EUR,Saudi Arabia,2026-08-12 02:25:20
SO000000032,CUST0003087,MAT000694,2025-07-30,9.0,877.36,7896.24,0,Completed,USD,Singapore,2026-08-12 18:25:20
SO000000033,CUST0003131,MAT001082,2023-05-13,10.0,313.7,3137.0,15,Shipped,AED,Australia,2026-08-12 09:25:20
SO000000034,CUST0006632,MAT001160,2026-06-12,21.0,831.08,17452.68,0,Completed,GBP,UK,2026-08-12 17:25:20
SO000000035,CUST0001419,MAT001053,2023-06-12,3.0,817.9,2453.7,0,Completed,USD,France,2026-08-12 11:25:20
SO000000036,CUST0007554,MAT000448,2026-04-13,4.0,331.54,1326.16,0,Pending,EUR,Japan,2026-08-12 15:25:20
SO000000037,CUST0006184,MAT000155,2026-07-20,15.0,232.41,3486.15,10,Completed,INR,USA,2026-08-11 22:25:20
SO000000038,CUST0002766,MAT000003,2025-07-19,25.0,694.9,17372.5,0,Completed,USD,Singapore,2026-08-12 09:25:20
SO000000039,CUST0002318,MAT000490,2023-12-16,15.0,210.29,3154.35,0,Pending,EUR,Brazil,2026-08-12 01:25:20
SO000000040,CUST0007265,MAT000013,2023-10-18,23.0,471.52,10844.96,10,Completed,JPY,France,2026-08-11 18:25:20
SO000000041,CUST0007586,MAT000229,2025-04-18,3.0,104.07,312.21,15,Completed,USD,Australia,2026-08-11 12:25:20
SO000000042,CUST0003347,MAT000367,2024-07-13,2.0,350.41,700.82,10,Shipped,GBP,Singapore,2026-08-12 15:25:20
SO000000043,CUST0007737,MAT000877,2024-04-21,5.0,74.95,374.75,0,Completed,USD,USA,2026-08-11 14:25:20
SO000000044,CUST0006031,MAT000656,2025-09-15,23.0,258.68,5949.64,15,Completed,USD,China,2026-08-12 05:25:20
SO000000045,CUST0007596,MAT000326,2023-12-25,14.0,600.44,8406.16,20,Shipped,EUR,Canada,2026-08-11 20:25:20
SO000000046,CUST0002674,MAT000264,2025-01-07,18.0,892.22,16059.96,0,Completed,USD,India,2026-08-12 11:25:20
SO000000047,CUST0002580,MAT001010,2025-11-24,3.0,233.05,699.15,20,Completed,USD,Saudi Arabia,2026-08-12 10:25:20
SO000000048,CUST0005854,MAT000889,2025-04-20,17.0,428.62,7286.54,0,Pending,USD,Germany,2026-08-12 13:25:20
SO000000049,CUST0005609,MAT000121,2023-07-25,25.0,406.0,10150.0,0,Pending,AED,Australia,2026-08-12 15:25:20
SO000000050,CUST0007700,MAT000694,2025-12-03,25.0,169.82,4245.5,20,Cancelled,EUR,UAE,2026-08-11 21:25:20
SO000000051,CUST0000990,MAT000202,2026-02-02,12.0,551.01,6612.12,10,Completed,USD,USA,2026-08-12 15:25:20
SO000000052,CUST0002337,MAT000787,2023-04-04,5.0,653.61,3268.05,0,Shipped,USD,South Africa,2026-08-12 08:25:20
SO000000053,CUST0005193,MAT000814,2025-11-09,6.0,136.76,820.56,10,Completed,USD,France,2026-08-11 12:25:20
SO000000054,CUST0000395,MAT001102,2026-09-04,5.0,682.63,3413.15,15,Completed,USD,Saudi Arabia,2026-08-12 16:25:20
SO000000055,CUST0003270,MAT001015,2025-02-22,13.0,631.64,8211.32,0,Completed,USD,Japan,2026-08-12 00:25:20
SO000000056,CUST0001476,MAT000949,2025-12-18,21.0,181.62,3814.02,10,Completed,AED,Japan,2026-08-11 18:25:20
SO000000057,CUST0005624,MAT000942,2023-07-03,18.0,585.81,10544.58,0,Pending,USD,Japan,2026-08-12 11:25:20
SO000000058,CUST0002517,MAT001022,2025-06-27,24.0,357.34,8576.16,0,Completed,USD,Australia,2026-08-11 16:25:20
SO000000059,CUST0006250,MAT000524,2025-08-29,8.0,614.62,4916.96,0,Returned,EUR,UK,2026-08-12 02:25:20
SO000000060,CUST0001349,MAT000194,2024-03-17,4.0,449.01,1796.04,15,Completed,USD,Japan,2026-08-12 13:25:20
SO000000061,CUST0002549,MAT000190,2024-09-08,24.0,48.08,1153.92,0,Completed,GBP,France,2026-08-12 06:25:20
SO000000062,CUST0004646,MAT000952,2025-12-26,21.0,709.34,14896.14,10,Completed,GBP,Brazil,2026-08-12 05:25:20
SO000000063,CUST0001811,MAT000616,2026-04-02,25.0,502.26,12556.5,0,Shipped,INR,Brazil,2026-08-12 04:25:20
SO000000064,CUST0003439,MAT001078,2026-06-01,8.0,653.69,5229.52,0,Completed,USD,France,2026-08-12 15:25:20
SO000000065,CUST0005067,MAT000746,2023-07-02,22.0,117.83,2592.26,0,Completed,USD,USA,2026-08-12 04:25:20
SO000000066,CUST0006358,MAT000797,2025-03-10,3.0,650.54,1951.62,5,Completed,GBP,Canada,2026-08-12 06:25:20
SO000000067,CUST0005614,MAT000824,2026-02-13,24.0,375.23,9005.52,0,Pending,USD,Mexico,2026-08-12 01:25:20
SO000000068,CUST0005525,MAT000278,2026-08-05,1.0,720.34,720.34,10,Completed,USD,France,2026-08-11 18:25:20
SO000000069,CUST0004287,MAT000146,2025-11-14,4.0,541.25,2165.0,10,Completed,USD,UK,2026-08-12 11:25:20
SO000000070,CUST0006396,MAT000576,2024-06-05,9.0,322.64,2903.76,0,Completed,USD,Singapore,2026-08-11 13:25:20
SO000000071,CUST0002533,MAT001021,2025-08-02,6.0,185.72,1114.32,0,Shipped,GBP,India,2026-08-11 15:25:20
SO000000072,CUST0001606,MAT000827,2023-11-09,1.0,735.25,735.25,15,Returned,USD,USA,2026-08-11 12:25:20
SO000000073,CUST0005416,MAT000559,2026-04-11,22.0,506.37,11140.14,0,Cancelled,USD,Mexico,2026-08-12 13:25:20
SO000000074,CUST0007080,MAT000397,2023-05-20,20.0,888.78,17775.6,0,Completed,USD,Saudi Arabia,2026-08-12 06:25:20
SO000000075,CUST0003470,MAT001080,2025-02-08,8.0,339.27,2714.16,20,Completed,USD,Japan,2026-08-11 17:25:20
SO000000076,CUST0002974,MAT001137,2026-03-25,7.0,618.72,4331.04,20,Completed,INR,Mexico,2026-08-11 19:25:20
SO000000077,CUST0007559,MAT000105,2024-09-16,16.0,562.42,8998.72,0,Shipped,INR,Mexico,2026-08-12 04:25:20
SO000000078,CUST0000724,MAT000326,2025-05-03,11.0,575.64,6332.04,5,Returned,USD,South Africa,2026-08-11 20:25:20
SO000000079,CUST0002280,MAT000207,2025-05-27,11.0,664.6,7310.6,5,Completed,USD,UAE,2026-08-12 04:25:20
SO000000080,CUST0006333,MAT000230,2023-06-20,4.0,129.5,518.0,0,Completed,USD,Canada,2026-08-12 02:25:20
SO000000081,CUST0005643,MAT000037,2024-11-22,21.0,496.93,10435.53,10,Shipped,USD,UAE,2026-08-12 00:25:20
SO000000082,CUST0003464,MAT001005,2026-07-16,19.0,460.67,8752.73,20,Completed,INR,India,2026-08-12 13:25:20
SO000000083,CUST0002962,MAT000695,2023-10-09,12.0,311.56,3738.72,5,Completed,USD,Mexico,2026-08-11 20:25:20
SO000000084,CUST0007502,MAT000487,2024-01-20,12.0,395.35,4744.2,20,Pending,GBP,Japan,2026-08-11 22:25:20
SO000000085,CUST0002115,MAT001097,2023-04-07,17.0,469.34,7978.78,5,Completed,USD,Saudi Arabia,2026-08-11 21:25:20
SO000000086,CUST0005663,MAT001058,2024-01-27,25.0,292.23,7305.75,0,Pending,USD,UK,2026-08-12 13:25:20
SO000000087,CUST0004856,MAT001016,2026-01-11,12.0,267.38,3208.56,0,Completed,AED,Mexico,2026-08-11 20:25:20
SO000000088,CUST0000028,MAT000133,2024-05-07,8.0,665.75,5326.0,10,Completed,AED,USA,2026-08-12 00:25:20
SO000000089,CUST0000113,MAT000575,2023-01-16,2.0,64.89,129.78,0,Completed,AED,India,2026-08-12 07:25:20
SO000000090,CUST0004540,MAT000634,2026-03-07,22.0,285.1,6272.2,20,Completed,INR,USA,2026-08-11 14:25:20
SO000000091,CUST0002779,MAT000887,2024-11-12,24.0,590.07,14161.68,0,Completed,USD,Japan,2026-08-12 03:25:20
SO000000092,CUST0000306,MAT000096,2026-06-04,11.0,191.85,2110.35,10,Completed,EUR,China,2026-08-11 19:25:20
SO000000093,CUST0004931,MAT001155,2023-01-15,9.0,517.18,4654.62,5,Completed,EUR,Canada,2026-08-11 18:25:20
SO000000094,CUST0004874,MAT001179,2023-08-17,17.0,275.44,4682.48,20,Completed,USD,South Africa,2026-08-12 10:25:20
SO000000095,CUST0004347,MAT001108,2024-01-20,13.0,759.75,9876.75,0,Completed,INR,India,2026-08-12 16:25:20
SO000000096,CUST0003384,MAT000398,2025-03-07,15.0,318.24,4773.6,15,Returned,INR,China,2026-08-11 13:25:20
SO000000097,CUST0005812,MAT000938,2024-10-13,6.0,210.42,1262.52,10,Completed,INR,Brazil,2026-08-11 20:25:20
SO000000098,CUST0002451,MAT000369,2025-02-26,20.0,479.44,9588.8,0,Completed,USD,Japan,2026-08-11 22:25:20
SO000000099,CUST0005031,MAT000947,2026-01-10,18.0,126.42,2275.56,15,Completed,EUR,Canada,2026-08-11 20:25:20
SO000000100,CUST0001133,MAT000529,2024-11-02,6.0,718.75,4312.5,20,Completed,AED,USA,2026-08-12 07:25:20
SO000000101,CUST0000313,MAT001093,2025-08-25,11.0,613.63,6749.93,0,Completed,USD,France,2026-08-12 09:25:20
SO000000102,CUST0006903,MAT001095,2023-06-14,18.0,694.61,12502.98,15,Cancelled,AED,Singapore,2026-08-11 19:25:20
SO000000103,CUST0004397,MAT001092,2025-02-28,15.0,362.0,5430.0,10,Returned,GBP,Singapore,2026-08-12 18:25:20
SO000000104,CUST0000831,MAT000463,2026-03-21,4.0,752.33,3009.32,10,Completed,USD,China,2026-08-11 13:25:20
SO000000105,CUST0002281,MAT000166,2024-09-03,6.0,446.73,2680.38,0,Completed,USD,Brazil,2026-08-11 16:25:20
SO000000106,CUST0005377,MAT001102,2024-09-26,7.0,89.76,628.32,10,Returned,GBP,Japan,2026-08-11 21:25:20
SO000000107,CUST0006261,MAT000154,2024-09-28,1.0,205.51,205.51,0,Completed,USD,Japan,2026-08-12 05:25:20
SO000000108,CUST0005631,MAT000402,2025-01-02,15.0,641.39,9620.85,20,Completed,USD,UK,2026-08-12 03:25:20
SO000000109,CUST0007502,MAT000466,2024-04-21,2.0,807.3,1614.6,10,Shipped,USD,France,2026-08-12 08:25:20
SO000000110,CUST0006362,MAT000608,2024-09-26,13.0,90.19,1172.47,15,Completed,AED,Germany,2026-08-11 12:25:20
SO000000111,CUST0006237,MAT000366,2023-05-09,24.0,778.47,18683.28,0,Pending,EUR,France,2026-08-11 12:25:20
SO000000112,CUST0004926,MAT000793,2026-02-25,14.0,720.17,10082.38,0,Completed,AED,Australia,2026-08-12 12:25:20
SO000000113,CUST0000469,MAT000968,2026-03-05,1.0,324.12,324.12,10,Completed,EUR,Mexico,2026-08-12 00:25:20
SO000000114,CUST0005004,MAT001026,2024-07-25,13.0,621.9,8084.7,5,Completed,USD,Brazil,2026-08-12 00:25:20
SO000000115,CUST0003050,MAT000242,2023-07-09,25.0,172.32,4308.0,0,Completed,AED,India,2026-08-11 19:25:20
SO000000116,CUST0007943,MAT000334,2024-10-14,16.0,732.99,11727.84,15,Completed,USD,Mexico,2026-08-11 22:25:20
SO000000117,CUST0004875,MAT000069,2023-10-19,17.0,593.32,10086.44,0,Completed,GBP,Singapore,2026-08-12 00:25:20
SO000000118,CUST0007979,MAT000704,2025-02-04,1.0,397.75,397.75,0,Pending,GBP,France,2026-08-12 10:25:20
SO000000119,CUST0000604,MAT000706,2025-05-23,25.0,778.74,19468.5,5,Shipped,USD,South Africa,2026-08-12 07:25:20
SO000000120,CUST0005957,MAT000920,2023-11-17,16.0,129.61,2073.76,0,Completed,AED,South Africa,2026-08-11 15:25:20
SO000000121,CUST0001536,MAT000045,2023-12-02,4.0,761.98,3047.92,5,Completed,EUR,Singapore,2026-08-11 13:25:20
SO000000122,CUST0004599,MAT000435,2026-03-01,23.0,26.38,606.74,0,Completed,USD,Canada,2026-08-11 19:25:20
SO000000123,CUST0001859,MAT000980,2025-03-14,23.0,679.11,15619.53,15,Completed,INR,China,2026-08-12 13:25:20
SO000000124,CUST0000040,MAT000444,2023-11-09,24.0,518.16,12435.84,0,Completed,EUR,Singapore,2026-08-11 18:25:20
SO000000125,CUST0001154,MAT000466,2025-08-11,16.0,628.57,10057.12,0,Completed,USD,South Africa,2026-08-12 10:25:20
SO000000126,CUST0007664,MAT000770,2025-03-05,18.0,374.05,6732.9,0,Completed,USD,Canada,2026-08-11 12:25:20
SO000000127,CUST0006246,MAT000602,2025-10-31,10.0,778.67,7786.7,0,Completed,JPY,Brazil,2026-08-12 02:25:20
SO000000128,CUST0007968,MAT001128,2023-03-14,16.0,285.27,4564.32,5,Completed,AED,South Africa,2026-08-12 09:25:20
SO000000129,CUST0003582,MAT000706,2025-12-20,11.0,251.08,2761.88,15,Shipped,USD,India,2026-08-11 16:25:20
SO000000130,CUST0002452,MAT000751,2023-06-29,25.0,275.07,6876.75,15,Completed,USD,China,2026-08-12 00:25:20
SO000000131,CUST0001984,MAT000544,2025-03-01,18.0,698.06,12565.08,15,Completed,EUR,Australia,2026-08-12 01:25:20
SO000000132,CUST0007805,MAT000744,2023-07-06,13.0,448.29,5827.77,0,Completed,EUR,China,2026-08-11 14:25:20
SO000000133,CUST0001703,MAT000669,2023-08-09,3.0,485.69,1457.07,10,Completed,USD,Germany,2026-08-12 10:25:20
SO000000134,CUST0005137,MAT000140,2024-07-14,10.0,749.33,7493.3,10,Cancelled,EUR,China,2026-08-12 09:25:20
SO000000135,CUST0003645,MAT000835,2024-02-08,19.0,750.86,14266.34,5,Shipped,USD,USA,2026-08-12 12:25:20
SO000000136,CUST0000552,MAT001073,2026-01-04,15.0,149.76,2246.4,20,Shipped,JPY,Singapore,2026-08-12 13:25:20
SO000000137,CUST0004074,MAT000997,2026-03-10,14.0,497.04,6958.56,0,Pending,EUR,Japan,2026-08-11 17:25:20
SO000000138,CUST0004276,MAT000783,2025-06-16,22.0,117.79,2591.38,15,Shipped,GBP,UK,2026-08-11 12:25:20
SO000000139,CUST0000076,MAT000677,2023-03-04,22.0,782.33,17211.26,20,Pending,USD,France,2026-08-12 06:25:20
SO000000140,CUST0001438,MAT000296,2023-05-23,13.0,754.12,9803.56,0,Completed,USD,Canada,2026-08-12 01:25:20
SO000000141,CUST0005909,MAT000829,2024-10-13,25.0,765.17,19129.25,0,Completed,USD,Canada,2026-08-12 09:25:20
SO000000142,CUST0007309,MAT000147,2024-04-23,23.0,635.85,14624.55,10,Completed,EUR,Australia,2026-08-11 16:25:20
SO000000143,CUST0003968,MAT000097,2025-12-24,,422.86,10148.64,20,Shipped,EUR,India,2026-08-12 08:25:20
SO000000144,CUST0006454,MAT000222,2026-08-01,9.0,367.23,3305.07,5,Pending,AED,Saudi Arabia,2026-08-11 17:25:20
SO000000145,CUST0000840,MAT001013,2023-01-29,25.0,358.73,8968.25,15,Completed,USD,India,2026-08-12 04:25:20
SO000000146,CUST0000304,MAT000220,2024-11-16,12.0,64.26,771.12,15,Pending,USD,France,2026-08-12 16:25:20
SO000000147,CUST0006046,MAT000274,2024-06-22,13.0,854.24,11105.12,0,Completed,EUR,South Africa,2026-08-11 19:25:20
SO000000148,CUST0004925,MAT000740,2025-09-22,18.0,408.0,7344.0,5,Returned,JPY,Germany,2026-08-11 13:25:20
SO000000149,CUST0002599,MAT000235,2025-02-15,18.0,837.45,15074.1,0,Completed,INR,UK,2026-08-12 13:25:20
SO000000150,CUST0006539,MAT000949,2023-09-12,3.0,791.94,2375.82,0,Shipped,USD,USA,2026-08-12 14:25:20
SO000000151,CUST0000674,MAT000570,2026-05-15,17.0,746.61,12692.37,0,Completed,GBP,Japan,2026-08-12 10:25:20
SO000000152,CUST0003628,MAT000646,2024-11-12,12.0,531.54,6378.48,5,Shipped,USD,Australia,2026-08-11 22:25:20
SO000000153,CUST0001775,MAT000307,2026-02-21,6.0,95.89,575.34,0,Pending,USD,UK,2026-08-11 21:25:20
SO000000154,CUST0005785,MAT000136,2026-01-30,21.0,294.9,6192.9,0,Completed,EUR,Mexico,2026-08-12 10:25:20
SO000000155,CUST0005110,MAT001060,2024-05-24,12.0,545.21,6542.52,10,Completed,USD,France,2026-08-12 06:25:20
SO000000156,CUST0004919,MAT001057,2025-10-15,7.0,17.04,119.28,0,Completed,GBP,South Africa,2026-08-12 08:25:20
SO000000157,CUST0004182,MAT000559,2024-11-16,14.0,43.15,604.1,0,Completed,INR,Germany,2026-08-12 04:25:20
SO000000158,CUST0000437,MAT000295,2024-06-15,10.0,611.51,6115.1,5,Pending,USD,UAE,2026-08-12 00:25:20
SO000000159,CUST0004439,MAT000060,2026-09-01,2.0,799.94,1599.88,5,Completed,AED,Brazil,2026-08-12 09:25:20
SO000000160,CUST0003829,MAT001075,2024-02-11,2.0,770.37,1540.74,20,Completed,INR,India,2026-08-12 09:25:20
SO000000161,CUST0003322,MAT000680,2025-10-25,18.0,155.49,2798.82,10,Completed,USD,France,2026-08-12 10:25:20
SO000000162,CUST0006219,MAT000616,2025-03-07,8.0,820.55,6564.4,0,Completed,USD,France,2026-08-11 17:25:20
SO000000163,CUST0001146,MAT000088,2026-04-01,6.0,628.19,3769.14,5,Completed,USD,Brazil,2026-08-11 16:25:20
SO000000164,CUST0000363,MAT001057,2023-07-08,22.0,646.11,14214.42,0,Completed,USD,Saudi Arabia,2026-08-12 16:25:20
SO000000165,CUST0002796,MAT000198,2023-10-11,21.0,277.12,5819.52,15,Completed,USD,India,2026-08-12 02:25:20
SO000000166,CUST0002285,MAT000066,2024-10-26,10.0,645.82,6458.2,20,Completed,USD,UAE,2026-08-12 13:25:20
SO000000167,CUST0001884,MAT001001,2023-01-17,1.0,640.25,640.25,20,Completed,INR,China,2026-08-12 03:25:20
SO000000168,CUST0003046,MAT000159,2026-06-12,2.0,537.23,1074.46,20,Completed,USD,Mexico,2026-08-12 05:25:20
SO000000169,CUST0000218,MAT000975,2024-05-10,10.0,324.77,3247.7,20,Pending,USD,France,2026-08-12 11:25:20
SO000000170,CUST0001317,MAT000873,2025-08-15,9.0,730.86,6577.74,10,Completed,USD,Australia,2026-08-12 11:25:20
SO000000171,CUST0000636,MAT000127,2024-03-03,0.0,844.08,4220.4,0,Returned,USD,Australia,2026-08-11 17:25:20
SO000000172,CUST0002900,MAT000528,2024-05-12,15.0,783.55,11753.25,15,Completed,INR,Germany,2026-08-12 17:25:20
SO000000173,CUST0006120,MAT000729,2026-01-27,11.0,222.47,2447.17,10,Completed,EUR,South Africa,2026-08-11 19:25:20
SO000000174,CUST0002275,MAT000699,2026-05-18,20.0,403.88,8077.6,5,Completed,USD,Germany,2026-08-12 16:25:20
SO000000175,CUST0007468,MAT000279,2023-06-13,5.0,311.46,1557.3,0,Cancelled,USD,Japan,2026-08-12 02:25:20
SO000000176,CUST0005026,MAT001065,2024-02-05,24.0,638.19,15316.56,10,Completed,USD,China,2026-08-12 01:25:20
SO000000177,CUST0000979,MAT000548,2023-08-16,5.0,749.18,3745.9,20,Shipped,USD,Australia,2026-08-12 05:25:20
SO000000178,CUST0003691,MAT000120,2025-07-25,16.0,198.14,3170.24,20,Completed,EUR,Mexico,2026-08-11 22:25:20
SO000000179,CUST0006695,MAT000382,2024-09-06,9.0,852.81,7675.29,15,Pending,USD,Singapore,2026-08-11 12:25:20
SO000000180,CUST0003842,MAT000668,2026-05-18,15.0,611.21,9168.15,0,Completed,AED,UAE,2026-08-11 17:25:20
SO000000181,CUST0006183,MAT000851,2025-12-14,16.0,200.51,3208.16,0,Completed,USD,France,2026-08-12 13:25:20
SO000000182,CUST0003172,MAT000606,2024-10-11,20.0,337.13,6742.6,15,Pending,INR,Brazil,2026-08-11 12:25:20
SO000000183,CUST0002292,MAT000876,2025-12-18,10.0,98.62,986.2,0,Completed,GBP,Saudi Arabia,2026-08-12 18:25:20
SO000000184,CUST0006557,MAT001173,2023-01-30,7.0,539.38,3775.66,20,Completed,EUR,Japan,2026-08-11 20:25:20
SO000000185,CUST0003902,MAT000277,2025-02-13,7.0,156.43,1095.01,15,Completed,AED,UAE,2026-08-12 17:25:20
SO000000186,CUST0006869,MAT000384,2025-10-02,21.0,625.32,13131.72,0,Completed,USD,UK,2026-08-12 15:25:20
SO000000187,CUST0006111,MAT000014,2023-12-21,8.0,664.84,5318.72,10,Shipped,AED,South Africa,2026-08-11 15:25:20
SO000000188,CUST0004230,MAT001121,2023-03-05,16.0,434.0,6944.0,0,Completed,USD,Mexico,2026-08-11 14:25:20
SO000000189,CUST0006361,MAT000630,2026-03-11,16.0,88.97,1423.52,0,Completed,EUR,UAE,2026-08-12 00:25:20
SO000000190,CUST0005820,MAT000006,2026-07-15,4.0,551.73,2206.92,10,Pending,EUR,Singapore,2026-08-12 10:25:20
SO000000191,CUST0001808,MAT000491,2024-12-08,14.0,338.12,4733.68,0,Completed,USD,USA,2026-08-12 13:25:20
SO000000192,CUST0000600,MAT000159,2023-09-05,17.0,854.93,14533.81,5,Completed,USD,USA,2026-08-12 17:25:20
SO000000193,CUST0004404,MAT000287,2024-01-02,5.0,464.32,2321.6,0,Completed,USD,UK,2026-08-12 17:25:20
SO000000194,CUST0004439,MAT000482,2026-03-25,23.0,69.68,1602.64,0,Completed,GBP,Japan,2026-08-12 00:25:20
SO000000195,CUST0004329,MAT000063,2024-08-19,14.0,574.26,8039.64,5,Completed,USD,Singapore,2026-08-11 15:25:20
SO000000196,CUST0000128,MAT000189,2024-08-08,16.0,702.52,11240.32,20,Completed,USD,China,2026-08-11 16:25:20
SO000000197,CUST0002888,MAT001158,2026-06-11,24.0,148.65,3567.6,0,Shipped,INR,Germany,2026-08-12 00:25:20
SO000000198,CUST0000361,MAT000804,2025-05-07,11.0,406.91,4476.01,0,Shipped,USD,Australia,2026-08-11 19:25:20
SO000000199,CUST0004118,MAT000748,2025-08-04,23.0,670.16,15413.68,5,Shipped,USD,South Africa,2026-08-12 12:25:20
SO000000200,CUST0000993,MAT000870,2023-02-10,8.0,23.34,186.72,20,Returned,USD,Mexico,2026-08-12 09:25:20
SO000000201,CUST0007371,MAT000697,2023-02-01,13.0,30.93,402.09,20,Returned,USD,Mexico,2026-08-12 04:25:20
SO000000202,CUST0006428,MAT000125,2024-12-16,5.0,610.84,3054.2,20,Cancelled,INR,Australia,2026-08-11 12:25:20
SO000000203,CUST0003502,MAT000527,2026-07-25,24.0,653.99,15695.76,0,Completed,USD,Japan,2026-08-12 05:25:20
SO000000204,CUST0003104,MAT000957,2025-03-23,25.0,762.05,19051.25,15,Cancelled,GBP,France,2026-08-12 05:25:20
SO000000205,CUST0005031,MAT000246,2024-07-23,6.0,362.64,2175.84,15,Completed,USD,USA,2026-08-11 13:25:20
SO000000206,CUST0007406,MAT000028,2023-08-13,7.0,353.85,2476.95,20,Cancelled,USD,Germany,2026-08-12 04:25:20
SO000000207,CUST0004183,MAT000556,2025-09-28,24.0,499.37,11984.88,0,Completed,USD,Japan,2026-08-11 17:25:20
SO000000208,CUST0001461,MAT000391,2024-01-05,5.0,682.81,3414.05,0,Pending,INR,Australia,2026-08-12 01:25:20
SO000000209,CUST0005651,MAT000457,2024-04-02,16.0,578.69,9259.04,5,Shipped,INR,Australia,2026-08-11 19:25:20
SO000000210,CUST0001158,MAT000429,2024-04-26,9.0,297.95,2681.55,0,Completed,USD,Canada,2026-08-12 03:25:20
SO000000211,CUST0004046,MAT000830,2025-01-25,15.0,315.16,4727.4,10,Returned,JPY,India,2026-08-12 16:25:20
SO000000212,CUST0000347,MAT000104,2026-08-17,1.0,687.89,687.89,0,Completed,AED,Canada,2026-08-12 02:25:20
SO000000213,CUST0007350,MAT000781,2023-11-30,21.0,483.51,10153.71,15,Completed,EUR,Germany,2026-08-11 23:25:20
SO000000214,CUST0001764,MAT000423,2024-09-09,0.0,92.69,1575.73,15,Completed,USD,UK,2026-08-12 06:25:20
SO000000215,CUST0007951,MAT000797,2024-04-06,3.0,141.93,425.79,0,Returned,USD,UAE,2026-08-11 21:25:20
SO000000216,CUST0004307,MAT000098,2023-02-08,17.0,766.82,13035.94,5,Completed,GBP,China,2026-08-12 08:25:20
SO000000217,CUST0000808,MAT000435,2023-08-13,17.0,898.93,15281.81,20,Completed,GBP,UK,2026-08-11 12:25:20
SO000000218,CUST0001578,MAT001006,2026-09-20,22.0,305.44,6719.68,15,Completed,USD,India,2026-08-12 01:25:20
SO000000219,CUST0007642,MAT000655,2026-08-25,4.0,351.1,1404.4,15,Completed,USD,Germany,2026-08-12 02:25:20
SO000000220,CUST0003006,MAT000611,2023-08-12,18.0,143.27,2578.86,0,Completed,USD,India,2026-08-11 19:25:20
SO000000221,CUST0002293,MAT000662,2025-07-17,0.0,215.96,431.92,0,Completed,AED,China,2026-08-12 11:25:20
SO000000222,CUST0001873,MAT000998,2023-03-19,3.0,385.04,1155.12,0,Completed,USD,USA,2026-08-12 07:25:20
SO000000223,CUST0002413,MAT001158,2025-09-23,3.0,259.53,778.59,0,Completed,USD,Australia,2026-08-12 17:25:20
SO000000224,CUST0004375,MAT000320,2025-03-05,6.0,632.78,3796.68,15,Completed,USD,India,2026-08-11 15:25:20
SO000000225,CUST0006346,MAT000001,2025-06-08,23.0,486.38,11186.74,0,Completed,USD,Brazil,2026-08-11 16:25:20
SO000000226,CUST0003181,MAT000022,2026-06-04,12.0,740.96,8891.52,5,Completed,AED,Canada,2026-08-11 16:25:20
SO000000227,CUST0006038,MAT001139,2024-01-18,18.0,653.45,11762.1,10,Completed,USD,USA,2026-08-12 03:25:20
SO000000228,CUST0002566,MAT001030,2025-06-01,10.0,119.65,1196.5,0,Completed,AED,USA,2026-08-12 00:25:20
SO000000229,CUST0004040,MAT000659,2024-04-02,7.0,115.43,808.01,15,Completed,USD,France,2026-08-12 00:25:20
SO000000230,CUST0007085,MAT000276,2025-10-24,21.0,806.61,16938.81,10,Completed,EUR,Japan,2026-08-11 21:25:20
SO000000231,CUST0003312,MAT000246,2025-08-30,11.0,738.46,8123.06,15,Completed,USD,France,2026-08-11 14:25:20
SO000000232,CUST0002599,MAT000563,2026-04-26,13.0,423.79,5509.27,0,Shipped,USD,USA,2026-08-12 05:25:20
SO000000233,CUST0006630,MAT001163,2026-03-20,22.0,121.68,2676.96,0,Completed,USD,Saudi Arabia,2026-08-12 11:25:20
SO000000234,CUST0000447,MAT000023,2024-02-10,12.0,809.23,9710.76,10,Completed,GBP,Japan,2026-08-11 18:25:20
SO000000235,CUST0003769,MAT000755,2025-04-10,21.0,211.48,4441.08,0,Completed,USD,Canada,2026-08-11 19:25:20
SO000000236,CUST0007019,MAT000081,2025-11-04,17.0,36.8,625.6,0,Pending,USD,Japan,2026-08-11 13:25:20
SO000000237,CUST0004476,MAT000492,2023-06-24,20.0,832.19,16643.8,20,Shipped,USD,Mexico,2026-08-12 13:25:20
SO000000238,CUST0007666,MAT000928,2025-06-25,17.0,729.0,12393.0,20,Completed,USD,Brazil,2026-08-11 16:25:20
SO000000239,CUST0005617,MAT000385,2023-10-09,17.0,625.67,10636.39,0,Cancelled,USD,Australia,2026-08-12 03:25:20
SO000000240,CUST0000705,MAT001006,2025-07-14,22.0,35.46,780.12,0,Completed,USD,USA,2026-08-12 13:25:20
SO000000241,CUST0000437,MAT001007,2024-03-24,14.0,477.95,6691.3,0,Completed,USD,Saudi Arabia,2026-08-12 10:25:20
SO000000242,CUST0000865,MAT000971,2026-07-07,20.0,590.0,11800.0,0,Completed,EUR,USA,2026-08-12 18:25:20
SO000000243,CUST0006492,MAT000128,2023-02-27,25.0,684.62,17115.5,0,Pending,USD,Germany,2026-08-12 17:25:20
SO000000244,CUST0006829,MAT000346,2023-08-29,9.0,426.61,3839.49,20,Completed,USD,South Africa,2026-08-12 18:25:20
SO000000245,CUST0000653,MAT000192,2024-05-21,25.0,858.25,21456.25,15,Completed,USD,Australia,2026-08-11 22:25:20
SO000000246,CUST0004576,MAT000160,2026-04-03,5.0,224.08,1120.4,5,Shipped,INR,France,2026-08-12 09:25:20
SO000000247,CUST0002047,MAT000919,2025-05-11,10.0,67.41,674.1,0,Completed,USD,South Africa,2026-08-11 19:25:20
SO000000248,CUST0007225,MAT000636,2025-05-23,18.0,302.83,5450.94,10,Pending,USD,Mexico,2026-08-11 22:25:20
SO000000249,CUST0004468,MAT000402,2024-02-27,13.0,597.32,7765.16,0,Completed,USD,China,2026-08-11 14:25:20
SO000000250,CUST0000365,MAT000214,2024-08-19,17.0,664.76,11300.92,5,Shipped,EUR,Brazil,2026-08-12 13:25:20
SO000000251,CUST0005713,MAT000031,2025-11-12,8.0,665.95,5327.6,0,Cancelled,INR,Singapore,2026-08-11 19:25:20
SO000000252,CUST0003080,MAT000712,2025-05-14,4.0,104.05,416.2,10,Completed,EUR,Saudi Arabia,2026-08-12 00:25:20
SO000000253,CUST0003102,MAT001113,2023-05-25,5.0,797.16,3985.8,5,Completed,EUR,Brazil,2026-08-12 15:25:20
SO000000254,CUST0003155,MAT001176,2026-03-06,6.0,256.35,1538.1,15,Shipped,USD,China,2026-08-11 21:25:20
SO000000255,CUST0000220,MAT001029,2026-07-22,14.0,192.87,2700.18,15,Shipped,USD,South Africa,2026-08-11 14:25:20
SO000000256,CUST0006482,MAT000608,2026-01-08,24.0,554.94,13318.56,5,Completed,EUR,China,2026-08-11 21:25:20
SO000000257,CUST0007812,MAT000655,2026-05-14,15.0,194.6,2919.0,5,Completed,USD,Australia,2026-08-11 17:25:20
SO000000258,CUST0006601,MAT001039,2023-02-02,2.0,459.69,919.38,5,Completed,GBP,India,2026-08-12 02:25:20
SO000000259,CUST0001091,MAT000394,2024-05-23,25.0,369.29,9232.25,5,Completed,INR,Brazil,2026-08-12 11:25:20
SO000000260,CUST0002286,MAT000958,2024-08-01,23.0,212.67,4891.41,0,Cancelled,GBP,India,2026-08-12 03:25:20
SO000000261,CUST0004608,MAT001025,2025-04-08,11.0,266.39,2930.29,5,Completed,USD,Singapore,2026-08-12 01:25:20
SO000000262,CUST0007412,MAT000754,2024-06-19,13.0,387.53,5037.89,0,Shipped,GBP,UK,2026-08-12 16:25:20
SO000000263,CUST0007972,MAT000942,2024-03-06,5.0,314.81,1574.05,0,Completed,USD,UAE,2026-08-12 02:25:20
SO000000264,CUST0006539,MAT000899,2026-02-21,19.0,346.51,6583.69,0,Shipped,USD,South Africa,2026-08-12 18:25:20
SO000000265,CUST0001347,MAT000321,2026-04-20,22.0,663.21,14590.62,20,Completed,GBP,Singapore,2026-08-11 16:25:20
SO000000266,CUST0004096,MAT000816,2026-06-20,25.0,155.7,3892.5,0,Completed,USD,Germany,2026-08-12 03:25:20
SO000000267,CUST0006670,MAT000066,2025-06-17,20.0,566.72,11334.4,15,Completed,USD,Mexico,2026-08-11 21:25:20
SO000000268,CUST0004926,MAT000021,2025-05-04,5.0,611.95,3059.75,0,Shipped,EUR,UAE,2026-08-11 19:25:20
SO000000269,CUST0002311,MAT000461,2024-09-19,10.0,722.87,7228.7,10,Completed,AED,France,2026-08-11 14:25:20
SO000000270,CUST0006964,MAT000931,2023-01-07,21.0,763.36,16030.56,10,Returned,USD,Mexico,2026-08-12 06:25:20
SO000000271,CUST0003998,MAT000255,2023-08-17,23.0,147.01,3381.23,5,Shipped,USD,Brazil,2026-08-12 02:25:20
SO000000272,CUST0005172,MAT000648,2026-04-14,13.0,128.74,1673.62,0,Completed,USD,Singapore,2026-08-11 17:25:20
SO000000273,CUST0007979,MAT000097,2026-06-17,9.0,555.22,4996.98,0,Completed,USD,Mexico,2026-08-11 18:25:20
SO000000274,CUST0005687,MAT000803,2025-07-21,0.0,682.44,4094.64,0,Completed,EUR,UK,2026-08-12 01:25:20
SO000000275,CUST0005446,MAT001009,2023-04-27,,248.73,746.19,15,Completed,AED,UAE,2026-08-11 15:25:20
SO000000276,CUST0006989,MAT000816,2025-05-18,15.0,475.63,7134.45,0,Completed,AED,Canada,2026-08-12 02:25:20
SO000000277,CUST0003811,MAT000244,2025-08-09,4.0,696.15,2784.6,0,Completed,USD,Brazil,2026-08-12 00:25:20
SO000000278,CUST0006571,MAT000326,2023-04-03,16.0,691.92,11070.72,20,Completed,USD,Brazil,2026-08-12 01:25:20
SO000000279,CUST0007650,MAT000046,2023-11-03,6.0,590.17,3541.02,0,Completed,JPY,Brazil,2026-08-11 22:25:20
SO000000280,CUST0003258,MAT000067,2024-10-03,2.0,75.51,151.02,0,Cancelled,USD,Singapore,2026-08-11 13:25:20
SO000000281,CUST0005194,MAT000185,2025-08-28,8.0,50.33,402.64,0,Completed,JPY,South Africa,2026-08-11 20:25:20
SO000000282,CUST0002104,MAT000181,2024-07-25,14.0,352.66,4937.24,20,Cancelled,USD,UAE,2026-08-12 16:25:20
SO000000283,CUST0006608,MAT000376,2024-05-21,7.0,28.89,202.23,0,Completed,USD,Saudi Arabia,2026-08-11 18:25:20
SO000000284,CUST0002472,MAT000179,2024-12-15,21.0,814.21,17098.41,5,Completed,USD,Germany,2026-08-12 06:25:20
SO000000285,CUST0001637,MAT000477,2025-11-15,14.0,23.03,322.42,15,Completed,USD,USA,2026-08-12 17:25:20
SO000000286,CUST0003658,MAT000604,2024-06-20,7.0,31.5,220.5,0,Completed,AED,Singapore,2026-08-11 22:25:20
SO000000287,CUST0000012,MAT000132,2026-03-06,3.0,152.97,458.91,5,Completed,USD,China,2026-08-12 18:25:20
SO000000288,CUST0006612,MAT000805,2025-06-10,20.0,566.18,11323.6,5,Pending,EUR,Australia,2026-08-12 03:25:20
SO000000289,CUST0003977,MAT001039,2026-07-04,4.0,489.69,1958.76,20,Pending,USD,France,2026-08-11 17:25:20
SO000000290,CUST0002804,MAT000307,2024-07-15,9.0,595.24,5357.16,10,Cancelled,USD,Brazil,2026-08-12 16:25:20
SO000000291,CUST0005613,MAT000648,2024-03-18,12.0,804.73,9656.76,0,Completed,EUR,Germany,2026-08-11 12:25:20
SO000000292,CUST0002877,MAT000156,2025-12-02,9.0,412.18,3709.62,0,Cancelled,USD,Germany,2026-08-11 23:25:20
SO000000293,CUST0001257,MAT000528,2026-07-28,24.0,44.27,1062.48,5,Completed,GBP,Germany,2026-08-12 14:25:20
SO000000294,CUST0007517,MAT000934,2023-06-25,2.0,688.33,1376.66,0,Completed,EUR,Canada,2026-08-11 15:25:20
SO000000295,CUST0001417,MAT000880,2024-07-27,25.0,731.71,18292.75,0,Returned,USD,China,2026-08-11 20:25:20
SO000000296,CUST0000212,MAT001149,2023-07-20,19.0,49.65,943.35,20,Completed,USD,USA,2026-08-11 13:25:20
SO000000297,CUST0004962,MAT000195,2025-02-23,7.0,222.35,1556.45,0,Completed,GBP,UK,2026-08-11 21:25:20
SO000000298,CUST0001998,MAT000801,2023-09-18,11.0,694.68,7641.48,10,Returned,USD,Japan,2026-08-12 05:25:20
SO000000299,CUST0002960,MAT001003,2023-09-03,4.0,341.66,1366.64,15,Pending,EUR,Mexico,2026-08-12 09:25:20
SO000000300,CUST0004702,MAT000222,2023-10-14,17.0,428.02,7276.34,20,Shipped,GBP,USA,2026-08-11 14:25:20
SO000000301,CUST0000218,MAT000876,2023-12-21,8.0,741.74,5933.92,20,Completed,USD,South Africa,2026-08-11 13:25:20
SO000000302,CUST0005372,MAT000349,2024-07-03,12.0,89.68,1076.16,0,Completed,EUR,China,2026-08-12 04:25:20
SO000000303,CUST0003277,MAT000251,2026-03-19,14.0,611.17,8556.38,0,Completed,AED,Canada,2026-08-12 03:25:20
SO000000304,CUST0001153,MAT000306,2024-04-30,8.0,197.41,1579.28,15,Completed,USD,Mexico,2026-08-12 12:25:20
SO000000305,CUST0002961,MAT000423,2023-06-18,12.0,61.07,732.84,0,Completed,USD,Saudi Arabia,2026-08-12 01:25:20
SO000000306,CUST0007031,MAT000943,2023-10-09,23.0,597.94,13752.62,0,Returned,EUR,Australia,2026-08-12 18:25:20
SO000000307,CUST0006320,MAT000559,2023-02-27,19.0,113.66,2159.54,0,Completed,GBP,Australia,2026-08-12 03:25:20
SO000000308,CUST0000738,MAT000879,2026-02-01,6.0,673.57,4041.42,10,Shipped,USD,Canada,2026-08-12 01:25:20
SO000000309,CUST0005330,MAT000264,2024-08-17,10.0,186.42,1864.2,5,Completed,AED,Canada,2026-08-12 06:25:20
SO000000310,CUST0001595,MAT000769,2023-09-24,20.0,48.42,968.4,5,Completed,USD,Singapore,2026-08-11 22:25:20
SO000000311,CUST0002334,MAT000900,2024-04-17,5.0,93.87,469.35,15,Completed,INR,UK,2026-08-12 10:25:20
SO000000312,CUST0001301,MAT000887,2024-02-14,15.0,757.94,11369.1,20,Completed,USD,Japan,2026-08-11 19:25:20
SO000000313,CUST0000644,MAT000325,2024-11-28,9.0,337.02,3033.18,0,Completed,JPY,South Africa,2026-08-12 02:25:20
SO000000314,CUST0006373,MAT000994,2026-01-13,9.0,275.53,2479.77,5,Completed,USD,France,2026-08-12 04:25:20
SO000000315,CUST0002319,MAT000185,2025-06-25,14.0,444.62,6224.68,0,Completed,USD,USA,2026-08-12 07:25:20
SO000000316,CUST0003754,MAT000614,2023-03-10,13.0,571.47,7429.11,15,Completed,GBP,Germany,2026-08-12 13:25:20
SO000000317,CUST0004744,MAT000506,2026-07-18,5.0,38.21,191.05,0,Completed,USD,Japan,2026-08-11 18:25:20
SO000000318,CUST0001901,MAT000569,2025-02-05,4.0,808.88,3235.52,10,Cancelled,USD,South Africa,2026-08-12 18:25:20
SO000000319,CUST0006173,MAT001127,2026-05-21,15.0,862.84,12942.6,5,Completed,AED,China,2026-08-12 14:25:20
SO000000320,CUST0005874,MAT001114,2023-09-05,24.0,378.49,9083.76,0,Shipped,USD,India,2026-08-12 05:25:20
SO000000321,CUST0001458,MAT000710,2023-01-02,4.0,374.3,1497.2,15,Completed,USD,USA,2026-08-12 09:25:20
SO000000322,CUST0001599,MAT000919,2025-06-27,4.0,791.31,3165.24,0,Completed,USD,South Africa,2026-08-12 03:25:20
SO000000323,CUST0001352,MAT000578,2025-11-26,9.0,389.23,3503.07,10,Returned,USD,UAE,2026-08-12 13:25:20
SO000000324,CUST0007583,MAT001063,2024-05-01,1.0,771.29,771.29,0,Shipped,USD,Mexico,2026-08-12 17:25:20
SO000000325,CUST0007046,MAT001147,2023-04-07,17.0,30.36,516.12,0,Completed,USD,Japan,2026-08-11 15:25:20
SO000000326,CUST0000036,MAT001028,2025-11-19,6.0,443.24,2659.44,0,Returned,EUR,UK,2026-08-12 07:25:20
SO000000327,CUST0001450,MAT000236,2023-01-09,21.0,857.42,18005.82,15,Pending,USD,UK,2026-08-12 12:25:20
SO000000328,CUST0005204,MAT000708,2024-06-14,16.0,231.26,3700.16,10,Completed,USD,UK,2026-08-12 03:25:20
SO000000329,CUST0007089,MAT001190,2023-09-25,19.0,243.21,4620.99,20,Cancelled,USD,UAE,2026-08-12 16:25:20
SO000000330,CUST0000187,MAT000032,2026-09-28,6.0,568.96,3413.76,5,Completed,INR,UK,2026-08-11 15:25:20
SO000000331,CUST0002959,MAT000950,2026-03-17,19.0,833.94,15844.86,20,Completed,USD,UAE,2026-08-11 17:25:20
SO000000332,CUST0005017,MAT000514,2024-03-09,6.0,182.87,1097.22,5,Shipped,USD,Singapore,2026-08-12 13:25:20
SO000000333,CUST0002455,MAT000101,2026-02-02,1.0,829.88,829.88,20,Completed,USD,USA,2026-08-12 18:25:20
SO000000334,CUST0001909,MAT000986,2025-12-29,4.0,598.39,2393.56,5,Completed,USD,South Africa,2026-08-12 06:25:20
SO000000335,CUST0004441,MAT000672,2023-10-31,10.0,893.78,8937.8,5,Completed,USD,Japan,2026-08-11 17:25:20
SO000000336,CUST0004797,MAT000757,2026-03-25,6.0,664.13,3984.78,15,Completed,USD,UAE,2026-08-12 16:25:20
SO000000337,CUST0006396,MAT000383,2023-10-15,21.0,602.68,12656.28,20,Completed,INR,USA,2026-08-12 18:25:20
SO000000338,CUST0007895,MAT001173,2026-04-09,20.0,734.34,14686.8,15,Completed,EUR,Brazil,2026-08-12 10:25:20
SO000000339,CUST0007523,MAT000225,2023-07-30,25.0,161.75,4043.75,5,Completed,JPY,South Africa,2026-08-12 17:25:20
SO000000340,CUST0001923,MAT000831,2024-08-28,17.0,851.66,14478.22,15,Completed,USD,Mexico,2026-08-12 07:25:20
SO000000341,CUST0005028,MAT000044,2023-08-05,5.0,153.21,766.05,0,Completed,USD,France,2026-08-12 02:25:20
SO000000342,CUST0005650,MAT000418,2024-07-05,25.0,27.97,699.25,0,Shipped,JPY,South Africa,2026-08-11 21:25:20
SO000000343,CUST0005634,MAT000905,2026-01-12,22.0,629.58,13850.76,5,Completed,USD,France,2026-08-11 12:25:20
SO000000344,CUST0005384,MAT000378,2026-03-07,23.0,170.21,3914.83,20,Pending,EUR,South Africa,2026-08-11 14:25:20
SO000000345,CUST0004874,MAT000664,2025-09-20,3.0,684.08,2052.24,20,Completed,USD,Singapore,2026-08-11 22:25:20
SO000000346,CUST0004069,MAT000106,2026-08-27,15.0,716.56,10748.4,0,Completed,USD,Australia,2026-08-11 20:25:20
SO000000347,CUST0006100,MAT000097,2024-04-20,12.0,216.85,2602.2,0,Completed,AED,South Africa,2026-08-12 07:25:20
SO000000348,CUST0005113,MAT000305,2023-08-23,21.0,82.61,1734.81,5,Completed,USD,UAE,2026-08-11 18:25:20
SO000000349,CUST0005172,MAT000178,2025-02-02,11.0,453.23,4985.53,10,Returned,INR,Australia,2026-08-12 05:25:20
SO000000350,CUST0003445,MAT000508,2023-08-14,22.0,801.75,17638.5,15,Completed,USD,China,2026-08-12 17:25:20
SO000000351,CUST0003076,MAT000226,2023-05-12,11.0,763.33,8396.63,0,Completed,INR,Canada,2026-08-12 15:25:20
SO000000352,CUST0006915,MAT001069,2025-10-21,20.0,109.79,2195.8,20,Completed,USD,Mexico,2026-08-11 14:25:20
SO000000353,CUST0000940,MAT000303,2025-03-02,11.0,868.48,9553.28,15,Completed,USD,Germany,2026-08-12 11:25:20
SO000000354,CUST0003227,MAT000799,2025-05-16,10.0,241.23,2412.3,10,Completed,USD,Germany,2026-08-11 17:25:20
SO000000355,CUST0003691,MAT000541,2023-02-17,25.0,317.71,7942.75,15,Completed,USD,Japan,2026-08-12 17:25:20
SO000000356,CUST0007296,MAT000240,2023-08-09,1.0,138.4,138.4,5,Completed,USD,France,2026-08-11 16:25:20
SO000000357,CUST0002224,MAT000482,2023-11-22,13.0,343.13,4460.69,0,Shipped,JPY,Brazil,2026-08-11 16:25:20
SO000000358,CUST0006014,MAT000644,2023-06-14,22.0,573.9,12625.8,10,Completed,EUR,Canada,2026-08-11 22:25:20
SO000000359,CUST0004746,MAT000998,2025-10-22,21.0,457.94,9616.74,15,Completed,USD,China,2026-08-11 23:25:20
SO000000360,CUST0000924,MAT000710,2024-08-06,,745.65,5965.2,5,Completed,INR,USA,2026-08-11 14:25:20
SO000000361,CUST0005255,MAT000438,2024-07-06,12.0,578.96,6947.52,10,Shipped,USD,Brazil,2026-08-12 12:25:20
SO000000362,CUST0000235,MAT000581,2026-06-17,9.0,240.87,2167.83,0,Completed,EUR,Canada,2026-08-12 17:25:20
SO000000363,CUST0007832,MAT000012,2025-05-02,19.0,503.91,9574.29,0,Completed,USD,Brazil,2026-08-12 01:25:20
SO000000364,CUST0005747,MAT000443,2024-01-21,7.0,62.45,437.15,0,Completed,EUR,Saudi Arabia,2026-08-12 13:25:20
SO000000365,CUST0003190,MAT000789,2024-08-12,1.0,524.81,524.81,20,Cancelled,EUR,Mexico,2026-08-12 17:25:20
SO000000366,CUST0003662,MAT000711,2023-01-06,11.0,353.75,3891.25,10,Pending,EUR,Australia,2026-08-11 12:25:20
SO000000367,CUST0003528,MAT000570,2023-02-12,17.0,93.07,1582.19,0,Completed,USD,USA,2026-08-12 00:25:20
SO000000368,CUST0000857,MAT000905,2026-07-01,13.0,280.18,3642.34,0,Completed,AED,UAE,2026-08-11 23:25:20
SO000000369,CUST0001329,MAT000053,2026-01-11,13.0,808.79,10514.27,0,Completed,USD,Brazil,2026-08-12 10:25:20
SO000000370,CUST0002899,MAT000732,2025-12-27,7.0,529.5,3706.5,10,Completed,USD,Singapore,2026-08-11 16:25:20
SO000000371,CUST0005987,MAT000891,2025-02-27,0.0,813.42,19522.08,15,Completed,INR,Germany,2026-08-12 10:25:20
SO000000372,CUST0007526,MAT000947,2025-11-10,4.0,372.67,1490.68,20,Completed,JPY,Japan,2026-08-12 01:25:20
SO000000373,CUST0004211,MAT000255,2023-01-15,16.0,881.12,14097.92,15,Cancelled,EUR,Japan,2026-08-11 15:25:20
SO000000374,CUST0003080,MAT000489,2023-12-27,2.0,327.22,654.44,0,Completed,USD,Singapore,2026-08-12 12:25:20
SO000000375,CUST0000188,MAT001005,2026-07-09,25.0,682.34,17058.5,10,Completed,GBP,UK,2026-08-12 11:25:20
SO000000376,CUST0007904,MAT000354,2024-10-31,11.0,278.34,3061.74,10,Completed,USD,Mexico,2026-08-11 20:25:20
SO000000377,CUST0006839,MAT000239,2023-12-05,24.0,99.86,2396.64,5,Completed,USD,UAE,2026-08-11 15:25:20
SO000000378,CUST0000782,MAT001118,2023-03-02,15.0,750.59,11258.85,10,Pending,USD,France,2026-08-12 06:25:20
SO000000379,CUST0003837,MAT000891,2023-02-09,0.0,687.51,1375.02,0,Pending,INR,Saudi Arabia,2026-08-12 07:25:20
SO000000380,CUST0004983,MAT000909,2025-04-22,11.0,739.46,8134.06,5,Completed,USD,France,2026-08-11 15:25:20
SO000000381,CUST0002868,MAT001117,2024-09-09,15.0,273.23,4098.45,10,Shipped,GBP,Canada,2026-08-11 23:25:20
SO000000382,CUST0003203,MAT000131,2024-06-04,19.0,634.78,12060.82,20,Cancelled,USD,Singapore,2026-08-12 16:25:20
SO000000383,CUST0006799,MAT000542,2023-02-27,23.0,201.83,4642.09,10,Cancelled,USD,South Africa,2026-08-11 22:25:20
SO000000384,CUST0002464,MAT000638,2026-03-16,14.0,15.12,211.68,0,Completed,INR,UK,2026-08-11 16:25:20
SO000000385,CUST0000898,MAT000863,2024-12-16,8.0,780.51,6244.08,10,Cancelled,EUR,Singapore,2026-08-11 18:25:20
SO000000386,CUST0007790,MAT000445,2026-04-07,22.0,473.56,10418.32,0,Completed,USD,Mexico,2026-08-12 06:25:20
SO000000387,CUST0003982,MAT000731,2023-11-07,9.0,885.37,7968.33,15,Completed,USD,Singapore,2026-08-12 11:25:20
SO000000388,CUST0000851,MAT000657,2025-09-11,19.0,349.61,6642.59,10,Completed,USD,South Africa,2026-08-12 07:25:20
SO000000389,CUST0006420,MAT001142,2023-05-15,4.0,861.4,3445.6,0,Completed,GBP,Saudi Arabia,2026-08-12 03:25:20
SO000000390,CUST0003586,MAT001128,2024-04-23,14.0,555.48,7776.72,0,Completed,EUR,Brazil,2026-08-12 05:25:20
SO000000391,CUST0006021,MAT001048,2023-04-10,4.0,463.42,1853.68,10,Completed,USD,Canada,2026-08-11 18:25:20
SO000000392,CUST0006361,MAT000857,2025-04-30,6.0,276.01,1656.06,0,Pending,EUR,Germany,2026-08-12 07:25:20
SO000000393,CUST0001477,MAT000860,2023-01-03,3.0,743.62,2230.86,5,Returned,JPY,UK,2026-08-11 15:25:20
SO000000394,CUST0003414,MAT000704,2024-11-18,17.0,746.77,12695.09,0,Pending,USD,Saudi Arabia,2026-08-12 05:25:20
SO000000395,CUST0000808,MAT000389,2024-11-18,21.0,378.15,7941.15,20,Completed,USD,China,2026-08-11 13:25:20
SO000000396,CUST0006925,MAT000012,2023-06-18,22.0,655.93,14430.46,20,Completed,USD,Australia,2026-08-11 18:25:20
SO000000397,CUST0006946,MAT000272,2026-08-11,21.0,405.28,8510.88,0,Completed,USD,South Africa,2026-08-11 21:25:20
SO000000398,CUST0001825,MAT000089,2024-07-18,24.0,667.0,16008.0,5,Completed,USD,Saudi Arabia,2026-08-12 04:25:20
SO000000399,CUST0000770,MAT001116,2025-02-01,8.0,894.8,7158.4,0,Completed,USD,India,2026-08-12 09:25:20
SO000000400,CUST0005711,MAT001039,2024-03-26,11.0,239.93,2639.23,20,Completed,JPY,Mexico,2026-08-12 01:25:20
SO000000401,CUST0007224,MAT000944,2024-11-26,7.0,572.48,4007.36,15,Completed,USD,Japan,2026-08-11 13:25:20
SO000000402,CUST0007646,MAT000485,2024-05-01,13.0,344.99,4484.87,0,Completed,USD,UK,2026-08-11 16:25:20
SO000000403,CUST0005765,MAT000850,2024-06-02,12.0,495.79,5949.48,10,Completed,USD,India,2026-08-12 12:25:20
SO000000404,CUST0005321,MAT000429,2023-04-07,7.0,787.36,5511.52,0,Completed,USD,Japan,2026-08-11 20:25:20
SO000000405,CUST0006402,MAT001052,2023-04-05,15.0,316.08,4741.2,0,Completed,USD,Canada,2026-08-11 16:25:20
SO000000406,CUST0005741,MAT000685,2024-11-19,16.0,69.79,1116.64,0,Returned,AED,Canada,2026-08-11 14:25:20
SO000000407,CUST0001097,MAT000754,2023-07-25,6.0,720.05,4320.3,0,Completed,USD,South Africa,2026-08-11 20:25:20
SO000000408,CUST0001598,MAT000595,2023-02-01,21.0,501.75,10536.75,0,Completed,GBP,Brazil,2026-08-11 14:25:20
SO000000409,CUST0002492,MAT000546,2024-12-01,21.0,407.21,8551.41,0,Pending,INR,Mexico,2026-08-12 06:25:20
SO000000410,CUST0007602,MAT001192,2025-02-10,5.0,169.08,845.4,0,Completed,USD,Canada,2026-08-12 15:25:20
SO000000411,CUST0003978,MAT000252,2023-10-07,2.0,88.1,176.2,0,Completed,USD,China,2026-08-11 20:25:20
SO000000412,CUST0002199,MAT000251,2026-07-18,15.0,254.47,3817.05,0,Completed,JPY,Saudi Arabia,2026-08-11 23:25:20
SO000000413,CUST0005908,MAT000354,2024-03-02,1.0,648.42,648.42,0,Cancelled,USD,UK,2026-08-12 14:25:20
SO000000414,CUST0001893,MAT000922,2023-07-07,13.0,373.53,4855.89,5,Completed,JPY,Australia,2026-08-11 19:25:20
SO000000415,CUST0001578,MAT000729,2023-06-23,20.0,515.35,10307.0,10,Completed,EUR,UK,2026-08-11 13:25:20
SO000000416,CUST0000537,MAT000136,2023-05-21,11.0,78.43,862.73,0,Cancelled,EUR,China,2026-08-11 18:25:20
SO000000417,CUST0006920,MAT000018,2026-06-14,22.0,115.3,2536.6,10,Completed,USD,Saudi Arabia,2026-08-12 03:25:20
SO000000418,CUST0003515,MAT000526,2023-09-15,2.0,15.12,30.24,15,Cancelled,EUR,Canada,2026-08-11 19:25:20
SO000000419,CUST0006334,MAT000192,2025-10-18,25.0,607.59,15189.75,20,Shipped,JPY,Canada,2026-08-12 17:25:20
SO000000420,CUST0000638,MAT000083,2026-06-08,,241.69,966.76,0,Cancelled,GBP,India,2026-08-12 17:25:20
SO000000421,CUST0000394,MAT000680,2024-01-16,21.0,870.4,18278.4,0,Completed,USD,India,2026-08-11 14:25:20
SO000000422,CUST0003421,MAT001096,2025-03-31,23.0,281.07,6464.61,0,Completed,USD,Singapore,2026-08-11 23:25:20
SO000000423,CUST0002936,MAT000432,2025-08-25,22.0,330.44,7269.68,15,Completed,USD,Mexico,2026-08-11 18:25:20
SO000000424,CUST0004337,MAT000472,2026-03-20,6.0,425.19,2551.14,15,Completed,USD,Saudi Arabia,2026-08-12 12:25:20
SO000000425,CUST0001486,MAT000630,2024-07-02,17.0,290.63,4940.71,10,Completed,INR,China,2026-08-11 18:25:20
SO000000426,CUST0003353,MAT000893,2024-12-31,15.0,736.61,11049.15,5,Shipped,USD,Germany,2026-08-12 00:25:20
SO000000427,CUST0002888,MAT000337,2026-02-08,19.0,789.21,14994.99,0,Completed,USD,Canada,2026-08-12 13:25:20
SO000000428,CUST0007157,MAT000606,2024-12-02,22.0,14.88,327.36,0,Completed,USD,Mexico,2026-08-11 21:25:20
SO000000429,,MAT000135,2023-06-06,13.0,590.92,7681.96,0,Shipped,USD,Saudi Arabia,2026-08-12 04:25:20
SO000000430,CUST0004458,MAT000247,2026-02-16,6.0,619.05,3714.3,0,Completed,EUR,France,2026-08-11 21:25:20
SO000000431,CUST0002221,MAT001174,2024-08-16,9.0,865.48,7789.32,5,Shipped,EUR,France,2026-08-12 01:25:20
SO000000432,CUST0002489,MAT001076,2024-12-28,22.0,336.51,7403.22,5,Shipped,GBP,Mexico,2026-08-12 09:25:20
SO000000433,CUST0002468,MAT000673,2023-06-14,23.0,179.78,4134.94,0,Completed,EUR,China,2026-08-12 14:25:20
SO000000434,CUST0005085,MAT000191,2024-06-09,5.0,470.92,2354.6,5,Shipped,USD,Germany,2026-08-12 12:25:20
SO000000435,CUST0006466,MAT001187,2023-06-24,9.0,405.56,3650.04,0,Cancelled,USD,India,2026-08-11 17:25:20
SO000000436,CUST0002308,MAT000813,2023-08-25,25.0,713.6,17840.0,0,Completed,EUR,UAE,2026-08-12 10:25:20
SO000000437,CUST0003006,MAT000302,2024-11-17,24.0,814.06,19537.44,10,Shipped,AED,China,2026-08-12 13:25:20
SO000000438,CUST0006872,MAT000022,2025-04-26,15.0,82.6,1239.0,5,Completed,EUR,USA,2026-08-11 12:25:20
SO000000439,CUST0005081,MAT000944,2026-02-24,1.0,762.69,762.69,0,Pending,EUR,Germany,2026-08-12 10:25:20
SO000000440,CUST0003280,MAT001146,2025-03-20,6.0,818.53,4911.18,0,Shipped,USD,Germany,2026-08-12 00:25:20
SO000000441,CUST0000949,MAT000179,2026-08-04,19.0,832.1,15809.9,0,Completed,USD,South Africa,2026-08-11 21:25:20
SO000000442,CUST0004624,MAT000172,2025-11-10,24.0,689.06,16537.44,0,Pending,GBP,USA,2026-08-12 04:25:20
SO000000443,CUST0001936,MAT001025,2024-09-13,18.0,669.16,12044.88,15,Cancelled,USD,UAE,2026-08-12 17:25:20
SO000000444,CUST0003205,MAT001044,2023-09-01,12.0,18.33,219.96,0,Shipped,USD,UK,2026-08-12 04:25:20
SO000000445,CUST0007940,MAT001029,2024-11-14,13.0,828.57,10771.41,20,Returned,USD,Canada,2026-08-12 03:25:20
SO000000446,CUST0007658,MAT000805,2023-11-28,22.0,319.6,7031.2,5,Pending,USD,Germany,2026-08-11 16:25:20
SO000000447,CUST0004141,MAT000253,2024-09-16,9.0,41.8,376.2,20,Completed,AED,UAE,2026-08-12 16:25:20
SO000000448,CUST0005812,MAT000550,2026-04-28,20.0,374.62,7492.4,5,Completed,EUR,Canada,2026-08-12 09:25:20
SO000000449,CUST0002127,MAT000789,2024-03-11,8.0,660.9,5287.2,10,Completed,USD,UAE,2026-08-11 17:25:20
SO000000450,CUST0000028,MAT000183,2023-09-14,21.0,400.55,8411.55,0,Completed,INR,Australia,2026-08-11 17:25:20
SO000000451,CUST0004270,MAT001030,2024-08-31,18.0,683.42,12301.56,0,Completed,USD,USA,2026-08-11 12:25:20
SO000000452,CUST0002932,MAT000502,2023-04-25,18.0,460.92,8296.56,10,Completed,GBP,USA,2026-08-12 00:25:20
SO000000453,CUST0005746,MAT000312,2024-01-15,5.0,272.99,1364.95,15,Completed,GBP,South Africa,2026-08-12 09:25:20
SO000000454,CUST0007185,MAT000142,2025-10-20,14.0,186.61,2612.54,5,Cancelled,EUR,USA,2026-08-11 16:25:20
SO000000455,CUST0006544,MAT000828,2025-12-22,7.0,381.89,2673.23,15,Completed,EUR,India,2026-08-11 20:25:20
SO000000456,CUST0003349,MAT000919,2024-08-15,2.0,37.04,74.08,15,Cancelled,EUR,Brazil,2026-08-11 12:25:20
SO000000457,CUST0005434,MAT000985,2025-09-25,8.0,383.18,3065.44,0,Shipped,USD,Australia,2026-08-12 05:25:20
SO000000458,CUST0001518,MAT000749,2026-05-09,12.0,66.41,796.92,10,Completed,USD,Canada,2026-08-12 12:25:20
SO000000459,CUST0002984,MAT000681,2024-01-22,0.0,789.92,1579.84,0,Completed,USD,Australia,2026-08-12 12:25:20
SO000000460,CUST0003537,MAT000530,2025-03-07,14.0,520.06,7280.84,10,Completed,USD,China,2026-08-11 22:25:20
SO000000461,CUST0002690,MAT000891,2024-09-03,10.0,583.21,5832.1,0,Completed,USD,Japan,2026-08-12 13:25:20
SO000000462,CUST0001504,MAT000245,2023-06-01,20.0,263.53,5270.6,15,Completed,AED,Saudi Arabia,2026-08-11 20:25:20
SO000000463,CUST0004046,MAT000370,2023-02-08,12.0,207.11,2485.32,0,Completed,USD,Canada,2026-08-12 06:25:20
SO000000464,CUST0006640,MAT001130,2024-10-26,12.0,638.58,7662.96,0,Completed,USD,South Africa,2026-08-11 23:25:20
SO000000465,CUST0002336,MAT000753,2023-01-29,12.0,606.05,7272.6,10,Pending,GBP,USA,2026-08-12 04:25:20
SO000000466,CUST0001303,MAT000305,2026-02-21,17.0,114.8,1951.6,0,Shipped,EUR,Brazil,2026-08-12 14:25:20
SO000000467,CUST0999092,MAT001090,2026-07-22,18.0,218.58,3934.44,15,Shipped,USD,India,2026-08-12 02:25:20
SO000000468,CUST0004740,MAT001083,2023-01-30,4.0,852.19,3408.76,0,Completed,EUR,Saudi Arabia,2026-08-11 14:25:20
SO000000469,CUST0007269,MAT000369,2025-12-21,12.0,277.24,3326.88,0,Cancelled,GBP,USA,2026-08-12 08:25:20
SO000000470,CUST0001431,MAT000433,2025-05-20,4.0,28.12,112.48,0,Pending,GBP,India,2026-08-11 16:25:20
SO000000471,CUST0006451,MAT000479,2025-06-30,1.0,62.08,62.08,5,Completed,USD,France,2026-08-11 20:25:20
SO000000472,CUST0001142,MAT000060,2023-04-03,22.0,699.07,15379.54,20,Completed,USD,UK,2026-08-11 22:25:20
SO000000473,CUST0005084,MAT000602,2023-01-10,15.0,682.65,10239.75,10,Completed,USD,South Africa,2026-08-12 04:25:20
SO000000474,CUST0003881,MAT001149,2025-11-15,3.0,346.74,1040.22,0,Cancelled,USD,Brazil,2026-08-12 15:25:20
SO000000475,CUST0007687,MAT000713,2026-05-08,1.0,142.11,142.11,15,Completed,USD,South Africa,2026-08-11 16:25:20
SO000000476,CUST0002425,MAT001139,2025-07-04,17.0,450.8,7663.6,0,Completed,USD,Saudi Arabia,2026-08-12 09:25:20
SO000000477,CUST0004092,MAT000214,2024-06-17,1.0,302.04,302.04,15,Completed,GBP,Saudi Arabia,2026-08-12 02:25:20
SO000000478,CUST0003793,MAT001000,2026-03-26,25.0,339.7,8492.5,0,Pending,USD,Mexico,2026-08-11 12:25:20
SO000000479,CUST0003282,MAT000329,2023-10-02,19.0,238.58,4533.02,0,Cancelled,USD,Australia,2026-08-11 18:25:20
SO000000480,CUST0004771,MAT000070,2026-07-11,3.0,61.26,183.78,5,Completed,USD,USA,2026-08-12 09:25:20
SO000000481,CUST0005725,MAT000979,2025-04-06,23.0,713.09,16401.07,0,Completed,GBP,Mexico,2026-08-11 13:25:20
SO000000482,CUST0004767,MAT000635,2025-08-22,25.0,558.31,13957.75,15,Completed,USD,South Africa,2026-08-12 08:25:20
SO000000483,CUST0005362,MAT001181,2024-01-16,25.0,752.0,18800.0,10,Completed,USD,India,2026-08-12 03:25:20
SO000000484,CUST0006730,MAT000936,2024-07-23,4.0,455.37,1821.48,5,Completed,GBP,France,2026-08-11 13:25:20
SO000000485,CUST0003344,MAT000769,2025-06-21,,886.56,15958.08,0,Pending,USD,China,2026-08-12 15:25:20
SO000000486,CUST0003096,MAT000608,2024-04-29,13.0,866.46,11263.98,0,Shipped,GBP,Canada,2026-08-11 12:25:20
SO000000487,CUST0003317,MAT001061,2025-01-25,19.0,248.25,4716.75,20,Completed,AED,France,2026-08-12 16:25:20
SO000000488,CUST0007419,MAT001013,2026-08-13,14.0,351.34,4918.76,10,Completed,USD,UK,2026-08-12 08:25:20
SO000000489,CUST0003333,MAT000508,2024-07-12,24.0,678.67,16288.08,15,Completed,USD,USA,2026-08-12 15:25:20
SO000000490,CUST0006980,MAT000168,2023-02-25,6.0,700.06,4200.36,15,Cancelled,INR,Japan,2026-08-12 12:25:20
SO000000491,CUST0005683,MAT000241,2024-07-02,19.0,820.08,15581.52,15,Shipped,USD,USA,2026-08-12 16:25:20
SO000000492,CUST0000736,MAT000265,2023-04-04,3.0,589.11,1767.33,15,Completed,USD,France,2026-08-11 20:25:20
SO000000493,CUST0004589,MAT000191,2024-10-03,22.0,430.23,9465.06,5,Completed,USD,Brazil,2026-08-11 15:25:20
SO000000494,CUST0006646,MAT000562,2023-09-23,7.0,343.0,2401.0,20,Completed,USD,Canada,2026-08-12 13:25:20
SO000000495,CUST0002110,MAT000660,2026-01-08,5.0,380.16,1900.8,0,Pending,USD,USA,2026-08-12 02:25:20
SO000000496,CUST0007934,MAT000052,2025-10-17,2.0,766.11,1532.22,10,Completed,USD,Saudi Arabia,2026-08-12 07:25:20
SO000000497,CUST0003676,MAT000552,2024-01-31,14.0,882.11,12349.54,15,Completed,USD,UK,2026-08-11 21:25:20
SO000000498,CUST0002537,MAT000946,2023-05-05,6.0,51.46,308.76,5,Completed,USD,UAE,2026-08-11 16:25:20
SO000000499,CUST0006496,MAT000599,2025-03-27,13.0,524.32,6816.16,5,Completed,USD,Singapore,2026-08-12 18:25:20
SO000000500,CUST0003964,MAT000357,2026-03-16,15.0,470.45,7056.75,0,Completed,GBP,Germany,2026-08-11 20:25:20
SO000000501,CUST0000952,MAT001072,2025-06-15,1.0,341.65,341.65,10,Pending,INR,Germany,2026-08-12 12:25:20
SO000000502,CUST0006782,MAT000620,2024-07-20,12.0,767.16,9205.92,0,Completed,INR,Singapore,2026-08-11 14:25:20
SO000000503,CUST0000384,MAT001125,2023-12-20,19.0,520.29,9885.51,15,Completed,USD,Japan,2026-08-11 19:25:20
SO000000504,CUST0002640,MAT000798,2026-05-03,17.0,285.24,4849.08,0,Cancelled,EUR,France,2026-08-12 18:25:20
SO000000505,CUST0007647,MAT000315,2025-07-12,17.0,402.47,6841.99,0,Completed,USD,India,2026-08-12 01:25:20
SO000000506,CUST0007943,MAT000566,2026-06-19,10.0,324.34,3243.4,0,Shipped,EUR,France,2026-08-11 17:25:20
SO000000507,CUST0007987,MAT000938,2026-05-12,2.0,389.93,779.86,0,Completed,USD,UAE,2026-08-12 11:25:20
SO000000508,CUST0007338,MAT001005,2026-07-20,20.0,68.78,1375.6,0,Completed,EUR,Singapore,2026-08-11 18:25:20
SO000000509,CUST0003534,MAT000044,2026-01-10,25.0,105.16,2629.0,20,Pending,USD,Japan,2026-08-12 14:25:20
SO000000510,CUST0000094,MAT000034,2023-01-29,22.0,563.2,12390.4,15,Completed,USD,USA,2026-08-12 05:25:20
SO000000511,CUST0005226,MAT000987,2026-02-05,5.0,617.24,3086.2,15,Completed,USD,UAE,2026-08-12 12:25:20
SO000000512,CUST0000040,MAT000302,2023-11-02,6.0,574.78,3448.68,0,Completed,USD,Canada,2026-08-12 06:25:20
SO000000513,CUST0005108,MAT000043,2024-02-24,11.0,687.95,7567.45,20,Completed,USD,South Africa,2026-08-12 13:25:20
SO000000514,CUST0005873,MAT000307,2024-04-11,0.0,849.46,5096.76,5,Completed,USD,UK,2026-08-12 10:25:20
SO000000515,CUST0000585,MAT000803,2023-04-29,17.0,775.25,13179.25,0,Completed,INR,Australia,2026-08-12 16:25:20
SO000000516,CUST0002084,MAT001113,2026-04-11,21.0,379.57,7970.97,10,Completed,INR,UK,2026-08-11 21:25:20
SO000000517,CUST0001345,MAT000440,2024-01-28,5.0,199.7,998.5,0,Completed,GBP,India,2026-08-11 18:25:20
SO000000518,CUST0007028,MAT000810,2023-09-02,20.0,284.11,5682.2,10,Completed,USD,Japan,2026-08-11 20:25:20
SO000000519,CUST0000769,MAT001043,2026-09-21,7.0,531.03,3717.21,0,Cancelled,INR,Germany,2026-08-11 22:25:20
SO000000520,CUST0001858,MAT000914,2024-10-13,23.0,771.31,17740.13,15,Pending,USD,France,2026-08-12 07:25:20
SO000000521,CUST0005424,MAT000732,2024-09-10,9.0,633.04,5697.36,5,Completed,USD,Mexico,2026-08-12 17:25:20
SO000000522,CUST0007155,MAT000541,2025-11-22,20.0,491.0,9820.0,15,Completed,JPY,Saudi Arabia,2026-08-12 10:25:20
SO000000523,CUST0006327,MAT000521,2023-12-05,6.0,543.68,3262.08,15,Completed,EUR,China,2026-08-12 12:25:20
SO000000524,CUST0000261,MAT000448,2025-10-03,9.0,477.79,4300.11,10,Pending,USD,USA,2026-08-12 02:25:20
SO000000525,CUST0001737,MAT000897,2024-07-04,8.0,874.61,6996.88,0,Shipped,GBP,South Africa,2026-08-12 17:25:20
SO000000526,CUST0003279,MAT000010,2026-02-01,8.0,735.4,5883.2,0,Completed,USD,Germany,2026-08-11 12:25:20
SO000000527,CUST0003562,MAT000782,2025-09-16,25.0,704.24,17606.0,0,Cancelled,USD,Japan,2026-08-12 04:25:20
SO000000528,CUST0007413,MAT000997,2023-07-11,24.0,468.01,11232.24,15,Cancelled,USD,Singapore,2026-08-12 11:25:20
SO000000529,CUST0001854,MAT000477,2024-11-11,8.0,301.97,2415.76,10,Completed,GBP,Brazil,2026-08-11 12:25:20
SO000000530,CUST0000306,MAT000378,2026-09-24,18.0,22.47,404.46,15,Cancelled,GBP,South Africa,2026-08-11 12:25:20
SO000000531,CUST0002385,MAT000115,2024-10-30,14.0,43.87,614.18,10,Shipped,EUR,China,2026-08-12 06:25:20
SO000000532,CUST0006243,MAT000215,2026-06-07,6.0,32.06,-192.36,5,Cancelled,INR,Canada,2026-08-12 14:25:20
SO000000533,CUST0006088,MAT000090,2025-08-02,20.0,882.53,17650.6,15,Completed,USD,USA,2026-08-11 14:25:20
SO000000534,CUST0004706,MAT000724,2023-11-21,6.0,107.46,644.76,0,Shipped,GBP,UAE,2026-08-12 05:25:20
SO000000535,CUST0000949,MAT000922,2024-05-17,15.0,132.2,1983.0,0,Completed,USD,Mexico,2026-08-11 20:25:20
SO000000536,CUST0006802,MAT000047,2023-05-11,4.0,438.31,1753.24,5,Completed,USD,Mexico,2026-08-12 06:25:20
SO000000537,CUST0999216,MAT000942,2024-08-25,16.0,435.85,6973.6,0,Completed,USD,India,2026-08-12 04:25:20
SO000000538,CUST0005862,MAT000622,2024-08-31,9.0,828.38,7455.42,15,Completed,EUR,Japan,2026-08-12 00:25:20
SO000000539,CUST0000348,MAT001006,2023-09-12,23.0,70.81,1628.63,5,Completed,USD,South Africa,2026-08-11 16:25:20
SO000000540,CUST0006051,MAT001056,2023-04-18,8.0,861.73,6893.84,0,Pending,JPY,Saudi Arabia,2026-08-12 00:25:20
SO000000541,CUST0006953,MAT000278,2024-03-24,22.0,198.67,4370.74,15,Shipped,JPY,USA,2026-08-12 01:25:20
SO000000542,CUST0001757,MAT000460,2024-09-11,4.0,873.29,3493.16,10,Completed,JPY,Saudi Arabia,2026-08-12 08:25:20
SO000000543,CUST0005791,MAT000641,2023-02-07,7.0,489.49,3426.43,10,Completed,USD,Singapore,2026-08-12 11:25:20
SO000000544,CUST0004175,MAT000021,2024-01-25,25.0,588.55,14713.75,0,Completed,USD,South Africa,2026-08-12 11:25:20
SO000000545,CUST0003613,MAT000451,2023-08-12,5.0,287.58,1437.9,15,Completed,GBP,USA,2026-08-11 17:25:20
SO000000546,CUST0006349,MAT000555,2026-02-02,17.0,552.58,9393.86,15,Pending,INR,Japan,2026-08-12 15:25:20
SO000000547,CUST0006318,MAT001109,2025-10-18,23.0,641.19,14747.37,0,Completed,JPY,China,2026-08-12 11:25:20
SO000000548,CUST0001132,MAT000364,2026-08-08,19.0,14.28,271.32,0,Pending,USD,USA,2026-08-11 23:25:20
SO000000549,CUST0004837,MAT000294,2025-12-04,,35.63,285.04,20,Shipped,EUR,Japan,2026-08-12 06:25:20
SO000000550,CUST0001726,MAT001184,2023-07-12,21.0,887.9,18645.9,0,Completed,USD,India,2026-08-11 16:25:20
SO000000551,CUST0003769,MAT001151,2025-04-29,7.0,414.51,2901.57,0,Shipped,USD,Singapore,2026-08-12 06:25:20
SO000000552,CUST0004742,MAT000139,2026-03-16,0.0,842.56,21064.0,0,Completed,USD,China,2026-08-11 22:25:20
SO000000553,CUST0003112,MAT001102,2025-04-13,9.0,658.26,5924.34,0,Pending,EUR,Canada,2026-08-12 01:25:20
SO000000554,CUST0002876,MAT000168,2023-03-28,4.0,338.81,1355.24,0,Completed,USD,Saudi Arabia,2026-08-12 13:25:20
SO000000555,CUST0002646,MAT000685,2025-07-29,8.0,140.0,1120.0,0,Shipped,JPY,Mexico,2026-08-12 17:25:20
SO000000556,CUST0004305,MAT001013,2023-10-05,11.0,880.45,9684.95,10,Completed,AED,USA,2026-08-12 14:25:20
SO000000557,CUST0001322,MAT000974,2024-01-04,16.0,528.12,8449.92,15,Cancelled,USD,Canada,2026-08-11 21:25:20
SO000000558,CUST0002817,MAT000345,2025-09-24,25.0,177.16,4429.0,15,Returned,INR,UK,2026-08-12 11:25:20
SO000000559,CUST0000566,MAT000247,2024-06-29,8.0,615.08,4920.64,0,Completed,USD,Singapore,2026-08-12 11:25:20
SO000000560,CUST0004442,MAT000325,2025-05-05,15.0,87.38,1310.7,5,Shipped,GBP,China,2026-08-12 14:25:20
SO000000561,CUST0003811,MAT000903,2025-08-12,4.0,781.89,3127.56,15,Completed,GBP,India,2026-08-12 18:25:20
SO000000562,CUST0002888,MAT000387,2024-09-08,13.0,85.67,1113.71,15,Completed,INR,France,2026-08-11 14:25:20
SO000000563,CUST0006223,MAT000125,2026-06-10,13.0,216.39,2813.07,20,Completed,USD,Australia,2026-08-12 01:25:20
SO000000564,CUST0007819,MAT000895,2026-07-05,20.0,86.83,1736.6,10,Completed,USD,France,2026-08-11 18:25:20
SO000000565,CUST0003282,MAT000325,2026-06-11,5.0,97.89,489.45,10,Completed,USD,Saudi Arabia,2026-08-12 12:25:20
SO000000566,CUST0003192,MAT000040,2024-10-28,8.0,473.83,3790.64,20,Pending,USD,South Africa,2026-08-12 01:25:20
SO000000567,CUST0007455,MAT000132,2023-06-24,1.0,619.86,619.86,0,Completed,AED,China,2026-08-12 01:25:20
SO000000568,CUST0001938,MAT000240,2025-11-27,6.0,710.69,4264.14,15,Completed,USD,France,2026-08-12 16:25:20
SO000000569,CUST0004808,MAT001106,2025-09-19,22.0,627.07,13795.54,15,Completed,INR,UK,2026-08-12 08:25:20
SO000000570,CUST0000464,MAT001056,2023-07-01,20.0,330.32,6606.4,0,Completed,EUR,UK,2026-08-12 03:25:20
SO000000571,CUST0007970,MAT000529,2024-08-19,12.0,503.77,6045.24,0,Shipped,USD,France,2026-08-11 18:25:20
SO000000572,CUST0002320,MAT000988,2023-11-25,15.0,835.26,12528.9,10,Cancelled,GBP,Singapore,2026-08-12 13:25:20
SO000000573,CUST0002378,MAT000579,2025-06-15,22.0,351.88,7741.36,15,Shipped,INR,Canada,2026-08-12 04:25:20
SO000000574,CUST0002555,MAT000049,2025-04-15,13.0,230.9,3001.7,10,Completed,EUR,Brazil,2026-08-11 19:25:20
SO000000575,CUST0002137,MAT000258,2023-01-12,22.0,469.79,10335.38,20,Completed,USD,India,2026-08-11 23:25:20
SO000000576,CUST0007977,MAT001090,2023-12-05,7.0,271.12,1897.84,5,Completed,AED,UK,2026-08-12 08:25:20
SO000000577,CUST0005903,MAT000419,2023-03-02,18.0,239.33,4307.94,5,Completed,GBP,Brazil,2026-08-12 18:25:20
SO000000578,CUST0004917,MAT000144,2023-12-29,17.0,702.03,11934.51,0,Completed,USD,UK,2026-08-11 14:25:20
SO000000579,CUST0003325,MAT000445,2024-10-09,23.0,802.3,18452.9,20,Completed,USD,China,2026-08-12 16:25:20
SO000000580,CUST0000276,MAT000355,2025-03-07,6.0,454.57,2727.42,0,Shipped,GBP,Mexico,2026-08-12 15:25:20
SO000000581,CUST0004980,MAT000410,2024-01-29,11.0,702.91,7732.01,5,Completed,JPY,Japan,2026-08-11 15:25:20
SO000000582,CUST0002361,MAT000596,2024-04-15,16.0,172.45,2759.2,15,Completed,USD,South Africa,2026-08-11 13:25:20
SO000000583,CUST0004097,MAT000521,2023-02-27,24.0,495.14,11883.36,0,Pending,USD,Mexico,2026-08-12 14:25:20
SO000000584,CUST0000479,MAT000089,2024-06-27,8.0,574.4,4595.2,0,Completed,JPY,Japan,2026-08-12 13:25:20
SO000000585,CUST0004099,MAT000242,2023-11-11,10.0,444.14,4441.4,5,Cancelled,USD,India,2026-08-12 05:25:20
SO000000586,CUST0007469,MAT000956,2025-11-16,7.0,109.61,767.27,0,Completed,USD,UK,2026-08-11 23:25:20
SO000000587,CUST0006110,MAT000546,2023-04-13,20.0,662.02,13240.4,10,Completed,JPY,UAE,2026-08-12 16:25:20
SO000000588,CUST0001746,MAT000998,2025-05-01,22.0,755.97,16631.34,10,Cancelled,USD,Canada,2026-08-12 09:25:20
SO000000589,CUST0006036,MAT000209,2026-05-04,24.0,573.53,13764.72,5,Completed,EUR,Canada,2026-08-12 01:25:20
SO000000590,CUST0002381,MAT000669,2023-05-20,20.0,156.4,3128.0,0,Completed,GBP,France,2026-08-11 23:25:20
SO000000591,CUST0006139,MAT000874,2024-12-18,8.0,71.72,573.76,20,Completed,USD,Brazil,2026-08-12 10:25:20
SO000000592,CUST0000322,MAT000765,2025-04-05,18.0,274.94,4948.92,0,Shipped,USD,Saudi Arabia,2026-08-11 13:25:20
SO000000593,CUST0004768,MAT000439,2024-05-31,2.0,38.11,76.22,0,Completed,USD,Singapore,2026-08-12 13:25:20
SO000000594,CUST0004496,MAT000928,2026-05-30,20.0,756.1,15122.0,5,Completed,AED,South Africa,2026-08-12 08:25:20
SO000000595,CUST0003872,MAT000658,2023-04-07,5.0,634.24,3171.2,0,Completed,USD,Mexico,2026-08-11 17:25:20
SO000000596,CUST0000964,MAT000321,2024-01-14,16.0,509.5,8152.0,0,Completed,INR,Australia,2026-08-11 18:25:20
SO000000597,CUST0004671,MAT000750,2024-10-06,21.0,801.22,16825.62,0,Completed,USD,Brazil,2026-08-12 08:25:20
SO000000598,CUST0004472,MAT000272,2024-11-07,9.0,103.53,931.77,20,Completed,JPY,UK,2026-08-12 11:25:20
SO000000599,CUST0005069,MAT000769,2025-06-23,22.0,644.44,14177.68,5,Completed,EUR,China,2026-08-12 08:25:20
SO000000600,CUST0007324,MAT000165,2025-04-13,7.0,136.24,953.68,10,Completed,USD,India,2026-08-11 18:25:20
SO000000601,CUST0003956,MAT000613,2023-01-27,20.0,59.53,1190.6,15,Completed,AED,USA,2026-08-12 04:25:20
SO000000602,CUST0001710,MAT000956,2023-10-06,6.0,123.95,743.7,10,Returned,USD,India,2026-08-12 10:25:20
SO000000603,CUST0004365,MAT000031,2024-03-21,13.0,856.09,11129.17,0,Completed,EUR,UAE,2026-08-12 09:25:20
SO000000604,CUST0002055,MAT000052,2024-01-09,,399.19,7983.8,0,Cancelled,EUR,India,2026-08-12 08:25:20
SO000000605,CUST0000159,MAT000666,2025-12-06,9.0,48.85,439.65,10,Completed,JPY,France,2026-08-12 00:25:20
SO000000606,CUST0001472,MAT000260,2026-01-06,8.0,527.35,4218.8,20,Completed,USD,Mexico,2026-08-12 14:25:20
SO000000607,CUST0001105,MAT000480,2024-12-31,3.0,183.74,551.22,0,Shipped,GBP,South Africa,2026-08-11 12:25:20
SO000000608,CUST0004187,MAT000832,2024-01-23,14.0,11.12,155.68,10,Completed,USD,USA,2026-08-12 07:25:20
SO000000609,CUST0004415,MAT000519,2025-03-13,2.0,683.76,1367.52,5,Completed,INR,Singapore,2026-08-12 10:25:20
SO000000610,CUST0001875,MAT000691,2023-08-03,0.0,143.6,2297.6,0,Completed,USD,UK,2026-08-12 05:25:20
SO000000611,CUST0007613,MAT000135,2023-03-10,18.0,848.53,15273.54,15,Pending,USD,Germany,2026-08-11 13:25:20
SO000000612,CUST0005284,MAT000157,2024-05-28,15.0,535.56,8033.4,15,Completed,USD,Saudi Arabia,2026-08-12 13:25:20
SO000000613,CUST0003456,MAT000688,2023-04-13,17.0,82.86,1408.62,10,Shipped,EUR,UAE,2026-08-12 08:25:20
SO000000614,CUST0004143,MAT000656,2024-02-03,16.0,199.95,3199.2,10,Completed,USD,Japan,2026-08-11 13:25:20
SO000000615,CUST0004191,MAT000167,2025-05-22,23.0,551.71,12689.33,5,Completed,USD,India,2026-08-12 08:25:20
SO000000616,CUST0000640,MAT000215,2026-03-22,18.0,307.61,5536.98,20,Pending,EUR,France,2026-08-11 22:25:20
SO000000617,CUST0002481,MAT000973,2024-02-02,6.0,481.27,2887.62,0,Completed,USD,Japan,2026-08-11 18:25:20
SO000000618,CUST0002646,MAT000601,2024-10-13,15.0,720.56,10808.4,0,Pending,INR,China,2026-08-12 18:25:20
SO000000619,CUST0003251,MAT000082,2025-12-02,25.0,714.38,17859.5,15,Shipped,GBP,Japan,2026-08-11 19:25:20
SO000000620,CUST0004158,MAT000391,2024-10-01,18.0,629.7,11334.6,20,Completed,USD,Saudi Arabia,2026-08-11 12:25:20
SO000000621,CUST0005891,MAT000475,2023-12-08,15.0,798.02,11970.3,15,Completed,USD,Canada,2026-08-11 19:25:20
SO000000622,CUST0006754,MAT000659,2025-05-22,12.0,183.43,2201.16,0,Completed,USD,Canada,2026-08-11 13:25:20
SO000000623,CUST0005263,MAT000706,2025-02-23,6.0,163.63,981.78,5,Completed,GBP,Brazil,2026-08-12 01:25:20
SO000000624,CUST0000666,MAT001106,2023-04-27,12.0,720.42,8645.04,0,Completed,AED,UK,2026-08-12 18:25:20
SO000000625,CUST0000370,MAT001144,2024-10-29,0.0,292.2,2629.8,5,Completed,USD,Mexico,2026-08-11 18:25:20
SO000000626,CUST0006310,MAT000569,2025-04-17,2.0,463.4,926.8,5,Returned,USD,France,2026-08-12 00:25:20
SO000000627,CUST0006383,MAT000412,2023-11-26,8.0,670.84,5366.72,5,Completed,EUR,Japan,2026-08-12 12:25:20
SO000000628,CUST0004221,MAT001067,2024-02-17,24.0,359.36,8624.64,20,Completed,EUR,France,2026-08-12 00:25:20
SO000000629,CUST0002040,MAT000317,2025-01-02,10.0,121.5,1215.0,10,Completed,EUR,UK,2026-08-12 02:25:20
SO000000630,CUST0006564,MAT000357,2023-01-17,13.0,613.11,7970.43,5,Completed,USD,China,2026-08-11 23:25:20
SO000000631,CUST0003674,MAT000180,2023-03-13,19.0,736.36,13990.84,0,Completed,AED,South Africa,2026-08-12 16:25:20
SO000000632,CUST0000001,MAT000081,2023-02-10,7.0,16.45,115.15,0,Shipped,USD,Singapore,2026-08-12 16:25:20
SO000000633,CUST0003822,MAT001149,2023-01-27,17.0,508.48,8644.16,15,Completed,USD,France,2026-08-12 09:25:20
SO000000634,CUST0005686,MAT001189,2023-05-23,13.0,425.12,5526.56,0,Cancelled,EUR,Saudi Arabia,2026-08-12 05:25:20
SO000000635,CUST0002832,MAT000008,2026-08-17,24.0,237.34,5696.16,10,Shipped,INR,UK,2026-08-12 07:25:20
SO000000636,CUST0000512,MAT000175,2023-11-12,5.0,149.12,745.6,20,Pending,USD,Germany,2026-08-12 07:25:20
SO000000637,CUST0001662,MAT000935,2024-11-02,19.0,173.29,3292.51,0,Returned,USD,Brazil,2026-08-12 04:25:20
SO000000638,CUST0007081,MAT000810,2025-03-18,4.0,653.85,2615.4,5,Completed,USD,Saudi Arabia,2026-08-11 17:25:20
SO000000639,CUST0001556,MAT000436,2025-12-22,1.0,484.89,484.89,0,Pending,USD,Saudi Arabia,2026-08-12 03:25:20
SO000000640,CUST0007232,MAT000092,2023-08-25,15.0,883.13,13246.95,5,Shipped,INR,France,2026-08-12 06:25:20
SO000000641,CUST0000162,MAT001105,2024-03-28,0.0,222.69,2226.9,10,Cancelled,USD,Canada,2026-08-12 03:25:20
SO000000642,CUST0006090,MAT000663,2023-01-20,15.0,861.43,12921.45,10,Shipped,INR,Canada,2026-07-28 20:25:32
SO000000643,CUST0001082,MAT000420,2024-03-31,4.0,466.02,1864.08,20,Completed,EUR,France,2026-08-11 23:25:20
SO000000644,CUST0004086,MAT000773,2023-12-21,4.0,135.69,542.76,20,Completed,USD,USA,2026-08-11 16:25:20
SO000000645,CUST0006175,MAT000454,2025-07-15,12.0,137.62,1651.44,0,Completed,USD,Japan,2026-08-11 19:25:20
SO000000646,CUST0006036,MAT000837,2025-02-26,17.0,549.67,9344.39,15,Completed,USD,Germany,2026-08-11 23:25:20
SO000000647,CUST0005883,MAT000930,2024-01-30,21.0,749.12,15731.52,0,Completed,USD,UK,2026-08-11 17:25:20
SO000000648,CUST0004307,MAT000594,2026-07-02,25.0,674.2,16855.0,5,Completed,USD,South Africa,2026-08-12 07:25:20
SO000000649,CUST0005371,MAT000035,2023-05-20,5.0,591.79,2958.95,0,Shipped,EUR,Brazil,2026-08-11 17:25:20
SO000000650,CUST0000664,MAT000538,2026-04-27,23.0,159.04,3657.92,10,Completed,USD,South Africa,2026-08-11 14:25:20
SO000000651,CUST0002760,MAT001182,2025-01-18,8.0,101.96,815.68,0,Completed,EUR,UAE,2026-08-12 10:25:20
SO000000652,CUST0004664,MAT001000,2023-04-29,11.0,5.22,57.42,20,Returned,AED,France,2026-08-12 07:25:20
SO000000653,CUST0005554,MAT001163,2023-07-25,9.0,96.11,864.99,0,Completed,INR,USA,2026-08-12 14:25:20
SO000000654,CUST0000308,MAT000420,2025-10-29,18.0,690.9,12436.2,15,Completed,EUR,Canada,2026-08-12 11:25:20
SO000000655,CUST0006860,MAT000880,2023-02-15,10.0,806.25,8062.5,0,Completed,JPY,Canada,2026-08-11 17:25:20
SO000000656,CUST0007194,MAT000013,2023-03-11,10.0,220.11,2201.1,5,Completed,EUR,UAE,2026-08-12 14:25:20
SO000000657,CUST0000663,MAT000083,2026-09-15,17.0,716.43,12179.31,0,Completed,USD,UK,2026-08-12 07:25:20
SO000000658,CUST0005552,MAT000679,2025-06-06,23.0,182.97,4208.31,10,Completed,USD,UK,2026-08-11 23:25:20
SO000000659,CUST0000452,MAT000660,2024-06-29,10.0,228.1,2281.0,20,Completed,USD,UAE,2026-08-11 12:25:20
SO000000660,CUST0007063,MAT000784,2025-10-16,7.0,205.62,1439.34,10,Shipped,EUR,Mexico,2026-08-11 15:25:20
SO000000661,CUST0006622,MAT000843,2026-03-20,2.0,51.3,102.6,5,Returned,AED,France,2026-08-11 21:25:20
SO000000662,CUST0004230,MAT001009,2023-10-18,23.0,178.68,4109.64,0,Completed,USD,Saudi Arabia,2026-08-11 18:25:20
SO000000663,CUST0006212,MAT000385,2026-02-24,21.0,339.32,7125.72,10,Shipped,EUR,UAE,2026-08-12 16:25:20
SO000000664,CUST0003786,MAT000747,2026-07-25,5.0,367.9,1839.5,0,Completed,USD,USA,2026-08-12 09:25:20
SO000000665,CUST0004269,MAT000401,2023-01-15,22.0,281.97,6203.34,5,Completed,USD,Germany,2026-08-11 14:25:20
SO000000666,CUST0001394,MAT000742,2024-12-03,7.0,465.68,3259.76,10,Completed,AED,France,2026-08-12 12:25:20
SO000000667,CUST0004576,MAT000480,2023-11-16,23.0,343.31,7896.13,20,Completed,GBP,Singapore,2026-08-12 14:25:20
SO000000668,CUST0002764,MAT000120,2025-05-21,7.0,873.48,6114.36,0,Completed,USD,South Africa,2026-08-11 19:25:20
SO000000669,CUST0005572,MAT000281,2024-04-19,1.0,727.58,727.58,0,Completed,INR,France,2026-08-12 05:25:20
SO000000670,CUST0003955,MAT000745,2023-03-03,8.0,838.22,6705.76,10,Completed,EUR,UAE,2026-08-11 19:25:20
SO000000671,CUST0002418,MAT000175,2026-01-13,11.0,503.9,5542.9,15,Completed,USD,China,2026-08-12 15:25:20
SO000000672,CUST0006921,MAT000090,2023-09-05,23.0,612.11,14078.53,0,Completed,USD,Germany,2026-08-12 17:25:20
SO000000673,CUST0002979,MAT000089,2026-04-10,18.0,154.18,2775.24,0,Pending,EUR,Saudi Arabia,2026-08-12 11:25:20
SO000000674,CUST0006718,MAT000521,2023-03-26,22.0,678.74,14932.28,10,Pending,EUR,USA,2026-08-11 19:25:20
SO000000675,CUST0004334,MAT000985,2025-04-07,17.0,216.19,3675.23,0,Shipped,USD,UAE,2026-08-12 02:25:20
SO000000676,CUST0005495,MAT000621,2023-11-15,6.0,135.52,813.12,0,Completed,USD,India,2026-08-12 02:25:20
SO000000677,CUST0002881,MAT000958,2024-11-18,12.0,42.46,509.52,15,Completed,GBP,France,2026-08-12 09:25:20
SO000000678,CUST0007938,MAT000290,2026-04-05,,427.65,2565.9,5,Completed,USD,Brazil,2026-08-12 12:25:20
SO000000679,CUST0001200,MAT000737,2026-09-22,23.0,261.68,6018.64,5,Pending,USD,France,2026-08-12 14:25:20
SO000000680,CUST0007030,MAT000384,2023-12-21,3.0,888.12,2664.36,5,Completed,EUR,South Africa,2026-08-12 07:25:20
SO000000681,CUST0001432,MAT000391,2025-11-08,4.0,228.6,914.4,0,Completed,USD,Mexico,2026-08-12 09:25:20
SO000000682,CUST0001488,MAT000045,2024-03-31,22.0,780.56,17172.32,0,Completed,USD,Brazil,2026-08-12 11:25:20
SO000000683,CUST0000985,MAT000363,2024-06-03,2.0,288.21,576.42,0,Completed,USD,Mexico,2026-08-11 12:25:20
SO000000684,CUST0001747,MAT000769,2023-10-28,25.0,675.47,16886.75,0,Returned,INR,UAE,2026-08-11 22:25:20
SO000000685,CUST0002878,MAT000418,2024-03-22,24.0,595.56,14293.44,5,Completed,USD,China,2026-08-12 04:25:20
SO000000686,CUST0005327,MAT000885,2024-03-21,2.0,507.8,1015.6,20,Shipped,JPY,UAE,2026-08-12 01:25:20
SO000000687,CUST0002917,MAT001044,2023-10-20,15.0,378.06,5670.9,20,Completed,USD,South Africa,2026-08-11 17:25:20
SO000000688,CUST0005157,MAT000796,2026-06-27,19.0,605.64,11507.16,0,Completed,EUR,Japan,2026-08-12 00:25:20
SO000000689,CUST0004009,MAT000449,2026-07-25,1.0,369.51,369.51,15,Completed,USD,Japan,2026-08-11 13:25:20
SO000000690,CUST0002628,MAT001081,2023-07-30,9.0,495.55,4459.95,15,Shipped,EUR,Australia,2026-08-12 09:25:20
SO000000691,CUST0005223,MAT000260,2026-03-06,17.0,532.87,9058.79,20,Shipped,USD,China,2026-08-12 05:25:20
SO000000692,CUST0000938,MAT000044,2025-07-31,11.0,244.28,2687.08,0,Completed,USD,South Africa,2026-08-11 20:25:20
SO000000693,CUST0002844,MAT000724,2025-01-15,4.0,309.06,1236.24,0,Completed,USD,Brazil,2026-08-11 22:25:20
SO000000694,CUST0004465,MAT000252,2026-09-11,17.0,21.15,359.55,5,Shipped,EUR,India,2026-08-11 14:25:20
SO000000695,CUST0000856,MAT000177,2025-02-01,18.0,767.68,13818.24,10,Completed,USD,Canada,2026-08-11 19:25:20
SO000000696,CUST0004119,MAT000898,2023-09-16,19.0,681.6,12950.4,5,Cancelled,AED,Mexico,2026-08-12 13:25:20
SO000000697,CUST0007228,MAT000850,2025-11-04,7.0,169.26,1184.82,15,Completed,GBP,UK,2026-08-11 22:25:20
SO000000698,CUST0007154,MAT000535,2024-01-17,2.0,329.03,658.06,5,Completed,EUR,Canada,2026-08-11 18:25:20
SO000000699,CUST0000791,MAT000827,2026-07-03,25.0,381.86,9546.5,5,Completed,USD,France,2026-08-12 11:25:20
SO000000700,CUST0002734,MAT000312,2025-04-10,18.0,304.27,5476.86,20,Completed,INR,Canada,2026-08-11 23:25:20
SO000000701,CUST0006715,MAT000610,2025-07-05,3.0,719.43,2158.29,10,Shipped,EUR,Australia,2026-08-12 11:25:20
SO000000702,CUST0001419,MAT001018,2023-08-04,2.0,654.25,1308.5,20,Shipped,GBP,UK,2026-08-12 08:25:20
SO000000703,CUST0007784,MAT000926,2025-01-18,20.0,691.61,13832.2,20,Completed,INR,Germany,2026-08-11 17:25:20
SO000000704,CUST0000293,MAT000416,2024-09-04,17.0,814.2,13841.4,10,Completed,AED,USA,2026-08-12 08:25:20
SO000000705,CUST0003357,MAT000515,2024-02-23,3.0,537.66,1612.98,5,Completed,INR,Mexico,2026-08-12 17:25:20
SO000000706,CUST0005293,MAT000574,2025-03-20,7.0,555.01,3885.07,20,Pending,GBP,Japan,2026-08-11 20:25:20
SO000000707,CUST0003165,MAT000932,2023-02-03,21.0,651.13,13673.73,0,Completed,USD,Singapore,2026-08-12 12:25:20
SO000000708,CUST0002866,MAT000041,2024-10-16,10.0,614.7,6147.0,0,Completed,USD,Japan,2026-08-12 15:25:20
SO000000709,CUST0001822,MAT000195,2026-09-06,12.0,783.48,9401.76,0,Cancelled,USD,South Africa,2026-08-12 00:25:20
SO000000710,CUST0004753,MAT001024,2024-01-31,9.0,694.33,6248.97,20,Completed,USD,Singapore,2026-08-11 17:25:20
SO000000711,CUST0000176,MAT000701,2024-07-23,23.0,112.81,2594.63,0,Completed,AED,France,2026-08-11 18:25:20
SO000000712,CUST0007251,MAT000989,2023-08-13,21.0,835.88,17553.48,10,Pending,USD,UK,2026-08-11 22:25:20
SO000000713,CUST0004812,MAT000553,2024-01-28,14.0,616.37,8629.18,10,Shipped,USD,France,2026-08-11 14:25:20
SO000000714,CUST0002729,MAT000480,2026-06-14,10.0,118.8,1188.0,10,Shipped,GBP,Singapore,2026-08-12 14:25:20
SO000000715,CUST0006399,MAT000047,2025-06-21,25.0,695.92,17398.0,10,Pending,GBP,UAE,2026-08-11 21:25:20
SO000000716,CUST0004244,MAT000568,2024-11-05,18.0,325.78,5864.04,0,Completed,USD,China,2026-08-11 19:25:20
SO000000717,CUST0003961,MAT000776,2023-01-12,5.0,726.35,3631.75,0,Completed,USD,Saudi Arabia,2026-08-12 05:25:20
SO000000718,CUST0007162,MAT000994,2023-09-17,11.0,860.09,9460.99,0,Completed,USD,Mexico,2026-08-11 19:25:20
SO000000719,CUST0006697,MAT000582,2024-06-05,9.0,233.44,2100.96,0,Pending,USD,Saudi Arabia,2026-08-12 00:25:20
SO000000720,CUST0000314,MAT000831,2025-06-20,16.0,772.38,12358.08,0,Completed,USD,Singapore,2026-08-12 18:25:20
SO000000721,CUST0006970,MAT001141,2024-01-29,1.0,697.34,697.34,5,Completed,USD,Germany,2026-08-11 16:25:20
SO000000722,CUST0005950,MAT001004,2023-07-30,1.0,605.71,605.71,15,Shipped,USD,UAE,2026-08-12 04:25:20
SO000000723,CUST0007172,MAT000709,2024-07-06,6.0,349.5,2097.0,20,Completed,JPY,UAE,2026-08-12 12:25:20
SO000000724,CUST0005639,MAT000529,2026-03-04,15.0,103.33,1549.95,0,Returned,JPY,India,2026-08-12 02:25:20
SO000000725,CUST0005069,MAT001044,2024-02-01,6.0,438.09,2628.54,0,Pending,AED,Singapore,2026-08-11 18:25:20
SO000000726,CUST0001812,MAT000690,2023-02-23,6.0,99.57,597.42,0,Completed,USD,Australia,2026-08-12 06:25:20
SO000000727,CUST0005241,MAT001187,2023-01-16,7.0,452.63,3168.41,0,Completed,USD,Canada,2026-08-12 11:25:20
SO000000728,CUST0007601,MAT000977,2023-01-20,11.0,739.16,8130.76,10,Pending,AED,Mexico,2026-08-12 03:25:20
SO000000729,CUST0005967,MAT000687,2023-10-15,6.0,897.89,5387.34,0,Shipped,AED,South Africa,2026-08-11 22:25:20
SO000000730,CUST0005471,MAT000329,2023-04-03,2.0,182.22,364.44,15,Completed,EUR,Germany,2026-08-11 21:25:20
SO000000731,CUST0007952,MAT000576,2023-09-30,2.0,191.03,382.06,0,Completed,AED,China,2026-08-11 22:25:20
SO000000732,CUST0001727,MAT001133,2024-09-09,12.0,730.74,8768.88,20,Pending,USD,USA,2026-08-11 17:25:20
SO000000733,CUST0000446,MAT000257,2023-07-18,11.0,424.81,4672.91,15,Shipped,USD,Germany,2026-08-12 06:25:20
SO000000734,CUST0003094,MAT000851,2026-03-04,9.0,824.65,7421.85,15,Shipped,USD,UAE,2026-08-12 02:25:20
SO000000735,CUST0003075,MAT000623,2026-06-16,3.0,693.25,2079.75,10,Completed,USD,South Africa,2026-08-12 08:25:20
SO000000736,CUST0006980,MAT000234,2024-03-26,23.0,664.1,15274.3,15,Pending,USD,UAE,2026-08-11 19:25:20
SO000000737,CUST0002628,MAT000508,2023-11-27,20.0,96.25,1925.0,5,Completed,USD,Singapore,2026-08-12 08:25:20
SO000000738,CUST0004764,MAT000639,2023-11-16,18.0,37.11,667.98,0,Completed,EUR,Japan,2026-08-11 21:25:20
SO000000739,CUST0003227,MAT000223,2025-03-25,14.0,288.5,4039.0,5,Completed,AED,UK,2026-08-11 17:25:20
SO000000740,CUST0004196,MAT000072,2026-05-20,3.0,199.48,598.44,0,Completed,GBP,India,2026-08-12 02:25:20
SO000000741,CUST0001411,MAT000605,2026-09-29,15.0,642.52,9637.8,5,Completed,USD,France,2026-08-11 21:25:20
SO000000742,CUST0004702,MAT000234,2023-05-25,22.0,408.41,8985.02,15,Completed,USD,Singapore,2026-08-12 05:25:20
SO000000743,CUST0003042,MAT000554,2025-10-08,13.0,473.22,6151.86,0,Completed,USD,India,2026-08-12 03:25:20
SO000000744,CUST0005606,MAT000561,2026-05-07,1.0,733.3,733.3,5,Completed,USD,Canada,2026-08-12 12:25:20
SO000000745,CUST0004207,MAT000509,2024-06-17,12.0,433.26,5199.12,5,Completed,EUR,Germany,2026-08-12 09:25:20
SO000000746,CUST0005462,MAT000667,2025-05-14,11.0,492.71,5419.81,0,Completed,USD,UK,2026-08-11 20:25:20
SO000000747,CUST0007805,MAT000438,2023-04-18,20.0,758.88,15177.6,20,Returned,USD,USA,2026-08-12 08:25:20
SO000000748,CUST0004650,MAT000875,2025-07-05,14.0,391.05,5474.7,15,Pending,EUR,India,2026-08-12 16:25:20
SO000000749,CUST0001375,MAT000560,2026-03-02,18.0,79.4,1429.2,15,Completed,GBP,France,2026-08-12 10:25:20
SO000000750,CUST0000800,MAT000640,2025-02-21,16.0,471.93,7550.88,20,Completed,USD,Mexico,2026-08-11 19:25:20
SO000000751,CUST0006354,MAT000420,2025-11-08,19.0,523.53,9947.07,0,Completed,USD,Brazil,2026-08-12 15:25:20
SO000000752,CUST0006615,MAT000587,2026-08-09,20.0,463.06,9261.2,0,Cancelled,JPY,Saudi Arabia,2026-08-12 08:25:20
SO000000753,CUST0005237,MAT000327,2026-06-09,2.0,235.95,471.9,10,Cancelled,USD,Mexico,2026-08-12 16:25:20
SO000000754,CUST0005750,MAT000801,2025-11-20,14.0,205.2,2872.8,5,Shipped,INR,France,2026-08-11 18:25:20
SO000000755,CUST0006716,MAT000918,2025-12-09,14.0,335.93,4703.02,20,Completed,USD,UK,2026-08-12 18:25:20
SO000000756,CUST0003748,MAT000130,2025-12-25,3.0,153.77,461.31,0,Completed,USD,Singapore,2026-08-12 15:25:20
SO000000757,CUST0005433,MAT001124,2026-09-01,13.0,601.09,7814.17,20,Completed,INR,Australia,2026-08-12 16:25:20
SO000000758,CUST0004132,MAT000957,2023-04-27,23.0,555.13,12767.99,0,Completed,GBP,Japan,2026-08-11 21:25:20
SO000000759,CUST0003788,MAT000550,2023-02-12,12.0,570.99,6851.88,20,Completed,EUR,Brazil,2026-08-11 17:25:20
SO000000760,CUST0007009,MAT001200,2026-04-09,10.0,206.19,2061.9,15,Pending,EUR,Australia,2026-08-12 08:25:20
SO000000761,CUST0005380,MAT000249,2023-09-08,16.0,225.64,3610.24,0,Completed,USD,UK,2026-08-12 14:25:20
SO000000762,CUST0007324,MAT000910,2024-09-27,1.0,709.71,709.71,0,Completed,JPY,Singapore,2026-08-12 13:25:20
SO000000763,CUST0004292,MAT000674,2025-10-23,19.0,622.65,11830.35,15,Shipped,USD,China,2026-08-12 18:25:20
SO000000764,CUST0004585,MAT000237,2023-04-12,24.0,788.29,18918.96,0,Completed,EUR,Germany,2026-08-11 13:25:20
SO000000765,CUST0000716,MAT001140,2026-03-06,4.0,366.14,1464.56,0,Completed,EUR,Brazil,2026-08-11 13:25:20
SO000000766,CUST0001470,MAT000523,2025-04-03,2.0,494.86,989.72,20,Shipped,INR,UK,2026-08-12 01:25:20
SO000000767,CUST0005134,MAT000735,2024-06-15,22.0,666.21,14656.62,15,Completed,GBP,Australia,2026-08-12 04:25:20
SO000000768,CUST0007382,MAT000366,2025-03-30,25.0,876.87,21921.75,20,Completed,EUR,USA,2026-08-12 02:25:20
SO000000769,CUST0000585,MAT000017,2026-02-07,14.0,890.72,12470.08,5,Completed,USD,South Africa,2026-08-11 21:25:20
SO000000770,CUST0006341,MAT000265,2026-03-30,12.0,899.26,10791.12,20,Shipped,EUR,Germany,2026-08-12 08:25:20
SO000000771,CUST0002284,MAT000095,2025-03-04,9.0,802.02,7218.18,0,Shipped,USD,Germany,2026-08-11 15:25:20
SO000000772,CUST0002949,MAT001165,2025-10-22,9.0,577.49,5197.41,20,Completed,INR,India,2026-08-11 12:25:20
SO000000773,CUST0005104,MAT000162,2026-01-06,23.0,11.24,258.52,20,Completed,JPY,Japan,2026-08-11 20:25:20
SO000000774,CUST0007637,MAT000579,2023-06-05,6.0,631.09,3786.54,0,Completed,USD,India,2026-08-12 17:25:20
SO000000775,CUST0002869,MAT000419,2025-10-20,2.0,218.55,437.1,15,Completed,USD,Germany,2026-08-12 08:25:20
SO000000776,CUST0001141,MAT000802,2024-07-07,23.0,56.16,1291.68,20,Completed,USD,Germany,2026-08-11 15:25:20
SO000000777,CUST0007813,MAT001062,2025-12-29,16.0,628.98,10063.68,0,Shipped,USD,South Africa,2026-08-11 15:25:20
SO000000778,CUST0003543,MAT000332,2026-06-24,17.0,681.63,11587.71,0,Completed,USD,France,2026-08-12 02:25:20
SO000000779,CUST0004038,MAT000092,2023-04-18,19.0,595.19,11308.61,5,Completed,USD,India,2026-08-12 00:25:20
SO000000780,CUST0004997,MAT000573,2025-11-19,8.0,331.83,2654.64,20,Shipped,AED,Australia,2026-08-12 07:25:20
SO000000781,CUST0003318,MAT000091,2023-09-08,,462.35,6472.9,20,Completed,USD,South Africa,2026-08-11 18:25:20
SO000000782,CUST0003389,MAT000931,2025-06-19,17.0,841.78,14310.26,10,Completed,GBP,France,2026-08-11 23:25:20
SO000000783,CUST0003691,MAT000689,2024-03-17,,658.0,13160.0,0,Completed,EUR,South Africa,2026-08-12 16:25:20
SO000000784,CUST0007164,MAT001169,2026-02-27,7.0,456.69,3196.83,0,Completed,USD,Saudi Arabia,2026-08-12 01:25:20
SO000000785,CUST0007582,MAT000814,2023-08-17,21.0,536.14,11258.94,0,Shipped,AED,Saudi Arabia,2026-08-12 09:25:20
SO000000786,CUST0001086,MAT000388,2025-03-15,18.0,835.28,15035.04,0,Completed,USD,Australia,2026-08-12 12:25:20
SO000000787,CUST0003704,MAT000163,2025-08-15,3.0,357.44,1072.32,10,Completed,USD,Japan,2026-08-12 18:25:20
SO000000788,CUST0003737,MAT000584,2025-04-05,4.0,96.15,384.6,15,Completed,USD,India,2026-08-12 08:25:20
SO000000789,CUST0002478,MAT000669,2025-02-12,11.0,296.61,3262.71,5,Completed,EUR,Mexico,2026-08-11 18:25:20
SO000000790,CUST0001719,MAT000801,2024-02-04,23.0,376.6,8661.8,10,Shipped,USD,South Africa,2026-08-11 23:25:20
SO000000791,CUST0001172,MAT000288,2023-12-27,0.0,249.3,1745.1,20,Completed,USD,Saudi Arabia,2026-08-12 13:25:20
SO000000792,CUST0000794,MAT000117,2024-04-17,16.0,478.43,7654.88,10,Shipped,JPY,Japan,2026-08-11 16:25:20
SO000000793,CUST0001524,MAT000063,2024-09-10,21.0,277.85,5834.85,10,Completed,INR,Mexico,2026-08-12 12:25:20
SO000000794,CUST0004083,MAT000095,2023-07-09,6.0,97.35,584.1,0,Completed,GBP,Singapore,2026-08-11 20:25:20
SO000000795,CUST0004661,MAT000446,2025-10-09,21.0,173.32,3639.72,5,Shipped,USD,USA,2026-08-12 16:25:20
SO000000796,CUST0001465,MAT000266,2026-04-22,22.0,826.75,18188.5,10,Completed,USD,USA,2026-08-12 16:25:20
SO000000797,CUST0001920,MAT000429,2025-06-28,1.0,568.49,568.49,15,Completed,INR,South Africa,2026-08-12 10:25:20
SO000000798,CUST0005845,MAT000015,2026-02-05,11.0,286.31,3149.41,0,Cancelled,INR,Mexico,2026-08-12 09:25:20
SO000000799,CUST0004931,MAT000161,2023-06-15,8.0,333.39,2667.12,10,Completed,USD,Singapore,2026-08-12 05:25:20
SO000000800,CUST0004750,MAT000866,2024-10-01,20.0,446.58,8931.6,0,Completed,USD,India,2026-08-12 01:25:20
SO000000801,CUST0001838,MAT000180,2024-05-03,18.0,607.45,10934.1,0,Shipped,GBP,Germany,2026-08-11 12:25:20
SO000000802,CUST0002046,MAT001152,2024-02-09,8.0,526.05,4208.4,5,Shipped,GBP,Singapore,2026-08-12 12:25:20
SO000000803,CUST0007736,MAT000829,2023-05-24,,839.76,8397.6,15,Cancelled,USD,Australia,2026-08-12 05:25:20
SO000000804,CUST0000628,MAT000591,2025-01-17,14.0,565.05,7910.7,0,Cancelled,GBP,Japan,2026-08-12 15:25:20
SO000000805,CUST0004138,MAT000228,2023-06-03,1.0,820.16,820.16,5,Shipped,EUR,France,2026-08-11 21:25:20
SO000000806,CUST0007358,MAT000310,2026-03-30,6.0,9.86,59.16,0,Cancelled,USD,Brazil,2026-08-12 03:25:20
SO000000807,CUST0006089,MAT001034,2026-04-01,23.0,802.05,18447.15,20,Completed,EUR,Brazil,2026-08-12 12:25:20
SO000000808,CUST0005278,MAT000302,2023-03-27,3.0,650.71,1952.13,20,Completed,EUR,Brazil,2026-08-11 17:25:20
SO000000809,CUST0004243,MAT000154,2026-09-15,16.0,159.11,2545.76,0,Completed,GBP,UK,2026-08-11 22:25:20
SO000000810,CUST0007331,MAT001020,2024-09-06,,240.42,5770.08,5,Completed,AED,Canada,2026-08-11 23:25:20
SO000000811,CUST0007293,MAT000633,2024-07-01,4.0,490.81,1963.24,0,Completed,USD,France,2026-08-11 18:25:20
SO000000812,CUST0007703,MAT000552,2024-05-27,5.0,116.82,584.1,0,Completed,USD,France,2026-08-11 23:25:20
SO000000813,CUST0006211,MAT000615,2023-07-08,16.0,707.9,11326.4,10,Completed,USD,Mexico,2026-08-12 03:25:20
SO000000814,CUST0000355,MAT000319,2024-03-16,19.0,713.1,13548.9,0,Completed,EUR,Canada,2026-08-12 17:25:20
SO000000815,CUST0004940,MAT000135,2025-02-05,15.0,274.35,4115.25,0,Completed,USD,France,2026-08-11 22:25:20
SO000000816,CUST0001967,MAT000911,2026-03-29,0.0,67.49,1552.27,20,Completed,JPY,France,2026-08-11 14:25:20
SO000000817,CUST0000744,MAT000058,2023-11-09,10.0,890.02,8900.2,0,Completed,USD,Australia,2026-08-12 06:25:20
SO000000818,CUST0001666,MAT000218,2023-04-25,13.0,229.4,2982.2,20,Completed,AED,France,2026-08-12 09:25:20
SO000000819,CUST0007338,MAT000136,2026-01-27,15.0,65.46,981.9,20,Shipped,GBP,Singapore,2026-08-11 21:25:20
SO000000820,CUST0007545,MAT001106,2026-06-05,14.0,300.32,4204.48,0,Shipped,INR,Australia,2026-08-12 01:25:20
SO000000821,CUST0003588,MAT000383,2026-02-27,14.0,872.26,12211.64,0,Shipped,USD,UK,2026-08-11 18:25:20
SO000000822,CUST0004807,MAT001009,2025-01-21,23.0,714.67,16437.41,10,Completed,USD,Canada,2026-08-11 20:25:20
SO000000823,CUST0007913,MAT000633,2023-05-10,2.0,434.9,869.8,15,Completed,GBP,UK,2026-08-12 07:25:20
SO000000824,CUST0007544,MAT000367,2024-03-09,2.0,278.27,556.54,5,Completed,USD,India,2026-08-12 01:25:20
SO000000825,CUST0001320,MAT000666,2023-09-01,11.0,383.86,4222.46,0,Pending,AED,Japan,2026-08-12 18:25:20
SO000000826,CUST0000345,MAT000635,2026-05-31,14.0,20.54,287.56,0,Pending,USD,Brazil,2026-08-12 18:25:20
SO000000827,CUST0003059,MAT000089,2025-11-02,10.0,647.94,6479.4,15,Completed,GBP,Australia,2026-08-12 16:25:20
SO000000828,CUST0003889,MAT000030,2024-06-14,5.0,94.18,470.9,20,Completed,USD,Germany,2026-08-11 16:25:20
SO000000829,CUST0000180,MAT001073,2025-06-20,18.0,469.54,8451.72,10,Pending,USD,UK,2026-08-12 06:25:20
SO000000830,CUST0001838,MAT000330,2023-12-05,24.0,511.43,12274.32,10,Pending,USD,Germany,2026-08-12 11:25:20
SO000000831,CUST0005561,MAT000394,2024-10-20,18.0,6.51,117.18,15,Completed,USD,South Africa,2026-08-12 16:25:20
SO000000832,CUST0000489,MAT000442,2025-09-10,24.0,881.99,21167.76,5,Completed,USD,Singapore,2026-08-12 12:25:20
SO000000833,CUST0002603,MAT001112,2023-10-13,0.0,275.41,1927.87,0,Pending,AED,India,2026-08-12 13:25:20
SO000000834,CUST0003838,MAT000636,2023-06-19,24.0,74.12,1778.88,20,Pending,USD,South Africa,2026-08-12 17:25:20
SO000000835,CUST0007323,MAT001041,2025-12-23,7.0,769.68,5387.76,0,Completed,USD,USA,2026-08-12 10:25:20
SO000000836,CUST0000785,MAT000780,2023-07-24,10.0,141.0,1410.0,0,Completed,USD,Saudi Arabia,2026-08-11 20:25:20
SO000000837,CUST0002494,MAT001198,2023-08-18,23.0,27.33,628.59,20,Completed,USD,UK,2026-08-11 16:25:20
SO000000838,CUST0002519,MAT000709,2024-10-07,15.0,447.75,6716.25,15,Completed,USD,France,2026-08-11 19:25:20
SO000000839,CUST0001906,MAT000402,2024-04-17,2.0,121.28,242.56,0,Pending,USD,South Africa,2026-08-12 17:25:20
SO000000840,CUST0005459,MAT000695,2026-10-08,25.0,884.27,22106.75,0,Completed,USD,Japan,2026-08-12 07:25:20
SO000000841,CUST0001935,MAT000703,2023-01-07,14.0,14.32,200.48,0,Completed,USD,Singapore,2026-08-12 01:25:20
SO000000842,CUST0005436,MAT000069,2026-05-06,20.0,50.82,1016.4,0,Completed,JPY,Australia,2026-08-11 15:25:20
SO000000843,CUST0006277,MAT000516,2024-05-06,15.0,750.79,11261.85,0,Completed,USD,Singapore,2026-08-11 16:25:20
SO000000844,CUST0005038,MAT000420,2025-12-22,,219.58,2854.54,15,Pending,USD,India,2026-08-11 18:25:20
SO000000845,CUST0004518,MAT000699,2023-05-02,6.0,820.88,4925.28,0,Completed,USD,UAE,2026-08-12 12:25:20
SO000000846,CUST0004457,MAT000609,2025-10-12,22.0,283.47,6236.34,15,Completed,EUR,China,2026-08-11 23:25:20
SO000000847,CUST0003028,MAT000134,2024-03-10,6.0,67.46,404.76,20,Shipped,USD,Canada,2026-08-12 01:25:20
SO000000848,CUST0001548,MAT000758,2026-05-01,4.0,14.48,57.92,0,Completed,EUR,USA,2026-08-12 15:25:20
SO000000849,CUST0005982,MAT000544,2023-03-25,24.0,257.9,6189.6,5,Completed,USD,Germany,2026-08-12 10:25:20
SO000000850,CUST0000150,MAT000012,2025-07-10,15.0,428.99,6434.85,20,Completed,EUR,India,2026-08-11 22:25:20
SO000000851,CUST0000491,MAT000205,2023-03-05,18.0,5.91,106.38,15,Pending,USD,Canada,2026-08-11 15:25:20
SO000000852,CUST0007605,MAT000904,2024-05-09,10.0,525.09,5250.9,20,Completed,EUR,Germany,2026-08-12 13:25:20
SO000000853,CUST0000781,MAT000754,2025-01-06,8.0,303.63,2429.04,15,Shipped,AED,Saudi Arabia,2026-08-12 04:25:20
SO000000854,CUST0007076,MAT000657,2024-02-18,4.0,354.19,1416.76,5,Returned,USD,South Africa,2026-08-11 16:25:20
SO000000855,CUST0004476,MAT000770,2023-07-24,6.0,238.96,1433.76,15,Completed,JPY,South Africa,2026-08-11 14:25:20
SO000000856,CUST0005252,MAT000097,2023-03-09,5.0,478.5,2392.5,0,Completed,USD,Mexico,2026-08-12 08:25:20
SO000000857,CUST0007018,MAT001106,2023-06-21,18.0,210.96,3797.28,0,Completed,EUR,UK,2026-08-12 14:25:20
SO000000858,CUST0004593,MAT000969,2024-07-01,1.0,125.67,125.67,15,Completed,USD,Australia,2026-08-12 03:25:20
SO000000859,CUST0005762,MAT001059,2024-06-18,5.0,802.13,4010.65,0,Completed,EUR,South Africa,2026-08-11 21:25:20
SO000000860,CUST0000312,MAT000328,2025-06-07,10.0,354.55,3545.5,0,Completed,USD,UK,2026-08-11 15:25:20
SO000000861,CUST0004363,MAT001046,2024-08-31,3.0,73.85,221.55,5,Shipped,INR,Mexico,2026-08-12 10:25:20
SO000000862,CUST0007171,MAT000585,2025-10-02,15.0,211.14,3167.1,15,Completed,USD,Australia,2026-08-11 23:25:20
SO000000863,CUST0003409,MAT000408,2026-06-18,22.0,282.4,6212.8,20,Pending,USD,UAE,2026-08-11 16:25:20
SO000000864,CUST0000660,MAT000752,2025-08-10,1.0,693.83,693.83,20,Completed,USD,Mexico,2026-08-12 12:25:20
SO000000865,CUST0006036,MAT000474,2023-01-23,10.0,24.92,249.2,0,Completed,USD,Canada,2026-08-12 07:25:20
SO000000866,CUST0007408,MAT001162,2026-02-25,17.0,433.03,7361.51,20,Completed,USD,China,2026-08-12 09:25:20
SO000000867,CUST0002385,MAT000452,2024-05-04,22.0,369.88,8137.36,5,Cancelled,USD,France,2026-08-11 22:25:20
SO000000868,CUST0007580,MAT000024,2023-10-20,20.0,871.72,17434.4,0,Completed,USD,Japan,2026-08-12 15:25:20
SO000000869,CUST0006480,MAT000016,2024-03-30,20.0,166.17,3323.4,0,Completed,EUR,USA,2026-08-12 03:25:20
SO000000870,CUST0002821,MAT000766,2026-03-15,15.0,566.94,8504.1,10,Shipped,USD,Singapore,2026-08-12 05:25:20
SO000000871,CUST0007425,MAT000441,2024-05-31,17.0,185.97,3161.49,0,Shipped,INR,Germany,2026-08-11 12:25:20
SO000000872,CUST0000487,MAT000684,2024-03-12,10.0,495.84,4958.4,0,Cancelled,EUR,China,2026-08-12 08:25:20
SO000000873,CUST0007312,MAT000727,2023-02-13,17.0,501.78,8530.26,0,Pending,EUR,Japan,2026-08-11 22:25:20
SO000000874,CUST0004369,MAT001144,2023-07-19,13.0,72.44,941.72,0,Completed,USD,Canada,2026-08-12 00:25:20
SO000000875,CUST0007248,MAT000670,2025-11-21,18.0,413.52,7443.36,20,Shipped,USD,Saudi Arabia,2026-08-11 16:25:20
SO000000876,CUST0006705,MAT000294,2025-09-19,4.0,417.73,1670.92,0,Completed,USD,France,2026-08-12 14:25:20
SO000000877,CUST0004375,MAT000626,2025-06-09,17.0,290.63,4940.71,20,Completed,GBP,Australia,2026-08-11 20:25:20
SO000000878,CUST0007444,MAT001113,2025-06-28,6.0,253.06,1518.36,0,Completed,AED,Germany,2026-08-12 02:25:20
SO000000879,CUST0001827,MAT000318,2023-09-17,16.0,205.75,3292.0,0,Completed,USD,South Africa,2026-08-11 14:25:20
SO000000880,CUST0001152,MAT000977,2024-08-22,0.0,10.32,10.32,0,Completed,USD,UAE,2026-08-11 23:25:20
SO000000881,CUST0001480,MAT000538,2025-01-21,18.0,6.63,119.34,0,Completed,GBP,Germany,2026-08-12 15:25:20
SO000000882,CUST0000239,MAT001040,2023-07-23,17.0,532.86,9058.62,0,Completed,GBP,Mexico,2026-08-12 18:25:20
SO000000883,CUST0006700,MAT000668,2023-07-10,9.0,265.86,2392.74,0,Shipped,USD,UK,2026-08-12 03:25:20
SO000000884,CUST0001847,MAT001000,2026-07-26,25.0,155.26,3881.5,20,Completed,EUR,Brazil,2026-08-12 00:25:20
SO000000885,CUST0002124,MAT000574,2025-10-15,3.0,617.84,1853.52,10,Pending,INR,Saudi Arabia,2026-08-11 14:25:20
SO000000886,CUST0007760,MAT000136,2024-02-18,,478.37,2391.85,0,Shipped,USD,South Africa,2026-08-12 16:25:20
SO000000887,CUST0005917,MAT000584,2025-04-17,4.0,823.89,3295.56,0,Completed,USD,Germany,2026-08-11 17:25:20
SO000000888,CUST0005930,MAT000507,2025-08-24,2.0,748.76,1497.52,0,Pending,USD,UAE,2026-08-11 18:25:20
SO000000889,CUST0006733,MAT000801,2024-01-27,10.0,655.42,6554.2,15,Completed,INR,Canada,2026-08-11 15:25:20
SO000000890,CUST0007197,MAT000724,2025-08-06,15.0,118.29,1774.35,15,Completed,EUR,Mexico,2026-08-12 04:25:20
SO000000891,CUST0007498,MAT000516,2026-03-02,5.0,601.15,3005.75,0,Shipped,EUR,South Africa,2026-08-12 12:25:20
SO000000892,CUST0005072,MAT000879,2025-04-28,12.0,626.06,7512.72,0,Completed,USD,Canada,2026-08-11 22:25:20
SO000000893,CUST0002122,MAT000218,2026-04-30,1.0,688.18,688.18,10,Shipped,INR,Saudi Arabia,2026-08-12 04:25:20
SO000000894,CUST0002279,MAT000650,2025-07-15,9.0,240.5,2164.5,0,Completed,AED,Brazil,2026-08-11 22:25:20
SO000000895,CUST0006174,MAT000308,2025-01-30,1.0,578.07,578.07,5,Completed,USD,Germany,2026-08-12 03:25:20
SO000000896,CUST0006814,MAT000473,2025-04-30,10.0,558.36,5583.6,20,Shipped,USD,Germany,2026-08-12 03:25:20
SO000000897,CUST0000920,MAT000371,2023-07-20,10.0,349.85,3498.5,5,Completed,USD,Australia,2026-08-11 15:25:20
SO000000898,CUST0000476,MAT000674,2025-12-22,7.0,598.84,4191.88,20,Completed,USD,Saudi Arabia,2026-08-11 14:25:20
SO000000899,CUST0004418,MAT000804,2024-03-20,5.0,82.59,412.95,0,Completed,USD,UAE,2026-08-11 20:25:20
SO000000900,CUST0002620,MAT001019,2024-07-30,0.0,580.94,9295.04,0,Shipped,EUR,India,2026-08-12 06:25:20
SO000000901,CUST0004019,MAT000467,2024-10-29,5.0,547.38,2736.9,0,Completed,USD,France,2026-08-12 17:25:20
SO000000902,CUST0001368,MAT001040,2026-04-27,15.0,193.51,2902.65,20,Completed,USD,Germany,2026-08-11 18:25:20
SO000000903,CUST0006871,MAT001199,2024-02-21,9.0,737.3,6635.7,10,Shipped,EUR,France,2026-08-12 03:25:20
SO000000904,CUST0006596,MAT000403,2025-01-15,8.0,787.6,6300.8,10,Shipped,AED,Singapore,2026-08-12 06:25:20
SO000000905,CUST0001343,MAT000216,2024-10-26,,193.38,1933.8,0,Shipped,USD,Singapore,2026-08-12 05:25:20
SO000000906,CUST0003724,MAT000167,2025-12-12,18.0,72.99,1313.82,10,Pending,INR,South Africa,2026-08-12 05:25:20
SO000000907,CUST0006018,MAT000979,2023-05-06,3.0,545.2,1635.6,0,Completed,EUR,India,2026-08-12 06:25:20
SO000000908,CUST0003599,MAT000449,2024-01-17,5.0,434.53,2172.65,0,Shipped,EUR,Australia,2026-08-11 18:25:20
SO000000909,CUST0007488,MAT000918,2024-12-15,19.0,387.7,7366.3,0,Pending,USD,China,2026-08-12 03:25:20
SO000000910,CUST0006038,MAT000366,2023-02-19,25.0,686.1,17152.5,0,Completed,INR,China,2026-08-11 19:25:20
SO000000911,CUST0006438,MAT000794,2026-04-20,15.0,872.85,13092.75,10,Completed,USD,China,2026-08-12 06:25:20
SO000000912,CUST0001232,MAT000560,2024-05-16,19.0,432.51,8217.69,5,Shipped,USD,India,2026-08-12 11:25:20
SO000000913,CUST0000317,MAT000080,2025-08-11,19.0,10.51,199.69,10,Cancelled,USD,Mexico,2026-08-12 12:25:20
SO000000914,CUST0005240,MAT001138,2026-04-06,3.0,538.66,1615.98,5,Completed,GBP,Australia,2026-08-11 22:25:20
SO000000915,CUST0002990,MAT000858,2024-03-28,20.0,590.3,11806.0,0,Completed,USD,China,2026-08-12 01:25:20
SO000000916,CUST0007355,MAT000212,2025-02-25,5.0,746.08,3730.4,5,Completed,AED,Japan,2026-08-12 03:25:20
SO000000917,CUST0003587,MAT000451,2024-11-03,24.0,183.47,4403.28,15,Completed,USD,Singapore,2026-08-11 21:25:20
SO000000918,CUST0006527,MAT000947,2024-03-10,10.0,474.27,4742.7,0,Shipped,USD,UAE,2026-08-11 17:25:20
SO000000919,CUST0000017,MAT000076,2026-06-24,10.0,405.18,4051.8,5,Completed,USD,Saudi Arabia,2026-08-11 21:25:20
SO000000920,CUST0006251,MAT000336,2026-04-13,0.0,599.67,4797.36,20,Completed,GBP,South Africa,2026-08-07 16:25:32
SO000000921,CUST0005333,MAT000204,2025-03-05,14.0,62.23,871.22,20,Completed,GBP,Brazil,2026-08-11 12:25:20
SO000000922,CUST0000333,MAT001116,2025-06-30,19.0,796.19,15127.61,0,Completed,USD,South Africa,2026-08-12 06:25:20
SO000000923,CUST0001904,MAT000875,2025-09-30,15.0,462.49,6937.35,20,Completed,EUR,India,2026-08-12 11:25:20
SO000000924,CUST0007075,MAT000763,2023-09-20,16.0,789.96,12639.36,0,Completed,USD,Saudi Arabia,2026-08-12 04:25:20
SO000000925,CUST0002960,MAT000754,2023-01-23,9.0,309.51,2785.59,0,Shipped,USD,Mexico,2026-08-12 12:25:20
SO000000926,CUST0007811,MAT001046,2024-04-18,25.0,589.9,14747.5,10,Completed,USD,China,2026-08-12 08:25:20
SO000000927,CUST0007505,MAT000306,2026-01-19,21.0,861.27,18086.67,0,Completed,JPY,Australia,2026-08-12 03:25:20
SO000000928,CUST0004893,MAT000025,2025-10-15,,849.32,13589.12,20,Completed,EUR,Japan,2026-08-11 19:25:20
SO000000929,CUST0005948,MAT001100,2025-04-03,4.0,849.97,3399.88,10,Completed,USD,Canada,2026-08-12 05:25:20
SO000000930,CUST0003494,MAT000535,2023-03-24,6.0,43.44,260.64,10,Completed,USD,South Africa,2026-08-12 01:25:20
SO000000931,CUST0000215,MAT000297,2023-12-16,6.0,365.7,2194.2,15,Completed,AED,India,2026-08-12 16:25:20
SO000000932,CUST0007967,MAT000847,2024-10-29,3.0,59.4,178.2,5,Shipped,USD,India,2026-08-12 06:25:20
SO000000933,CUST0003353,MAT000376,2025-04-06,12.0,281.98,3383.76,5,Pending,USD,Germany,2026-08-12 01:25:20
SO000000934,CUST0006656,MAT001086,2024-02-16,7.0,161.25,1128.75,20,Completed,USD,Australia,2026-08-11 19:25:20
SO000000935,CUST0004277,MAT000543,2023-02-21,20.0,560.02,11200.4,10,Shipped,USD,India,2026-08-11 14:25:20
SO000000936,CUST0004906,MAT000160,2025-07-21,13.0,703.77,9149.01,20,Completed,EUR,China,2026-08-12 04:25:20
SO000000937,CUST0007992,MAT000608,2023-12-10,15.0,464.45,6966.75,0,Pending,EUR,France,2026-08-11 12:25:20
SO000000938,CUST0000453,MAT000936,2023-02-22,24.0,716.95,17206.8,20,Cancelled,USD,UK,2026-08-12 17:25:20
SO000000939,CUST0006167,MAT000274,2025-06-06,9.0,16.47,148.23,20,Pending,EUR,Saudi Arabia,2026-08-12 14:25:20
SO000000940,CUST0004811,MAT000846,2025-07-29,0.0,739.33,17004.59,10,Pending,INR,Canada,2026-08-12 02:25:20
SO000000941,CUST0004950,MAT000160,2025-05-29,14.0,164.63,2304.82,10,Completed,USD,Mexico,2026-08-12 15:25:20
SO000000942,CUST0005949,MAT000095,2023-02-28,3.0,417.54,1252.62,5,Completed,USD,India,2026-08-11 12:25:20
SO000000943,CUST0005477,MAT000096,2023-04-18,6.0,401.11,2406.66,0,Completed,EUR,Germany,2026-08-11 20:25:20
SO000000944,CUST0005737,MAT000881,2024-09-22,,786.47,19661.75,0,Completed,USD,Germany,2026-08-12 08:25:20
SO000000945,CUST0002618,MAT000371,2023-10-16,1.0,869.55,869.55,10,Completed,USD,France,2026-08-12 08:25:20
SO000000946,CUST0005363,MAT000823,2024-01-16,21.0,233.33,4899.93,15,Completed,GBP,South Africa,2026-08-12 18:25:20
SO000000947,CUST0001388,MAT000740,2026-10-10,21.0,65.33,1371.93,20,Completed,USD,Canada,2026-08-11 14:25:20
SO000000948,CUST0001550,MAT001166,2025-04-04,11.0,587.22,6459.42,0,Completed,USD,UAE,2026-08-12 15:25:20
SO000000949,CUST0003643,MAT000798,2024-10-16,14.0,455.04,6370.56,15,Completed,USD,France,2026-08-11 15:25:20
SO000000950,CUST0004932,MAT000663,2023-02-23,20.0,511.31,10226.2,15,Pending,USD,Japan,2026-08-11 13:25:20
SO000000951,CUST0005046,MAT000988,2025-01-29,22.0,46.41,1021.02,5,Completed,JPY,Australia,2026-08-11 19:25:20
SO000000952,CUST0001570,MAT000204,2024-08-10,23.0,698.9,16074.7,0,Pending,USD,France,2026-08-12 11:25:20
SO000000953,CUST0006650,MAT000364,2025-11-10,17.0,212.96,3620.32,0,Cancelled,EUR,France,2026-08-12 04:25:20
SO000000954,CUST0000321,MAT001194,2023-02-13,14.0,304.77,4266.78,10,Completed,GBP,Canada,2026-08-12 01:25:20
SO000000955,CUST0004638,MAT000264,2024-04-01,16.0,209.38,3350.08,0,Completed,USD,USA,2026-08-12 03:25:20
SO000000956,CUST0000788,MAT000215,2024-04-02,22.0,851.62,18735.64,5,Completed,USD,Brazil,2026-08-12 17:25:20
SO000000957,CUST0007182,MAT000789,2025-12-26,17.0,156.01,2652.17,5,Completed,USD,USA,2026-08-12 12:25:20
SO000000958,CUST0004906,MAT000206,2023-10-19,21.0,660.43,13869.03,20,Completed,AED,Brazil,2026-08-11 17:25:20
SO000000959,CUST0000305,MAT000689,2024-01-27,22.0,224.94,4948.68,10,Shipped,USD,Mexico,2026-08-11 20:25:20
SO000000960,CUST0004154,MAT000699,2024-03-10,0.0,385.3,9247.2,20,Completed,USD,Singapore,2026-08-12 00:25:20
SO000000961,CUST0003699,MAT000111,2024-04-15,19.0,896.48,17033.12,15,Cancelled,GBP,Saudi Arabia,2026-08-12 03:25:20
SO000000962,CUST0001664,MAT000476,2025-11-18,1.0,95.02,95.02,20,Completed,INR,France,2026-08-11 21:25:20
SO000000963,CUST0007816,MAT000397,2023-12-04,21.0,793.82,16670.22,20,Shipped,GBP,Australia,2026-08-11 12:25:20
SO000000964,CUST0005001,MAT000640,2026-07-25,10.0,851.71,8517.1,0,Shipped,AED,Saudi Arabia,2026-08-12 14:25:20
SO000000965,CUST0007726,MAT000421,2023-10-16,1.0,629.91,629.91,0,Pending,EUR,Australia,2026-08-12 01:25:20
SO000000966,CUST0003169,MAT000747,2026-01-24,13.0,13.92,180.96,0,Shipped,EUR,Germany,2026-08-12 10:25:20
SO000000967,CUST0004603,MAT000996,2025-12-08,3.0,739.61,2218.83,10,Completed,AED,South Africa,2026-08-12 16:25:20
SO000000968,CUST0000522,MAT000584,2025-06-15,21.0,794.63,16687.23,0,Completed,USD,South Africa,2026-08-12 03:25:20
SO000000969,CUST0001798,MAT000347,2024-10-10,3.0,882.94,2648.82,15,Completed,USD,South Africa,2026-08-12 05:25:20
SO000000970,CUST0000574,MAT000935,2024-01-24,3.0,756.19,2268.57,0,Completed,USD,Mexico,2026-08-12 00:25:20
SO000000971,CUST0003754,MAT001173,2023-11-12,9.0,403.8,3634.2,5,Pending,GBP,Canada,2026-08-12 04:25:20
SO000000972,CUST0002244,MAT000100,2024-04-12,11.0,621.34,6834.74,15,Shipped,GBP,USA,2026-08-11 18:25:20
SO000000973,CUST0002722,MAT000786,2025-12-02,9.0,439.19,3952.71,0,Pending,USD,Germany,2026-08-12 10:25:20
SO000000974,CUST0000457,MAT000801,2026-03-03,16.0,320.95,5135.2,20,Completed,USD,Saudi Arabia,2026-08-12 13:25:20
SO000000975,CUST0003145,MAT000398,2023-01-12,22.0,565.65,12444.3,0,Pending,AED,South Africa,2026-08-12 17:25:20
SO000000976,CUST0007462,MAT001130,2026-08-05,25.0,694.0,17350.0,10,Completed,EUR,Germany,2026-08-12 17:25:20
SO000000977,CUST0004838,MAT000311,2023-10-24,3.0,574.13,1722.39,20,Completed,AED,USA,2026-08-12 10:25:20
SO000000978,CUST0005470,MAT000660,2023-03-27,7.0,744.79,5213.53,15,Returned,USD,USA,2026-08-12 03:25:20
SO000000979,CUST0001347,MAT000612,2024-02-02,2.0,162.86,325.72,5,Completed,USD,Saudi Arabia,2026-08-12 10:25:20
SO000000980,CUST0002745,MAT000253,2023-10-11,0.0,339.46,6449.74,0,Pending,EUR,Australia,2026-08-11 21:25:20
SO000000981,CUST0001196,MAT001100,2024-11-18,11.0,284.76,3132.36,10,Completed,EUR,Germany,2026-08-12 15:25:20
SO000000982,CUST0003109,MAT000082,2023-11-13,16.0,178.74,2859.84,10,Completed,JPY,Mexico,2026-08-12 09:25:20
SO000000983,CUST0004382,MAT000904,2025-05-08,25.0,401.64,10041.0,0,Shipped,JPY,Mexico,2026-08-12 15:25:20
SO000000984,CUST0001092,MAT001086,2023-04-24,14.0,853.35,11946.9,10,Pending,USD,UAE,2026-08-11 17:25:20
SO000000985,CUST0006340,MAT000324,2023-09-13,4.0,486.52,1946.08,0,Shipped,EUR,UAE,2026-08-12 12:25:20
SO000000986,CUST0000648,MAT000815,2023-08-14,11.0,261.33,2874.63,5,Pending,USD,Japan,2026-08-11 21:25:20
SO000000987,CUST0002765,MAT000909,2023-08-03,7.0,321.88,2253.16,0,Completed,JPY,Singapore,2026-08-12 14:25:20
SO000000988,CUST0004978,MAT000302,2026-07-18,18.0,553.7,9966.6,15,Pending,USD,France,2026-08-12 13:25:20
SO000000989,CUST0006973,MAT000436,2026-02-02,21.0,320.71,6734.91,15,Completed,USD,China,2026-08-11 23:25:20
SO000000990,CUST0003280,MAT000655,2025-01-02,10.0,486.82,4868.2,0,Completed,USD,UAE,2026-08-12 10:25:20
SO000000991,CUST0004430,MAT001061,2024-11-18,20.0,250.37,5007.4,10,Pending,JPY,Australia,2026-08-11 18:25:20
SO000000992,CUST0005690,MAT000090,2025-03-03,19.0,314.61,5977.59,0,Completed,EUR,Japan,2026-08-12 03:25:20
SO000000993,CUST0004220,MAT001082,2026-01-10,20.0,636.63,12732.6,10,Completed,EUR,Singapore,2026-08-12 01:25:20
SO000000994,CUST0007097,MAT000624,2024-07-27,1.0,528.23,528.23,5,Completed,GBP,Brazil,2026-08-11 18:25:20
SO000000995,CUST0007628,MAT000072,2026-03-15,21.0,88.67,1862.07,0,Completed,USD,Australia,2026-08-11 22:25:20
SO000000996,CUST0001088,MAT000216,2026-03-04,17.0,876.0,14892.0,10,Completed,USD,USA,2026-08-11 17:25:20
SO000000997,CUST0006320,MAT001018,2025-08-10,16.0,49.16,786.56,0,Completed,JPY,Japan,2026-08-11 14:25:20
SO000000998,CUST0000741,MAT000676,2024-04-15,1.0,79.23,79.23,0,Returned,USD,Germany,2026-08-11 12:25:20
SO000000999,CUST0003174,MAT000953,2025-07-08,2.0,632.74,1265.48,0,Completed,USD,UK,2026-08-12 07:25:20
SO000001000,CUST0001918,MAT001108,2024-09-21,4.0,638.68,2554.72,15,Shipped,INR,Mexico,2026-08-12 04:25:20
SO000001001,CUST0004817,MAT000213,2024-04-04,5.0,21.95,109.75,0,Completed,USD,Mexico,2026-08-12 07:25:20
SO000001002,CUST0004261,MAT001149,2025-11-08,9.0,580.26,5222.34,20,Completed,JPY,USA,2026-08-12 09:25:20
SO000001003,CUST0006209,MAT000162,2025-05-15,6.0,34.77,208.62,5,Completed,USD,UK,2026-08-11 21:25:20
SO000001004,CUST0006774,MAT000230,2023-06-30,24.0,864.89,20757.36,20,Shipped,INR,France,2026-08-11 22:25:20
SO000001005,CUST0002225,MAT000635,2025-11-19,25.0,628.05,15701.25,0,Completed,EUR,Saudi Arabia,2026-08-12 05:25:20
SO000001006,CUST0005720,MAT000150,2026-09-19,22.0,171.99,3783.78,15,Completed,AED,Canada,2026-08-11 14:25:20
SO000001007,CUST0000029,MAT001014,2023-07-29,,146.5,1172.0,5,Completed,EUR,Mexico,2026-08-12 03:25:20
SO000001008,CUST0001897,MAT000031,2026-06-23,21.0,514.85,10811.85,15,Completed,USD,France,2026-08-11 22:25:20
SO000001009,CUST0007782,MAT000807,2023-01-22,15.0,572.0,8580.0,0,Pending,USD,France,2026-08-12 17:25:20
SO000001010,CUST0001994,MAT000365,2024-09-03,1.0,748.96,748.96,0,Completed,USD,UK,2026-08-12 16:25:20
SO000001011,CUST0003646,MAT001139,2024-12-02,14.0,813.47,11388.58,15,Returned,INR,Germany,2026-08-11 14:25:20
SO000001012,CUST0005374,MAT000636,2024-02-14,13.0,356.32,4632.16,0,Completed,USD,USA,2026-08-12 16:25:20
SO000001013,CUST0001282,MAT000033,2024-05-29,8.0,760.46,6083.68,0,Cancelled,USD,India,2026-08-12 01:25:20
SO000001014,CUST0007142,MAT000871,2025-05-26,15.0,490.43,7356.45,5,Completed,USD,South Africa,2026-08-11 23:25:20
SO000001015,CUST0007923,MAT001028,2024-02-17,13.0,426.17,5540.21,0,Completed,JPY,USA,2026-08-12 00:25:20
SO000001016,CUST0002313,MAT001071,2023-07-13,14.0,630.58,8828.12,10,Pending,USD,South Africa,2026-08-12 00:25:20
SO000001017,CUST0007362,MAT001186,2026-05-06,1.0,97.36,97.36,15,Completed,INR,Singapore,2026-08-12 17:25:20
SO000001018,CUST0000551,MAT000624,2025-02-18,4.0,242.52,970.08,10,Completed,JPY,Saudi Arabia,2026-08-11 22:25:20
SO000001019,CUST0005780,MAT000336,2025-09-02,23.0,736.0,16928.0,20,Completed,EUR,France,2026-08-11 17:25:20
SO000001020,CUST0003195,MAT000946,2026-01-07,25.0,456.15,11403.75,0,Completed,JPY,Saudi Arabia,2026-08-12 06:25:20
SO000001021,CUST0002296,MAT000323,2024-11-14,25.0,817.7,20442.5,0,Completed,USD,UK,2026-08-12 11:25:20
SO000001022,CUST0001159,MAT000543,2026-07-19,7.0,84.39,590.73,10,Completed,EUR,Singapore,2026-08-11 22:25:20
SO000001023,CUST0005919,MAT000625,2025-07-06,22.0,285.5,6281.0,20,Completed,INR,Germany,2026-08-12 03:25:20
SO000001024,CUST0001286,MAT000524,2026-04-26,23.0,323.22,7434.06,15,Completed,USD,Canada,2026-08-12 11:25:20
SO000001025,CUST0001889,MAT000284,2024-09-18,1.0,383.33,383.33,5,Completed,USD,Brazil,2026-08-11 22:25:20
SO000001026,CUST0002365,MAT000828,2023-02-11,12.0,888.2,10658.4,5,Completed,INR,South Africa,2026-08-12 04:25:20
SO000001027,CUST0002067,MAT000760,2023-02-25,12.0,283.04,3396.48,15,Shipped,EUR,Australia,2026-08-12 02:25:20
SO000001028,CUST0001376,MAT000784,2023-06-20,14.0,469.22,6569.08,15,Completed,USD,Germany,2026-08-11 22:25:20
SO000001029,CUST0006223,MAT001070,2023-05-25,5.0,484.78,2423.9,20,Completed,INR,UK,2026-08-12 08:25:20
SO000001030,CUST0007084,MAT000803,2023-12-13,3.0,694.86,2084.58,10,Completed,USD,USA,2026-08-12 09:25:20
SO000001031,CUST0006002,MAT000609,2023-04-30,10.0,468.49,4684.9,0,Completed,USD,Mexico,2026-08-11 21:25:20
SO000001032,CUST0003412,MAT000646,2025-02-07,5.0,547.13,2735.65,5,Completed,USD,France,2026-08-12 06:25:20
SO000001033,CUST0002433,MAT000505,2023-02-24,24.0,679.23,16301.52,0,Completed,USD,South Africa,2026-08-12 06:25:20
SO000001034,CUST0007317,MAT000793,2023-01-21,12.0,95.51,1146.12,20,Shipped,USD,Germany,2026-08-11 23:25:20
SO000001035,CUST0005761,MAT000985,2025-12-19,7.0,867.31,6071.17,5,Completed,USD,Saudi Arabia,2026-08-11 19:25:20
SO000001036,CUST0004942,MAT000460,2025-10-06,16.0,762.44,12199.04,15,Completed,GBP,France,2026-08-11 18:25:20
SO000001037,CUST0006106,MAT000361,2024-06-10,6.0,352.95,2117.7,5,Completed,GBP,Canada,2026-08-12 13:25:20
SO000001038,CUST0006935,MAT001104,2025-10-03,21.0,656.93,13795.53,5,Shipped,JPY,Canada,2026-08-12 14:25:20
SO000001039,CUST0006178,MAT001034,2023-10-24,14.0,687.28,9621.92,0,Completed,AED,Brazil,2026-08-11 23:25:20
SO000001040,CUST0007100,MAT001134,2025-08-03,15.0,765.97,11489.55,10,Completed,AED,Australia,2026-08-11 16:25:20
SO000001041,CUST0006892,MAT001035,2023-05-31,19.0,173.54,3297.26,0,Shipped,USD,Mexico,2026-08-12 01:25:20
SO000001042,CUST0000998,MAT000364,2025-07-27,12.0,634.81,7617.72,5,Returned,GBP,France,2026-08-11 13:25:20
SO000001043,CUST0000302,MAT001145,2025-05-21,16.0,34.84,557.44,20,Returned,USD,Saudi Arabia,2026-08-12 02:25:20
SO000001044,CUST0007675,MAT000805,2025-10-27,9.0,108.44,975.96,10,Completed,USD,UK,2026-08-12 10:25:20
SO000001045,CUST0003770,MAT000153,2025-03-03,12.0,699.58,8394.96,5,Completed,EUR,Saudi Arabia,2026-08-11 20:25:20
SO000001046,CUST0006429,MAT001097,2025-05-08,11.0,732.64,8059.04,0,Cancelled,USD,France,2026-08-12 15:25:20
SO000001047,CUST0002907,MAT000264,2025-10-25,1.0,535.23,535.23,15,Completed,USD,Saudi Arabia,2026-08-12 09:25:20
SO000001048,CUST0003806,MAT000991,2023-01-16,0.0,525.61,2102.44,5,Cancelled,USD,UK,2026-08-11 13:25:20
SO000001049,CUST0000136,MAT000310,2024-05-05,7.0,675.81,4730.67,5,Completed,JPY,India,2026-08-12 07:25:20
SO000001050,CUST0006294,MAT000500,2026-02-20,3.0,815.95,2447.85,0,Pending,USD,UAE,2026-08-11 12:25:20
SO000001051,CUST0003172,MAT000282,2024-02-18,11.0,381.9,4200.9,0,Pending,USD,South Africa,2026-08-12 16:25:20
SO000001052,CUST0001333,MAT000040,2024-09-29,12.0,107.76,1293.12,10,Shipped,AED,Germany,2026-08-11 20:25:20
SO000001053,CUST0004517,MAT000726,2026-05-20,12.0,755.9,9070.8,0,Completed,AED,UAE,2026-08-11 15:25:20
SO000001054,CUST0000321,MAT000118,2024-07-22,11.0,310.77,3418.47,20,Completed,GBP,USA,2026-08-11 19:25:20
SO000001055,CUST0003270,MAT000781,2025-04-14,1.0,124.74,124.74,0,Completed,USD,UAE,2026-08-12 00:25:20
SO000001056,CUST0001282,MAT000535,2024-03-08,19.0,555.08,10546.52,15,Cancelled,USD,UAE,2026-08-12 02:25:20
SO000001057,CUST0005129,MAT001048,2024-05-19,6.0,522.39,3134.34,0,Cancelled,AED,USA,2026-08-12 13:25:20
SO000001058,CUST0000908,MAT000220,2025-04-23,18.0,429.45,7730.1,15,Completed,JPY,Singapore,2026-08-12 17:25:20
SO000001059,CUST0001317,MAT001104,2026-06-01,22.0,774.52,17039.44,15,Completed,AED,Canada,2026-08-12 10:25:20
SO000001060,CUST0005035,MAT001037,2026-05-26,13.0,248.64,3232.32,0,Pending,AED,Brazil,2026-08-11 21:25:20
SO000001061,CUST0006985,MAT000194,2025-09-14,18.0,16.85,303.3,0,Cancelled,INR,South Africa,2026-08-12 07:25:20
SO000001062,CUST0002115,MAT001132,2024-01-21,13.0,294.5,3828.5,20,Completed,GBP,UAE,2026-08-12 11:25:20
SO000001063,CUST0004569,MAT000452,2026-08-27,13.0,13.69,177.97,5,Shipped,AED,France,2026-08-12 09:25:20
SO000001064,CUST0004836,MAT000403,2024-08-02,15.0,491.51,7372.65,15,Completed,USD,France,2026-08-11 22:25:20
SO000001065,CUST0001161,MAT000882,2025-08-11,18.0,343.53,6183.54,15,Shipped,AED,Saudi Arabia,2026-08-12 06:25:20
SO000001066,CUST0003558,MAT000133,2023-08-12,25.0,733.48,18337.0,0,Cancelled,USD,Australia,2026-08-12 16:25:20
SO000001067,CUST0007324,MAT000838,2023-01-07,20.0,718.84,14376.8,5,Completed,USD,China,2026-08-12 02:25:20
SO000001068,CUST0004042,MAT000877,2025-05-05,1.0,394.0,394.0,20,Shipped,JPY,China,2026-08-11 13:25:20
SO000001069,CUST0004464,MAT000323,2026-06-29,13.0,198.75,2583.75,20,Completed,AED,Mexico,2026-08-11 22:25:20
SO000001070,CUST0003860,MAT000466,2023-02-04,15.0,383.07,5746.05,0,Cancelled,GBP,UK,2026-08-12 04:25:20
SO000001071,CUST0004904,MAT001020,2023-10-02,16.0,578.98,9263.68,0,Completed,AED,South Africa,2026-08-11 23:25:20
SO000001072,CUST0003501,MAT001198,2024-09-16,13.0,175.23,2277.99,20,Completed,GBP,UK,2026-08-12 15:25:20
SO000001073,CUST0003893,MAT000599,2025-01-31,21.0,696.88,14634.48,5,Completed,EUR,Mexico,2026-08-12 01:25:20
SO000001074,CUST0004388,MAT000546,2024-02-05,18.0,300.85,5415.3,5,Completed,AED,Singapore,2026-08-12 11:25:20
SO000001075,CUST0005642,MAT001142,2023-02-16,22.0,839.3,18464.6,5,Pending,USD,Singapore,2026-08-12 09:25:20
SO000001076,CUST0003063,MAT000955,2026-03-24,12.0,463.12,5557.44,0,Cancelled,AED,Mexico,2026-08-11 17:25:20
SO000001077,CUST0006512,MAT000931,2024-02-08,18.0,763.18,13737.24,20,Completed,EUR,Mexico,2026-08-12 04:25:20
SO000001078,CUST0004736,MAT000961,2026-08-10,5.0,556.22,2781.1,10,Completed,INR,Canada,2026-08-12 12:25:20
SO000001079,CUST0005316,MAT000044,2023-09-14,21.0,501.37,10528.77,0,Pending,GBP,Singapore,2026-08-11 12:25:20
SO000001080,CUST0003299,MAT000442,2026-05-03,3.0,615.51,1846.53,5,Shipped,GBP,France,2026-08-11 18:25:20
SO000001081,CUST0004934,MAT001023,2024-02-27,25.0,731.28,18282.0,20,Completed,USD,China,2026-08-11 21:25:20
SO000001082,CUST0005689,MAT000786,2025-01-20,19.0,581.83,11054.77,5,Completed,AED,Canada,2026-08-12 01:25:20
SO000001083,CUST0006474,MAT000165,2025-09-14,12.0,718.53,8622.36,0,Completed,EUR,Canada,2026-08-11 22:25:20
SO000001084,CUST0004705,MAT000904,2026-07-15,0.0,175.47,2105.64,0,Completed,USD,India,2026-08-11 12:25:20
SO000001085,CUST0001788,MAT000580,2024-07-26,2.0,253.38,506.76,5,Completed,USD,Brazil,2026-08-12 15:25:20
SO000001086,CUST0007262,MAT000785,2024-01-09,14.0,210.6,2948.4,10,Completed,JPY,South Africa,2026-08-12 03:25:20
SO000001087,CUST0001332,MAT000932,2025-10-29,,719.48,16548.04,20,Pending,USD,UK,2026-08-11 17:25:20
SO000001088,CUST0006641,MAT000365,2025-02-15,7.0,82.09,574.63,5,Completed,EUR,Saudi Arabia,2026-08-12 02:25:20
SO000001089,CUST0001429,MAT000624,2024-02-01,14.0,717.3,10042.2,10,Completed,USD,UK,2026-08-11 14:25:20
SO000001090,CUST0000379,MAT000092,2025-05-31,16.0,353.19,5651.04,10,Shipped,USD,India,2026-08-12 04:25:20
SO000001091,CUST0000988,MAT000759,2025-05-14,19.0,76.16,1447.04,0,Completed,GBP,China,2026-08-11 17:25:20
SO000001092,CUST0007922,MAT000031,2023-05-30,6.0,384.86,2309.16,10,Pending,USD,Australia,2026-08-11 18:25:20
SO000001093,CUST0004809,MAT000524,2024-12-31,10.0,273.95,2739.5,0,Pending,USD,India,2026-08-12 18:25:20
SO000001094,CUST0003994,MAT000221,2026-09-26,2.0,534.8,1069.6,0,Completed,EUR,India,2026-08-12 07:25:20
SO000001095,CUST0007484,MAT000340,2026-01-28,11.0,427.91,4707.01,0,Completed,USD,UAE,2026-08-12 03:25:20
SO000001096,CUST0005693,MAT001043,2025-03-30,18.0,270.62,4871.16,20,Pending,EUR,UK,2026-08-12 14:25:20
SO000001097,CUST0007064,MAT000259,2023-04-18,1.0,776.73,776.73,20,Completed,GBP,Mexico,2026-08-11 21:25:20
SO000001098,CUST0005112,MAT000980,2025-07-14,10.0,369.11,3691.1,15,Completed,USD,Australia,2026-08-12 17:25:20
SO000001099,CUST0000680,MAT001040,2023-01-06,7.0,426.27,2983.89,0,Cancelled,USD,India,2026-08-11 19:25:20
SO000001100,CUST0007620,MAT001126,2025-08-14,6.0,762.73,4576.38,0,Cancelled,USD,Singapore,2026-08-11 19:25:20
SO000001101,CUST0003515,MAT000856,2025-12-11,16.0,84.71,1355.36,15,Shipped,JPY,Saudi Arabia,2026-08-11 20:25:20
SO000001102,CUST0007303,MAT001143,2023-09-05,16.0,353.95,5663.2,10,Completed,USD,India,2026-08-12 03:25:20
SO000001103,CUST0000891,MAT000301,2024-04-26,2.0,365.56,731.12,0,Completed,USD,Germany,2026-08-11 14:25:20
SO000001104,CUST0003255,MAT000748,2026-05-21,20.0,448.76,8975.2,10,Completed,GBP,Australia,2026-08-11 19:25:20
SO000001105,CUST0000787,MAT000833,2025-04-30,12.0,99.98,1199.76,10,Pending,USD,Germany,2026-08-12 05:25:20
SO000001106,CUST0006542,MAT000835,2023-12-02,6.0,96.88,581.28,20,Cancelled,JPY,Singapore,2026-08-11 16:25:20
SO000001107,CUST0000316,MAT001113,2025-02-09,3.0,377.69,1133.07,15,Completed,USD,Singapore,2026-08-12 18:25:20
SO000001108,CUST0005809,MAT000745,2023-02-20,19.0,34.56,656.64,5,Pending,EUR,France,2026-08-12 03:25:20
SO000001109,CUST0004511,MAT000398,2024-08-26,17.0,233.21,3964.57,10,Completed,USD,USA,2026-08-11 18:25:20
SO000001110,CUST0005507,MAT001144,2023-10-25,9.0,185.05,1665.45,15,Completed,USD,Mexico,2026-08-12 04:25:20
SO000001111,CUST0004641,MAT000620,2024-03-01,10.0,443.0,4430.0,0,Completed,USD,China,2026-08-11 16:25:20
SO000001112,CUST0003023,MAT000772,2025-05-29,13.0,14.99,194.87,0,Pending,EUR,UK,2026-08-12 16:25:20
SO000001113,CUST0001823,MAT000349,2024-04-27,19.0,609.78,11585.82,0,Completed,USD,South Africa,2026-08-11 21:25:20
SO000001114,CUST0007793,MAT000990,2025-02-26,3.0,770.75,2312.25,0,Shipped,USD,Canada,2026-08-12 06:25:20
SO000001115,CUST0002783,MAT001029,2023-01-10,18.0,637.53,11475.54,5,Completed,EUR,Australia,2026-08-12 17:25:20
SO000001116,CUST0007149,MAT000680,2023-06-05,24.0,737.18,17692.32,0,Completed,AED,Japan,2026-08-12 12:25:20
SO000001117,CUST0007619,MAT000127,2026-05-19,1.0,580.77,580.77,0,Completed,USD,India,2026-08-11 21:25:20
SO000001118,CUST0007328,MAT000963,2024-01-18,20.0,459.09,9181.8,20,Completed,INR,USA,2026-08-12 10:25:20
SO000001119,CUST0001058,MAT000068,2023-06-29,18.0,201.02,3618.36,0,Completed,GBP,UK,2026-08-12 03:25:20
SO000001120,CUST0001862,MAT000228,2023-06-10,25.0,255.27,6381.75,10,Completed,USD,Singapore,2026-08-12 05:25:20
SO000001121,CUST0004025,MAT000381,2024-01-16,9.0,289.35,2604.15,0,Completed,USD,UAE,2026-08-11 19:25:20
SO000001122,CUST0000194,MAT000509,2025-11-23,10.0,39.03,390.3,0,Completed,INR,Brazil,2026-08-12 07:25:20
SO000001123,CUST0006596,MAT001190,2026-05-22,21.0,822.21,17266.41,15,Completed,USD,Brazil,2026-08-12 13:25:20
SO000001124,CUST0005658,MAT000556,2024-06-05,9.0,810.77,7296.93,0,Shipped,USD,South Africa,2026-08-11 14:25:20
SO000001125,CUST0007416,MAT000176,2024-12-08,19.0,101.46,1927.74,15,Completed,USD,USA,2026-08-11 14:25:20
SO000001126,CUST0004841,MAT001005,2025-02-27,23.0,503.24,11574.52,15,Completed,USD,Canada,2026-08-12 01:25:20
SO000001127,CUST0001542,MAT001149,2023-12-11,12.0,423.54,5082.48,20,Pending,EUR,Canada,2026-08-12 09:25:20
SO000001128,CUST0001798,MAT000362,2023-06-02,4.0,616.66,2466.64,15,Completed,USD,India,2026-08-11 19:25:20
SO000001129,CUST0000497,MAT000705,2023-06-07,17.0,544.7,9259.9,0,Completed,EUR,Japan,2026-08-12 05:25:20
SO000001130,CUST0000933,MAT000926,2025-11-17,1.0,116.27,116.27,10,Completed,USD,UAE,2026-08-12 11:25:20
SO000001131,CUST0007876,MAT001062,2024-09-20,,595.77,8936.55,20,Completed,JPY,UK,2026-08-11 14:25:20
SO000001132,CUST0000488,MAT000734,2025-08-08,2.0,549.94,1099.88,15,Completed,USD,Saudi Arabia,2026-08-12 07:25:20
SO000001133,CUST0004756,MAT000383,2024-10-09,16.0,480.45,7687.2,0,Completed,USD,South Africa,2026-08-12 03:25:20
SO000001134,CUST0006899,MAT001179,2023-11-18,20.0,365.15,7303.0,0,Shipped,GBP,Mexico,2026-08-12 00:25:20
SO000001135,CUST0007808,MAT001102,2023-05-28,3.0,859.65,2578.95,15,Completed,INR,Australia,2026-08-12 11:25:20
SO000001136,CUST0003934,MAT000105,2024-01-06,23.0,765.25,17600.75,5,Shipped,USD,Canada,2026-08-12 06:25:20
SO000001137,CUST0007465,MAT000973,2024-01-06,16.0,528.65,8458.4,0,Completed,GBP,Canada,2026-08-12 17:25:20
SO000001138,CUST0006437,MAT000340,2025-05-05,6.0,10.71,64.26,0,Completed,USD,Japan,2026-08-12 12:25:20
SO000001139,CUST0006836,MAT000383,2023-02-08,25.0,391.75,9793.75,20,Returned,EUR,France,2026-08-11 20:25:20
SO000001140,CUST0001855,MAT000251,2026-03-28,8.0,631.8,5054.4,10,Pending,INR,Singapore,2026-08-12 16:25:20
SO000001141,CUST0006407,MAT000675,2024-05-22,3.0,109.98,329.94,15,Completed,INR,Brazil,2026-08-12 13:25:20
SO000001142,CUST0001883,MAT000110,2025-09-13,8.0,368.86,2950.88,0,Completed,USD,Brazil,2026-08-12 01:25:20
SO000001143,CUST0004256,MAT000967,2024-01-03,17.0,176.59,3002.03,5,Cancelled,USD,South Africa,2026-08-11 12:25:20
SO000001144,CUST0007972,MAT000084,2024-09-11,5.0,307.64,1538.2,20,Completed,USD,India,2026-08-12 02:25:20
SO000001145,CUST0007345,MAT000047,2026-04-18,1.0,28.87,28.87,0,Shipped,USD,Australia,2026-08-11 19:25:20
SO000001146,CUST0003760,MAT000875,2024-07-30,6.0,118.43,710.58,15,Completed,USD,USA,2026-08-11 23:25:20
SO000001147,CUST0007244,MAT000948,2025-12-21,12.0,412.01,4944.12,0,Completed,AED,Saudi Arabia,2026-08-12 00:25:20
SO000001148,CUST0005061,MAT000135,2024-01-21,,808.88,13750.96,0,Pending,INR,Germany,2026-08-12 15:25:20
SO000001149,CUST0007059,MAT000944,2026-07-08,21.0,444.07,9325.47,0,Completed,EUR,UAE,2026-08-11 17:25:20
SO000001150,CUST0005724,MAT000249,2026-04-07,12.0,410.5,4926.0,0,Completed,USD,Germany,2026-08-12 12:25:20
SO000001151,CUST0002132,MAT000524,2023-03-26,6.0,709.87,4259.22,0,Shipped,EUR,UAE,2026-08-11 17:25:20
SO000001152,CUST0002715,MAT000131,2023-01-20,17.0,244.71,4160.07,10,Completed,EUR,Canada,2026-08-12 04:25:20
SO000001153,CUST0000787,MAT000003,2025-12-07,22.0,90.09,1981.98,5,Completed,USD,Canada,2026-08-12 08:25:20
SO000001154,CUST0004931,MAT000888,2024-08-11,22.0,192.57,4236.54,20,Completed,USD,Mexico,2026-08-12 04:25:20
SO000001155,CUST0005575,MAT000276,2024-11-24,9.0,713.21,6418.89,5,Pending,JPY,UAE,2026-08-12 11:25:20
SO000001156,CUST0007750,MAT001048,2026-01-25,4.0,610.96,2443.84,15,Completed,USD,Germany,2026-08-12 07:25:20
SO000001157,CUST0001556,MAT000265,2024-07-17,16.0,86.92,1390.72,10,Completed,AED,Canada,2026-08-12 18:25:20
SO000001158,CUST0006940,MAT000243,2025-05-24,5.0,602.05,3010.25,0,Returned,USD,Singapore,2026-08-11 17:25:20
SO000001159,CUST0003935,MAT000524,2024-08-06,0.0,838.74,11742.36,10,Shipped,USD,India,2026-08-12 01:25:20
SO000001160,CUST0005673,MAT000182,2024-12-07,22.0,45.23,995.06,15,Completed,USD,Canada,2026-08-11 20:25:20
SO000001161,CUST0005035,MAT000039,2025-10-07,2.0,556.69,1113.38,15,Completed,USD,Canada,2026-08-11 23:25:20
SO000001162,CUST0005661,MAT000772,2024-08-14,19.0,344.35,6542.65,20,Completed,GBP,India,2026-08-11 20:25:20
SO000001163,CUST0007825,MAT000872,2023-05-14,20.0,453.42,9068.4,0,Completed,EUR,Saudi Arabia,2026-08-12 02:25:20
SO000001164,CUST0007850,MAT000601,2023-12-02,11.0,477.72,5254.92,0,Completed,USD,South Africa,2026-08-11 13:25:20
SO000001165,CUST0003802,MAT000245,2026-05-12,7.0,695.09,4865.63,0,Completed,INR,Australia,2026-08-11 17:25:20
SO000001166,CUST0002429,MAT000999,2024-02-12,23.0,503.53,11581.19,10,Completed,USD,UAE,2026-08-12 12:25:20
SO000001167,CUST0002787,MAT001093,2026-03-01,18.0,535.81,9644.58,0,Completed,USD,Germany,2026-08-12 08:25:20
SO000001168,CUST0005464,MAT000740,2023-08-21,8.0,302.96,2423.68,0,Completed,INR,South Africa,2026-08-12 05:25:20
SO000001169,CUST0006086,MAT000764,2024-07-03,7.0,117.72,824.04,0,Completed,USD,Brazil,2026-08-12 11:25:20
SO000001170,CUST0002874,MAT000730,2023-09-10,14.0,616.05,8624.7,10,Completed,USD,Germany,2026-08-11 21:25:20
SO000001171,CUST0007609,MAT001018,2025-08-27,16.0,5.43,86.88,20,Completed,USD,Germany,2026-08-11 13:25:20
SO000001172,CUST0004610,MAT001020,2026-09-24,17.0,299.2,5086.4,10,Completed,USD,China,2026-08-11 15:25:20
SO000001173,CUST0000911,MAT000770,2026-07-03,14.0,200.15,2802.1,0,Completed,INR,UAE,2026-08-11 19:25:20
SO000001174,CUST0001786,MAT000333,2025-12-02,9.0,352.74,3174.66,0,Pending,INR,China,2026-08-12 05:25:20
SO000001175,CUST0007664,MAT000823,2024-09-05,24.0,283.58,6805.92,0,Shipped,INR,France,2026-08-12 18:25:20
SO000001176,CUST0003423,MAT000805,2025-11-26,20.0,635.27,12705.4,10,Shipped,USD,Germany,2026-08-12 13:25:20
SO000001177,CUST0004221,MAT000387,2025-03-23,19.0,237.88,4519.72,0,Completed,EUR,Japan,2026-08-12 18:25:20
SO000001178,CUST0000602,MAT000201,2026-01-12,16.0,506.87,8109.92,0,Completed,USD,Japan,2026-08-11 19:25:20
SO000001179,CUST0001550,MAT000035,2023-12-03,2.0,412.91,825.82,15,Completed,USD,India,2026-08-11 22:25:20
SO000001180,CUST0005299,MAT000700,2025-07-05,6.0,721.95,4331.7,15,Completed,USD,Canada,2026-08-12 05:25:20
SO000001181,CUST0006011,MAT000098,2023-06-06,18.0,388.14,6986.52,20,Completed,EUR,South Africa,2026-08-11 15:25:20
SO000001182,CUST0001999,MAT000884,2024-07-08,2.0,778.17,1556.34,15,Completed,USD,Japan,2026-08-12 17:25:20
SO000001183,CUST0006406,MAT000740,2023-06-04,17.0,5.13,87.21,20,Completed,USD,China,2026-08-11 13:25:20
SO000001184,CUST0003997,MAT000495,2024-12-26,2.0,546.33,1092.66,0,Pending,USD,Japan,2026-08-12 09:25:20
SO000001185,CUST0004811,MAT000943,2024-08-23,3.0,13.78,41.34,5,Completed,USD,Japan,2026-08-12 08:25:20
SO000001186,CUST0002906,MAT000833,2024-04-02,8.0,643.97,5151.76,5,Completed,AED,Australia,2026-08-12 18:25:20
SO000001187,CUST0007817,MAT000377,2024-04-01,11.0,215.26,2367.86,0,Pending,GBP,Canada,2026-08-12 03:25:20
SO000001188,CUST0005167,MAT001176,2023-10-02,,345.08,1380.32,0,Pending,USD,Japan,2026-08-12 00:25:20
SO000001189,CUST0000569,MAT000508,2023-02-26,23.0,345.49,7946.27,0,Completed,USD,Canada,2026-08-11 23:25:20
SO000001190,CUST0000145,MAT000721,2026-08-05,17.0,762.55,12963.35,0,Completed,JPY,Australia,2026-08-12 00:25:20
SO000001191,CUST0003438,MAT000106,2024-11-12,13.0,96.37,1252.81,0,Completed,INR,USA,2026-08-12 00:25:20
SO000001192,CUST0002094,MAT000940,2026-03-27,24.0,601.87,14444.88,15,Returned,USD,Japan,2026-08-12 02:25:20
SO000001193,CUST0002759,MAT000545,2024-02-09,9.0,883.22,7948.98,20,Completed,GBP,Singapore,2026-08-12 10:25:20
SO000001194,CUST0002662,MAT001037,2023-11-15,20.0,25.03,500.6,0,Completed,AED,Singapore,2026-08-11 15:25:20
SO000001195,CUST0003907,MAT000426,2024-05-23,8.0,869.48,6955.84,0,Completed,GBP,France,2026-08-12 04:25:20
SO000001196,CUST0000812,MAT000781,2025-04-09,5.0,21.47,107.35,0,Completed,EUR,UAE,2026-08-12 11:25:20
SO000001197,CUST0006103,MAT000096,2023-09-05,5.0,757.83,3789.15,15,Completed,EUR,Canada,2026-08-12 00:25:20
SO000001198,CUST0002361,MAT000025,2023-01-08,4.0,865.31,3461.24,0,Completed,USD,USA,2026-08-12 03:25:20
SO000001199,CUST0005438,MAT001030,2023-07-29,18.0,893.76,16087.68,5,Shipped,USD,France,2026-08-12 06:25:20
SO000001200,CUST0002851,MAT000853,2025-05-05,21.0,415.91,8734.11,0,Completed,USD,Australia,2026-08-12 10:25:20
SO000001201,CUST0006285,MAT000483,2026-08-04,22.0,780.93,17180.46,5,Completed,INR,Mexico,2026-08-12 07:25:20
SO000001202,CUST0000665,MAT000523,2024-04-28,12.0,114.49,1373.88,0,Pending,USD,France,2026-08-12 05:25:20
SO000001203,CUST0006067,MAT000339,2023-09-16,5.0,385.72,1928.6,15,Completed,GBP,China,2026-08-11 18:25:20
SO000001204,CUST0007571,MAT000829,2025-03-03,2.0,280.64,561.28,0,Completed,USD,South Africa,2026-08-11 14:25:20
SO000001205,CUST0006359,MAT001183,2023-01-03,19.0,358.68,6814.92,0,Completed,USD,Brazil,2026-08-12 11:25:20
SO000001206,CUST0003060,MAT001137,2023-07-21,12.0,633.27,7599.24,0,Completed,USD,Singapore,2026-08-12 07:25:20
SO000001207,CUST0005097,MAT000609,2023-04-27,2.0,83.29,166.58,0,Cancelled,JPY,Saudi Arabia,2026-08-12 06:25:20
SO000001208,CUST0002746,MAT000891,2023-01-16,18.0,898.36,16170.48,0,Completed,USD,Australia,2026-08-12 10:25:20
SO000001209,CUST0004895,MAT000643,2025-02-12,24.0,573.39,13761.36,15,Cancelled,AED,China,2026-08-12 07:25:20
SO000001210,CUST0003020,MAT000878,2023-05-17,6.0,786.8,4720.8,0,Completed,USD,Canada,2026-08-11 18:25:20
SO000001211,CUST0005716,MAT000672,2023-10-01,6.0,747.58,4485.48,10,Completed,USD,Australia,2026-08-12 16:25:20
SO000001212,CUST0002928,MAT000053,2025-09-15,14.0,690.57,9667.98,0,Completed,AED,UK,2026-08-12 18:25:20
SO000001213,CUST0000805,MAT000303,2023-08-12,15.0,40.11,601.65,0,Shipped,USD,France,2026-08-12 11:25:20
SO000001214,CUST0002096,MAT000357,2024-01-19,1.0,467.24,467.24,10,Cancelled,USD,Singapore,2026-08-12 16:25:20
SO000001215,CUST0005515,MAT001122,2025-01-06,15.0,298.69,4480.35,5,Shipped,USD,France,2026-08-12 15:25:20
SO000001216,CUST0005484,MAT000491,2025-07-02,5.0,106.08,530.4,0,Completed,GBP,Germany,2026-08-12 08:25:20
SO000001217,CUST0004039,MAT000204,2026-07-29,7.0,311.98,2183.86,5,Shipped,USD,China,2026-08-12 10:25:20
SO000001218,CUST0004734,MAT001019,2025-11-18,19.0,582.1,11059.9,0,Completed,AED,Australia,2026-08-12 07:25:20
SO000001219,CUST0007437,MAT000334,2024-10-19,18.0,211.41,3805.38,0,Pending,AED,UAE,2026-08-11 22:25:20
SO000001220,CUST0006037,MAT001169,2024-11-28,4.0,402.91,1611.64,0,Completed,JPY,Germany,2026-08-12 05:25:20
SO000001221,CUST0007616,MAT000111,2024-08-14,8.0,367.02,2936.16,10,Completed,INR,Germany,2026-08-12 18:25:20
SO000001222,CUST0004429,MAT001050,2024-08-25,18.0,51.95,935.1,20,Completed,USD,Singapore,2026-08-12 10:25:20
SO000001223,CUST0005328,MAT000244,2024-09-03,10.0,567.13,5671.3,15,Completed,GBP,South Africa,2026-08-11 20:25:20
SO000001224,CUST0000409,MAT001163,2025-02-20,19.0,558.87,10618.53,0,Completed,USD,Mexico,2026-08-12 03:25:20
SO000001225,CUST0004702,MAT000100,2023-07-26,11.0,869.94,9569.34,0,Cancelled,USD,USA,2026-08-11 15:25:20
SO000001226,CUST0003507,MAT000414,2026-03-19,11.0,271.71,2988.81,10,Completed,USD,USA,2026-08-11 22:25:20
SO000001227,CUST0002627,MAT000371,2026-05-20,13.0,379.96,4939.48,0,Completed,USD,Singapore,2026-08-11 13:25:20
SO000001228,CUST0002083,MAT000971,2025-04-21,24.0,366.26,8790.24,10,Pending,EUR,UAE,2026-08-11 12:25:20
SO000001229,CUST0007046,MAT000812,2026-01-28,8.0,828.17,6625.36,0,Completed,USD,Japan,2026-08-12 11:25:20
SO000001230,CUST0002265,MAT000631,2023-03-03,6.0,370.74,2224.44,5,Completed,USD,China,2026-08-11 21:25:20
SO000001231,CUST0000434,MAT000255,2024-07-19,6.0,401.27,2407.62,10,Completed,USD,Germany,2026-08-12 05:25:20
SO000001232,CUST0004718,MAT000502,2025-02-18,18.0,230.85,4155.3,0,Completed,USD,Canada,2026-08-12 15:25:20
SO000001233,CUST0000237,MAT000551,2024-12-09,10.0,6.05,60.5,20,Completed,USD,Australia,2026-08-11 16:25:20
SO000001234,CUST0007726,MAT000590,2025-03-07,1.0,103.85,103.85,5,Completed,INR,Australia,2026-08-12 00:25:20
SO000001235,CUST0001745,MAT000043,2026-06-24,14.0,634.98,8889.72,5,Pending,INR,Germany,2026-08-12 09:25:20
SO000001236,CUST0004944,MAT000255,2025-04-30,13.0,615.83,8005.79,20,Completed,GBP,China,2026-08-12 04:25:20
SO000001237,CUST0007892,MAT000390,2026-03-23,2.0,293.66,587.32,0,Completed,EUR,Germany,2026-08-12 05:25:20
SO000001238,CUST0001526,MAT000455,2024-01-31,3.0,428.34,1285.02,10,Returned,JPY,Germany,2026-08-12 16:25:20
SO000001239,CUST0005719,MAT000319,2023-06-02,23.0,271.15,6236.45,0,Completed,USD,USA,2026-08-12 12:25:20
SO000001240,CUST0004446,MAT001002,2025-08-23,7.0,659.17,4614.19,15,Returned,INR,USA,2026-08-11 14:25:20
SO000001241,CUST0000276,MAT000914,2026-09-21,18.0,759.04,13662.72,10,Shipped,USD,Singapore,2026-08-12 00:25:20
SO000001242,CUST0005664,MAT000826,2026-02-04,25.0,809.7,20242.5,5,Cancelled,EUR,India,2026-08-11 15:25:20
SO000001243,CUST0003159,MAT000881,2025-11-09,22.0,160.61,3533.42,10,Completed,USD,Germany,2026-08-11 12:25:20
SO000001244,CUST0000725,MAT000888,2024-10-18,2.0,627.04,1254.08,10,Completed,USD,Japan,2026-08-12 16:25:20
SO000001245,CUST0005439,MAT000369,2025-10-01,5.0,866.89,4334.45,20,Completed,GBP,Canada,2026-08-11 15:25:20
SO000001246,CUST0007478,MAT000552,2023-04-22,12.0,587.3,7047.6,0,Completed,EUR,France,2026-08-12 06:25:20
SO000001247,CUST0007890,MAT001059,2026-05-16,17.0,319.12,5425.04,0,Completed,USD,South Africa,2026-08-12 09:25:20
SO000001248,CUST0002033,MAT000649,2024-03-15,16.0,574.17,9186.72,0,Returned,GBP,USA,2026-08-12 16:25:20
SO000001249,CUST0006711,MAT000689,2024-04-20,22.0,621.14,13665.08,0,Completed,EUR,UK,2026-08-11 15:25:20
SO000001250,CUST0000146,MAT000073,2024-02-23,6.0,360.36,2162.16,20,Completed,USD,Canada,2026-08-11 13:25:20
SO000001251,CUST0005903,MAT000278,2025-02-16,22.0,98.07,2157.54,10,Cancelled,AED,USA,2026-08-11 15:25:20
SO000001252,CUST0000906,MAT001006,2024-04-14,17.0,547.96,9315.32,0,Completed,USD,UAE,2026-08-12 17:25:20
SO000001253,CUST0002832,MAT000195,2026-07-05,18.0,722.92,13012.56,0,Pending,INR,China,2026-08-11 15:25:20
SO000001254,CUST0005542,MAT000772,2023-07-07,10.0,897.83,8978.3,0,Completed,USD,France,2026-08-12 09:25:20
SO000001255,CUST0001857,MAT000844,2025-10-09,16.0,204.64,3274.24,20,Shipped,AED,Australia,2026-08-11 18:25:20
SO000001256,CUST0005727,MAT000184,2023-06-27,1.0,631.85,631.85,10,Completed,EUR,UK,2026-08-11 22:25:20
SO000001257,CUST0007103,MAT000805,2024-07-18,20.0,30.1,602.0,0,Completed,USD,Brazil,2026-08-12 03:25:20
SO000001258,CUST0002119,MAT001078,2026-04-28,12.0,872.99,10475.88,5,Completed,USD,China,2026-08-12 08:25:20
SO000001259,CUST0006100,MAT000440,2023-07-04,15.0,16.25,243.75,5,Shipped,INR,USA,2026-08-12 07:25:20
SO000001260,CUST0006358,MAT000473,2025-06-23,6.0,326.12,1956.72,0,Completed,USD,South Africa,2026-08-12 12:25:20
SO000001261,CUST0004069,MAT000406,2026-09-08,7.0,73.38,513.66,20,Completed,EUR,Canada,2026-08-11 23:25:20
SO000001262,CUST0000496,MAT000052,2023-03-05,1.0,560.77,560.77,0,Completed,USD,Saudi Arabia,2026-08-12 16:25:20
SO000001263,CUST0006584,MAT000272,2025-07-09,15.0,308.85,4632.75,5,Shipped,USD,India,2026-08-11 14:25:20
SO000001264,CUST0001089,MAT000765,2026-04-07,12.0,660.98,7931.76,20,Completed,USD,France,2026-08-12 15:25:20
SO000001265,CUST0000796,MAT000265,2025-10-27,10.0,440.31,4403.1,10,Completed,USD,Mexico,2026-08-12 13:25:20
SO000001266,CUST0006467,MAT000996,2024-06-03,25.0,380.37,9509.25,15,Completed,JPY,Brazil,2026-08-12 10:25:20
SO000001267,CUST0000451,MAT000589,2025-08-26,18.0,316.92,5704.56,15,Completed,JPY,Canada,2026-08-12 12:25:20
SO000001268,CUST0003544,MAT000983,2023-08-15,14.0,82.09,1149.26,0,Completed,USD,France,2026-08-11 18:25:20
SO000001269,CUST0004819,MAT001032,2026-07-11,24.0,188.32,4519.68,10,Completed,USD,UK,2026-08-12 06:25:20
SO000001270,CUST0007152,MAT000483,2025-12-23,23.0,577.0,13271.0,20,Completed,AED,France,2026-08-12 16:25:20
SO000001271,CUST0002511,MAT000718,2024-12-05,1.0,449.59,449.59,10,Completed,AED,Germany,2026-08-12 12:25:20
SO000001272,CUST0007308,MAT000095,2026-05-20,17.0,67.73,1151.41,5,Completed,AED,Japan,2026-08-12 13:25:20
SO000001273,CUST0005771,MAT000562,2023-12-15,19.0,491.84,9344.96,10,Completed,USD,USA,2026-08-12 09:25:20
SO000001274,CUST0005039,MAT000914,2026-07-08,22.0,53.46,1176.12,0,Completed,INR,Singapore,2026-08-12 06:25:20
SO000001275,CUST0007201,MAT000430,2024-08-26,13.0,463.0,6019.0,0,Completed,EUR,Singapore,2026-08-12 08:25:20
SO000001276,CUST0004651,MAT000249,2024-05-25,4.0,868.64,3474.56,0,Completed,INR,UAE,2026-08-12 14:25:20
SO000001277,CUST0006861,MAT000339,2023-06-01,21.0,280.07,5881.47,10,Completed,INR,Brazil,2026-08-12 07:25:20
SO000001278,CUST0007682,MAT001108,2025-12-26,3.0,652.54,1957.62,0,Completed,GBP,Mexico,2026-08-12 01:25:20
SO000001279,CUST0004316,MAT000844,2025-02-25,2.0,672.27,1344.54,10,Shipped,JPY,Germany,2026-08-12 14:25:20
SO000001280,CUST0001943,MAT000761,2023-07-27,3.0,367.35,1102.05,0,Shipped,USD,UK,2026-08-12 13:25:20
SO000001281,CUST0002644,MAT000542,2026-03-24,22.0,536.0,11792.0,20,Completed,USD,Germany,2026-08-12 16:25:20
SO000001282,CUST0003848,MAT000824,2026-01-22,22.0,427.48,9404.56,0,Completed,AED,Canada,2026-08-11 18:25:20
SO000001283,CUST0005355,MAT000440,2023-11-21,9.0,258.61,2327.49,5,Completed,USD,USA,2026-08-12 02:25:20
SO000001284,CUST0000811,MAT000600,2023-06-11,9.0,680.49,6124.41,0,Cancelled,USD,China,2026-08-11 12:25:20
SO000001285,CUST0002259,MAT000704,2024-07-14,25.0,634.03,15850.75,0,Pending,USD,China,2026-08-11 18:25:20
SO000001286,CUST0007760,MAT000475,2026-08-06,7.0,810.99,5676.93,0,Completed,USD,France,2026-08-11 16:25:20
SO000001287,CUST0004160,MAT000933,2025-03-14,12.0,558.22,6698.64,5,Completed,JPY,UAE,2026-08-11 19:25:20
SO000001288,CUST0004616,MAT000151,2025-05-11,13.0,352.9,4587.7,20,Completed,EUR,South Africa,2026-08-12 16:25:20
SO000001289,CUST0006478,MAT000899,2023-10-25,18.0,644.04,11592.72,5,Completed,USD,Germany,2026-08-12 05:25:20
SO000001290,CUST0000435,MAT000233,2025-09-10,3.0,559.04,1677.12,0,Cancelled,INR,UK,2026-08-11 14:25:20
SO000001291,CUST0007933,MAT000356,2023-09-15,20.0,556.87,11137.4,20,Shipped,USD,Germany,2026-08-11 12:25:20
SO000001292,CUST0000810,MAT001156,2025-04-10,23.0,765.6,17608.8,20,Completed,USD,Saudi Arabia,2026-08-12 09:25:20
SO000001293,CUST0007199,MAT000202,2026-01-25,22.0,819.87,18037.14,0,Shipped,USD,USA,2026-08-12 18:25:20
SO000001294,CUST0004252,MAT000666,2024-04-05,17.0,166.32,2827.44,15,Pending,USD,Australia,2026-08-11 23:25:20
SO000001295,CUST0002239,MAT000327,2023-02-08,25.0,286.07,7151.75,5,Shipped,USD,Canada,2026-08-11 20:25:20
SO000001296,CUST0005025,MAT000077,2026-07-13,20.0,587.02,11740.4,5,Completed,GBP,India,2026-08-12 08:25:20
SO000001297,CUST0006050,MAT001180,2023-06-13,,503.71,4029.68,0,Completed,INR,USA,2026-08-11 15:25:20
SO000001298,CUST0005436,MAT001072,2025-07-29,17.0,588.83,10010.11,15,Completed,USD,France,2026-08-11 20:25:20
SO000001299,CUST0004789,MAT000247,2025-05-14,16.0,392.55,6280.8,0,Completed,USD,China,2026-08-12 17:25:20
SO000001300,CUST0005534,MAT001179,2025-12-13,14.0,374.13,5237.82,5,Completed,AED,Japan,2026-08-12 08:25:20
SO000001301,CUST0000969,MAT000872,2026-02-01,6.0,110.3,661.8,0,Completed,EUR,South Africa,2026-08-11 16:25:20
SO000001302,CUST0003012,MAT000299,2025-11-22,12.0,563.17,6758.04,5,Completed,AED,Canada,2026-08-11 15:25:20
SO000001303,CUST0007056,MAT000691,2024-08-13,23.0,162.33,3733.59,0,Shipped,INR,India,2026-08-12 02:25:20
SO000001304,CUST0006432,MAT001199,2026-02-15,11.0,605.56,6661.16,0,Completed,EUR,Canada,2026-08-12 16:25:20
SO000001305,CUST0003118,MAT001004,2025-12-31,0.0,870.53,13928.48,0,Completed,JPY,Japan,2026-08-11 18:25:20
SO000001306,CUST0002625,MAT000240,2024-05-31,20.0,234.49,4689.8,5,Pending,USD,China,2026-08-11 21:25:20
SO000001307,CUST0000821,MAT000780,2026-03-16,11.0,132.23,1454.53,0,Completed,USD,Saudi Arabia,2026-08-12 12:25:20
SO000001308,CUST0006233,MAT000589,2024-01-13,22.0,26.64,586.08,5,Completed,EUR,Saudi Arabia,2026-08-11 21:25:20
SO000001309,CUST0003135,MAT000705,2025-08-03,4.0,344.05,1376.2,0,Pending,EUR,Brazil,2026-08-11 16:25:20
SO000001310,CUST0002894,MAT000951,2023-02-14,2.0,197.08,394.16,0,Completed,JPY,UAE,2026-08-12 16:25:20
SO000001311,CUST0005126,MAT000299,2023-12-11,24.0,445.21,10685.04,0,Pending,INR,UK,2026-08-12 11:25:20
SO000001312,CUST0004254,MAT000912,2026-01-02,20.0,474.25,9485.0,15,Cancelled,USD,Japan,2026-08-12 15:25:20
SO000001313,CUST0007391,MAT000606,2025-08-11,13.0,317.65,4129.45,20,Completed,USD,India,2026-08-11 15:25:20
SO000001314,CUST0005728,MAT000377,2025-05-15,5.0,676.17,3380.85,10,Returned,USD,Saudi Arabia,2026-08-11 12:25:20
SO000001315,CUST0004652,MAT000732,2024-02-20,15.0,814.8,12222.0,5,Completed,AED,Mexico,2026-08-12 00:25:20
SO000001316,CUST0004504,MAT000737,2024-02-13,6.0,194.31,1165.86,15,Completed,USD,UK,2026-08-11 17:25:20
SO000001317,CUST0007956,MAT000083,2025-06-04,13.0,753.49,9795.37,5,Completed,USD,Brazil,2026-08-11 22:25:20
SO000001318,CUST0000123,MAT000746,2026-03-28,,122.41,1958.56,0,Returned,USD,UAE,2026-08-11 21:25:20
SO000001319,CUST0001981,MAT000968,2024-06-07,12.0,209.69,2516.28,20,Pending,INR,Japan,2026-08-11 18:25:20
SO000001320,CUST0005762,MAT001058,2024-02-22,,507.47,507.47,15,Completed,AED,Brazil,2026-08-12 10:25:20
SO000001321,CUST0004230,MAT000252,2025-06-24,2.0,279.39,558.78,0,Cancelled,EUR,China,2026-08-12 14:25:20
SO000001322,CUST0004783,MAT000612,2023-10-05,15.0,42.33,634.95,15,Completed,USD,Brazil,2026-08-11 13:25:20
SO000001323,CUST0000576,MAT000879,2024-03-10,15.0,268.91,4033.65,15,Completed,GBP,USA,2026-08-12 17:25:20
SO000001324,CUST0002207,MAT000917,2023-10-27,1.0,814.86,814.86,0,Shipped,USD,Japan,2026-08-12 01:25:20
SO000001325,CUST0005820,MAT000346,2024-03-13,19.0,160.93,3057.67,5,Completed,AED,China,2026-08-12 18:25:20
SO000001326,CUST0006284,MAT001150,2025-06-20,16.0,688.56,11016.96,0,Pending,USD,UK,2026-08-11 14:25:20
SO000001327,CUST0006097,MAT000615,2023-12-21,9.0,651.44,5862.96,0,Completed,USD,UK,2026-08-11 23:25:20
SO000001328,CUST0004699,MAT000445,2023-10-20,4.0,100.07,400.28,0,Pending,JPY,China,2026-08-11 22:25:20
SO000001329,CUST0006992,MAT000541,2023-03-14,2.0,299.85,599.7,10,Completed,GBP,Singapore,2026-08-11 18:25:20
SO000001330,CUST0005461,MAT000540,2023-10-29,16.0,174.47,2791.52,0,Shipped,USD,Canada,2026-08-11 20:25:20
SO000001331,CUST0007067,MAT001053,2023-09-07,18.0,25.72,462.96,0,Completed,USD,USA,2026-08-11 13:25:20
SO000001332,CUST0003744,MAT000215,2024-09-10,18.0,159.87,2877.66,20,Completed,USD,USA,2026-08-11 13:25:20
SO000001333,CUST0002708,MAT000630,2024-12-08,1.0,185.41,185.41,20,Pending,USD,South Africa,2026-08-12 03:25:20
SO000001334,CUST0005218,MAT000734,2026-05-11,18.0,153.55,2763.9,20,Shipped,USD,Japan,2026-08-12 15:25:20
SO000001335,CUST0004874,MAT001011,2024-07-27,17.0,86.53,1471.01,10,Shipped,GBP,India,2026-08-11 22:25:20
SO000001336,CUST0003600,MAT000529,2026-01-24,5.0,476.04,2380.2,0,Completed,GBP,India,2026-08-12 10:25:20
SO000001337,CUST0001353,MAT000686,2023-01-18,0.0,293.76,2937.6,5,Completed,USD,South Africa,2026-08-11 20:25:20
SO000001338,CUST0006909,MAT000995,2024-08-22,5.0,817.88,4089.4,5,Completed,AED,Japan,2026-08-11 14:25:20
SO000001339,CUST0006563,MAT000612,2023-04-20,14.0,172.56,2415.84,5,Shipped,INR,France,2026-08-12 07:25:20
SO000001340,CUST0000209,MAT000171,2023-05-24,14.0,544.56,7623.84,15,Completed,USD,Saudi Arabia,2026-08-11 22:25:20
SO000001341,CUST0002216,MAT000235,2026-02-09,4.0,811.06,3244.24,0,Shipped,USD,India,2026-08-12 13:25:20
SO000001342,CUST0006064,MAT000208,2023-02-17,19.0,47.23,897.37,20,Completed,EUR,Mexico,2026-08-12 13:25:20
SO000001343,CUST0003349,MAT000371,2023-07-09,13.0,467.07,6071.91,10,Completed,USD,USA,2026-08-12 13:25:20
SO000001344,CUST0000387,MAT000778,2024-02-04,3.0,408.35,1225.05,20,Completed,AED,South Africa,2026-08-12 00:25:20
SO000001345,CUST0001072,MAT000576,2024-06-10,7.0,836.26,5853.82,0,Completed,GBP,France,2026-08-12 18:25:20
SO000001346,CUST0005443,MAT000705,2025-06-11,17.0,599.07,10184.19,15,Completed,USD,Brazil,2026-08-11 17:25:20
SO000001347,CUST0003227,MAT000253,2025-10-03,6.0,317.5,1905.0,20,Completed,JPY,China,2026-08-11 13:25:20
SO000001348,CUST0006401,MAT000282,2025-10-04,22.0,641.81,14119.82,0,Completed,AED,Brazil,2026-08-12 03:25:20
SO000001349,CUST0000304,MAT000890,2023-04-08,10.0,526.48,5264.8,0,Completed,USD,China,2026-08-12 09:25:20
SO000001350,CUST0007628,MAT000590,2026-10-11,16.0,315.72,5051.52,0,Completed,USD,India,2026-08-11 21:25:20
SO000001351,CUST0003907,MAT000410,2024-07-30,23.0,707.8,16279.4,0,Pending,USD,UK,2026-08-11 12:25:20
SO000001352,CUST0000750,MAT000204,2024-07-24,1.0,603.01,603.01,5,Shipped,GBP,Singapore,2026-08-12 11:25:20
SO000001353,CUST0007911,MAT000895,2025-02-18,10.0,9.85,98.5,10,Completed,EUR,China,2026-08-12 17:25:20
SO000001354,CUST0001571,MAT001061,2024-03-30,19.0,779.3,14806.7,0,Completed,USD,Mexico,2026-08-12 11:25:20
SO000001355,CUST0005958,MAT000543,2023-10-20,10.0,360.4,3604.0,5,Completed,EUR,France,2026-08-11 21:25:20
SO000001356,CUST0005473,MAT001166,2023-10-01,5.0,582.68,2913.4,20,Completed,EUR,Saudi Arabia,2026-08-11 16:25:20
SO000001357,CUST0006224,MAT000200,2025-05-12,24.0,360.11,8642.64,0,Completed,USD,Singapore,2026-08-12 02:25:20
SO000001358,CUST0007420,MAT001171,2025-01-07,6.0,793.82,4762.92,0,Completed,USD,France,2026-08-11 17:25:20
SO000001359,CUST0006820,MAT000745,2025-05-28,10.0,587.5,5875.0,5,Cancelled,USD,China,2026-08-12 16:25:20
SO000001360,CUST0006667,MAT001026,2023-03-28,3.0,523.55,1570.65,0,Shipped,USD,Germany,2026-08-12 11:25:20
SO000001361,CUST0002899,MAT001012,2024-12-31,21.0,882.34,18529.14,10,Completed,USD,France,2026-08-11 23:25:20
SO000001362,CUST0003831,MAT000647,2025-04-08,15.0,256.17,3842.55,0,Completed,USD,India,2026-08-12 03:25:20
SO000001363,CUST0003090,MAT000813,2025-06-22,9.0,63.4,570.6,10,Shipped,USD,Mexico,2026-08-12 02:25:20
SO000001364,CUST0000846,MAT000805,2026-04-11,25.0,466.83,11670.75,20,Shipped,USD,USA,2026-08-12 12:25:20
SO000001365,CUST0001361,MAT000618,2023-10-18,6.0,384.5,2307.0,0,Completed,GBP,Mexico,2026-08-12 07:25:20
SO000001366,CUST0001636,MAT000279,2024-08-04,24.0,411.59,9878.16,0,Shipped,USD,France,2026-08-12 06:25:20
SO000001367,CUST0000779,MAT000028,2023-02-03,10.0,559.99,5599.9,10,Completed,USD,Brazil,2026-08-12 17:25:20
SO000001368,CUST0006854,MAT000109,2024-11-15,17.0,555.53,9444.01,0,Shipped,JPY,Germany,2026-08-12 05:25:20
SO000001369,CUST0002997,MAT000155,2024-08-22,13.0,356.08,4629.04,10,Completed,EUR,Canada,2026-08-12 01:25:20
SO000001370,CUST0007428,MAT000465,2025-09-12,14.0,777.27,10881.78,0,Completed,USD,Saudi Arabia,2026-08-12 17:25:20
SO000001371,CUST0000298,MAT000658,2025-07-28,18.0,588.06,10585.08,0,Shipped,USD,Japan,2026-08-12 17:25:20
SO000001372,CUST0004080,MAT000734,2023-03-15,19.0,801.47,15227.93,0,Completed,INR,Germany,2026-08-12 08:25:20
SO000001373,CUST0002232,MAT000763,2023-08-18,7.0,822.27,5755.89,5,Returned,USD,Mexico,2026-08-11 20:25:20
SO000001374,CUST0004978,MAT000611,2023-12-25,24.0,154.74,3713.76,0,Shipped,USD,Australia,2026-08-12 01:25:20
SO000001375,CUST0002725,MAT001200,2024-10-20,1.0,614.1,614.1,0,Returned,USD,Saudi Arabia,2026-08-11 18:25:20
SO000001376,CUST0005720,MAT000199,2025-01-07,11.0,289.17,3180.87,10,Completed,EUR,South Africa,2026-08-11 19:25:20
SO000001377,CUST0003018,MAT001169,2023-12-21,9.0,753.6,6782.4,0,Completed,USD,India,2026-08-12 06:25:20
SO000001378,CUST0002770,MAT000661,2024-03-19,13.0,660.9,8591.7,20,Completed,USD,Canada,2026-08-11 22:25:20
SO000001379,CUST0003854,MAT000001,2024-02-24,5.0,182.88,914.4,10,Completed,USD,Mexico,2026-08-12 07:25:20
SO000001380,CUST0001648,MAT001101,2024-02-14,13.0,845.16,10987.08,0,Pending,USD,Singapore,2026-08-11 20:25:20
SO000001381,CUST0005807,MAT000249,2025-08-20,19.0,616.71,11717.49,0,Pending,EUR,UAE,2026-08-12 16:25:20
SO000001382,CUST0002553,MAT001118,2023-09-05,3.0,854.03,2562.09,0,Pending,AED,South Africa,2026-08-12 05:25:20
SO000001383,CUST0004531,MAT001022,2023-12-31,13.0,185.71,2414.23,0,Completed,USD,USA,2026-08-12 13:25:20
SO000001384,CUST0001001,MAT000768,2024-03-03,18.0,783.39,14101.02,20,Shipped,USD,USA,2026-08-11 15:25:20
SO000001385,CUST0001673,MAT000743,2024-10-29,21.0,602.93,12661.53,10,Completed,INR,Germany,2026-08-12 16:25:20
SO000001386,CUST0001629,MAT000220,2023-11-07,4.0,499.3,1997.2,0,Pending,AED,Canada,2026-08-11 19:25:20
SO000001387,CUST0007353,MAT000379,2024-09-27,7.0,739.36,5175.52,0,Shipped,USD,Mexico,2026-08-12 06:25:20
SO000001388,CUST0001050,MAT000228,2024-02-17,23.0,571.41,13142.43,20,Completed,USD,UAE,2026-08-12 11:25:20
SO000001389,CUST0004854,MAT000566,2024-06-12,1.0,604.29,604.29,20,Completed,USD,France,2026-08-12 05:25:20
SO000001390,CUST0005963,MAT000232,2023-09-26,1.0,232.04,232.04,0,Shipped,EUR,Brazil,2026-08-12 01:25:20
SO000001391,CUST0002306,MAT000528,2025-07-14,12.0,736.26,8835.12,0,Completed,USD,USA,2026-08-12 18:25:20
SO000001392,CUST0003929,MAT000607,2025-11-22,4.0,587.02,2348.08,0,Pending,USD,Germany,2026-08-12 12:25:20
SO000001393,CUST0007871,MAT000501,2025-05-27,20.0,760.73,15214.6,0,Completed,USD,Canada,2026-08-12 02:25:20
SO000001394,CUST0000241,MAT000007,2025-07-07,22.0,319.62,7031.64,0,Completed,USD,UAE,2026-08-11 12:25:20
SO000001395,CUST0002687,MAT000535,2025-11-11,24.0,301.88,7245.12,0,Completed,EUR,South Africa,2026-08-11 13:25:20
SO000001396,CUST0007034,MAT000770,2023-06-30,5.0,26.39,131.95,0,Pending,EUR,Saudi Arabia,2026-08-12 02:25:20
SO000001397,CUST0003986,MAT000005,2024-11-23,1.0,692.9,692.9,5,Pending,USD,Mexico,2026-08-11 23:25:20
SO000001398,CUST0000507,MAT000986,2023-09-18,19.0,300.63,5711.97,0,Cancelled,EUR,UAE,2026-08-12 06:25:20
SO000001399,CUST0006514,MAT000509,2025-03-03,14.0,297.86,4170.04,5,Completed,USD,South Africa,2026-08-12 12:25:20
SO000001400,CUST0006197,MAT000829,2024-01-01,23.0,621.37,14291.51,10,Completed,USD,Brazil,2026-08-12 04:25:20
SO000001401,CUST0002737,MAT000631,2025-09-29,1.0,231.32,231.32,0,Shipped,USD,France,2026-08-12 12:25:20
SO000001402,CUST0006945,MAT000735,2026-05-29,24.0,818.57,19645.68,0,Pending,USD,France,2026-08-12 13:25:20
SO000001403,CUST0007364,MAT000912,2023-12-15,17.0,486.57,8271.69,20,Shipped,USD,Saudi Arabia,2026-08-12 01:25:20
SO000001404,CUST0007266,MAT001047,2023-09-04,25.0,872.68,21817.0,0,Pending,USD,Brazil,2026-08-11 18:25:20
SO000001405,CUST0006619,MAT000783,2023-01-29,10.0,73.62,736.2,0,Completed,EUR,France,2026-08-12 09:25:20
SO000001406,CUST0003771,MAT000952,2023-02-08,13.0,306.46,3983.98,0,Completed,USD,UAE,2026-08-12 03:25:20
SO000001407,CUST0004281,MAT000325,2026-06-19,19.0,346.42,6581.98,20,Completed,AED,France,2026-08-11 13:25:20
SO000001408,CUST0001071,MAT000475,2024-10-27,25.0,658.73,16468.25,0,Completed,USD,Germany,2026-08-11 18:25:20
SO000001409,CUST0004850,MAT000508,2026-04-24,8.0,195.6,1564.8,15,Pending,INR,Brazil,2026-08-12 06:25:20
SO000001410,CUST0000218,MAT000803,2023-10-24,14.0,340.93,4773.02,0,Completed,USD,Brazil,2026-08-12 15:25:20
SO000001411,CUST0004912,MAT000282,2026-04-13,10.0,820.03,8200.3,5,Cancelled,GBP,Australia,2026-08-11 21:25:20
SO000001412,CUST0003857,MAT000571,2024-12-27,9.0,107.52,967.68,20,Completed,GBP,Mexico,2026-08-11 17:25:20
SO000001413,CUST0000122,MAT000394,2023-09-07,21.0,672.06,14113.26,15,Pending,USD,Japan,2026-08-11 14:25:20
SO000001414,CUST0006763,MAT000790,2025-01-08,19.0,633.72,12040.68,0,Completed,AED,South Africa,2026-08-12 09:25:20
SO000001415,CUST0007587,MAT001058,2023-08-22,21.0,121.8,2557.8,0,Completed,USD,UAE,2026-08-11 13:25:20
SO000001416,CUST0002332,MAT001065,2023-09-24,15.0,621.2,9318.0,5,Completed,GBP,UAE,2026-08-11 23:25:20
SO000001417,CUST0000661,MAT000250,2026-07-01,24.0,514.96,12359.04,10,Completed,AED,Germany,2026-08-12 06:25:20
SO000001418,CUST0002438,MAT000636,2025-07-01,16.0,262.33,4197.28,0,Completed,USD,Japan,2026-08-12 09:25:20
SO000001419,CUST0007069,MAT000636,2023-03-30,0.0,283.47,6803.28,20,Completed,USD,Saudi Arabia,2026-08-11 20:25:20
SO000001420,CUST0000016,MAT001140,2023-12-29,7.0,750.53,5253.71,0,Shipped,GBP,Canada,2026-08-12 03:25:20
SO000001421,CUST0005319,MAT000294,2024-12-23,0.0,211.76,3599.92,20,Completed,EUR,Japan,2026-08-12 10:25:20
SO000001422,CUST0005633,MAT000538,2023-12-16,15.0,463.94,6959.1,0,Completed,USD,USA,2026-08-12 10:25:20
SO000001423,CUST0002959,MAT000668,2026-06-07,3.0,614.63,1843.89,0,Cancelled,AED,Brazil,2026-08-12 00:25:20
SO000001424,CUST0003053,MAT000238,2023-11-27,4.0,121.26,485.04,15,Pending,JPY,South Africa,2026-08-12 09:25:20
SO000001425,CUST0006159,MAT000632,2025-06-27,12.0,839.46,10073.52,5,Shipped,GBP,India,2026-08-12 08:25:20
SO000001426,CUST0001017,MAT001032,2026-10-04,25.0,238.27,5956.75,5,Completed,USD,Mexico,2026-08-12 13:25:20
SO000001427,CUST0001580,MAT000929,2023-09-10,21.0,290.36,6097.56,15,Completed,USD,Saudi Arabia,2026-08-12 02:25:20
SO000001428,CUST0001518,MAT000228,2023-10-09,1.0,601.17,601.17,0,Returned,JPY,Japan,2026-08-12 15:25:20
SO000001429,CUST0006395,MAT000493,2026-06-17,21.0,74.98,1574.58,15,Completed,JPY,Australia,2026-08-12 08:25:20
SO000001430,CUST0000680,MAT000886,2026-07-22,6.0,566.71,3400.26,15,Completed,USD,USA,2026-08-12 07:25:20
SO000001431,CUST0002967,MAT001038,2026-03-05,15.0,824.85,12372.75,0,Completed,GBP,Brazil,2026-08-12 16:25:20
SO000001432,CUST0006473,MAT001164,2026-07-03,17.0,227.94,3874.98,20,Completed,USD,South Africa,2026-08-12 07:25:20
SO000001433,CUST0001283,MAT000348,2026-05-14,5.0,328.91,1644.55,10,Completed,GBP,UK,2026-08-12 07:25:20
SO000001434,CUST0005167,MAT001199,2026-02-03,10.0,212.94,2129.4,0,Completed,USD,UAE,2026-08-11 16:25:20
SO000001435,CUST0002334,MAT000279,2023-11-20,2.0,737.8,1475.6,0,Completed,JPY,Mexico,2026-08-11 14:25:20
SO000001436,CUST0003705,MAT000365,2026-03-29,4.0,155.01,620.04,0,Completed,EUR,South Africa,2026-08-11 21:25:20
SO000001437,CUST0004614,MAT000824,2025-07-06,8.0,315.23,2521.84,0,Shipped,EUR,Australia,2026-08-12 11:25:20
SO000001438,CUST0003736,MAT000059,2026-07-18,14.0,542.91,7600.74,15,Completed,USD,USA,2026-08-11 22:25:20
SO000001439,CUST0000609,MAT000903,2023-06-25,20.0,367.08,7341.6,20,Shipped,JPY,UAE,2026-08-11 14:25:20
SO000001440,CUST0006795,MAT000977,2025-05-30,7.0,63.6,445.2,0,Completed,USD,Singapore,2026-08-12 15:25:20
SO000001441,CUST0003220,MAT000848,2023-09-16,3.0,853.21,2559.63,0,Shipped,EUR,Singapore,2026-08-12 03:25:20
SO000001442,CUST0002212,MAT001142,2025-02-09,7.0,307.42,2151.94,5,Completed,USD,Germany,2026-08-11 22:25:20
SO000001443,CUST0000134,MAT000436,2025-04-27,13.0,403.86,5250.18,0,Cancelled,USD,Australia,2026-08-11 20:25:20
SO000001444,CUST0000442,MAT000262,2025-03-01,21.0,154.95,3253.95,10,Completed,USD,China,2026-08-12 08:25:20
SO000001445,CUST0007660,MAT001030,2024-06-12,1.0,779.49,779.49,0,Completed,GBP,Japan,2026-08-11 22:25:20
SO000001446,CUST0004520,MAT000833,2024-11-10,18.0,265.83,4784.94,0,Completed,USD,Australia,2026-08-12 03:25:20
SO000001447,CUST0003198,MAT000253,2025-07-02,6.0,22.74,136.44,5,Completed,USD,USA,2026-08-12 11:25:20
SO000001448,CUST0007190,MAT000603,2023-07-04,1.0,288.18,288.18,20,Completed,EUR,Saudi Arabia,2026-08-12 01:25:20
SO000001449,CUST0001414,MAT001082,2025-07-12,1.0,885.73,885.73,20,Completed,USD,Canada,2026-08-12 00:25:20
SO000001450,CUST0004820,MAT000552,2026-03-04,15.0,136.42,2046.3,0,Completed,AED,USA,2026-08-11 23:25:20
SO000001451,CUST0003906,MAT000102,2025-05-24,9.0,32.93,296.37,15,Returned,USD,Mexico,2026-08-12 03:25:20
SO000001452,CUST0005407,MAT000148,2026-08-03,6.0,522.47,3134.82,15,Completed,GBP,India,2026-08-12 15:25:20
SO000001453,CUST0000795,MAT000666,2024-11-03,21.0,337.64,7090.44,0,Completed,AED,Australia,2026-08-12 18:25:20
SO000001454,CUST0006481,MAT000282,2025-06-18,18.0,716.5,12897.0,20,Shipped,USD,Canada,2026-08-12 07:25:20
SO000001455,CUST0004526,MAT000131,2023-08-23,8.0,660.04,5280.32,0,Pending,JPY,South Africa,2026-08-12 11:25:20
SO000001456,CUST0004871,MAT000719,2024-01-26,4.0,170.95,683.8,0,Shipped,EUR,UAE,2026-08-11 22:25:20
SO000001457,CUST0005631,MAT000253,2024-12-22,5.0,510.35,2551.75,0,Pending,JPY,Germany,2026-08-12 10:25:20
SO000001458,CUST0002683,MAT000113,2026-02-01,19.0,34.03,646.57,5,Completed,GBP,China,2026-08-11 17:25:20
SO000001459,CUST0000615,MAT000445,2025-09-26,25.0,398.33,9958.25,5,Completed,USD,Australia,2026-08-11 15:25:20
SO000001460,CUST0004594,MAT000127,2025-02-25,25.0,644.08,16102.0,0,Completed,INR,Mexico,2026-08-11 14:25:20
SO000001461,CUST0000491,MAT000860,2024-08-16,1.0,376.39,376.39,0,Completed,USD,UK,2026-08-12 01:25:20
SO000001462,CUST0005981,MAT000565,2023-02-15,23.0,110.57,2543.11,15,Completed,USD,France,2026-08-12 17:25:20
SO000001463,CUST0003722,MAT000042,2024-07-13,7.0,60.07,420.49,10,Returned,INR,Singapore,2026-08-12 12:25:20
SO000001464,CUST0002632,MAT000462,2023-07-27,15.0,769.03,11535.45,0,Shipped,AED,India,2026-08-12 15:25:20
SO000001465,CUST0002875,MAT000734,2023-11-17,5.0,802.74,4013.7,0,Shipped,USD,Germany,2026-08-11 13:25:20
SO000001466,CUST0002135,MAT000162,2024-08-24,18.0,312.07,5617.26,20,Cancelled,USD,Mexico,2026-08-12 01:25:20
SO000001467,CUST0004640,MAT000273,2025-02-26,12.0,151.93,1823.16,10,Shipped,USD,Australia,2026-08-12 13:25:20
SO000001468,CUST0003865,MAT000492,2026-01-04,7.0,880.86,6166.02,20,Returned,EUR,Brazil,2026-08-12 05:25:20
SO000001469,CUST0006455,MAT001026,2026-01-23,11.0,493.55,5429.05,5,Completed,INR,South Africa,2026-08-11 23:25:20
SO000001470,CUST0002199,MAT000666,2025-04-10,17.0,431.61,7337.37,15,Pending,USD,Brazil,2026-08-11 15:25:20
SO000001471,CUST0001764,MAT000166,2026-06-22,12.0,668.74,8024.88,5,Completed,EUR,UAE,2026-08-12 00:25:20
SO000001472,CUST0000850,MAT000370,2026-07-18,8.0,156.14,1249.12,10,Shipped,AED,Singapore,2026-08-11 17:25:20
SO000001473,CUST0005311,MAT000523,2026-06-17,7.0,524.09,3668.63,0,Completed,EUR,France,2026-08-12 08:25:20
SO000001474,CUST0003724,MAT001029,2024-06-21,9.0,801.7,7215.3,10,Shipped,USD,Saudi Arabia,2026-08-12 13:25:20
SO000001475,CUST0006628,MAT000479,2023-04-30,16.0,25.65,410.4,20,Pending,USD,Saudi Arabia,2026-08-12 09:25:20
SO000001476,CUST0005371,MAT000791,2024-11-06,22.0,607.28,13360.16,0,Shipped,EUR,UK,2026-08-12 01:25:20
SO000001477,CUST0003457,MAT000027,2023-06-03,3.0,498.52,1495.56,10,Completed,USD,Brazil,2026-08-12 16:25:20
SO000001478,CUST0000259,MAT001046,2023-05-29,18.0,855.97,15407.46,15,Completed,USD,Australia,2026-08-11 18:25:20
SO000001479,CUST0001795,MAT000969,2025-12-17,2.0,236.54,473.08,0,Completed,USD,USA,2026-08-12 02:25:20
SO000001480,CUST0005363,MAT000549,2024-07-21,23.0,773.71,17795.33,20,Completed,USD,South Africa,2026-08-12 11:25:20
SO000001481,CUST0006347,MAT000275,2024-12-15,13.0,281.54,3660.02,5,Completed,JPY,South Africa,2026-08-11 20:25:20
SO000001482,CUST0000527,MAT001153,2024-11-10,3.0,389.73,1169.19,0,Completed,USD,Mexico,2026-08-11 21:25:20
SO000001483,CUST0005564,MAT000271,2025-04-03,12.0,195.89,2350.68,20,Completed,INR,Canada,2026-08-12 05:25:20
SO000001484,CUST0002798,MAT000731,2023-07-01,10.0,777.91,7779.1,20,Completed,EUR,Singapore,2026-08-12 18:25:20
SO000001485,CUST0006964,MAT000001,2023-01-15,18.0,179.89,3238.02,10,Completed,USD,South Africa,2026-08-12 03:25:20
SO000001486,CUST0005261,MAT000863,2024-09-03,24.0,773.82,18571.68,20,Completed,USD,South Africa,2026-08-12 04:25:20
SO000001487,CUST0001357,MAT000328,2024-01-02,17.0,412.77,7017.09,0,Completed,JPY,Saudi Arabia,2026-08-12 00:25:20
SO000001488,CUST0007903,MAT000389,2023-06-10,25.0,752.4,18810.0,0,Completed,USD,Japan,2026-08-12 01:25:20
SO000001489,CUST0000589,MAT000092,2025-10-05,7.0,241.72,1692.04,0,Completed,AED,Mexico,2026-08-11 15:25:20
SO000001490,CUST0000591,MAT000084,2024-04-30,15.0,123.79,1856.85,5,Completed,USD,USA,2026-08-11 17:25:20
SO000001491,CUST0001393,MAT000654,2024-01-31,15.0,501.69,7525.35,15,Completed,INR,Germany,2026-08-12 12:25:20
SO000001492,CUST0002705,MAT001114,2024-10-04,4.0,460.95,1843.8,15,Returned,EUR,Australia,2026-08-12 09:25:20
SO000001493,CUST0004708,MAT000562,2023-03-22,22.0,324.16,7131.52,0,Completed,INR,India,2026-08-11 15:25:20
SO000001494,CUST0006968,MAT000969,2023-10-03,8.0,598.23,4785.84,10,Completed,EUR,Singapore,2026-08-11 13:25:20
SO000001495,CUST0007581,MAT001069,2026-01-03,3.0,90.15,270.45,0,Completed,USD,Canada,2026-08-11 18:25:20
SO000001496,CUST0007634,MAT000097,2025-06-18,13.0,561.69,7301.97,20,Shipped,EUR,UAE,2026-08-11 21:25:20
SO000001497,CUST0006282,MAT001184,2025-01-14,11.0,194.52,2139.72,10,Shipped,EUR,China,2026-08-11 18:25:20
SO000001498,CUST0000370,MAT000516,2023-10-23,12.0,120.41,1444.92,0,Shipped,INR,India,2026-08-12 00:25:20
SO000001499,CUST0005867,MAT000833,2026-09-24,23.0,819.1,18839.3,0,Completed,USD,France,2026-08-12 00:25:20
SO000001500,CUST0003215,MAT000783,2023-03-03,16.0,416.52,6664.32,20,Completed,USD,China,2026-08-12 12:25:20
SO000001501,CUST0007806,MAT001015,2023-09-18,7.0,688.26,4817.82,10,Completed,USD,UK,2026-08-12 15:25:20
SO000001502,CUST0003302,MAT000893,2024-01-04,20.0,84.76,1695.2,5,Shipped,USD,Australia,2026-08-11 18:25:20
SO000001503,CUST0005639,MAT000372,2025-09-05,8.0,56.43,451.44,0,Completed,EUR,USA,2026-08-11 22:25:20
SO000001504,CUST0006620,MAT000544,2023-12-15,13.0,447.89,5822.57,10,Completed,EUR,France,2026-08-12 06:25:20
SO000001505,CUST0006750,MAT000007,2026-07-15,21.0,287.42,6035.82,15,Shipped,EUR,Japan,2026-08-12 02:25:20
SO000001506,CUST0004706,MAT000680,2025-11-03,20.0,9.39,187.8,10,Shipped,USD,UK,2026-08-12 16:25:20
SO000001507,CUST0005108,MAT000158,2024-04-14,7.0,169.05,1183.35,15,Completed,USD,UK,2026-08-12 15:25:20
SO000001508,CUST0003919,MAT000667,2024-03-06,10.0,200.8,2008.0,15,Completed,USD,France,2026-08-11 15:25:20
SO000001509,CUST0002868,MAT000029,2024-08-03,10.0,263.21,2632.1,5,Completed,USD,Saudi Arabia,2026-08-12 09:25:20
SO000001510,CUST0005612,MAT000597,2023-07-17,13.0,790.39,10275.07,0,Completed,GBP,Mexico,2026-08-11 19:25:20
SO000001511,CUST0006156,MAT000792,2024-08-12,4.0,381.44,1525.76,5,Completed,USD,Germany,2026-08-12 04:25:20
SO000001512,CUST0004803,MAT000033,2024-06-10,15.0,613.09,9196.35,0,Shipped,USD,Mexico,2026-08-11 13:25:20
SO000001513,CUST0000321,MAT000872,2025-03-19,,21.46,21.46,0,Pending,GBP,USA,2026-08-11 20:25:20
SO000001514,CUST0006814,MAT001097,2024-10-29,14.0,733.46,10268.44,10,Cancelled,GBP,Mexico,2026-08-12 01:25:20
SO000001515,CUST0005462,MAT001191,2023-07-18,21.0,220.09,4621.89,5,Completed,INR,Japan,2026-08-12 18:25:20
SO000001516,CUST0003596,MAT000289,2024-07-18,5.0,281.59,1407.95,0,Completed,USD,Saudi Arabia,2026-08-12 01:25:20
SO000001517,CUST0007705,MAT000911,2025-08-04,5.0,45.5,227.5,0,Completed,EUR,Saudi Arabia,2026-08-11 13:25:20
SO000001518,CUST0003208,MAT000912,2026-08-18,9.0,371.68,3345.12,10,Completed,AED,Mexico,2026-08-11 12:25:20
SO000001519,CUST0006445,MAT000894,2023-05-08,,768.06,2304.18,15,Completed,USD,Japan,2026-08-12 07:25:20
SO000001520,CUST0006461,MAT001138,2024-10-22,25.0,343.97,8599.25,0,Completed,GBP,Mexico,2026-08-12 06:25:20
SO000001521,CUST0002869,MAT000139,2025-06-13,16.0,818.2,13091.2,20,Pending,USD,Canada,2026-08-12 14:25:20
SO000001522,CUST0003614,MAT000134,2026-05-19,11.0,781.37,8595.07,0,Completed,USD,Japan,2026-08-12 05:25:20
SO000001523,CUST0003853,MAT000124,2026-04-13,14.0,60.46,846.44,10,Completed,EUR,Mexico,2026-08-11 17:25:20
SO000001524,CUST0003888,MAT000288,2023-02-25,3.0,278.22,834.66,20,Completed,USD,South Africa,2026-08-12 08:25:20
SO000001525,CUST0007708,MAT000532,2025-08-05,3.0,819.82,2459.46,0,Completed,EUR,Japan,2026-08-12 16:25:20
SO000001526,CUST0005743,MAT001199,2025-04-15,7.0,31.68,221.76,0,Completed,USD,USA,2026-08-11 16:25:20
SO000001527,CUST0000291,MAT000622,2024-05-10,13.0,690.4,8975.2,0,Returned,EUR,India,2026-08-12 00:25:20
SO000001528,CUST0000943,MAT000683,2026-08-16,24.0,816.25,19590.0,15,Shipped,AED,Germany,2026-08-12 18:25:20
SO000001529,CUST0002815,MAT001140,2023-06-14,18.0,694.59,12502.62,5,Shipped,USD,France,2026-08-12 18:25:20
SO000001530,CUST0002300,MAT000878,2025-02-13,0.0,670.71,2012.13,0,Pending,USD,Australia,2026-08-11 13:25:20
SO000001531,CUST0007680,MAT000134,2026-03-18,12.0,759.8,9117.6,15,Completed,USD,India,2026-08-12 16:25:20
SO000001532,CUST0004336,MAT000416,2023-11-01,19.0,600.88,11416.72,15,Completed,USD,India,2026-08-12 06:25:20
SO000001533,CUST0006338,MAT000232,2024-09-04,12.0,383.67,4604.04,0,Shipped,EUR,Japan,2026-08-12 03:25:20
SO000001534,CUST0004581,MAT000744,2023-04-27,8.0,61.17,489.36,20,Completed,GBP,Germany,2026-08-12 06:25:20
SO000001535,CUST0005294,MAT000154,2023-12-29,11.0,710.23,7812.53,0,Completed,GBP,Australia,2026-08-11 16:25:20
SO000001536,CUST0005872,MAT000793,2023-07-19,17.0,815.2,13858.4,10,Shipped,USD,Canada,2026-08-12 08:25:20
SO000001537,CUST0006673,MAT000328,2023-05-17,5.0,462.87,2314.35,0,Shipped,GBP,Brazil,2026-08-12 11:25:20
SO000001538,CUST0006476,MAT000435,2026-01-23,15.0,481.6,7224.0,0,Completed,EUR,USA,2026-08-11 17:25:20
SO000001539,CUST0001925,MAT000328,2026-09-16,19.0,365.94,6952.86,5,Completed,JPY,UAE,2026-08-11 12:25:20
SO000001540,CUST0003778,MAT000466,2025-08-16,24.0,771.91,18525.84,5,Completed,INR,Mexico,2026-08-11 20:25:20
SO000001541,CUST0007636,MAT000608,2026-08-10,4.0,18.25,73.0,0,Completed,AED,UAE,2026-08-12 14:25:20
SO000001542,CUST0000258,MAT000981,2023-09-16,25.0,563.97,14099.25,0,Completed,USD,USA,2026-08-12 12:25:20
SO000001543,CUST0004058,MAT000790,2024-06-20,19.0,817.13,15525.47,0,Shipped,USD,Germany,2026-08-11 12:25:20
SO000001544,CUST0000192,MAT001050,2024-06-05,24.0,97.38,2337.12,0,Completed,GBP,UK,2026-08-11 16:25:20
SO000001545,CUST0003068,MAT000664,2024-08-17,20.0,863.45,17269.0,15,Completed,USD,Japan,2026-08-12 08:25:20
SO000001546,CUST0007101,MAT000146,2024-06-14,3.0,871.07,2613.21,0,Shipped,GBP,UK,2026-08-12 07:25:20
SO000001547,CUST0007218,MAT000646,2025-12-17,25.0,837.16,20929.0,5,Pending,USD,Mexico,2026-08-12 12:25:20
SO000001548,CUST0007600,MAT000438,2023-01-23,12.0,418.98,5027.76,5,Completed,INR,South Africa,2026-08-12 11:25:20
SO000001549,CUST0000884,MAT000160,2023-09-11,22.0,347.76,7650.72,15,Shipped,USD,Germany,2026-08-11 20:25:20
SO000001550,CUST0007115,MAT000862,2025-08-19,23.0,636.82,14646.86,15,Completed,USD,Mexico,2026-08-11 12:25:20
SO000001551,CUST0001022,MAT000433,2025-01-28,24.0,290.23,6965.52,15,Completed,INR,Canada,2026-08-11 16:25:20
SO000001552,CUST0000961,MAT000157,2023-08-01,17.0,66.17,1124.89,10,Completed,EUR,Germany,2026-08-11 21:25:20
SO000001553,CUST0005988,MAT000101,2025-11-05,16.0,811.77,12988.32,10,Completed,INR,Germany,2026-08-12 17:25:20
SO000001554,CUST0004925,MAT000130,2024-01-21,17.0,573.2,9744.4,20,Completed,USD,Australia,2026-08-11 23:25:20
SO000001555,CUST0004607,MAT000866,2023-02-13,6.0,190.4,1142.4,0,Pending,AED,Japan,2026-08-12 14:25:20
SO000001556,CUST0004603,MAT001155,2025-04-13,22.0,21.48,472.56,15,Shipped,EUR,Japan,2026-08-12 15:25:20
SO000001557,CUST0002179,MAT000484,2024-02-22,25.0,652.55,16313.75,0,Cancelled,EUR,South Africa,2026-08-12 02:25:20
SO000001558,CUST0003455,MAT000368,2026-01-15,8.0,768.26,6146.08,0,Completed,EUR,UAE,2026-08-12 01:25:20
SO000001559,CUST0004299,MAT000926,2025-09-22,22.0,368.05,8097.1,20,Completed,USD,China,2026-08-12 05:25:20
SO000001560,CUST0004559,MAT001014,2026-03-11,2.0,77.4,154.8,0,Completed,USD,France,2026-08-12 13:25:20
SO000001561,CUST0007603,MAT000409,2024-12-06,19.0,585.52,11124.88,10,Shipped,EUR,India,2026-08-12 10:25:20
SO000001562,CUST0004213,MAT000560,2023-02-27,23.0,270.75,6227.25,15,Cancelled,EUR,Australia,2026-08-11 18:25:20
SO000001563,CUST0003865,MAT000060,2023-10-25,19.0,133.83,2542.77,0,Pending,INR,France,2026-08-12 14:25:20
SO000001564,CUST0006522,MAT000314,2026-08-04,9.0,461.8,4156.2,10,Completed,USD,France,2026-08-12 04:25:20
SO000001565,CUST0003170,MAT001108,2026-03-26,18.0,436.25,7852.5,20,Pending,USD,India,2026-08-12 12:25:20
SO000001566,CUST0005304,MAT000221,2024-11-18,20.0,467.51,9350.2,5,Completed,USD,India,2026-08-11 21:25:20
SO000001567,CUST0004300,MAT000219,2024-07-13,2.0,742.42,1484.84,20,Completed,USD,Singapore,2026-08-12 10:25:20
SO000001568,CUST0007271,MAT000698,2024-07-21,11.0,438.67,4825.37,0,Completed,EUR,South Africa,2026-08-11 16:25:20
SO000001569,CUST0001543,MAT000353,2025-05-03,7.0,810.98,5676.86,0,Completed,EUR,USA,2026-08-12 02:25:20
SO000001570,CUST0005485,MAT000145,2023-05-27,16.0,758.42,12134.72,0,Returned,INR,India,2026-08-12 05:25:20
SO000001571,CUST0006597,MAT000178,2024-08-19,10.0,587.75,5877.5,15,Completed,USD,Australia,2026-08-12 10:25:20
SO000001572,CUST0007655,MAT001199,2023-05-01,17.0,55.88,949.96,15,Completed,INR,UAE,2026-08-12 03:25:20
SO000001573,CUST0001007,MAT000101,2025-09-16,2.0,779.13,1558.26,5,Completed,USD,USA,2026-08-11 12:25:20
SO000001574,CUST0001441,MAT000342,2024-03-14,21.0,815.49,17125.29,0,Pending,INR,India,2026-08-12 18:25:20
SO000001575,CUST0003089,MAT000719,2025-12-03,11.0,340.67,3747.37,20,Completed,USD,Saudi Arabia,2026-08-12 00:25:20
SO000001576,CUST0006404,MAT000742,2023-02-16,20.0,475.91,9518.2,15,Completed,USD,USA,2026-08-11 17:25:20
SO000001577,CUST0006021,MAT000556,2025-12-29,17.0,256.51,4360.67,20,Returned,USD,Mexico,2026-08-11 20:25:20
SO000001578,CUST0005562,MAT000809,2023-05-16,18.0,18.17,327.06,0,Completed,USD,Mexico,2026-08-12 08:25:20
SO000001579,CUST0003615,MAT000825,2025-12-07,5.0,434.11,2170.55,5,Shipped,GBP,Brazil,2026-08-11 20:25:20
SO000001580,CUST0005565,MAT000025,2026-07-25,2.0,120.78,241.56,10,Completed,USD,Germany,2026-08-11 22:25:20
SO000001581,CUST0006442,MAT000097,2024-03-28,14.0,169.08,2367.12,0,Returned,EUR,Saudi Arabia,2026-08-12 17:25:20
SO000001582,CUST0003811,MAT000960,2024-07-17,14.0,435.24,6093.36,5,Pending,USD,Germany,2026-08-12 09:25:20
SO000001583,CUST0007644,MAT000014,2026-03-06,23.0,781.0,17963.0,15,Completed,USD,UAE,2026-08-11 17:25:20
SO000001584,CUST0000244,MAT000226,2026-10-04,7.0,760.95,5326.65,0,Pending,INR,France,2026-08-11 15:25:20
SO000001585,CUST0007274,MAT000466,2023-07-02,25.0,868.74,21718.5,5,Shipped,JPY,China,2026-08-11 20:25:20
SO000001586,CUST0002366,MAT000866,2024-04-03,4.0,437.0,1748.0,10,Returned,USD,Mexico,2026-08-12 10:25:20
SO000001587,CUST0000166,MAT000298,2025-03-12,4.0,499.05,1996.2,20,Shipped,USD,Mexico,2026-08-12 02:25:20
SO000001588,CUST0006919,MAT000656,2023-11-08,13.0,740.79,9630.27,0,Cancelled,USD,Canada,2026-08-12 17:25:20
SO000001589,CUST0003645,MAT001066,2026-07-08,11.0,631.21,6943.31,5,Completed,EUR,France,2026-08-12 05:25:20
SO000001590,CUST0001156,MAT000066,2025-01-31,10.0,168.63,1686.3,0,Completed,EUR,Canada,2026-08-12 02:25:20
SO000001591,CUST0003437,MAT000804,2025-11-11,6.0,361.37,2168.22,5,Completed,USD,France,2026-08-12 17:25:20
SO000001592,CUST0000652,MAT001044,2026-01-22,3.0,836.6,2509.8,0,Completed,AED,China,2026-08-11 19:25:20
SO000001593,CUST0002099,MAT000222,2026-01-30,3.0,135.78,407.34,20,Completed,AED,China,2026-08-12 16:25:20
SO000001594,CUST0005299,MAT000729,2023-07-31,25.0,192.37,4809.25,0,Shipped,EUR,Japan,2026-08-12 13:25:20
SO000001595,CUST0006063,MAT001103,2026-02-21,25.0,363.59,9089.75,0,Completed,EUR,France,2026-08-12 12:25:20
SO000001596,CUST0006516,MAT000539,2025-06-04,8.0,846.19,6769.52,0,Completed,USD,Saudi Arabia,2026-08-11 20:25:20
SO000001597,CUST0006606,MAT001083,2025-04-03,21.0,106.87,2244.27,10,Shipped,USD,France,2026-08-12 03:25:20
SO000001598,CUST0007907,MAT000473,2025-08-13,10.0,607.28,6072.8,0,Completed,USD,Mexico,2026-08-11 17:25:20
SO000001599,CUST0003664,MAT000379,2025-07-07,9.0,123.25,1109.25,15,Shipped,EUR,Germany,2026-08-12 15:25:20
SO000001600,CUST0007176,MAT001106,2023-02-22,15.0,474.43,7116.45,0,Completed,USD,China,2026-08-12 02:25:20
SO000001601,CUST0000845,MAT000297,2023-08-09,11.0,485.22,5337.42,0,Completed,GBP,UK,2026-08-11 16:25:20
SO000001602,CUST0001798,MAT000899,2024-05-17,19.0,43.15,819.85,15,Completed,USD,Mexico,2026-08-11 12:25:20
SO000001603,CUST0000166,MAT000556,2023-07-30,9.0,858.94,7730.46,20,Shipped,INR,Japan,2026-08-12 01:25:20
SO000001604,CUST0007403,MAT000848,2023-06-21,7.0,726.93,5088.51,5,Completed,USD,UAE,2026-08-12 00:25:20
SO000001605,CUST0006161,MAT000067,2025-03-27,8.0,276.05,2208.4,0,Pending,USD,UAE,2026-08-11 18:25:20
SO000001606,CUST0002780,MAT000533,2025-10-23,10.0,121.91,1219.1,0,Pending,USD,Canada,2026-08-11 17:25:20
SO000001607,CUST0000031,MAT001182,2025-09-22,19.0,314.34,5972.46,15,Completed,USD,India,2026-08-11 20:25:20
SO000001608,CUST0000038,MAT000142,2026-03-16,13.0,805.38,10469.94,15,Completed,EUR,India,2026-08-11 21:25:20
SO000001609,CUST0003623,MAT001173,2024-02-24,19.0,123.75,2351.25,10,Shipped,USD,Japan,2026-08-11 21:25:20
SO000001610,CUST0007673,MAT000399,2025-03-06,21.0,317.64,6670.44,15,Completed,GBP,Singapore,2026-08-11 14:25:20
SO000001611,CUST0004047,MAT001192,2025-11-29,20.0,447.4,8948.0,0,Shipped,EUR,Mexico,2026-08-11 21:25:20
SO000001612,CUST0007666,MAT001093,2026-05-12,21.0,34.43,723.03,0,Pending,USD,South Africa,2026-08-11 19:25:20
SO000001613,CUST0004723,MAT001048,2024-04-25,23.0,244.89,5632.47,0,Completed,AED,Canada,2026-08-11 14:25:20
SO000001614,CUST0006203,MAT000388,2025-04-07,5.0,538.09,2690.45,0,Completed,GBP,Canada,2026-08-11 23:25:20
SO000001615,CUST0002739,MAT000307,2025-02-14,9.0,294.95,2654.55,20,Completed,USD,France,2026-08-11 13:25:20
SO000001616,CUST0002634,MAT000843,2024-01-31,24.0,784.12,18818.88,15,Pending,USD,Australia,2026-08-11 13:25:20
SO000001617,CUST0006022,MAT000674,2023-02-16,12.0,843.41,10120.92,0,Completed,USD,Japan,2026-08-11 15:25:20
SO000001618,CUST0004265,MAT000590,2025-10-22,18.0,400.18,7203.24,20,Pending,USD,Singapore,2026-08-11 14:25:20
SO000001619,CUST0003067,MAT001184,2024-11-09,9.0,481.16,4330.44,5,Completed,USD,UK,2026-08-12 01:25:20
SO000001620,CUST0004672,MAT000306,2024-04-04,0.0,569.57,5695.7,20,Returned,EUR,Singapore,2026-08-12 15:25:20
SO000001621,CUST0007936,MAT000607,2023-12-26,23.0,599.76,13794.48,0,Completed,USD,Japan,2026-08-12 17:25:20
SO000001622,CUST0006464,MAT000252,2024-05-18,24.0,61.62,1478.88,5,Pending,USD,France,2026-08-11 23:25:20
SO000001623,CUST0001286,MAT001097,2026-02-04,10.0,53.04,530.4,20,Completed,GBP,Brazil,2026-08-12 06:25:20
SO000001624,CUST0004972,MAT000859,2024-10-10,16.0,779.7,12475.2,0,Completed,INR,Germany,2026-08-11 22:25:20
SO000001625,CUST0003813,MAT000645,2023-08-12,6.0,201.79,1210.74,0,Completed,USD,Singapore,2026-08-11 15:25:20
SO000001626,CUST0002603,MAT001169,2026-01-18,21.0,527.77,11083.17,0,Completed,USD,South Africa,2026-08-12 13:25:20
SO000001627,CUST0001230,MAT000552,2025-10-12,0.0,564.08,11845.68,0,Completed,EUR,Mexico,2026-08-12 16:25:20
SO000001628,CUST0001940,MAT000391,2025-08-08,18.0,152.2,2739.6,0,Completed,USD,USA,2026-08-11 23:25:20
SO000001629,CUST0005632,MAT000838,2024-07-22,5.0,686.63,3433.15,10,Pending,EUR,Singapore,2026-08-12 07:25:20
SO000001630,CUST0002676,MAT000751,2023-03-22,15.0,780.02,11700.3,15,Completed,USD,Singapore,2026-08-11 18:25:20
SO000001631,CUST0000061,MAT000078,2025-12-21,5.0,260.41,1302.05,15,Completed,INR,France,2026-08-11 21:25:20
SO000001632,CUST0006442,MAT000249,2024-03-26,,790.67,1581.34,15,Completed,USD,Japan,2026-08-12 07:25:20
SO000001633,CUST0002604,MAT000996,2023-04-23,9.0,77.53,697.77,0,Completed,USD,USA,2026-08-11 17:25:20
SO000001634,CUST0006171,MAT000783,2024-07-15,4.0,721.42,2885.68,0,Pending,JPY,Canada,2026-08-12 02:25:20
SO000001635,CUST0001119,MAT000373,2023-12-15,0.0,577.9,5779.0,0,Completed,GBP,UK,2026-08-11 19:25:20
SO000001636,CUST0006007,MAT001182,2025-02-02,2.0,526.88,1053.76,0,Completed,USD,Germany,2026-08-11 14:25:20
SO000001637,CUST0006058,MAT000324,2023-09-05,7.0,210.97,1476.79,10,Completed,EUR,South Africa,2026-08-11 20:25:20
SO000001638,CUST0004426,MAT000645,2025-11-04,4.0,328.85,1315.4,0,Returned,USD,UAE,2026-08-12 17:25:20
SO000001639,CUST0001410,MAT000282,2023-07-24,23.0,819.72,18853.56,0,Shipped,AED,Canada,2026-08-12 06:25:20
SO000001640,CUST0006948,MAT000191,2023-04-18,23.0,421.84,9702.32,20,Completed,AED,Brazil,2026-08-12 08:25:20
SO000001641,CUST0001833,MAT000291,2023-07-08,1.0,536.97,536.97,0,Completed,USD,France,2026-08-11 21:25:20
SO000001642,CUST0006476,MAT000367,2026-01-11,3.0,842.59,2527.77,20,Completed,EUR,Germany,2026-08-11 22:25:20
SO000001643,CUST0002652,MAT000247,2026-06-21,21.0,422.51,8872.71,0,Shipped,USD,Singapore,2026-08-12 00:25:20
SO000001644,CUST0003837,MAT001101,2023-06-27,16.0,352.5,5640.0,5,Completed,EUR,Brazil,2026-08-11 16:25:20
SO000001645,CUST0005370,MAT000211,2023-08-10,12.0,804.42,9653.04,0,Pending,USD,Canada,2026-08-11 16:25:20
SO000001646,CUST0003564,MAT000914,2023-04-17,3.0,820.24,2460.72,15,Completed,INR,USA,2026-08-11 12:25:20
SO000001647,CUST0007577,MAT000618,2026-02-20,17.0,322.4,5480.8,0,Pending,USD,Australia,2026-08-12 07:25:20
SO000001648,CUST0003117,MAT000299,2026-07-05,1.0,534.83,534.83,15,Completed,USD,Australia,2026-08-12 13:25:20
SO000001649,CUST0005780,MAT001014,2024-01-26,14.0,867.54,12145.56,20,Completed,EUR,Australia,2026-08-12 00:25:20
SO000001650,CUST0007973,MAT000419,2026-06-03,15.0,54.65,819.75,0,Completed,EUR,Mexico,2026-08-12 14:25:20
SO000001651,CUST0000421,MAT000646,2025-02-14,12.0,40.62,487.44,5,Shipped,USD,Mexico,2026-08-12 15:25:20
SO000001652,CUST0007212,MAT000872,2025-06-29,3.0,467.34,1402.02,0,Completed,AED,South Africa,2026-08-11 23:25:20
SO000001653,CUST0002546,MAT000556,2023-02-08,4.0,265.66,1062.64,0,Completed,JPY,China,2026-08-12 14:25:20
SO000001654,CUST0002632,MAT000414,2024-05-23,21.0,525.76,11040.96,15,Completed,GBP,Brazil,2026-08-12 04:25:20
SO000001655,CUST0006602,MAT000090,2025-07-27,22.0,653.24,14371.28,0,Completed,EUR,Singapore,2026-08-12 01:25:20
SO000001656,CUST0004175,MAT000968,2026-02-02,14.0,66.82,935.48,20,Completed,USD,South Africa,2026-08-11 16:25:20
SO000001657,CUST0000498,MAT000280,2023-10-16,18.0,794.72,14304.96,15,Completed,USD,USA,2026-08-12 14:25:20
SO000001658,CUST0003305,MAT000190,2025-05-27,,252.81,3286.53,20,Returned,EUR,UAE,2026-08-11 21:25:20
SO000001659,CUST0000498,MAT000206,2024-10-15,14.0,346.31,4848.34,15,Shipped,USD,Saudi Arabia,2026-08-12 01:25:20
SO000001660,CUST0002146,MAT001062,2023-08-24,20.0,306.65,6133.0,20,Completed,USD,UAE,2026-08-11 16:25:20
SO000001661,CUST0005283,MAT001113,2024-01-16,23.0,756.65,17402.95,5,Completed,USD,China,2026-08-12 17:25:20
SO000001662,CUST0002798,MAT000890,2024-09-08,20.0,157.73,3154.6,20,Completed,USD,China,2026-08-12 14:25:20
SO000001663,CUST0004765,MAT000254,2023-12-15,13.0,30.66,398.58,10,Completed,USD,Germany,2026-08-12 11:25:20
SO000001664,CUST0002217,MAT000736,2024-04-06,,874.76,6123.32,10,Completed,USD,Brazil,2026-08-11 22:25:20
SO000001665,CUST0001134,MAT000856,2026-05-16,15.0,882.67,13240.05,10,Completed,USD,Canada,2026-08-12 17:25:20
SO000001666,CUST0005835,MAT000362,2023-04-13,17.0,235.64,4005.88,0,Shipped,USD,UAE,2026-08-12 06:25:20
SO000001667,CUST0002120,MAT000693,2026-06-12,17.0,13.37,227.29,0,Returned,USD,USA,2026-08-12 08:25:20
SO000001668,CUST0004401,MAT000734,2025-06-14,12.0,583.1,6997.2,15,Completed,USD,Brazil,2026-08-11 16:25:20
SO000001669,CUST0003857,MAT000527,2024-05-14,25.0,585.37,14634.25,10,Shipped,INR,France,2026-08-11 14:25:20
SO000001670,CUST0002431,MAT000617,2026-02-27,24.0,846.62,20318.88,20,Completed,EUR,Brazil,2026-08-12 07:25:20
SO000001671,CUST0002294,MAT000656,2025-01-18,9.0,272.13,2449.17,10,Completed,GBP,Germany,2026-08-12 16:25:20
SO000001672,CUST0006838,MAT000201,2025-07-16,23.0,174.61,4016.03,10,Pending,INR,Brazil,2026-08-12 09:25:20
SO000001673,CUST0007404,MAT000553,2023-09-27,6.0,556.66,3339.96,20,Completed,USD,Australia,2026-08-12 00:25:20
SO000001674,CUST0002745,MAT001026,2025-07-29,10.0,509.49,5094.9,0,Completed,JPY,South Africa,2026-08-11 14:25:20
SO000001675,CUST0004913,MAT000841,2024-03-25,1.0,647.37,647.37,20,Completed,AED,Singapore,2026-08-11 22:25:20
SO000001676,CUST0002795,MAT000048,2026-03-08,10.0,797.19,7971.9,5,Completed,EUR,Mexico,2026-08-12 09:25:20
SO000001677,CUST0000551,MAT000890,2024-02-08,18.0,505.97,9107.46,10,Pending,USD,South Africa,2026-08-12 16:25:20
SO000001678,CUST0000110,MAT000689,2026-02-28,25.0,139.32,3483.0,0,Completed,USD,Canada,2026-08-11 15:25:20
SO000001679,CUST0007454,MAT001033,2026-04-25,24.0,540.33,12967.92,0,Completed,USD,Canada,2026-08-11 12:25:20
SO000001680,CUST0000685,MAT000889,2025-02-09,12.0,339.82,4077.84,20,Pending,USD,Germany,2026-08-11 14:25:20
SO000001681,CUST0005153,MAT000873,2024-03-31,1.0,410.2,410.2,0,Cancelled,USD,Australia,2026-08-11 16:25:20
SO000001682,CUST0001584,MAT000415,2024-10-16,19.0,863.74,16411.06,20,Pending,USD,India,2026-08-11 16:25:20
SO000001683,CUST0002420,MAT000027,2025-07-27,22.0,501.68,11036.96,15,Completed,JPY,UAE,2026-08-11 20:25:20
SO000001684,CUST0003305,MAT001162,2024-08-08,3.0,138.93,416.79,0,Cancelled,JPY,South Africa,2026-08-12 04:25:20
SO000001685,CUST0001726,MAT000697,2026-09-26,5.0,401.63,2008.15,15,Completed,GBP,Singapore,2026-08-11 23:25:20
SO000001686,CUST0003139,MAT000305,2025-01-24,25.0,209.45,5236.25,5,Pending,USD,Canada,2026-08-11 21:25:20
SO000001687,CUST0003220,MAT000251,2025-05-17,12.0,126.26,1515.12,5,Shipped,GBP,South Africa,2026-08-12 04:25:20
SO000001688,CUST0003294,MAT000635,2023-01-28,13.0,642.45,8351.85,0,Completed,USD,Japan,2026-08-12 06:25:20
SO000001689,CUST0000939,MAT000917,2023-08-26,3.0,567.57,1702.71,0,Completed,AED,China,2026-08-12 00:25:20
SO000001690,CUST0003197,MAT000462,2026-06-15,6.0,450.52,2703.12,0,Pending,EUR,South Africa,2026-08-12 14:25:20
SO000001691,CUST0001857,MAT000638,2024-08-03,7.0,383.8,2686.6,5,Completed,USD,South Africa,2026-08-12 08:25:20
SO000001692,CUST0000685,MAT000706,2025-05-01,6.0,293.38,1760.28,15,Completed,JPY,Brazil,2026-08-11 18:25:20
SO000001693,CUST0002331,MAT000910,2025-07-05,21.0,83.77,1759.17,0,Completed,GBP,Germany,2026-08-11 20:25:20
SO000001694,CUST0002026,MAT000850,2023-04-25,4.0,272.85,1091.4,0,Cancelled,INR,India,2026-08-12 03:25:20
SO000001695,CUST0003139,MAT000093,2025-01-23,7.0,755.36,5287.52,0,Shipped,USD,Germany,2026-08-12 08:25:20
SO000001696,CUST0007626,MAT001122,2023-07-24,14.0,706.39,9889.46,15,Shipped,EUR,UAE,2026-08-11 13:25:20
SO000001697,CUST0002535,MAT001107,2026-07-09,21.0,875.22,18379.62,0,Completed,USD,Japan,2026-08-11 15:25:20
SO000001698,CUST0002554,MAT000783,2024-09-09,18.0,592.18,10659.24,20,Pending,USD,Japan,2026-08-11 21:25:20
SO000001699,CUST0007841,MAT000760,2025-07-14,13.0,500.51,6506.63,0,Completed,AED,Germany,2026-08-11 15:25:20
SO000001700,CUST0003079,MAT000416,2023-12-13,10.0,269.96,2699.6,0,Completed,USD,UK,2026-08-12 14:25:20
SO000001701,CUST0004091,MAT000202,2026-06-27,21.0,73.79,1549.59,0,Completed,USD,India,2026-08-11 19:25:20
SO000001702,CUST0007765,MAT000690,2025-06-10,14.0,558.13,7813.82,5,Completed,EUR,India,2026-08-11 13:25:20
SO000001703,CUST0005573,MAT000091,2025-09-27,6.0,441.91,2651.46,5,Shipped,GBP,South Africa,2026-08-11 17:25:20
SO000001704,CUST0005459,MAT000400,2025-04-26,12.0,684.37,8212.44,15,Completed,USD,France,2026-08-12 04:25:20
SO000001705,CUST0005721,MAT000886,2025-04-22,12.0,373.61,4483.32,15,Pending,JPY,China,2026-08-11 22:25:20
SO000001706,CUST0000969,MAT000854,2024-06-06,1.0,887.07,887.07,0,Completed,USD,Mexico,2026-08-11 21:25:20
SO000001707,CUST0006071,MAT000261,2024-02-05,9.0,360.86,3247.74,20,Cancelled,GBP,Singapore,2026-08-11 13:25:20
SO000001708,CUST0002780,MAT000919,2023-12-23,9.0,303.1,2727.9,15,Completed,JPY,China,2026-08-12 05:25:20
SO000001709,CUST0002220,MAT001102,2024-01-12,14.0,784.53,10983.42,0,Completed,USD,Canada,2026-08-12 18:25:20
SO000001710,CUST0004738,MAT000697,2025-09-06,17.0,358.98,6102.66,20,Completed,EUR,Germany,2026-08-12 02:25:20
SO000001711,CUST0005225,MAT000035,2025-10-02,1.0,784.45,784.45,0,Completed,GBP,UAE,2026-08-12 06:25:20
SO000001712,CUST0006261,MAT000856,2025-09-16,1.0,29.48,29.48,0,Completed,USD,Singapore,2026-08-11 21:25:20
SO000001713,CUST0000330,MAT001092,2024-11-03,3.0,624.87,1874.61,10,Completed,USD,India,2026-08-12 17:25:20
SO000001714,CUST0003255,MAT001165,2025-04-04,23.0,69.31,1594.13,0,Completed,EUR,Brazil,2026-08-12 07:25:20
SO000001715,CUST0003414,MAT001172,2023-06-27,3.0,137.67,413.01,0,Pending,USD,Japan,2026-08-11 16:25:20
SO000001716,CUST0007457,MAT000903,2025-01-04,17.0,631.57,10736.69,5,Completed,EUR,Saudi Arabia,2026-08-12 18:25:20
SO000001717,CUST0007646,MAT000530,2023-04-23,10.0,264.3,2643.0,20,Completed,INR,Canada,2026-08-12 06:25:20
SO000001718,CUST0003325,MAT000201,2024-02-17,1.0,193.34,193.34,5,Completed,USD,UAE,2026-08-12 12:25:20
SO000001719,CUST0004698,MAT000859,2023-06-30,21.0,722.37,15169.77,20,Shipped,AED,USA,2026-08-12 09:25:20
SO000001720,CUST0006432,MAT001055,2023-02-10,17.0,851.89,14482.13,10,Cancelled,USD,Australia,2026-08-12 03:25:20
SO000001721,CUST0007331,MAT000537,2026-04-08,,212.98,3620.66,15,Shipped,USD,Mexico,2026-08-12 10:25:20
SO000001722,CUST0006407,MAT000110,2023-12-13,10.0,288.89,2888.9,20,Completed,USD,Canada,2026-08-11 16:25:20
SO000001723,CUST0001766,MAT001103,2026-05-13,20.0,644.1,12882.0,20,Completed,EUR,Germany,2026-08-12 08:25:20
SO000001724,CUST0005484,MAT000577,2024-06-22,22.0,734.69,16163.18,0,Completed,INR,South Africa,2026-08-11 19:25:20
SO000001725,CUST0007200,MAT000048,2024-12-01,24.0,899.25,21582.0,5,Cancelled,USD,USA,2026-08-11 12:25:20
SO000001726,CUST0001023,MAT000661,2023-09-28,13.0,249.67,3245.71,0,Shipped,GBP,Saudi Arabia,2026-08-11 21:25:20
SO000001727,CUST0003648,MAT001061,2023-12-16,10.0,503.17,5031.7,0,Shipped,USD,Germany,2026-08-12 05:25:20
SO000001728,CUST0001756,MAT000097,2025-01-04,4.0,124.95,499.8,0,Completed,USD,Germany,2026-08-11 16:25:20
SO000001729,CUST0003587,MAT001199,2025-06-10,8.0,301.1,2408.8,0,Returned,USD,Saudi Arabia,2026-08-11 13:25:20
SO000001730,CUST0001628,MAT001147,2024-12-22,13.0,45.25,588.25,10,Completed,USD,Saudi Arabia,2026-08-11 22:25:20
SO000001731,CUST0002732,MAT000917,2023-03-23,24.0,193.7,4648.8,15,Completed,USD,Canada,2026-08-12 08:25:20
SO000001732,CUST0005544,MAT000070,2024-05-11,9.0,458.36,4125.24,0,Completed,AED,UK,2026-08-11 23:25:20
SO000001733,CUST0001452,MAT000412,2024-10-20,13.0,151.56,1970.28,0,Completed,USD,Singapore,2026-08-12 12:25:20
SO000001734,CUST0001961,MAT000758,2025-07-04,3.0,801.0,2403.0,20,Shipped,USD,UAE,2026-08-12 03:25:20
SO000001735,CUST0002541,MAT000264,2023-05-22,8.0,640.73,5125.84,15,Completed,USD,Japan,2026-08-12 13:25:20
SO000001736,CUST0004348,MAT000924,2023-09-30,22.0,29.82,656.04,15,Completed,USD,France,2026-08-12 07:25:20
SO000001737,CUST0003289,MAT000635,2024-11-01,25.0,789.65,19741.25,0,Pending,EUR,USA,2026-08-12 03:25:20
SO000001738,CUST0003263,MAT001198,2023-04-24,16.0,879.7,14075.2,0,Completed,JPY,Brazil,2026-08-12 06:25:20
SO000001739,CUST0000334,MAT001125,2026-03-21,14.0,454.17,6358.38,5,Completed,USD,South Africa,2026-08-12 08:25:20
SO000001740,CUST0006625,MAT000463,2024-07-22,12.0,286.58,3438.96,15,Cancelled,INR,India,2026-08-11 20:25:20
SO000001741,CUST0005513,MAT000232,2025-01-12,21.0,240.8,5056.8,15,Pending,USD,India,2026-08-12 18:25:20
SO000001742,CUST0003341,MAT000167,2023-02-05,25.0,83.24,2081.0,15,Shipped,AED,Australia,2026-08-12 13:25:20
SO000001743,CUST0001746,MAT000143,2024-01-04,7.0,444.99,3114.93,0,Completed,USD,UK,2026-08-12 05:25:20
SO000001744,CUST0004127,MAT000580,2025-06-22,8.0,49.88,399.04,0,Completed,USD,USA,2026-08-12 12:25:20
SO000001745,CUST0002807,MAT000059,2024-02-29,24.0,455.93,10942.32,15,Completed,USD,India,2026-08-12 14:25:20
SO000001746,CUST0004159,MAT000704,2025-12-15,24.0,231.03,5544.72,0,Completed,USD,Japan,2026-08-12 08:25:20
SO000001747,CUST0006667,MAT000205,2026-07-11,3.0,431.41,1294.23,15,Completed,GBP,Mexico,2026-08-12 11:25:20
SO000001748,CUST0004791,MAT000328,2023-05-30,3.0,379.45,1138.35,0,Shipped,EUR,China,2026-08-12 01:25:20
SO000001749,CUST0002836,MAT001082,2025-07-13,8.0,278.08,2224.64,0,Returned,GBP,France,2026-08-12 06:25:20
SO000001750,CUST0003101,MAT000989,2025-05-27,24.0,406.53,9756.72,5,Completed,EUR,USA,2026-08-12 18:25:20
SO000001751,CUST0006061,MAT001000,2024-03-03,16.0,429.26,6868.16,0,Completed,USD,China,2026-08-11 17:25:20
SO000001752,CUST0004048,MAT000596,2025-06-04,9.0,751.15,6760.35,0,Completed,USD,Japan,2026-08-12 02:25:20
SO000001753,CUST0006983,MAT000343,2025-01-31,22.0,600.88,13219.36,5,Completed,USD,Mexico,2026-08-11 18:25:20
SO000001754,CUST0002762,MAT000714,2024-06-03,6.0,392.68,2356.08,10,Completed,EUR,Japan,2026-08-11 12:25:20
SO000001755,CUST0003928,MAT000521,2023-12-19,4.0,815.19,3260.76,0,Completed,USD,Japan,2026-08-12 17:25:20
SO000001756,CUST0002854,MAT000577,2026-09-03,19.0,681.39,12946.41,15,Shipped,GBP,Brazil,2026-08-12 02:25:20
SO000001757,CUST0001904,MAT000014,2023-09-03,17.0,72.77,1237.09,20,Pending,AED,South Africa,2026-08-12 01:25:20
SO000001758,CUST0000235,MAT000960,2025-01-22,23.0,142.6,3279.8,0,Returned,USD,Mexico,2026-08-11 19:25:20
SO000001759,CUST0004833,MAT001132,2025-01-08,25.0,78.09,1952.25,5,Completed,GBP,India,2026-08-11 17:25:20
SO000001760,CUST0000074,MAT000060,2024-05-31,6.0,290.38,1742.28,5,Completed,USD,Brazil,2026-08-12 05:25:20
SO000001761,CUST0006146,MAT000688,2026-09-29,24.0,394.9,9477.6,20,Pending,AED,Brazil,2026-08-11 14:25:20
SO000001762,CUST0007586,MAT000615,2026-07-18,7.0,456.3,3194.1,15,Shipped,GBP,Japan,2026-08-11 22:25:20
SO000001763,CUST0000068,MAT000752,2024-03-20,14.0,767.01,10738.14,0,Completed,GBP,Australia,2026-08-12 16:25:20
SO000001764,CUST0007667,MAT000794,2025-10-11,17.0,21.07,358.19,0,Completed,AED,South Africa,2026-08-11 12:25:20
SO000001765,CUST0003638,MAT001135,2023-05-07,12.0,388.32,4659.84,15,Shipped,GBP,France,2026-08-12 07:25:20
SO000001766,CUST0006449,MAT000269,2026-04-14,6.0,372.84,2237.04,0,Completed,INR,Brazil,2026-08-12 15:25:20
SO000001767,CUST0002352,MAT001119,2023-01-14,18.0,852.99,15353.82,5,Completed,EUR,Canada,2026-08-11 22:25:20
SO000001768,CUST0004151,MAT001174,2024-02-19,4.0,220.73,882.92,20,Shipped,USD,South Africa,2026-08-12 03:25:20
SO000001769,CUST0003186,MAT001067,2025-03-29,20.0,114.55,2291.0,15,Completed,USD,Japan,2026-08-11 13:25:20
SO000001770,CUST0002291,MAT000170,2025-02-25,11.0,132.32,1455.52,15,Completed,USD,Australia,2026-08-12 03:25:20
SO000001771,CUST0007376,MAT001130,2025-07-15,25.0,470.53,11763.25,0,Returned,GBP,Mexico,2026-08-12 15:25:20
SO000001772,CUST0000246,MAT000670,2025-04-01,14.0,354.86,4968.04,0,Pending,USD,UK,2026-08-11 15:25:20
SO000001773,CUST0002266,MAT000867,2024-03-22,2.0,679.96,1359.92,0,Cancelled,USD,Saudi Arabia,2026-08-11 19:25:20
SO000001774,CUST0005598,MAT001010,2026-01-16,24.0,294.25,7062.0,5,Completed,USD,China,2026-08-12 01:25:20
SO000001775,CUST0003143,MAT000859,2025-03-11,15.0,119.53,1792.95,0,Completed,GBP,Germany,2026-08-11 13:25:20
SO000001776,CUST0001190,MAT000198,2023-08-16,21.0,351.25,7376.25,15,Shipped,USD,Japan,2026-08-12 05:25:20
SO000001777,CUST0000673,MAT000734,2024-07-16,16.0,795.32,12725.12,10,Completed,USD,South Africa,2026-08-12 09:25:20
SO000001778,CUST0007365,MAT000544,2023-07-27,18.0,367.95,6623.1,15,Completed,EUR,India,2026-08-12 02:25:20
SO000001779,CUST0001667,MAT000325,2025-09-11,24.0,751.1,18026.4,5,Cancelled,GBP,South Africa,2026-08-11 15:25:20
SO000001780,CUST0006816,MAT001092,2026-04-20,21.0,337.52,7087.92,0,Completed,INR,China,2026-08-12 15:25:20
SO000001781,CUST0000227,MAT000766,2026-04-27,14.0,256.84,3595.76,0,Returned,USD,Mexico,2026-08-11 23:25:20
SO000001782,CUST0004175,MAT000042,2024-07-20,15.0,698.5,10477.5,15,Returned,USD,China,2026-08-11 17:25:20
SO000001783,CUST0007867,MAT000376,2023-09-21,9.0,192.26,1730.34,0,Shipped,GBP,South Africa,2026-08-12 08:25:20
SO000001784,CUST0007865,MAT001107,2023-07-20,4.0,212.49,849.96,5,Completed,EUR,South Africa,2026-08-11 19:25:20
SO000001785,CUST0005033,MAT000914,2023-05-13,17.0,49.58,842.86,0,Completed,USD,South Africa,2026-08-12 04:25:20
SO000001786,CUST0003618,MAT000954,2023-09-02,13.0,173.12,2250.56,0,Completed,USD,Germany,2026-08-12 02:25:20
SO000001787,CUST0000414,MAT000823,2023-10-19,21.0,344.04,7224.84,15,Cancelled,USD,India,2026-08-11 14:25:20
SO000001788,CUST0006397,MAT000228,2023-07-11,17.0,362.62,6164.54,15,Completed,EUR,Japan,2026-08-12 11:25:20
SO000001789,CUST0005623,MAT000575,2024-07-03,2.0,381.46,762.92,20,Completed,EUR,Singapore,2026-08-12 17:25:20
SO000001790,CUST0005474,MAT001051,2024-04-05,11.0,434.33,4777.63,15,Completed,GBP,Mexico,2026-08-12 00:25:20
SO000001791,CUST0003806,MAT000578,2026-07-22,21.0,516.86,10854.06,0,Completed,USD,Singapore,2026-08-11 13:25:20
SO000001792,CUST0007613,MAT001043,2024-10-07,25.0,174.54,4363.5,10,Completed,AED,France,2026-08-11 23:25:20
SO000001793,CUST0006237,MAT000743,2026-07-11,9.0,554.48,4990.32,10,Completed,USD,South Africa,2026-08-12 04:25:20
SO000001794,CUST0005487,MAT000695,2025-06-06,15.0,306.22,4593.3,0,Completed,USD,India,2026-08-12 01:25:20
SO000001795,CUST0004236,MAT000157,2024-09-30,0.0,661.94,7281.34,15,Completed,EUR,UK,2026-08-11 21:25:20
SO000001796,CUST0002513,MAT000179,2024-02-14,24.0,503.7,12088.8,0,Completed,USD,UK,2026-08-11 12:25:20
SO000001797,CUST0003238,MAT000621,2023-04-17,17.0,501.07,8518.19,0,Completed,USD,France,2026-08-12 01:25:20
SO000001798,CUST0004675,MAT000124,2023-10-26,1.0,618.51,618.51,10,Completed,GBP,Germany,2026-08-12 07:25:20
SO000001799,CUST0004999,MAT001192,2023-08-12,19.0,303.05,5757.95,0,Completed,USD,Australia,2026-08-12 02:25:20
SO000001800,CUST0003507,MAT000527,2024-07-19,23.0,389.16,8950.68,10,Pending,USD,India,2026-08-12 16:25:20
SO000001801,CUST0006601,MAT000344,2023-01-26,11.0,526.69,5793.59,0,Shipped,USD,USA,2026-08-12 17:25:20
SO000001802,CUST0000985,MAT001178,2023-04-08,13.0,382.29,4969.77,0,Returned,USD,Saudi Arabia,2026-08-12 07:25:20
SO000001803,CUST0001247,MAT000135,2026-07-10,22.0,402.61,8857.42,20,Completed,USD,India,2026-08-12 14:25:20
SO000001804,CUST0002068,MAT000595,2024-03-24,15.0,248.88,3733.2,5,Shipped,AED,UK,2026-08-11 19:25:20
SO000001805,CUST0007520,MAT000078,2026-09-29,14.0,262.21,3670.94,0,Completed,INR,South Africa,2026-08-11 22:25:20
SO000001806,CUST0007619,MAT000862,2025-10-11,2.0,630.57,1261.14,0,Completed,USD,USA,2026-08-12 16:25:20
SO000001807,CUST0006760,MAT000105,2026-03-05,12.0,8.83,105.96,15,Pending,USD,UAE,2026-08-12 11:25:20
SO000001808,CUST0007443,MAT001040,2025-12-18,24.0,90.28,2166.72,0,Returned,GBP,China,2026-08-12 01:25:20
SO000001809,CUST0002089,MAT000422,2025-07-28,3.0,854.18,2562.54,0,Completed,GBP,Singapore,2026-08-11 21:25:20
SO000001810,CUST0005642,MAT001140,2024-12-18,23.0,172.38,3964.74,15,Completed,USD,Canada,2026-08-11 20:25:20
SO000001811,CUST0005894,MAT000968,2026-01-24,3.0,379.22,1137.66,10,Completed,AED,South Africa,2026-08-11 17:25:20
SO000001812,CUST0004137,MAT000182,2025-01-06,18.0,765.47,13778.46,10,Shipped,USD,South Africa,2026-08-12 05:25:20
SO000001813,CUST0001139,MAT000484,2026-05-17,7.0,5.09,35.63,5,Completed,USD,Australia,2026-08-12 04:25:20
SO000001814,CUST0000555,MAT001178,2025-01-15,16.0,833.04,13328.64,0,Completed,USD,Singapore,2026-08-11 14:25:20
SO000001815,CUST0001449,MAT000218,2023-01-20,2.0,52.87,105.74,20,Completed,INR,Mexico,2026-08-11 17:25:20
SO000001816,CUST0000574,MAT001170,2024-08-19,2.0,157.93,315.86,5,Shipped,INR,Japan,2026-08-12 08:25:20
SO000001817,CUST0006583,MAT000079,2023-04-23,7.0,31.05,217.35,5,Cancelled,INR,South Africa,2026-08-12 05:25:20
SO000001818,CUST0007681,MAT000130,2024-09-11,14.0,469.97,6579.58,20,Completed,USD,UK,2026-08-11 17:25:20
SO000001819,CUST0007050,MAT000942,2026-07-21,10.0,849.07,8490.7,0,Completed,GBP,Japan,2026-08-12 12:25:20
SO000001820,CUST0003655,MAT000868,2023-10-10,8.0,755.94,6047.52,0,Shipped,INR,China,2026-08-12 18:25:20
SO000001821,CUST0000761,MAT000299,2025-03-17,22.0,577.57,12706.54,0,Shipped,INR,South Africa,2026-08-11 20:25:20
SO000001822,CUST0005749,MAT000322,2026-07-02,5.0,171.01,855.05,5,Completed,USD,Germany,2026-08-12 06:25:20
SO000001823,CUST0001098,MAT000107,2023-07-12,8.0,783.29,6266.32,0,Completed,USD,Mexico,2026-08-12 02:25:20
SO000001824,CUST0006711,MAT001023,2025-06-14,8.0,680.52,5444.16,0,Completed,EUR,India,2026-08-12 14:25:20
SO000001825,CUST0004115,MAT000225,2023-06-16,18.0,243.83,4388.94,0,Completed,EUR,Mexico,2026-08-12 02:25:20
SO000001826,CUST0004451,MAT000676,2024-01-29,12.0,725.55,8706.6,10,Completed,GBP,South Africa,2026-08-12 02:25:20
SO000001827,CUST0001530,MAT000878,2024-05-26,16.0,790.05,12640.8,15,Completed,USD,Japan,2026-08-11 15:25:20
SO000001828,CUST0005736,MAT001085,2023-10-17,10.0,629.91,6299.1,0,Shipped,INR,Brazil,2026-08-12 02:25:20
SO000001829,CUST0004083,MAT001094,2023-08-20,24.0,94.84,2276.16,0,Completed,USD,China,2026-08-12 14:25:20
SO000001830,CUST0001620,MAT000267,2026-02-07,17.0,885.9,15060.3,0,Completed,USD,UK,2026-08-11 20:25:20
SO000001831,CUST0005731,MAT000937,2024-10-16,10.0,73.02,730.2,0,Shipped,INR,China,2026-08-12 17:25:20
SO000001832,CUST0003052,MAT000654,2024-08-07,10.0,590.75,5907.5,0,Shipped,USD,France,2026-08-12 03:25:20
SO000001833,CUST0002646,MAT000721,2024-01-29,0.0,103.92,623.52,0,Returned,INR,India,2026-08-11 16:25:20
SO000001834,CUST0005076,MAT000084,2025-09-03,2.0,815.34,1630.68,20,Pending,GBP,France,2026-08-12 00:25:20
SO000001835,CUST0005031,MAT000241,2026-09-23,22.0,318.23,7001.06,0,Completed,USD,Canada,2026-08-12 03:25:20
SO000001836,CUST0006704,MAT001129,2025-07-29,17.0,462.8,7867.6,10,Completed,GBP,Mexico,2026-08-12 12:25:20
SO000001837,CUST0005640,MAT000784,2023-01-22,1.0,164.99,164.99,0,Pending,JPY,Saudi Arabia,2026-08-12 09:25:20
SO000001838,CUST0002801,MAT001021,2026-05-27,10.0,494.17,4941.7,0,Completed,USD,China,2026-08-12 12:25:20
SO000001839,CUST0003726,MAT000426,2023-12-07,13.0,845.26,10988.38,20,Cancelled,EUR,UAE,2026-08-12 12:25:20
SO000001840,CUST0003695,MAT000302,2026-08-29,10.0,811.96,8119.6,0,Completed,USD,Canada,2026-08-12 13:25:20
SO000001841,CUST0007516,MAT000326,2025-02-12,19.0,62.19,1181.61,0,Cancelled,USD,South Africa,2026-08-11 22:25:20
SO000001842,CUST0007346,MAT000496,2025-05-02,20.0,343.54,6870.8,0,Cancelled,USD,Brazil,2026-08-12 15:25:20
SO000001843,CUST0006362,MAT000295,2024-12-09,23.0,244.35,5620.05,20,Completed,USD,France,2026-08-11 19:25:20
SO000001844,CUST0007660,MAT000105,2023-10-03,20.0,435.82,8716.4,5,Cancelled,USD,Brazil,2026-08-12 07:25:20
SO000001845,CUST0001934,MAT001040,2026-06-01,,751.19,12019.04,0,Cancelled,EUR,USA,2026-08-12 16:25:20
SO000001846,CUST0001682,MAT001012,2024-07-05,18.0,666.27,11992.86,10,Completed,USD,Saudi Arabia,2026-08-12 14:25:20
SO000001847,CUST0003510,MAT000456,2025-10-01,13.0,312.86,4067.18,10,Completed,USD,USA,2026-08-12 08:25:20
SO000001848,CUST0005900,MAT001171,2026-07-14,20.0,347.49,6949.8,15,Completed,USD,USA,2026-08-12 09:25:20
SO000001849,CUST0005466,MAT000615,2025-09-19,20.0,590.56,11811.2,0,Returned,USD,Saudi Arabia,2026-08-11 19:25:20
SO000001850,CUST0005646,MAT000672,2023-07-31,11.0,178.83,1967.13,10,Completed,USD,Saudi Arabia,2026-08-12 17:25:20
SO000001851,CUST0001987,MAT000677,2025-05-09,21.0,96.94,2035.74,20,Returned,USD,USA,2026-08-11 14:25:20
SO000001852,CUST0003156,MAT000155,2023-02-06,22.0,222.12,4886.64,0,Completed,JPY,Brazil,2026-08-12 15:25:20
SO000001853,CUST0003977,MAT000215,2026-06-23,21.0,116.01,2436.21,0,Completed,USD,South Africa,2026-08-12 15:25:20
SO000001854,CUST0003779,MAT000990,2024-06-20,1.0,320.03,320.03,10,Completed,USD,China,2026-08-12 00:25:20
SO000001855,CUST0003617,MAT000745,2024-03-10,3.0,844.12,2532.36,20,Shipped,USD,Mexico,2026-08-11 15:25:20
SO000001856,CUST0002380,MAT000661,2023-05-12,14.0,112.67,1577.38,0,Completed,USD,Australia,2026-08-12 00:25:20
SO000001857,CUST0004332,MAT000268,2025-11-30,18.0,737.4,13273.2,0,Completed,GBP,China,2026-08-11 12:25:20
SO000001858,CUST0000013,MAT000084,2026-04-29,15.0,483.51,7252.65,0,Pending,AED,Japan,2026-08-12 01:25:20
SO000001859,CUST0003401,MAT001130,2023-10-09,25.0,571.45,14286.25,10,Shipped,GBP,South Africa,2026-08-12 03:25:20
SO000001860,CUST0005983,MAT000723,2025-09-29,4.0,157.22,628.88,10,Shipped,USD,China,2026-08-11 16:25:20
SO000001861,CUST0001533,MAT000397,2023-04-17,22.0,140.48,3090.56,5,Completed,INR,Singapore,2026-08-12 03:25:20
SO000001862,CUST0006790,MAT001125,2025-04-13,21.0,150.66,3163.86,0,Completed,AED,France,2026-08-12 15:25:20
SO000001863,CUST0006089,MAT000403,2023-01-14,2.0,602.02,1204.04,15,Pending,USD,UK,2026-08-12 13:25:20
SO000001864,CUST0000179,MAT000836,2024-08-21,13.0,674.27,8765.51,0,Completed,EUR,China,2026-08-12 13:25:20
SO000001865,CUST0005048,MAT001027,2024-05-07,14.0,828.62,11600.68,20,Completed,EUR,Mexico,2026-08-12 16:25:20
SO000001866,CUST0005928,MAT000060,2024-01-07,17.0,361.38,6143.46,15,Shipped,INR,Brazil,2026-08-12 06:25:20
SO000001867,CUST0001649,MAT001047,2023-01-10,6.0,418.46,2510.76,5,Completed,EUR,Australia,2026-08-11 19:25:20
SO000001868,CUST0001259,MAT001146,2023-04-22,8.0,425.29,3402.32,0,Completed,EUR,UK,2026-08-12 13:25:20
SO000001869,CUST0006090,MAT000883,2024-10-07,21.0,246.56,5177.76,20,Completed,GBP,China,2026-08-12 04:25:20
SO000001870,CUST0001431,MAT001192,2024-01-13,12.0,298.77,3585.24,5,Completed,USD,India,2026-08-12 02:25:20
SO000001871,CUST0000878,MAT000262,2024-03-31,1.0,762.9,762.9,0,Shipped,USD,UAE,2026-08-12 14:25:20
SO000001872,CUST0003487,MAT000100,2023-03-25,3.0,312.63,937.89,15,Completed,EUR,South Africa,2026-08-12 13:25:20
SO000001873,CUST0007519,MAT000501,2023-02-03,16.0,782.84,12525.44,0,Completed,INR,South Africa,2026-08-12 01:25:20
SO000001874,CUST0005386,MAT000126,2023-06-06,21.0,278.21,5842.41,0,Completed,USD,Australia,2026-08-12 12:25:20
SO000001875,CUST0006115,MAT000851,2024-12-18,5.0,309.2,1546.0,20,Completed,USD,China,2026-08-11 17:25:20
SO000001876,CUST0005233,MAT000559,2024-11-12,6.0,506.45,3038.7,20,Completed,USD,USA,2026-08-12 17:25:20
SO000001877,CUST0004826,MAT001181,2023-06-13,3.0,97.3,291.9,10,Completed,USD,UAE,2026-08-12 02:25:20
SO000001878,CUST0000231,MAT001046,2025-01-30,21.0,830.25,17435.25,0,Completed,EUR,Singapore,2026-08-11 14:25:20
SO000001879,CUST0006982,MAT000662,2023-02-17,22.0,739.26,16263.72,15,Completed,USD,UK,2026-08-11 19:25:20
SO000001880,CUST0006995,MAT000704,2023-05-03,3.0,605.1,1815.3,0,Returned,INR,China,2026-08-11 18:25:20
SO000001881,CUST0006268,MAT000679,2023-05-03,17.0,889.37,15119.29,0,Completed,AED,Germany,2026-08-12 00:25:20
SO000001882,CUST0000451,MAT000994,2024-05-19,18.0,19.32,347.76,0,Completed,EUR,France,2026-08-11 23:25:20
SO000001883,CUST0007819,MAT000493,2025-10-06,4.0,372.9,1491.6,10,Completed,USD,Canada,2026-08-12 09:25:20
SO000001884,CUST0001002,MAT000524,2025-02-20,23.0,773.22,17784.06,10,Completed,JPY,Saudi Arabia,2026-08-12 03:25:20
SO000001885,CUST0002606,MAT000839,2023-05-12,2.0,392.55,785.1,10,Completed,USD,France,2026-08-12 01:25:20
SO000001886,CUST0005922,MAT000491,2024-11-25,20.0,9.69,193.8,0,Pending,USD,South Africa,2026-08-12 11:25:20
SO000001887,CUST0007869,MAT000855,2024-01-14,10.0,146.19,1461.9,20,Completed,JPY,Mexico,2026-08-12 17:25:20
SO000001888,CUST0002900,MAT000376,2024-04-15,22.0,393.49,8656.78,0,Cancelled,EUR,France,2026-08-12 03:25:20
SO000001889,CUST0002766,MAT000028,2026-03-28,3.0,602.81,1808.43,5,Completed,USD,India,2026-08-12 12:25:20
SO000001890,CUST0007527,MAT000773,2024-07-07,,150.58,301.16,15,Cancelled,EUR,Japan,2026-08-11 12:25:20
SO000001891,CUST0002709,MAT001037,2026-02-05,3.0,406.0,1218.0,0,Completed,USD,China,2026-08-12 16:25:20
SO000001892,CUST0003858,MAT000048,2025-06-25,15.0,16.45,246.75,0,Completed,JPY,India,2026-08-11 13:25:20
SO000001893,CUST0001080,MAT000946,2023-05-27,2.0,432.36,864.72,20,Pending,USD,USA,2026-08-12 09:25:20
SO000001894,CUST0001414,MAT000068,2024-05-26,1.0,806.85,806.85,5,Completed,GBP,UAE,2026-08-12 11:25:20
SO000001895,CUST0004603,MAT000800,2025-12-19,5.0,539.11,2695.55,20,Completed,USD,Singapore,2026-08-11 12:25:20
SO000001896,CUST0003825,MAT001099,2026-09-07,1.0,399.39,399.39,15,Completed,AED,Singapore,2026-08-12 01:25:20
SO000001897,CUST0003147,MAT000239,2025-05-28,20.0,150.22,3004.4,0,Completed,USD,Germany,2026-08-12 10:25:20
SO000001898,CUST0005851,MAT000956,2024-11-01,11.0,186.16,2047.76,0,Shipped,USD,Japan,2026-08-12 15:25:20
SO000001899,CUST0002118,MAT000613,2024-09-18,8.0,73.48,587.84,20,Completed,USD,Mexico,2026-08-11 23:25:20
SO000001900,CUST0001378,MAT000819,2025-03-27,6.0,669.46,4016.76,5,Shipped,EUR,UAE,2026-08-12 15:25:20
SO000001901,CUST0004794,MAT001070,2023-08-09,23.0,74.04,1702.92,20,Completed,INR,Germany,2026-08-12 12:25:20
SO000001902,CUST0002289,MAT000624,2023-06-12,11.0,348.63,3834.93,0,Cancelled,EUR,Singapore,2026-08-11 15:25:20
SO000001903,CUST0005057,MAT000327,2025-08-04,15.0,676.11,10141.65,5,Returned,USD,Germany,2026-08-12 07:25:20
SO000001904,CUST0004370,MAT000843,2023-08-29,13.0,642.98,8358.74,0,Completed,USD,Canada,2026-08-12 11:25:20
SO000001905,CUST0006734,MAT001009,2025-10-24,15.0,521.89,7828.35,0,Pending,USD,Australia,2026-08-11 23:25:20
SO000001906,CUST0006434,MAT000945,2025-12-10,21.0,516.32,10842.72,20,Completed,EUR,Germany,2026-08-12 17:25:20
SO000001907,CUST0004705,MAT000118,2025-07-12,16.0,85.84,1373.44,0,Pending,EUR,USA,2026-08-11 16:25:20
SO000001908,CUST0006483,MAT000107,2026-05-26,21.0,161.55,3392.55,0,Pending,INR,Australia,2026-08-12 08:25:20
SO000001909,CUST0000213,MAT001200,2024-07-10,,483.6,6770.4,15,Completed,USD,UAE,2026-08-11 14:25:20
SO000001910,CUST0007494,MAT000004,2025-05-02,17.0,316.53,5381.01,10,Completed,AED,UK,2026-08-11 16:25:20
SO000001911,CUST0002977,MAT000758,2023-11-17,17.0,21.95,373.15,10,Shipped,EUR,Germany,2026-08-12 04:25:20
SO000001912,CUST0005229,MAT001145,2024-06-23,1.0,719.36,719.36,5,Shipped,USD,Canada,2026-08-12 00:25:20
SO000001913,CUST0000220,MAT000356,2024-07-03,4.0,590.16,2360.64,5,Returned,GBP,Canada,2026-08-12 03:25:20
SO000001914,CUST0003669,MAT000280,2024-01-26,16.0,296.58,4745.28,10,Completed,GBP,USA,2026-08-12 00:25:20
SO000001915,CUST0006930,MAT000031,2024-11-04,8.0,92.89,743.12,20,Pending,GBP,Canada,2026-08-11 21:25:20
SO000001916,CUST0004841,MAT000329,2024-11-06,4.0,534.12,2136.48,20,Pending,JPY,France,2026-08-12 04:25:20
SO000001917,CUST0000161,MAT000530,2025-12-17,12.0,316.95,3803.4,15,Shipped,USD,Germany,2026-08-12 16:25:20
SO000001918,CUST0002036,MAT000922,2024-08-24,23.0,233.57,5372.11,0,Pending,USD,UAE,2026-08-11 13:25:20
SO000001919,CUST0003100,MAT000734,2023-04-17,7.0,650.71,4554.97,20,Completed,USD,Mexico,2026-08-11 20:25:20
SO000001920,CUST0007435,MAT000064,2023-01-22,16.0,298.69,4779.04,0,Completed,USD,Japan,2026-08-12 14:25:20
SO000001921,CUST0003574,MAT001102,2023-10-24,2.0,126.76,253.52,0,Completed,USD,Saudi Arabia,2026-08-11 14:25:20
SO000001922,CUST0000881,MAT000653,2023-10-21,13.0,436.08,5669.04,20,Completed,USD,South Africa,2026-08-11 21:25:20
SO000001923,CUST0006372,MAT000872,2025-08-24,19.0,746.48,14183.12,0,Shipped,USD,Australia,2026-08-12 04:25:20
SO000001924,CUST0000852,MAT001036,2025-06-06,20.0,765.44,15308.8,20,Returned,USD,USA,2026-08-11 17:25:20
SO000001925,CUST0000223,MAT000894,2026-05-04,15.0,765.16,11477.4,0,Completed,INR,Japan,2026-08-12 04:25:20
SO000001926,CUST0006576,MAT001194,2024-06-18,19.0,381.72,7252.68,15,Completed,INR,Germany,2026-08-12 15:25:20
SO000001927,CUST0005183,MAT000710,2023-08-10,4.0,712.89,2851.56,0,Pending,JPY,Japan,2026-08-12 16:25:20
SO000001928,CUST0006607,MAT001011,2025-11-15,7.0,765.96,5361.72,0,Returned,USD,China,2026-08-12 16:25:20
SO000001929,CUST0007426,MAT000121,2026-04-25,23.0,416.29,9574.67,0,Shipped,USD,Mexico,2026-08-12 15:25:20
SO000001930,CUST0003965,MAT000839,2025-01-08,17.0,290.27,4934.59,10,Completed,GBP,South Africa,2026-08-11 17:25:20
SO000001931,CUST0006718,MAT000492,2025-08-11,13.0,633.26,8232.38,0,Completed,EUR,China,2026-08-12 16:25:20
SO000001932,CUST0001084,MAT000728,2024-11-29,23.0,814.5,18733.5,0,Pending,USD,France,2026-08-12 00:25:20
SO000001933,CUST0001604,MAT000239,2025-09-07,18.0,875.08,15751.44,0,Pending,INR,France,2026-08-11 12:25:20
SO000001934,CUST0000478,MAT001121,2024-02-08,9.0,264.75,2382.75,15,Completed,USD,USA,2026-08-12 13:25:20
SO000001935,CUST0007262,MAT001060,2025-12-04,11.0,860.77,9468.47,15,Returned,USD,Brazil,2026-08-11 12:25:20
SO000001936,CUST0000696,MAT000116,2025-11-12,15.0,451.86,6777.9,5,Completed,USD,India,2026-08-12 06:25:20
SO000001937,CUST0005962,MAT000506,2026-08-13,16.0,278.9,4462.4,10,Completed,USD,Mexico,2026-08-12 02:25:20
SO000001938,CUST0000562,MAT001104,2025-05-18,25.0,889.62,22240.5,10,Completed,USD,China,2026-08-11 12:25:20
SO000001939,CUST0005985,MAT000418,2026-02-07,24.0,790.64,18975.36,15,Completed,INR,Germany,2026-08-12 04:25:20
SO000001940,CUST0000028,MAT000217,2023-09-08,5.0,624.71,3123.55,5,Pending,EUR,Japan,2026-08-11 23:25:20
SO000001941,CUST0003761,MAT000280,2023-10-01,9.0,805.97,7253.73,10,Cancelled,USD,Brazil,2026-08-11 18:25:20
SO000001942,CUST0005564,MAT000449,2024-09-27,18.0,614.93,11068.74,5,Completed,EUR,USA,2026-08-12 15:25:20
SO000001943,CUST0001818,MAT000209,2023-02-15,23.0,399.16,9180.68,10,Completed,USD,France,2026-08-12 07:25:20
SO000001944,CUST0001617,MAT000163,2023-09-10,11.0,853.5,9388.5,20,Completed,USD,UK,2026-08-11 18:25:20
SO000001945,CUST0003200,MAT000688,2023-10-03,6.0,867.11,5202.66,20,Completed,EUR,India,2026-08-12 02:25:20
SO000001946,CUST0002130,MAT000839,2025-05-16,14.0,286.19,4006.66,0,Pending,USD,France,2026-08-12 17:25:20
SO000001947,CUST0002323,MAT000377,2026-07-27,23.0,322.18,7410.14,20,Cancelled,USD,USA,2026-08-12 12:25:20
SO000001948,CUST0006763,MAT000907,2024-06-30,19.0,347.53,6603.07,5,Completed,USD,India,2026-08-12 03:25:20
SO000001949,CUST0007996,MAT000151,2023-11-23,3.0,740.82,2222.46,15,Completed,EUR,Mexico,2026-08-11 15:25:20
SO000001950,CUST0003652,MAT000886,2026-08-03,10.0,713.08,7130.8,0,Completed,USD,Singapore,2026-08-11 14:25:20
SO000001951,CUST0006081,MAT000279,2023-09-06,22.0,884.89,19467.58,0,Cancelled,JPY,Mexico,2026-08-11 23:25:20
SO000001952,CUST0000681,MAT000507,2026-04-08,13.0,421.37,5477.81,10,Cancelled,AED,Singapore,2026-08-11 20:25:20
SO000001953,CUST0007262,MAT000098,2023-12-12,17.0,664.41,11294.97,0,Completed,USD,Mexico,2026-08-12 13:25:20
SO000001954,CUST0001464,MAT000034,2025-10-11,3.0,771.76,2315.28,20,Cancelled,USD,UAE,2026-08-12 18:25:20
SO000001955,CUST0006665,MAT000466,2024-01-22,14.0,203.0,2842.0,5,Completed,AED,France,2026-08-11 16:25:20
SO000001956,CUST0004984,MAT000590,2026-05-23,5.0,560.4,2802.0,5,Completed,USD,China,2026-08-12 10:25:20
SO000001957,CUST0002428,MAT001005,2024-01-20,6.0,495.2,2971.2,0,Completed,USD,South Africa,2026-08-12 00:25:20
SO000001958,CUST0007438,MAT000677,2025-01-18,9.0,669.83,6028.47,10,Shipped,USD,France,2026-08-12 03:25:20
SO000001959,CUST0001289,MAT000936,2025-04-03,2.0,627.41,1254.82,0,Completed,GBP,South Africa,2026-08-12 01:25:20
SO000001960,CUST0000760,MAT000980,2025-10-20,4.0,732.45,2929.8,5,Completed,JPY,Brazil,2026-08-11 16:25:20
SO000001961,CUST0006826,MAT000588,2024-07-10,0.0,283.47,2834.7,0,Completed,EUR,Brazil,2026-08-12 06:25:20
SO000001962,CUST0001747,MAT000356,2024-07-11,16.0,198.64,3178.24,0,Cancelled,USD,Brazil,2026-08-11 21:25:20
SO000001963,CUST0005391,MAT000761,2024-10-21,24.0,725.65,17415.6,15,Completed,JPY,Canada,2026-08-12 13:25:20
SO000001964,CUST0000407,MAT000075,2025-06-22,8.0,327.7,2621.6,0,Completed,USD,USA,2026-08-12 06:25:20
SO000001965,CUST0006487,MAT001149,2024-01-07,9.0,262.38,2361.42,0,Completed,EUR,China,2026-08-11 22:25:20
SO000001966,CUST0003587,MAT000803,2025-09-13,11.0,306.45,3370.95,0,Completed,EUR,Brazil,2026-08-12 01:25:20
SO000001967,CUST0001819,MAT001183,2023-07-27,18.0,64.39,1159.02,5,Shipped,USD,Brazil,2026-08-12 17:25:20
SO000001968,CUST0002971,MAT001029,2025-12-20,10.0,696.96,6969.6,0,Completed,EUR,Mexico,2026-08-12 09:25:20
SO000001969,CUST0004201,MAT000376,2024-07-18,14.0,645.07,9030.98,20,Completed,INR,Saudi Arabia,2026-08-12 15:25:20
SO000001970,CUST0000547,MAT001084,2025-12-04,1.0,499.66,499.66,20,Completed,USD,China,2026-08-12 17:25:20
SO000001971,CUST0005753,MAT000037,2025-05-15,4.0,645.9,2583.6,20,Completed,USD,Saudi Arabia,2026-08-12 10:25:20
SO000001972,CUST0004018,MAT000489,2026-09-04,3.0,338.95,1016.85,0,Shipped,USD,China,2026-08-11 15:25:20
SO000001973,CUST0000037,MAT000900,2023-12-11,,269.36,808.08,10,Completed,EUR,UK,2026-08-12 06:25:20
SO000001974,CUST0000532,MAT000819,2024-05-23,10.0,776.76,7767.6,0,Completed,USD,Brazil,2026-08-12 02:25:20
SO000001975,CUST0007973,MAT000670,2026-06-13,1.0,383.1,383.1,20,Completed,USD,UK,2026-08-11 16:25:20
SO000001976,CUST0002535,MAT000126,2023-01-17,3.0,180.34,541.02,5,Completed,USD,Brazil,2026-08-11 21:25:20
SO000001977,CUST0001951,MAT000667,2025-07-10,18.0,675.39,12157.02,0,Completed,USD,China,2026-08-11 12:25:20
SO000001978,CUST0003978,MAT000049,2023-06-05,24.0,305.61,7334.64,0,Completed,JPY,Japan,2026-08-12 03:25:20
SO000001979,CUST0004895,MAT000277,2026-01-08,8.0,194.61,1556.88,20,Completed,EUR,South Africa,2026-08-12 14:25:20
SO000001980,CUST0006747,MAT000494,2025-10-25,22.0,29.36,645.92,0,Shipped,USD,Japan,2026-08-11 12:25:20
SO000001981,CUST0004017,MAT000570,2023-04-03,2.0,873.69,1747.38,20,Completed,USD,UK,2026-08-12 06:25:20
SO000001982,CUST0001348,MAT001099,2026-07-14,9.0,423.22,3808.98,0,Completed,USD,China,2026-08-12 06:25:20
SO000001983,CUST0000340,MAT000437,2024-10-16,13.0,149.77,1947.01,5,Returned,EUR,France,2026-08-11 14:25:20
SO000001984,CUST0001193,MAT000586,2025-09-12,6.0,683.24,4099.44,20,Completed,INR,France,2026-08-11 13:25:20
SO000001985,CUST0003923,MAT000306,2025-10-24,8.0,799.45,6395.6,15,Completed,USD,Germany,2026-08-12 13:25:20
SO000001986,CUST0005184,MAT000776,2023-04-01,25.0,477.53,11938.25,15,Shipped,USD,UK,2026-08-11 21:25:20
SO000001987,CUST0003650,MAT000677,2025-02-07,4.0,30.38,121.52,5,Shipped,INR,South Africa,2026-08-12 07:25:20
SO000001988,CUST0004323,MAT000439,2024-09-17,22.0,331.8,7299.6,0,Shipped,USD,China,2026-08-12 11:25:20
SO000001989,CUST0000208,MAT001039,2023-06-21,24.0,222.58,5341.92,20,Completed,USD,Mexico,2026-08-12 00:25:20
SO000001990,CUST0005814,MAT000294,2024-08-14,24.0,574.58,13789.92,20,Shipped,USD,Saudi Arabia,2026-08-11 15:25:20
SO000001991,CUST0001398,MAT000896,2024-04-08,12.0,469.38,5632.56,20,Completed,USD,UK,2026-08-12 02:25:20
SO000001992,CUST0005702,MAT001041,2024-04-11,5.0,323.38,1616.9,0,Shipped,USD,China,2026-08-11 18:25:20
SO000001993,CUST0002145,MAT001121,2023-03-15,1.0,585.41,585.41,20,Shipped,USD,Germany,2026-08-12 05:25:20
SO000001994,CUST0003627,MAT000899,2025-12-28,12.0,528.06,6336.72,20,Completed,INR,UAE,2026-08-12 10:25:20
SO000001995,CUST0006309,MAT000639,2024-08-04,9.0,816.31,7346.79,15,Completed,GBP,Brazil,2026-08-11 14:25:20
SO000001996,CUST0005292,MAT000949,2024-03-31,16.0,539.14,8626.24,0,Completed,USD,Saudi Arabia,2026-08-12 11:25:20
SO000001997,CUST0001673,MAT000520,2025-12-27,7.0,459.4,3215.8,0,Completed,USD,Mexico,2026-08-12 04:25:20
SO000001998,CUST0005226,MAT000449,2025-10-05,18.0,742.18,13359.24,0,Completed,JPY,Germany,2026-08-11 14:25:20
SO000001999,CUST0000626,MAT000220,2025-03-08,11.0,186.17,2047.87,0,Completed,AED,India,2026-08-12 10:25:20
SO000002000,CUST0002838,MAT000781,2026-06-14,13.0,222.99,2898.87,5,Cancelled,AED,USA,2026-08-12 07:25:20
SO000002001,CUST0003914,MAT000220,2025-09-07,3.0,706.3,2118.9,0,Completed,USD,Japan,2026-08-12 11:25:20
SO000002002,CUST0007441,MAT000472,2024-04-08,8.0,400.9,3207.2,0,Completed,GBP,Australia,2026-08-11 17:25:20
SO000002003,CUST0003047,MAT000690,2023-02-05,4.0,371.27,1485.08,0,Completed,EUR,Canada,2026-08-11 18:25:20
SO000002004,CUST0006347,MAT000113,2024-05-12,24.0,798.93,19174.32,0,Completed,INR,China,2026-08-12 12:25:20
SO000002005,CUST0006733,MAT000285,2023-02-18,22.0,551.05,12123.1,15,Shipped,USD,Canada,2026-08-11 12:25:20
SO000002006,CUST0003729,MAT000468,2026-01-11,6.0,723.6,4341.6,20,Completed,USD,USA,2026-08-11 12:25:20
SO000002007,CUST0006548,MAT000813,2026-01-08,13.0,729.81,9487.53,15,Returned,JPY,Mexico,2026-08-11 19:25:20
SO000002008,CUST0005265,MAT000848,2025-05-12,8.0,112.42,899.36,0,Shipped,USD,Brazil,2026-08-12 05:25:20
SO000002009,CUST0006609,MAT000582,2026-01-18,18.0,590.06,10621.08,5,Pending,INR,Mexico,2026-08-11 23:25:20
SO000002010,CUST0004175,MAT000928,2024-10-02,14.0,857.5,12005.0,10,Cancelled,EUR,Brazil,2026-08-12 00:25:20
SO000002011,CUST0006236,MAT000680,2026-03-21,3.0,434.62,1303.86,0,Returned,USD,South Africa,2026-08-12 02:25:20
SO000002012,CUST0002501,MAT001192,2024-03-01,17.0,660.3,11225.1,20,Completed,USD,Brazil,2026-08-12 11:25:20
SO000002013,CUST0001200,MAT000908,2025-01-25,7.0,512.23,3585.61,0,Completed,USD,France,2026-08-11 15:25:20
SO000002014,CUST0004102,MAT000812,2024-01-27,22.0,188.34,4143.48,15,Completed,EUR,Canada,2026-08-11 15:25:20
SO000002015,CUST0001987,MAT000027,2025-03-22,11.0,179.7,1976.7,20,Completed,USD,Brazil,2026-08-11 20:25:20
SO000002016,CUST0007792,MAT000803,2026-06-01,3.0,393.28,1179.84,20,Completed,EUR,India,2026-08-12 09:25:20
SO000002017,CUST0007243,MAT000228,2023-06-01,11.0,437.28,4810.08,0,Returned,USD,Singapore,2026-08-11 20:25:20
SO000002018,CUST0006351,MAT000517,2025-04-25,11.0,455.3,5008.3,10,Pending,USD,India,2026-08-11 18:25:20
SO000002019,CUST0003071,MAT000968,2026-02-23,5.0,859.73,4298.65,5,Completed,USD,USA,2026-08-12 18:25:20
SO000002020,CUST0002309,MAT000933,2023-01-07,7.0,94.73,663.11,0,Completed,USD,USA,2026-08-11 16:25:20
SO000002021,CUST0004328,MAT001033,2025-12-24,10.0,345.57,3455.7,20,Cancelled,USD,Brazil,2026-08-12 16:25:20
SO000002022,CUST0001649,MAT000548,2026-06-23,15.0,465.52,6982.8,0,Completed,INR,USA,2026-08-11 12:25:20
SO000002023,CUST0002992,MAT000436,2026-02-25,17.0,866.99,14738.83,10,Completed,EUR,Canada,2026-08-11 18:25:20
SO000002024,CUST0001319,MAT000017,2024-09-28,24.0,456.36,10952.64,0,Completed,AED,Singapore,2026-08-12 14:25:20
SO000002025,CUST0001952,MAT000863,2023-09-13,14.0,698.87,9784.18,0,Shipped,USD,Brazil,2026-08-11 13:25:20
SO000002026,CUST0004031,MAT000304,2026-02-18,20.0,675.6,13512.0,15,Cancelled,GBP,UK,2026-08-12 16:25:20
SO000002027,CUST0001036,MAT000194,2023-03-22,4.0,511.97,2047.88,0,Shipped,USD,India,2026-08-12 17:25:20
SO000002028,CUST0006975,MAT001004,2025-11-20,10.0,121.98,1219.8,10,Completed,USD,Australia,2026-08-11 22:25:20
SO000002029,CUST0001266,MAT000069,2026-04-06,15.0,200.79,3011.85,15,Pending,USD,Australia,2026-08-12 06:25:20
SO000002030,CUST0006913,MAT000874,2024-05-08,4.0,219.93,879.72,0,Completed,JPY,UAE,2026-08-12 12:25:20
SO000002031,CUST0000629,MAT000571,2023-10-13,5.0,39.6,198.0,0,Completed,GBP,Germany,2026-08-12 13:25:20
SO000002032,CUST0003874,MAT000163,2024-06-13,16.0,344.4,5510.4,20,Shipped,EUR,UAE,2026-08-12 18:25:20
SO000002033,CUST0003948,MAT000775,2026-09-22,7.0,551.41,3859.87,0,Pending,JPY,China,2026-08-11 13:25:20
SO000002034,CUST0007909,MAT000763,2023-03-22,19.0,134.12,2548.28,15,Completed,USD,South Africa,2026-08-11 13:25:20
SO000002035,CUST0002126,MAT001054,2024-03-30,3.0,161.66,484.98,5,Cancelled,GBP,Australia,2026-08-12 09:25:20
SO000002036,CUST0006120,MAT001191,2024-03-14,14.0,637.75,8928.5,0,Shipped,USD,Canada,2026-08-12 05:25:20
SO000002037,CUST0005856,MAT001050,2025-08-29,24.0,156.48,3755.52,20,Pending,USD,Mexico,2026-08-12 18:25:20
SO000002038,CUST0007590,MAT000994,2024-02-14,15.0,126.13,1891.95,0,Completed,INR,UAE,2026-08-12 03:25:20
SO000002039,CUST0003049,MAT001117,2024-06-19,17.0,880.17,14962.89,0,Completed,EUR,China,2026-08-11 16:25:20
SO000002040,CUST0000268,MAT000210,2024-03-09,17.0,18.19,309.23,10,Completed,USD,UK,2026-08-12 00:25:20
SO000002041,CUST0002633,MAT000905,2026-02-11,17.0,296.24,5036.08,0,Completed,EUR,South Africa,2026-08-12 11:25:20
SO000002042,CUST0005551,MAT000690,2025-12-20,14.0,36.27,507.78,0,Completed,JPY,UK,2026-08-11 21:25:20
SO000002043,CUST0001076,MAT000467,2024-08-20,25.0,755.05,18876.25,0,Completed,USD,USA,2026-08-12 15:25:20
SO000002044,CUST0002118,MAT000563,2023-10-17,7.0,527.26,3690.82,0,Completed,AED,Saudi Arabia,2026-08-12 08:25:20
SO000002045,CUST0006185,MAT000897,2025-07-14,14.0,47.92,670.88,0,Shipped,USD,Australia,2026-08-11 22:25:20
SO000002046,CUST0001240,MAT000732,2023-09-12,16.0,555.75,8892.0,0,Completed,USD,USA,2026-08-12 01:25:20
SO000002047,CUST0002550,MAT000481,2026-06-17,18.0,115.17,2073.06,20,Completed,EUR,Germany,2026-08-11 20:25:20
SO000002048,CUST0007868,MAT001162,2023-02-24,8.0,448.68,3589.44,15,Completed,EUR,France,2026-08-12 06:25:20
SO000002049,CUST0003539,MAT001059,2023-01-22,25.0,604.12,15103.0,0,Pending,USD,Singapore,2026-08-11 19:25:20
SO000002050,CUST0004545,MAT000974,2024-08-20,24.0,137.91,3309.84,10,Completed,EUR,Canada,2026-08-12 04:25:20
SO000002051,CUST0006774,MAT000869,2025-05-24,4.0,449.86,1799.44,0,Completed,JPY,Saudi Arabia,2026-08-11 21:25:20
SO000002052,CUST0003078,MAT001130,2024-10-29,23.0,414.38,9530.74,10,Completed,USD,Saudi Arabia,2026-08-12 05:25:20
SO000002053,CUST0004617,MAT000323,2025-06-05,12.0,824.6,9895.2,10,Shipped,EUR,USA,2026-08-12 13:25:20
SO000002054,CUST0004507,MAT000328,2025-08-26,15.0,896.15,13442.25,15,Completed,EUR,Saudi Arabia,2026-08-12 10:25:20
SO000002055,CUST0005860,MAT001116,2024-01-11,11.0,590.75,6498.25,15,Completed,USD,India,2026-08-12 11:25:20
SO000002056,CUST0002413,MAT000604,2025-07-15,22.0,770.1,16942.2,10,Returned,USD,Canada,2026-08-12 12:25:20
SO000002057,CUST0004018,MAT000792,2025-11-13,8.0,583.96,4671.68,0,Cancelled,AED,Mexico,2026-08-11 19:25:20
SO000002058,CUST0005522,MAT001070,2023-06-08,8.0,789.28,6314.24,5,Completed,USD,South Africa,2026-08-11 18:25:20
SO000002059,CUST0000379,MAT000590,2025-05-09,24.0,392.78,9426.72,0,Completed,AED,UK,2026-08-12 16:25:20
SO000002060,CUST0005369,MAT001009,2026-07-27,2.0,549.15,1098.3,0,Pending,AED,UK,2026-08-12 06:25:20
SO000002061,CUST0006515,MAT001014,2025-07-19,19.0,761.43,14467.17,10,Completed,USD,Singapore,2026-08-12 17:25:20
SO000002062,CUST0001189,MAT000101,2024-01-29,2.0,826.69,1653.38,0,Completed,USD,Saudi Arabia,2026-08-12 03:25:20
SO000002063,CUST0003799,MAT001157,2023-02-06,24.0,27.09,650.16,0,Completed,USD,Canada,2026-08-11 16:25:20
SO000002064,CUST0002953,MAT000400,2024-01-05,8.0,98.04,784.32,10,Completed,USD,Brazil,2026-08-11 23:25:20
SO000002065,CUST0002776,MAT000759,2024-11-24,1.0,838.4,838.4,20,Completed,USD,Canada,2026-08-12 01:25:20
SO000002066,CUST0001012,MAT000105,2025-02-25,7.0,513.82,3596.74,0,Completed,USD,France,2026-08-11 19:25:20
SO000002067,CUST0004451,MAT000111,2025-06-03,13.0,891.22,11585.86,5,Pending,USD,Mexico,2026-08-11 12:25:20
SO000002068,CUST0003547,MAT000288,2026-07-27,20.0,714.41,14288.2,20,Shipped,USD,Singapore,2026-08-11 18:25:20
SO000002069,CUST0005840,MAT000864,2024-10-22,3.0,737.24,2211.72,5,Completed,USD,India,2026-08-12 08:25:20
SO000002070,CUST0007128,MAT000513,2025-09-02,7.0,350.58,2454.06,5,Completed,USD,Australia,2026-08-12 16:25:20
SO000002071,CUST0006439,MAT000622,2023-09-02,12.0,235.5,2826.0,0,Completed,USD,Saudi Arabia,2026-08-11 18:25:20
SO000002072,CUST0004331,MAT001010,2023-05-02,25.0,540.44,13511.0,0,Completed,USD,France,2026-08-11 13:25:20
SO000002073,CUST0002834,MAT000115,2025-04-13,21.0,791.73,16626.33,10,Completed,USD,China,2026-08-12 06:25:20
SO000002074,CUST0001968,MAT000424,2025-11-20,21.0,654.5,13744.5,0,Completed,INR,Singapore,2026-08-12 09:25:20
SO000002075,CUST0007749,MAT000397,2024-03-14,14.0,427.6,5986.4,0,Returned,USD,Germany,2026-08-12 03:25:20
SO000002076,CUST0003383,MAT000115,2023-09-23,21.0,679.11,14261.31,20,Completed,USD,China,2026-08-12 11:25:20
SO000002077,CUST0003849,MAT000487,2025-03-21,14.0,622.91,8720.74,20,Completed,USD,India,2026-08-11 16:25:20
SO000002078,CUST0004989,MAT000906,2025-06-10,1.0,822.18,822.18,5,Shipped,USD,South Africa,2026-08-12 06:25:20
SO000002079,CUST0005276,MAT000884,2023-02-14,2.0,240.88,481.76,0,Completed,GBP,Mexico,2026-08-12 16:25:20
SO000002080,CUST0004784,MAT001187,2024-07-24,19.0,111.78,2123.82,0,Returned,USD,Mexico,2026-08-11 23:25:20
SO000002081,CUST0000554,MAT000797,2023-06-24,12.0,425.7,5108.4,10,Completed,GBP,China,2026-08-11 23:25:20
SO000002082,CUST0005725,MAT001150,2026-10-11,14.0,328.17,4594.38,15,Completed,INR,UAE,2026-08-11 13:25:20
SO000002083,CUST0002730,MAT000913,2024-09-15,25.0,877.5,21937.5,0,Completed,USD,UAE,2026-08-11 22:25:20
SO000002084,CUST0007843,MAT000090,2025-12-03,21.0,11.72,246.12,10,Completed,USD,Germany,2026-08-12 05:25:20
SO000002085,CUST0001909,MAT000545,2023-01-28,19.0,840.38,15967.22,15,Completed,GBP,South Africa,2026-08-12 16:25:20
SO000002086,CUST0007461,MAT000853,2026-03-04,7.0,859.8,6018.6,0,Completed,INR,Germany,2026-08-12 11:25:20
SO000002087,CUST0003095,MAT000412,2024-08-19,11.0,50.61,556.71,20,Shipped,USD,France,2026-08-11 21:25:20
SO000002088,CUST0001799,MAT000387,2023-12-31,24.0,801.17,19228.08,20,Completed,USD,Singapore,2026-08-12 07:25:20
SO000002089,CUST0006420,MAT001046,2023-07-15,13.0,426.35,5542.55,0,Completed,USD,South Africa,2026-08-12 15:25:20
SO000002090,CUST0006478,MAT000673,2023-11-20,21.0,690.7,14504.7,10,Completed,USD,South Africa,2026-08-11 23:25:20
SO000002091,CUST0000896,MAT000741,2025-04-25,15.0,75.93,1138.95,0,Shipped,USD,China,2026-08-11 20:25:20
SO000002092,CUST0006776,MAT000517,2026-03-15,4.0,859.91,3439.64,5,Shipped,INR,Mexico,2026-08-12 18:25:20
SO000002093,CUST0003471,MAT000034,2026-01-16,4.0,548.76,2195.04,0,Completed,AED,India,2026-08-12 18:25:20
SO000002094,CUST0001273,MAT001088,2023-12-06,5.0,809.33,4046.65,0,Cancelled,EUR,Mexico,2026-08-12 04:25:20
SO000002095,CUST0000549,MAT000640,2025-09-01,2.0,607.3,1214.6,5,Completed,EUR,Singapore,2026-08-12 08:25:20
SO000002096,CUST0000270,MAT000038,2023-02-08,6.0,485.45,2912.7,20,Completed,EUR,China,2026-08-11 23:25:20
SO000002097,CUST0003652,MAT000864,2024-09-13,21.0,159.38,3346.98,5,Completed,USD,Japan,2026-08-12 05:25:20
SO000002098,CUST0005430,MAT000059,2023-06-18,13.0,164.27,2135.51,0,Completed,USD,India,2026-08-12 05:25:20
SO000002099,CUST0001102,MAT000681,2025-04-24,19.0,427.95,8131.05,0,Completed,AED,Canada,2026-08-12 05:25:20
SO000002100,CUST0006489,MAT000278,2025-10-24,24.0,784.05,18817.2,15,Completed,USD,Canada,2026-08-11 17:25:20
SO000002101,CUST0006590,MAT000563,2024-01-02,5.0,108.12,540.6,20,Completed,JPY,France,2026-08-12 03:25:20
SO000002102,CUST0002352,MAT000788,2026-04-15,16.0,898.55,14376.8,10,Completed,USD,India,2026-08-11 12:25:20
SO000002103,CUST0004322,MAT000151,2026-05-28,9.0,788.94,7100.46,20,Completed,EUR,France,2026-08-11 19:25:20
SO000002104,CUST0003082,MAT000476,2024-11-20,22.0,356.34,7839.48,10,Returned,AED,Mexico,2026-08-11 22:25:20
SO000002105,CUST0005317,MAT000275,2025-07-10,5.0,231.54,1157.7,10,Completed,USD,Canada,2026-08-12 15:25:20
SO000002106,CUST0001098,MAT000224,2024-01-05,20.0,830.19,16603.8,0,Returned,USD,Japan,2026-08-11 13:25:20
SO000002107,CUST0005975,MAT001031,2024-08-19,3.0,115.27,345.81,10,Returned,JPY,Australia,2026-08-11 22:25:20
SO000002108,CUST0005910,MAT000345,2025-02-07,21.0,315.82,6632.22,20,Shipped,USD,Saudi Arabia,2026-08-12 11:25:20
SO000002109,CUST0005636,MAT000618,2026-08-26,9.0,80.1,720.9,5,Completed,USD,Mexico,2026-08-12 02:25:20
SO000002110,CUST0001312,MAT000692,2023-09-20,4.0,858.35,3433.4,10,Shipped,USD,UAE,2026-08-12 13:25:20
SO000002111,CUST0001098,MAT000341,2026-06-14,7.0,557.77,3904.39,0,Cancelled,USD,UK,2026-08-11 15:25:20
SO000002112,CUST0001842,MAT000163,2023-06-12,12.0,305.88,3670.56,20,Returned,USD,South Africa,2026-08-12 00:25:20
SO000002113,CUST0005666,MAT000926,2026-07-14,24.0,251.56,6037.44,20,Pending,USD,Brazil,2026-08-11 19:25:20
SO000002114,CUST0005129,MAT001171,2025-12-28,22.0,402.46,8854.12,10,Cancelled,JPY,Canada,2026-08-11 17:25:20
SO000002115,CUST0007062,MAT000357,2023-02-05,13.0,86.78,1128.14,15,Completed,AED,Brazil,2026-08-12 08:25:20
SO000002116,CUST0007144,MAT000635,2024-05-15,25.0,800.97,20024.25,15,Completed,USD,UAE,2026-08-11 16:25:20
SO000002117,CUST0005279,MAT000157,2023-09-24,20.0,462.29,9245.8,15,Shipped,USD,China,2026-08-11 20:25:20
SO000002118,CUST0004276,MAT001046,2024-07-07,7.0,653.96,4577.72,0,Completed,USD,South Africa,2026-08-12 16:25:20
SO000002119,CUST0002153,MAT001081,2025-07-12,14.0,214.2,2998.8,20,Completed,USD,USA,2026-08-11 14:25:20
SO000002120,CUST0000051,MAT001198,2023-12-08,2.0,455.86,911.72,20,Shipped,USD,South Africa,2026-08-12 03:25:20
SO000002121,CUST0000499,MAT000857,2026-07-28,20.0,193.92,3878.4,15,Completed,USD,Saudi Arabia,2026-08-12 00:25:20
SO000002122,CUST0001211,MAT000557,2023-04-25,3.0,735.4,2206.2,0,Completed,AED,South Africa,2026-08-12 18:25:20
SO000002123,CUST0000720,MAT000851,2026-01-12,2.0,698.87,1397.74,5,Completed,USD,Japan,2026-08-12 15:25:20
SO000002124,CUST0006678,MAT001177,2025-08-07,12.0,137.64,1651.68,15,Completed,GBP,China,2026-08-12 03:25:20
SO000002125,CUST0001232,MAT000152,2025-10-28,18.0,71.68,1290.24,10,Returned,USD,South Africa,2026-08-11 14:25:20
SO000002126,CUST0002869,MAT000115,2024-11-15,14.0,742.66,10397.24,0,Pending,USD,South Africa,2026-08-11 13:25:20
SO000002127,CUST0000189,MAT000103,2023-11-04,14.0,103.13,1443.82,15,Pending,USD,Canada,2026-08-12 04:25:20
SO000002128,CUST0001105,MAT000937,2025-06-30,11.0,495.89,5454.79,0,Shipped,AED,South Africa,2026-08-12 08:25:20
SO000002129,CUST0002123,MAT000431,2023-07-11,23.0,483.37,11117.51,15,Completed,USD,Singapore,2026-08-12 16:25:20
SO000002130,CUST0004423,MAT000834,2026-04-24,17.0,186.63,3172.71,0,Pending,GBP,South Africa,2026-08-12 13:25:20
SO000002131,CUST0005342,MAT000237,2025-11-04,12.0,534.26,6411.12,10,Completed,INR,USA,2026-08-11 13:25:20
SO000002132,CUST0000205,MAT000605,2024-07-16,20.0,454.97,9099.4,0,Completed,EUR,India,2026-08-11 17:25:20
SO000002133,CUST0007115,MAT001130,2026-07-03,0.0,460.72,6910.8,5,Completed,USD,India,2026-08-11 18:25:20
SO000002134,CUST0001022,MAT000239,2026-01-01,12.0,326.93,3923.16,5,Completed,USD,Singapore,2026-08-12 18:25:20
SO000002135,CUST0006937,MAT001175,2023-11-18,2.0,755.39,1510.78,20,Shipped,USD,Japan,2026-08-11 13:25:20
SO000002136,CUST0005721,MAT000895,2025-04-02,11.0,80.51,885.61,0,Shipped,AED,South Africa,2026-08-12 15:25:20
SO000002137,CUST0004985,MAT000689,2024-11-09,16.0,397.57,6361.12,0,Completed,USD,Canada,2026-08-11 22:25:20
SO000002138,CUST0001882,MAT001120,2025-05-06,11.0,237.54,2612.94,0,Completed,JPY,Australia,2026-08-11 13:25:20
SO000002139,CUST0007069,MAT000472,2025-09-04,5.0,764.35,3821.75,20,Completed,USD,Brazil,2026-08-11 17:25:20
SO000002140,CUST0005851,MAT000059,2025-03-26,7.0,206.45,1445.15,0,Completed,USD,UK,2026-08-11 18:25:20
SO000002141,CUST0000961,MAT000737,2023-06-02,22.0,691.49,15212.78,0,Completed,EUR,Brazil,2026-08-12 15:25:20
SO000002142,CUST0001431,MAT001080,2024-01-08,24.0,552.31,13255.44,20,Completed,INR,India,2026-08-12 15:25:20
SO000002143,CUST0001786,MAT000171,2023-07-18,1.0,787.94,787.94,0,Pending,INR,USA,2026-08-12 04:25:20
SO000002144,CUST0003811,MAT000176,2023-04-27,19.0,536.45,10192.55,0,Completed,INR,France,2026-08-11 20:25:20
SO000002145,CUST0002798,MAT001189,2024-04-15,17.0,503.05,8551.85,5,Completed,EUR,South Africa,2026-08-12 06:25:20
SO000002146,CUST0001850,MAT001069,2024-09-11,11.0,722.01,7942.11,0,Completed,USD,India,2026-08-12 01:25:20
SO000002147,CUST0007607,MAT000233,2026-06-23,14.0,508.43,7118.02,5,Completed,USD,Singapore,2026-08-11 19:25:20
SO000002148,CUST0005565,MAT000097,2023-01-19,7.0,760.87,5326.09,20,Completed,USD,China,2026-08-11 18:25:20
SO000002149,CUST0007128,MAT000705,2025-09-06,25.0,49.14,1228.5,20,Completed,USD,Canada,2026-08-11 20:25:20
SO000002150,CUST0004409,MAT000026,2025-07-21,16.0,448.16,7170.56,10,Completed,GBP,Japan,2026-08-12 13:25:20
SO000002151,CUST0003363,MAT000131,2024-08-18,23.0,732.36,16844.28,20,Shipped,USD,South Africa,2026-08-11 18:25:20
SO000002152,CUST0006839,MAT000728,2025-01-16,15.0,764.29,11464.35,0,Pending,USD,South Africa,2026-08-12 17:25:20
SO000002153,CUST0007649,MAT000279,2025-04-20,14.0,751.48,10520.72,10,Completed,USD,Singapore,2026-08-11 12:25:20
SO000002154,CUST0001497,MAT000972,2024-10-15,15.0,545.92,8188.8,0,Completed,EUR,Canada,2026-08-12 13:25:20
SO000002155,CUST0003055,MAT000717,2023-09-27,20.0,894.6,17892.0,0,Shipped,USD,Saudi Arabia,2026-08-11 23:25:20
SO000002156,CUST0006713,MAT001015,2026-03-08,9.0,167.34,1506.06,0,Completed,USD,Australia,2026-08-11 13:25:20
SO000002157,CUST0005903,MAT000684,2026-02-03,21.0,161.14,3383.94,5,Pending,USD,Singapore,2026-08-11 15:25:20
SO000002158,CUST0002315,MAT001184,2023-12-18,15.0,34.38,515.7,20,Completed,USD,Singapore,2026-08-11 18:25:20
SO000002159,CUST0001387,MAT001085,2024-01-23,24.0,890.46,21371.04,20,Pending,USD,Singapore,2026-08-11 15:25:20
SO000002160,CUST0001133,MAT000386,2023-03-08,17.0,316.48,5380.16,15,Completed,INR,Canada,2026-08-12 14:25:20
SO000002161,CUST0001328,MAT001189,2024-07-31,7.0,687.04,4809.28,10,Completed,JPY,UAE,2026-08-12 17:25:20
SO000002162,CUST0000877,MAT000098,2023-11-01,22.0,58.44,1285.68,0,Completed,USD,Australia,2026-08-12 14:25:20
SO000002163,CUST0005512,MAT000115,2023-05-07,19.0,272.33,5174.27,0,Completed,USD,China,2026-08-11 16:25:20
SO000002164,CUST0005957,MAT000533,2026-07-01,21.0,563.34,11830.14,0,Completed,INR,Germany,2026-08-12 14:25:20
SO000002165,CUST0002423,MAT001160,2025-01-27,4.0,474.68,1898.72,0,Completed,GBP,South Africa,2026-08-11 20:25:20
SO000002166,CUST0006864,MAT000925,2023-03-05,22.0,190.93,4200.46,20,Completed,USD,Canada,2026-08-12 16:25:20
SO000002167,CUST0006167,MAT000849,2026-03-29,20.0,418.13,8362.6,0,Shipped,GBP,Australia,2026-08-12 01:25:20
SO000002168,CUST0006288,MAT000928,2025-08-06,14.0,102.36,1433.04,0,Completed,USD,Mexico,2026-08-11 13:25:20
SO000002169,CUST0003189,MAT000904,2026-05-27,7.0,490.72,3435.04,0,Shipped,USD,Canada,2026-08-11 13:25:20
SO000002170,CUST0006275,MAT000995,2026-02-09,6.0,91.76,550.56,0,Completed,GBP,UK,2026-08-12 03:25:20
SO000002171,CUST0004946,MAT000058,2023-04-24,13.0,574.16,7464.08,15,Completed,USD,Singapore,2026-08-12 06:25:20
SO000002172,CUST0002381,MAT000364,2025-12-27,0.0,144.05,2304.8,0,Completed,EUR,South Africa,2026-08-12 06:25:20
SO000002173,CUST0001563,MAT000749,2025-11-16,24.0,494.64,11871.36,5,Completed,USD,Singapore,2026-08-12 12:25:20
SO000002174,CUST0002997,MAT000591,2026-06-07,6.0,120.56,723.36,0,Completed,USD,UAE,2026-08-12 05:25:20
SO000002175,CUST0006500,MAT000596,2024-10-01,8.0,363.64,2909.12,0,Completed,INR,Canada,2026-08-11 15:25:20
SO000002176,CUST0006108,MAT000766,2025-03-01,3.0,319.89,959.67,0,Completed,USD,South Africa,2026-08-12 11:25:20
SO000002177,CUST0005420,MAT000298,2026-06-29,23.0,681.99,15685.77,0,Shipped,JPY,USA,2026-08-11 15:25:20
SO000002178,CUST0004239,MAT000600,2025-03-01,22.0,578.84,12734.48,15,Completed,USD,China,2026-08-12 14:25:20
SO000002179,CUST0002358,MAT001083,2023-04-04,25.0,843.69,21092.25,15,Completed,USD,Brazil,2026-08-11 23:25:20
SO000002180,CUST0003959,MAT000210,2025-09-26,20.0,830.11,16602.2,0,Completed,USD,Canada,2026-08-12 08:25:20
SO000002181,CUST0007645,MAT000328,2025-09-30,0.0,653.87,9808.05,15,Completed,USD,South Africa,2026-08-12 13:25:20
SO000002182,CUST0004042,MAT000659,2023-01-29,15.0,694.67,10420.05,15,Shipped,USD,Saudi Arabia,2026-08-12 05:25:20
SO000002183,CUST0000679,MAT000490,2024-01-19,2.0,564.3,1128.6,0,Completed,AED,India,2026-08-11 16:25:20
SO000002184,CUST0002048,MAT000334,2023-12-16,7.0,624.04,4368.28,5,Completed,USD,Canada,2026-08-11 22:25:20
SO000002185,CUST0006899,MAT001191,2025-07-23,19.0,557.41,10590.79,10,Cancelled,USD,Canada,2026-08-11 17:25:20
SO000002186,CUST0000673,MAT000435,2023-02-23,16.0,284.03,4544.48,0,Returned,USD,Saudi Arabia,2026-08-11 18:25:20
SO000002187,CUST0006346,MAT000830,2025-07-26,4.0,318.87,1275.48,10,Completed,JPY,India,2026-08-11 17:25:20
SO000002188,CUST0007959,MAT000898,2025-12-09,3.0,519.39,1558.17,5,Completed,USD,Canada,2026-08-11 18:25:20
SO000002189,CUST0002219,MAT000132,2025-06-06,18.0,649.56,11692.08,0,Completed,EUR,Brazil,2026-08-12 03:25:20
SO000002190,CUST0000337,MAT000112,2025-06-30,7.0,368.48,2579.36,0,Returned,INR,Saudi Arabia,2026-08-12 14:25:20
SO000002191,CUST0003704,MAT000150,2023-10-15,3.0,132.69,398.07,20,Completed,GBP,Saudi Arabia,2026-08-12 04:25:20
SO000002192,CUST0007288,MAT000039,2026-05-27,13.0,416.18,5410.34,20,Completed,USD,Saudi Arabia,2026-08-12 05:25:20
SO000002193,CUST0003891,MAT000417,2024-06-01,19.0,867.05,16473.95,10,Completed,AED,UK,2026-08-12 05:25:20
SO000002194,CUST0004000,MAT001065,2025-04-28,24.0,196.61,4718.64,0,Pending,USD,France,2026-08-12 18:25:20
SO000002195,CUST0002655,MAT000615,2026-01-14,12.0,585.92,7031.04,15,Completed,USD,Canada,2026-08-12 14:25:20
SO000002196,CUST0006033,MAT000774,2025-11-15,16.0,884.37,14149.92,0,Completed,USD,France,2026-08-11 23:25:20
SO000002197,CUST0005548,MAT001029,2025-07-23,16.0,341.73,5467.68,0,Cancelled,EUR,Japan,2026-08-11 22:25:20
SO000002198,CUST0007032,MAT000258,2025-10-05,18.0,799.66,14393.88,20,Completed,GBP,Australia,2026-08-12 07:25:20
SO000002199,CUST0004882,MAT001037,2024-04-23,7.0,778.29,5448.03,15,Returned,EUR,Canada,2026-08-12 00:25:20
SO000002200,CUST0004027,MAT001185,2024-03-14,14.0,308.45,4318.3,10,Completed,AED,UK,2026-08-12 15:25:20
SO000002201,CUST0002590,MAT000139,2023-06-15,24.0,93.17,2236.08,0,Shipped,USD,USA,2026-08-12 00:25:20
SO000002202,CUST0999174,MAT000136,2023-10-04,17.0,164.79,2801.43,15,Completed,USD,India,2026-08-11 21:25:20
SO000002203,CUST0007468,MAT000720,2024-01-27,20.0,332.35,6647.0,10,Shipped,GBP,China,2026-08-12 05:25:20
SO000002204,CUST0005861,MAT000957,2024-04-12,6.0,863.43,5180.58,5,Shipped,AED,UK,2026-08-12 05:25:20
SO000002205,CUST0005411,MAT000851,2025-07-10,15.0,250.63,3759.45,0,Completed,USD,UK,2026-08-11 16:25:20
SO000002206,CUST0001656,MAT000697,2023-10-08,16.0,834.54,13352.64,15,Completed,USD,France,2026-08-12 17:25:20
SO000002207,CUST0007583,MAT000938,2023-05-29,23.0,167.32,3848.36,15,Pending,USD,Saudi Arabia,2026-08-11 19:25:20
SO000002208,CUST0003976,MAT000821,2025-06-11,9.0,872.98,7856.82,5,Completed,AED,France,2026-08-12 02:25:20
SO000002209,CUST0003558,MAT000058,2026-08-05,11.0,267.78,2945.58,5,Completed,JPY,Germany,2026-08-12 16:25:20
SO000002210,CUST0005803,MAT000048,2025-03-31,13.0,571.62,7431.06,5,Cancelled,USD,UK,2026-08-11 23:25:20
SO000002211,CUST0005749,MAT001016,2023-10-21,20.0,67.37,1347.4,0,Completed,USD,Mexico,2026-08-12 07:25:20
SO000002212,CUST0007135,MAT000842,2023-01-14,20.0,273.2,5464.0,10,Completed,EUR,Saudi Arabia,2026-08-12 02:25:20
SO000002213,CUST0000117,MAT000824,2026-02-09,3.0,193.59,580.77,0,Pending,EUR,Singapore,2026-08-12 00:25:20
SO000002214,CUST0006823,MAT000747,2023-01-03,7.0,8.06,56.42,15,Completed,USD,Saudi Arabia,2026-08-12 14:25:20
SO000002215,CUST0003523,MAT000352,2024-04-09,16.0,145.31,2324.96,0,Completed,JPY,Singapore,2026-08-11 22:25:20
SO000002216,CUST0002408,MAT000430,2023-11-12,6.0,535.83,3214.98,15,Completed,JPY,China,2026-08-12 01:25:20
SO000002217,CUST0002246,MAT000797,2024-01-09,10.0,353.98,3539.8,20,Completed,INR,Japan,2026-08-12 12:25:20
SO000002218,CUST0007795,MAT000926,2024-11-18,20.0,651.7,13034.0,15,Returned,GBP,Japan,2026-08-12 03:25:20
SO000002219,CUST0006945,MAT000112,2023-10-23,7.0,605.61,4239.27,20,Completed,EUR,Canada,2026-08-12 17:25:20
SO000002220,CUST0006142,MAT000673,2025-02-10,10.0,720.37,7203.7,0,Shipped,USD,France,2026-08-12 15:25:20
SO000002221,CUST0003054,MAT001075,2025-02-27,16.0,780.99,12495.84,10,Completed,USD,Mexico,2026-08-12 18:25:20
SO000002222,CUST0005187,MAT001100,2025-10-11,23.0,738.74,16991.02,0,Pending,USD,Singapore,2026-08-11 22:25:20
SO000002223,CUST0007947,MAT000758,2023-02-04,15.0,406.01,6090.15,0,Completed,USD,France,2026-08-12 00:25:20
SO000002224,CUST0003082,MAT000508,2026-03-18,6.0,281.31,1687.86,0,Completed,GBP,Brazil,2026-08-12 06:25:20
SO000002225,CUST0002545,MAT000341,2026-08-13,23.0,454.56,10454.88,0,Pending,GBP,India,2026-08-12 07:25:20
SO000002226,CUST0002383,MAT000663,2023-06-12,19.0,483.94,9194.86,0,Shipped,AED,USA,2026-08-12 17:25:20
SO000002227,CUST0005248,MAT000363,2023-10-10,5.0,285.29,1426.45,5,Shipped,JPY,South Africa,2026-08-11 20:25:20
SO000002228,CUST0003457,MAT001010,2026-05-06,20.0,488.31,9766.2,0,Completed,USD,Germany,2026-08-11 15:25:20
SO000002229,CUST0002278,MAT000200,2025-08-07,18.0,99.67,1794.06,15,Completed,USD,Australia,2026-08-11 19:25:20
SO000002230,CUST0000348,MAT001101,2026-06-03,23.0,211.78,4870.94,5,Completed,GBP,South Africa,2026-08-12 01:25:20
SO000002231,CUST0003130,MAT000212,2024-09-03,14.0,672.71,9417.94,10,Completed,JPY,Singapore,2026-08-11 13:25:20
SO000002232,CUST0000955,MAT000158,2026-04-08,8.0,168.63,1349.04,20,Shipped,USD,Saudi Arabia,2026-08-12 07:25:20
SO000002233,CUST0003924,MAT000564,2023-07-04,6.0,129.44,776.64,0,Shipped,USD,China,2026-08-12 18:25:20
SO000002234,CUST0005557,MAT000514,2024-06-30,10.0,262.17,2621.7,5,Pending,USD,Brazil,2026-08-12 09:25:20
SO000002235,CUST0005402,MAT000131,2024-04-10,20.0,337.09,6741.8,0,Completed,USD,Japan,2026-08-11 13:25:20
SO000002236,CUST0003341,MAT000288,2025-12-02,25.0,299.05,7476.25,20,Shipped,USD,Mexico,2026-08-12 08:25:20
SO000002237,CUST0005197,MAT000987,2023-07-26,10.0,340.27,3402.7,0,Completed,EUR,South Africa,2026-08-12 16:25:20
SO000002238,CUST0004880,MAT000171,2026-08-19,23.0,130.22,2995.06,0,Completed,GBP,Brazil,2026-08-11 16:25:20
SO000002239,CUST0002745,MAT000470,2024-11-17,7.0,153.03,1071.21,15,Completed,JPY,Canada,2026-08-12 13:25:20
SO000002240,CUST0007072,MAT000869,2025-04-28,13.0,216.07,2808.91,15,Completed,EUR,India,2026-08-12 01:25:20
SO000002241,CUST0007317,MAT000669,2025-03-13,14.0,364.78,5106.92,20,Shipped,GBP,Singapore,2026-08-11 15:25:20
SO000002242,CUST0006165,MAT000008,2023-11-08,17.0,305.63,5195.71,10,Completed,USD,Canada,2026-08-11 16:25:20
SO000002243,CUST0000632,MAT000244,2026-07-27,5.0,713.24,3566.2,0,Completed,USD,Saudi Arabia,2026-08-12 06:25:20
SO000002244,CUST0007190,MAT000185,2024-11-17,12.0,475.34,5704.08,20,Shipped,GBP,China,2026-08-11 13:25:20
SO000002245,CUST0005662,MAT000914,2023-07-06,21.0,520.25,10925.25,0,Completed,USD,South Africa,2026-08-12 07:25:20
SO000002246,CUST0001118,MAT001068,2026-01-02,16.0,506.73,8107.68,5,Completed,USD,Japan,2026-08-12 18:25:20
SO000002247,CUST0006605,MAT000052,2024-05-31,20.0,361.9,7238.0,15,Completed,USD,UAE,2026-08-11 20:25:20
SO000002248,CUST0007184,MAT000224,2025-10-24,0.0,882.53,10590.36,20,Completed,GBP,France,2026-08-12 15:25:20
SO000002249,CUST0007101,MAT000414,2025-09-22,5.0,38.41,192.05,20,Shipped,USD,UK,2026-08-12 13:25:20
SO000002250,CUST0001712,MAT000160,2024-09-12,9.0,198.17,1783.53,10,Completed,INR,India,2026-08-12 05:25:20
SO000002251,CUST0004131,MAT000068,2023-12-25,20.0,259.77,5195.4,0,Completed,INR,UAE,2026-08-11 18:25:20
SO000002252,CUST0007885,MAT001155,2026-07-20,20.0,793.76,15875.2,5,Completed,AED,UK,2026-08-11 15:25:20
SO000002253,CUST0003375,MAT000710,2025-09-28,2.0,827.39,1654.78,20,Completed,USD,Japan,2026-08-11 20:25:20
SO000002254,CUST0002374,MAT000582,2024-01-30,5.0,762.26,3811.3,10,Completed,GBP,South Africa,2026-08-12 01:25:20
SO000002255,CUST0000722,MAT000191,2025-05-22,2.0,378.17,756.34,15,Pending,JPY,UK,2026-08-11 23:25:20
SO000002256,CUST0005617,MAT000505,2026-03-03,24.0,823.59,19766.16,0,Shipped,INR,Australia,2026-08-12 05:25:20
SO000002257,CUST0000750,MAT000399,2025-02-21,3.0,93.16,279.48,0,Shipped,USD,Saudi Arabia,2026-08-12 18:25:20
SO000002258,CUST0001668,MAT001016,2024-06-12,21.0,588.93,12367.53,15,Pending,EUR,Canada,2026-08-11 17:25:20
SO000002259,CUST0001231,MAT000019,2026-06-22,14.0,843.82,11813.48,10,Cancelled,GBP,USA,2026-08-12 17:25:20
SO000002260,CUST0005683,MAT001017,2025-08-13,22.0,680.64,14974.08,0,Completed,USD,UAE,2026-08-11 17:25:20
SO000002261,CUST0007313,MAT000677,2025-02-28,5.0,253.69,1268.45,15,Completed,EUR,China,2026-08-12 05:25:20
SO000002262,CUST0002529,MAT000837,2026-06-16,3.0,647.17,1941.51,15,Completed,USD,Japan,2026-08-11 17:25:20
SO000002263,CUST0003065,MAT000015,2026-04-01,11.0,268.81,2956.91,0,Completed,EUR,Singapore,2026-08-12 18:25:20
SO000002264,CUST0004805,MAT000641,2026-05-06,20.0,104.87,2097.4,20,Returned,USD,USA,2026-08-11 15:25:20
SO000002265,CUST0001763,MAT000263,2025-03-09,13.0,646.91,8409.83,20,Pending,GBP,UAE,2026-08-11 19:25:20
SO000002266,CUST0000797,MAT000113,2024-04-21,4.0,165.41,661.64,0,Pending,USD,China,2026-08-11 17:25:20
SO000002267,CUST0000275,MAT000490,2024-04-09,1.0,104.4,104.4,20,Cancelled,USD,China,2026-08-11 13:25:20
SO000002268,CUST0003936,MAT000858,2026-07-02,24.0,498.83,11971.92,5,Completed,EUR,Singapore,2026-08-12 04:25:20
SO000002269,CUST0005995,MAT000011,2025-05-20,10.0,560.46,5604.6,0,Completed,USD,Brazil,2026-08-11 21:25:20
SO000002270,CUST0007765,MAT000136,2023-01-16,16.0,50.7,811.2,15,Completed,EUR,Mexico,2026-08-12 05:25:20
SO000002271,CUST0004059,MAT000351,2023-12-27,10.0,9.0,90.0,20,Returned,USD,Canada,2026-08-12 08:25:20
SO000002272,CUST0006916,MAT000918,2023-03-15,7.0,794.45,5561.15,0,Completed,USD,Brazil,2026-08-12 16:25:20
SO000002273,CUST0003597,MAT000158,2023-04-13,2.0,108.15,216.3,0,Shipped,JPY,Singapore,2026-08-12 03:25:20
SO000002274,CUST0007903,MAT000084,2024-11-16,18.0,527.59,9496.62,0,Shipped,JPY,Australia,2026-08-11 17:25:20
SO000002275,CUST0002524,MAT000576,2024-05-15,21.0,858.42,18026.82,5,Completed,USD,India,2026-08-12 12:25:20
SO000002276,CUST0003296,MAT001144,2024-11-21,7.0,463.16,3242.12,10,Completed,INR,UK,2026-08-12 02:25:20
SO000002277,CUST0003269,MAT000420,2025-02-08,19.0,130.12,2472.28,15,Shipped,INR,France,2026-08-11 21:25:20
SO000002278,CUST0000656,MAT000131,2025-01-15,5.0,357.17,1785.85,0,Completed,GBP,Australia,2026-08-12 06:25:20
SO000002279,CUST0002898,MAT000101,2025-06-02,10.0,563.52,5635.2,0,Shipped,AED,USA,2026-08-12 07:25:20
SO000002280,CUST0002417,MAT000125,2025-04-07,19.0,687.74,13067.06,5,Completed,USD,UK,2026-08-12 06:25:20
SO000002281,CUST0007004,MAT001143,2023-12-28,15.0,548.21,8223.15,0,Completed,GBP,Singapore,2026-08-12 11:25:20
SO000002282,CUST0007511,MAT000508,2023-03-17,2.0,35.71,71.42,10,Pending,USD,Australia,2026-08-12 14:25:20
SO000002283,CUST0002282,MAT000149,2023-07-07,16.0,133.08,2129.28,5,Completed,USD,Germany,2026-08-12 05:25:20
SO000002284,CUST0007696,MAT001005,2024-05-10,4.0,337.76,1351.04,15,Completed,USD,UK,2026-08-11 17:25:20
SO000002285,CUST0000541,MAT000214,2024-12-01,5.0,636.61,3183.05,0,Shipped,GBP,Brazil,2026-08-11 13:25:20
SO000002286,CUST0005130,MAT000326,2025-06-06,24.0,527.97,12671.28,10,Pending,USD,Brazil,2026-08-12 00:25:20
SO000002287,CUST0004058,MAT000081,2025-08-20,7.0,45.0,315.0,20,Completed,USD,Canada,2026-08-12 11:25:20
SO000002288,CUST0000768,MAT000049,2024-05-07,21.0,718.21,15082.41,20,Completed,USD,Japan,2026-08-12 02:25:20
SO000002289,CUST0007688,MAT000880,2024-02-03,11.0,546.59,6012.49,10,Completed,USD,USA,2026-08-11 21:25:20
SO000002290,CUST0006522,MAT000968,2024-12-29,13.0,799.0,10387.0,20,Completed,USD,China,2026-08-11 12:25:20
SO000002291,CUST0005913,MAT001003,2023-03-15,20.0,378.8,7576.0,5,Completed,USD,UAE,2026-08-12 05:25:20
SO000002292,CUST0001708,MAT001041,2025-01-15,3.0,443.73,1331.19,5,Completed,USD,UK,2026-08-12 16:25:20
SO000002293,CUST0006356,MAT000167,2024-09-06,9.0,367.97,3311.73,0,Shipped,USD,Canada,2026-08-12 09:25:20
SO000002294,CUST0002716,MAT000565,2023-04-27,8.0,651.6,5212.8,0,Completed,USD,UAE,2026-08-12 10:25:20
SO000002295,CUST0003549,MAT000515,2024-01-10,5.0,678.16,3390.8,0,Completed,USD,UK,2026-08-12 03:25:20
SO000002296,CUST0000607,MAT000376,2026-07-14,1.0,652.3,652.3,5,Completed,USD,Canada,2026-08-12 09:25:20
SO000002297,CUST0005523,MAT001061,2025-02-27,6.0,265.98,1595.88,10,Pending,GBP,Japan,2026-08-11 16:25:20
SO000002298,CUST0001550,MAT000269,2026-07-29,17.0,574.25,9762.25,0,Completed,USD,Saudi Arabia,2026-08-12 13:25:20
SO000002299,CUST0006259,MAT001172,2023-09-13,21.0,307.98,6467.58,5,Completed,USD,France,2026-08-11 20:25:20
SO000002300,CUST0000098,MAT000057,2026-08-29,18.0,751.61,13528.98,10,Cancelled,GBP,Japan,2026-08-11 19:25:20
SO000002301,CUST0003679,MAT000086,2023-05-16,,54.33,869.28,0,Completed,USD,Canada,2026-08-12 01:25:20
SO000002302,CUST0007057,MAT000542,2025-08-12,25.0,38.76,969.0,0,Completed,USD,USA,2026-08-12 08:25:20
SO000002303,CUST0002078,MAT000512,2026-08-08,3.0,96.03,288.09,15,Completed,USD,Singapore,2026-08-12 05:25:20
SO000002304,CUST0002451,MAT001195,2024-01-16,0.0,186.12,1488.96,0,Completed,USD,France,2026-08-11 18:25:20
SO000002305,CUST0005620,MAT000736,2023-03-12,0.0,38.68,309.44,10,Completed,USD,China,2026-08-12 05:25:20
SO000002306,CUST0005356,MAT000574,2026-06-27,19.0,69.1,1312.9,0,Completed,INR,UK,2026-08-11 15:25:20
SO000002307,CUST0002615,MAT000409,2025-08-26,16.0,278.92,4462.72,15,Completed,USD,Australia,2026-08-12 05:25:20
SO000002308,CUST0006216,MAT000906,2023-05-10,13.0,94.31,1226.03,0,Completed,USD,UAE,2026-08-12 15:25:20
SO000002309,CUST0002349,MAT000736,2026-09-06,24.0,722.86,17348.64,15,Completed,USD,UAE,2026-08-12 08:25:20
SO000002310,CUST0001875,MAT001031,2025-01-13,12.0,53.21,638.52,0,Completed,USD,Brazil,2026-08-12 00:25:20
SO000002311,CUST0000805,MAT001085,2026-03-05,25.0,817.6,20440.0,0,Completed,USD,China,2026-08-11 21:25:20
SO000002312,CUST0007643,MAT000517,2026-09-15,24.0,784.4,18825.6,10,Completed,GBP,Japan,2026-08-12 08:25:20
SO000002313,CUST0001734,MAT000215,2023-09-11,25.0,191.5,4787.5,20,Shipped,USD,South Africa,2026-08-12 17:25:20
SO000002314,CUST0006595,MAT001092,2024-03-01,5.0,69.02,345.1,15,Pending,USD,UK,2026-08-12 15:25:20
SO000002315,CUST0007005,MAT000875,2023-07-27,25.0,99.45,2486.25,20,Returned,INR,India,2026-08-12 14:25:20
SO000002316,CUST0002921,MAT000188,2026-03-22,15.0,505.38,7580.7,0,Pending,USD,USA,2026-08-12 14:25:20
SO000002317,CUST0006501,MAT001060,2026-07-26,8.0,542.82,4342.56,0,Returned,USD,UAE,2026-08-11 13:25:20
SO000002318,CUST0006611,MAT000290,2025-10-22,4.0,287.45,1149.8,0,Returned,INR,France,2026-08-11 17:25:20
SO000002319,CUST0006991,MAT001120,2026-01-28,22.0,270.67,5954.74,15,Completed,USD,USA,2026-08-12 07:25:20
SO000002320,CUST0002096,MAT001071,2024-08-20,2.0,480.69,961.38,0,Shipped,AED,Saudi Arabia,2026-08-12 01:25:20
SO000002321,CUST0007203,MAT000109,2023-04-28,18.0,278.54,5013.72,5,Completed,USD,Australia,2026-08-12 16:25:20
SO000002322,CUST0002577,MAT000428,2026-06-28,8.0,841.22,6729.76,5,Completed,AED,Germany,2026-08-11 18:25:20
SO000002323,CUST0001974,MAT000432,2025-02-27,9.0,347.46,3127.14,20,Completed,USD,Brazil,2026-08-11 21:25:20
SO000002324,CUST0002547,MAT000883,2025-01-06,23.0,201.73,4639.79,10,Cancelled,USD,UAE,2026-08-12 09:25:20
SO000002325,CUST0004285,MAT001142,2025-12-09,12.0,135.64,1627.68,0,Completed,USD,UAE,2026-08-12 04:25:20
SO000002326,CUST0004925,MAT000180,2025-04-17,6.0,570.38,3422.28,15,Completed,EUR,Singapore,2026-08-12 03:25:20
SO000002327,CUST0007370,MAT000977,2023-12-06,14.0,297.36,4163.04,10,Completed,USD,South Africa,2026-08-12 14:25:20
SO000002328,CUST0000326,MAT000830,2025-05-05,5.0,173.97,869.85,5,Returned,INR,UAE,2026-08-11 17:25:20
SO000002329,CUST0000275,MAT000998,2023-01-24,,251.85,755.55,0,Shipped,USD,Japan,2026-08-12 09:25:20
SO000002330,CUST0000375,MAT000975,2025-01-18,17.0,280.55,4769.35,10,Completed,USD,UK,2026-08-11 21:25:20
SO000002331,CUST0002560,MAT001050,2024-10-19,19.0,565.12,10737.28,10,Completed,USD,Japan,2026-08-11 14:25:20
SO000002332,CUST0002740,MAT001035,2025-08-22,17.0,161.34,2742.78,20,Shipped,USD,France,2026-08-12 17:25:20
SO000002333,CUST0002878,MAT000477,2026-01-11,13.0,660.86,8591.18,5,Returned,USD,China,2026-08-11 13:25:20
SO000002334,CUST0000100,MAT000386,2025-09-11,21.0,277.87,5835.27,20,Completed,EUR,India,2026-08-11 13:25:20
SO000002335,CUST0003896,MAT000290,2026-02-11,2.0,442.04,884.08,0,Completed,INR,Mexico,2026-08-11 12:25:20
SO000002336,CUST0004711,MAT001182,2026-03-26,9.0,591.08,5319.72,15,Completed,USD,USA,2026-08-12 16:25:20
SO000002337,CUST0001527,MAT000396,2024-11-20,16.0,491.54,7864.64,10,Completed,USD,Australia,2026-08-11 23:25:20
SO000002338,CUST0002227,MAT000945,2023-03-16,18.0,597.7,10758.6,0,Completed,USD,India,2026-08-12 14:25:20
SO000002339,CUST0005116,MAT000755,2024-04-19,13.0,293.72,3818.36,0,Completed,USD,Singapore,2026-08-12 03:25:20
SO000002340,CUST0006510,MAT001004,2025-06-20,21.0,867.29,18213.09,0,Completed,GBP,France,2026-08-12 15:25:20
SO000002341,CUST0004107,MAT001099,2024-04-10,13.0,415.8,5405.4,10,Shipped,USD,Brazil,2026-08-11 16:25:20
SO000002342,CUST0004308,MAT001074,2023-05-07,19.0,293.13,5569.47,20,Completed,USD,Brazil,2026-08-12 06:25:20
SO000002343,CUST0002336,MAT000599,2025-12-14,25.0,270.27,6756.75,20,Completed,AED,Singapore,2026-08-12 07:25:20
SO000002344,CUST0007870,MAT000266,2024-11-18,23.0,43.21,993.83,0,Completed,USD,UK,2026-08-11 18:25:20
SO000002345,CUST0007899,MAT000720,2024-10-20,5.0,617.9,3089.5,0,Completed,USD,Singapore,2026-08-12 12:25:20
SO000002346,CUST0000417,MAT001115,2026-03-25,23.0,239.95,5518.85,20,Completed,USD,Mexico,2026-08-12 03:25:20
SO000002347,CUST0007120,MAT000839,2023-04-14,22.0,863.24,18991.28,0,Completed,USD,USA,2026-08-11 12:25:20
SO000002348,CUST0001630,MAT000512,2023-09-30,4.0,193.35,773.4,20,Completed,AED,Japan,2026-08-11 18:25:20
SO000002349,CUST0001716,MAT000828,2024-03-02,2.0,478.89,957.78,0,Shipped,EUR,Japan,2026-08-11 16:25:20
SO000002350,CUST0002826,MAT001075,2025-05-28,15.0,663.25,9948.75,0,Completed,EUR,USA,2026-08-12 09:25:20
SO000002351,CUST0004128,MAT001088,2025-12-02,8.0,783.75,6270.0,0,Completed,GBP,Australia,2026-08-11 22:25:20
SO000002352,CUST0000936,MAT000899,2024-10-10,1.0,145.03,145.03,5,Cancelled,USD,Brazil,2026-08-12 09:25:20
SO000002353,CUST0005852,MAT000952,2023-05-14,18.0,886.93,15964.74,20,Completed,USD,Australia,2026-08-12 06:25:20
SO000002354,CUST0005518,MAT000708,2023-05-28,8.0,816.54,6532.32,0,Completed,INR,France,2026-08-12 13:25:20
SO000002355,CUST0004628,MAT000833,2025-07-06,7.0,866.75,6067.25,20,Completed,USD,Saudi Arabia,2026-08-11 17:25:20
SO000002356,CUST0004492,MAT000797,2024-02-23,18.0,768.14,13826.52,5,Completed,AED,USA,2026-08-11 14:25:20
SO000002357,CUST0007948,MAT000934,2026-01-28,23.0,790.51,18181.73,20,Completed,USD,Singapore,2026-08-11 23:25:20
SO000002358,CUST0002106,MAT000251,2025-08-22,14.0,540.95,7573.3,0,Pending,USD,Japan,2026-08-11 14:25:20
SO000002359,CUST0005002,MAT001132,2025-11-08,5.0,761.55,3807.75,0,Pending,USD,Mexico,2026-08-12 14:25:20
SO000002360,CUST0003954,MAT000071,2024-08-24,20.0,482.94,9658.8,0,Completed,EUR,Japan,2026-08-11 13:25:20
SO000002361,CUST0006238,MAT000744,2025-05-02,5.0,486.7,2433.5,0,Completed,USD,Singapore,2026-08-11 14:25:20
SO000002362,CUST0005522,MAT000485,2023-08-14,13.0,508.51,6610.63,5,Completed,USD,Germany,2026-08-12 04:25:20
SO000002363,CUST0001152,MAT000629,2026-08-07,16.0,896.7,14347.2,20,Completed,EUR,Australia,2026-08-12 10:25:20
SO000002364,CUST0000976,MAT000733,2023-06-26,7.0,98.43,689.01,0,Completed,USD,UK,2026-08-11 12:25:20
SO000002365,CUST0004911,MAT000071,2026-07-24,1.0,726.02,726.02,0,Completed,AED,Australia,2026-08-12 18:25:20
SO000002366,CUST0007835,MAT000751,2025-09-06,21.0,249.61,5241.81,20,Pending,AED,Germany,2026-08-12 00:25:20
SO000002367,CUST0005587,MAT000270,2026-09-05,14.0,328.3,4596.2,0,Shipped,USD,Germany,2026-08-12 17:25:20
SO000002368,CUST0004069,MAT001034,2024-04-24,21.0,77.08,1618.68,5,Completed,EUR,Saudi Arabia,2026-08-12 10:25:20
SO000002369,CUST0001209,MAT000565,2025-04-04,4.0,319.66,1278.64,0,Completed,USD,Saudi Arabia,2026-08-12 03:25:20
SO000002370,CUST0004998,MAT001097,2023-09-09,23.0,891.73,20509.79,0,Completed,GBP,Canada,2026-08-11 21:25:20
SO000002371,CUST0003455,MAT000060,2024-02-12,2.0,360.38,720.76,10,Shipped,EUR,Australia,2026-08-11 18:25:20
SO000002372,CUST0005522,MAT000762,2025-04-04,8.0,604.37,4834.96,15,Completed,USD,South Africa,2026-08-12 18:25:20
SO000002373,CUST0007036,MAT000349,2023-07-13,12.0,113.04,1356.48,0,Returned,JPY,Saudi Arabia,2026-08-12 18:25:20
SO000002374,CUST0006621,MAT000580,2023-04-24,6.0,830.64,4983.84,5,Pending,USD,South Africa,2026-08-12 03:25:20
SO000002375,CUST0004472,MAT000208,2023-12-12,23.0,745.83,17154.09,10,Completed,USD,Germany,2026-08-12 10:25:20
SO000002376,CUST0007680,MAT000765,2024-06-09,5.0,350.73,1753.65,15,Completed,GBP,Australia,2026-08-11 21:25:20
SO000002377,CUST0000699,MAT000978,2025-10-19,17.0,316.87,5386.79,0,Cancelled,USD,Canada,2026-08-11 19:25:20
SO000002378,CUST0002247,MAT000328,2025-08-31,14.0,391.88,5486.32,0,Shipped,USD,Singapore,2026-08-12 18:25:20
SO000002379,CUST0003914,MAT000869,2023-11-05,3.0,364.13,1092.39,15,Completed,USD,Germany,2026-08-11 15:25:20
SO000002380,CUST0002565,MAT000113,2023-10-12,3.0,235.96,707.88,0,Completed,INR,India,2026-08-11 22:25:20
SO000002381,CUST0000986,MAT000250,2024-06-23,3.0,891.81,2675.43,0,Shipped,USD,France,2026-08-12 08:25:20
SO000002382,CUST0002765,MAT001031,2024-01-17,1.0,730.44,730.44,0,Shipped,USD,Canada,2026-08-11 20:25:20
SO000002383,CUST0001042,MAT000554,2024-06-03,12.0,244.79,2937.48,0,Completed,JPY,France,2026-08-11 16:25:20
SO000002384,CUST0003339,MAT000682,2024-05-21,15.0,883.64,13254.6,0,Completed,USD,Japan,2026-08-11 21:25:20
SO000002385,CUST0003859,MAT001062,2024-04-25,6.0,18.9,113.4,15,Completed,GBP,Singapore,2026-08-12 11:25:20
SO000002386,CUST0005832,MAT000780,2025-06-22,15.0,396.92,5953.8,20,Completed,EUR,Singapore,2026-07-30 21:25:32
SO000002387,CUST0001669,MAT000611,2023-10-28,12.0,514.69,6176.28,15,Shipped,USD,Canada,2026-08-12 12:25:20
SO000002388,CUST0006637,MAT000649,2025-10-22,18.0,38.64,695.52,20,Completed,USD,UAE,2026-08-12 07:25:20
SO000002389,CUST0007552,MAT000718,2023-10-03,9.0,149.13,1342.17,10,Completed,USD,USA,2026-08-11 14:25:20
SO000002390,CUST0006157,MAT001035,2025-08-25,4.0,236.03,944.12,0,Completed,USD,Canada,2026-08-11 15:25:20
SO000002391,CUST0004553,MAT001071,2023-02-24,10.0,649.6,6496.0,20,Cancelled,AED,Canada,2026-08-11 20:25:20
SO000002392,CUST0001486,MAT000135,2023-09-25,13.0,846.07,10998.91,0,Completed,EUR,Australia,2026-08-12 18:25:20
SO000002393,CUST0003483,MAT000243,2023-04-10,23.0,563.96,12971.08,20,Completed,EUR,South Africa,2026-08-12 06:25:20
SO000002394,CUST0003864,MAT000548,2025-05-06,,508.58,11697.34,10,Completed,USD,Germany,2026-08-12 09:25:20
SO000002395,CUST0004681,MAT000399,2023-08-03,14.0,485.4,6795.6,20,Completed,EUR,Germany,2026-08-11 20:25:20
SO000002396,CUST0006875,MAT000623,2026-01-18,8.0,318.88,2551.04,0,Completed,USD,USA,2026-08-12 01:25:20
SO000002397,CUST0002799,MAT000901,2024-09-05,16.0,745.8,11932.8,0,Completed,USD,UAE,2026-08-12 05:25:20
SO000002398,CUST0002391,MAT001069,2026-03-24,23.0,488.99,11246.77,5,Completed,USD,Mexico,2026-08-12 10:25:20
SO000002399,CUST0006384,MAT000804,2026-04-17,13.0,210.94,2742.22,0,Completed,USD,Australia,2026-08-12 15:25:20
SO000002400,CUST0002665,MAT001092,2026-05-04,20.0,127.46,2549.2,5,Completed,EUR,Mexico,2026-08-11 22:25:20
SO000002401,CUST0005172,MAT000327,2025-03-05,7.0,887.03,6209.21,0,Completed,EUR,India,2026-08-12 13:25:20
SO000002402,CUST0000160,MAT000580,2025-11-15,5.0,20.64,103.2,0,Completed,AED,UAE,2026-08-12 14:25:20
SO000002403,CUST0000576,MAT000923,2024-02-29,18.0,840.43,15127.74,0,Completed,EUR,Singapore,2026-08-11 23:25:20
SO000002404,CUST0007991,MAT000911,2024-05-03,24.0,200.38,4809.12,0,Shipped,USD,Saudi Arabia,2026-08-12 03:25:20
SO000002405,CUST0000807,MAT000701,2023-11-29,11.0,593.51,6528.61,10,Cancelled,JPY,Brazil,2026-08-11 23:25:20
SO000002406,CUST0007507,MAT000817,2025-08-31,8.0,274.87,2198.96,10,Completed,USD,India,2026-08-12 00:25:20
SO000002407,CUST0003651,MAT000362,2025-12-01,4.0,774.53,3098.12,10,Shipped,USD,Australia,2026-08-11 15:25:20
SO000002408,CUST0004376,MAT000513,2023-03-18,0.0,491.38,7370.7,0,Shipped,USD,Canada,2026-08-12 00:25:20
SO000002409,CUST0000168,MAT001125,2024-12-27,21.0,131.25,2756.25,5,Shipped,USD,Brazil,2026-08-11 12:25:20
SO000002410,CUST0006202,MAT001057,2025-06-10,23.0,246.5,5669.5,5,Completed,USD,Brazil,2026-08-12 03:25:20
SO000002411,CUST0000498,MAT000191,2024-11-06,23.0,291.69,6708.87,15,Shipped,INR,South Africa,2026-08-11 21:25:20
SO000002412,CUST0001092,MAT001010,2023-03-23,20.0,797.9,15958.0,15,Pending,USD,China,2026-08-11 14:25:20
SO000002413,CUST0005338,MAT000321,2023-03-13,2.0,691.23,1382.46,15,Completed,USD,Saudi Arabia,2026-08-12 01:25:20
SO000002414,CUST0006637,MAT001075,2026-05-05,2.0,747.48,1494.96,10,Completed,USD,UAE,2026-08-11 13:25:20
SO000002415,CUST0005854,MAT000504,2026-01-20,6.0,51.77,310.62,0,Completed,USD,India,2026-08-12 04:25:20
SO000002416,CUST0005703,MAT000163,2023-12-02,19.0,523.01,9937.19,0,Cancelled,JPY,Mexico,2026-08-12 16:25:20
SO000002417,CUST0007303,MAT000143,2025-01-28,8.0,899.26,7194.08,15,Completed,EUR,UK,2026-08-11 20:25:20
SO000002418,CUST0004045,MAT000116,2025-06-29,,707.75,4954.25,5,Completed,USD,India,2026-08-11 22:25:20
SO000002419,CUST0006583,MAT000310,2025-10-14,5.0,113.03,565.15,0,Cancelled,USD,South Africa,2026-08-12 18:25:20
SO000002420,CUST0006762,MAT001161,2026-04-05,25.0,612.54,15313.5,5,Completed,USD,China,2026-08-12 16:25:20
SO000002421,CUST0003537,MAT000298,2024-04-21,19.0,672.06,12769.14,0,Pending,USD,India,2026-08-11 21:25:20
SO000002422,CUST0002845,MAT000747,2024-11-12,23.0,465.25,10700.75,15,Completed,USD,China,2026-08-12 05:25:20
SO000002423,CUST0007294,MAT001053,2023-09-09,4.0,75.48,301.92,0,Pending,AED,USA,2026-08-11 15:25:20
SO000002424,CUST0002931,MAT000859,2024-10-18,22.0,36.04,792.88,0,Completed,USD,Mexico,2026-08-11 21:25:20
SO000002425,CUST0002065,MAT000042,2025-09-14,24.0,844.34,20264.16,0,Completed,INR,Germany,2026-08-12 02:25:20
SO000002426,CUST0003758,MAT000324,2026-10-05,1.0,235.47,235.47,5,Shipped,USD,Mexico,2026-08-12 12:25:20
SO000002427,CUST0001862,MAT000721,2026-06-22,21.0,344.18,7227.78,20,Completed,USD,Japan,2026-08-12 09:25:20
SO000002428,CUST0002054,MAT001135,2023-09-23,8.0,716.77,5734.16,15,Completed,EUR,Canada,2026-08-11 19:25:20
SO000002429,CUST0003863,MAT000129,2023-03-17,13.0,621.89,8084.57,0,Completed,INR,Mexico,2026-08-11 17:25:20
SO000002430,CUST0007811,MAT000251,2026-01-22,14.0,871.87,12206.18,10,Pending,AED,Japan,2026-08-12 12:25:20
SO000002431,CUST0004786,MAT000704,2024-06-17,7.0,88.09,616.63,0,Completed,INR,China,2026-08-11 20:25:20
SO000002432,CUST0005654,MAT000160,2023-10-01,18.0,637.69,11478.42,0,Completed,USD,Japan,2026-08-12 10:25:20
SO000002433,CUST0006179,MAT000128,2025-01-23,18.0,78.59,1414.62,10,Completed,USD,Singapore,2026-08-11 23:25:20
SO000002434,CUST0006024,MAT000190,2026-03-08,7.0,5.15,36.05,20,Completed,EUR,Germany,2026-08-12 14:25:20
SO000002435,CUST0001910,MAT000394,2024-10-31,4.0,112.61,450.44,10,Cancelled,USD,India,2026-08-11 12:25:20
SO000002436,CUST0001151,MAT000388,2024-05-19,10.0,556.97,5569.7,0,Completed,USD,Singapore,2026-08-11 19:25:20
SO000002437,CUST0005966,MAT001161,2024-05-15,18.0,610.19,10983.42,15,Completed,USD,Germany,2026-08-12 12:25:20
SO000002438,CUST0003652,MAT001068,2025-09-23,7.0,397.31,2781.17,15,Shipped,USD,Japan,2026-08-12 17:25:20
SO000002439,CUST0002674,MAT001126,2023-11-27,20.0,46.23,924.6,15,Pending,EUR,Japan,2026-08-11 23:25:20
SO000002440,CUST0005659,MAT000696,2026-03-10,24.0,572.48,13739.52,10,Completed,JPY,Japan,2026-08-12 18:25:20
SO000002441,CUST0002650,MAT000685,2023-05-17,12.0,81.81,981.72,0,Completed,USD,France,2026-08-12 14:25:20
SO000002442,CUST0006928,MAT000375,2025-08-05,7.0,131.85,922.95,0,Completed,USD,France,2026-08-12 04:25:20
SO000002443,CUST0000313,MAT000570,2025-12-09,16.0,463.76,7420.16,0,Completed,USD,South Africa,2026-08-11 22:25:20
SO000002444,CUST0000368,MAT000556,2026-01-12,20.0,309.63,6192.6,0,Completed,EUR,South Africa,2026-08-11 22:25:20
SO000002445,CUST0002213,MAT000908,2025-05-14,7.0,420.95,2946.65,0,Completed,USD,Saudi Arabia,2026-08-11 23:25:20
SO000002446,CUST0004689,MAT000491,2025-11-11,1.0,573.39,573.39,0,Shipped,GBP,Canada,2026-08-12 11:25:20
SO000002447,CUST0006882,MAT000019,2024-02-12,15.0,148.21,2223.15,5,Pending,INR,Brazil,2026-08-12 15:25:20
SO000002448,CUST0004803,MAT000201,2025-10-06,20.0,804.31,16086.2,10,Completed,GBP,China,2026-08-12 00:25:20
SO000002449,CUST0007333,MAT000918,2024-03-19,4.0,505.73,2022.92,0,Completed,GBP,China,2026-08-11 19:25:20
SO000002450,CUST0000571,MAT000468,2025-05-14,6.0,24.77,148.62,20,Pending,INR,UAE,2026-08-12 03:25:20
SO000002451,CUST0004263,MAT000579,2023-05-28,19.0,567.47,10781.93,0,Completed,USD,Canada,2026-08-12 15:25:20
SO000002452,CUST0001806,MAT001039,2025-11-06,14.0,419.55,5873.7,10,Completed,GBP,Japan,2026-08-12 06:25:20
SO000002453,CUST0003551,MAT000062,2025-08-25,1.0,632.97,632.97,10,Shipped,USD,Saudi Arabia,2026-08-12 00:25:20
SO000002454,CUST0002637,MAT001016,2023-11-23,25.0,706.71,17667.75,0,Completed,USD,UAE,2026-08-11 19:25:20
SO000002455,CUST0004159,MAT000525,2024-12-18,23.0,845.27,19441.21,20,Completed,USD,Japan,2026-08-11 21:25:20
SO000002456,CUST0000607,MAT000080,2024-12-16,7.0,898.52,6289.64,15,Pending,USD,Germany,2026-08-12 09:25:20
SO000002457,CUST0004071,MAT000586,2026-03-13,6.0,496.91,2981.46,20,Completed,AED,Germany,2026-08-12 17:25:20
SO000002458,CUST0005630,MAT001106,2023-05-16,25.0,507.55,12688.75,0,Completed,EUR,South Africa,2026-08-11 17:25:20
SO000002459,CUST0006937,MAT000476,2024-07-07,0.0,25.09,301.08,5,Completed,AED,Brazil,2026-08-11 21:25:20
SO000002460,CUST0000217,MAT000962,2023-12-12,13.0,779.33,10131.29,5,Pending,AED,Singapore,2026-08-12 08:25:20
SO000002461,CUST0006928,MAT000511,2024-04-06,20.0,30.7,614.0,5,Completed,GBP,Brazil,2026-08-12 00:25:20
SO000002462,CUST0000641,MAT000903,2026-01-31,1.0,571.24,571.24,15,Shipped,USD,Canada,2026-08-12 08:25:20
SO000002463,CUST0001524,MAT000285,2025-07-15,8.0,93.23,745.84,5,Pending,GBP,Mexico,2026-08-12 14:25:20
SO000002464,CUST0007461,MAT000848,2024-02-13,25.0,260.83,6520.75,10,Cancelled,USD,China,2026-08-12 15:25:20
SO000002465,CUST0003116,MAT001152,2023-05-10,7.0,130.59,914.13,20,Returned,AED,UAE,2026-08-12 02:25:20
SO000002466,CUST0000850,MAT001009,2025-11-04,4.0,127.97,511.88,0,Shipped,USD,Australia,2026-08-12 08:25:20
SO000002467,CUST0000102,MAT000385,2024-10-05,15.0,71.77,1076.55,15,Completed,USD,UK,2026-08-12 16:25:20
SO000002468,CUST0006151,MAT000239,2024-02-14,21.0,289.5,6079.5,20,Completed,USD,Saudi Arabia,2026-08-12 06:25:20
SO000002469,CUST0000751,MAT000635,2024-06-20,10.0,384.17,3841.7,0,Completed,USD,Brazil,2026-08-12 03:25:20
SO000002470,CUST0004953,MAT001124,2024-09-12,8.0,420.7,3365.6,0,Pending,USD,China,2026-08-11 20:25:20
SO000002471,CUST0007849,MAT000173,2023-08-14,1.0,398.54,398.54,15,Completed,USD,UAE,2026-08-11 13:25:20
SO000002472,CUST0000332,MAT000832,2025-01-26,25.0,473.7,11842.5,20,Completed,USD,Singapore,2026-08-12 18:25:20
SO000002473,CUST0000209,MAT000868,2026-01-05,24.0,774.51,18588.24,5,Shipped,EUR,Germany,2026-08-12 13:25:20
SO000002474,CUST0000414,MAT000622,2023-10-06,1.0,570.46,570.46,15,Completed,USD,France,2026-08-12 04:25:20
SO000002475,CUST0007379,MAT000020,2024-06-19,6.0,20.47,122.82,10,Cancelled,JPY,Japan,2026-08-12 08:25:20
SO000002476,CUST0000398,MAT000155,2024-02-16,13.0,159.79,2077.27,5,Completed,USD,Japan,2026-08-11 23:25:20
SO000002477,CUST0001942,MAT000289,2023-04-20,1.0,317.31,317.31,10,Completed,GBP,Japan,2026-08-11 21:25:20
SO000002478,CUST0006746,MAT000907,2024-10-23,5.0,854.39,4271.95,0,Pending,USD,India,2026-08-11 23:25:20
SO000002479,CUST0002439,MAT000567,2025-02-07,10.0,74.88,748.8,0,Completed,USD,Canada,2026-08-11 19:25:20
SO000002480,CUST0007230,MAT000276,2023-02-25,,640.56,12170.64,5,Completed,USD,Japan,2026-08-12 12:25:20
SO000002481,CUST0005164,MAT000736,2025-10-06,4.0,34.62,138.48,15,Shipped,JPY,China,2026-08-11 14:25:20
SO000002482,CUST0004269,MAT000868,2023-10-06,1.0,329.47,329.47,10,Shipped,USD,Brazil,2026-08-12 00:25:20
SO000002483,CUST0004054,MAT000394,2026-09-05,18.0,694.28,12497.04,0,Completed,USD,USA,2026-08-12 03:25:20
SO000002484,CUST0002173,MAT000289,2025-04-03,0.0,312.82,5317.94,10,Completed,USD,USA,2026-08-12 15:25:20
SO000002485,CUST0003819,MAT000979,2026-09-18,9.0,390.1,3510.9,5,Pending,USD,Australia,2026-08-12 16:25:20
SO000002486,CUST0003426,MAT001055,2023-09-08,12.0,815.25,9783.0,5,Completed,USD,Mexico,2026-08-12 18:25:20
SO000002487,CUST0005485,MAT000855,2026-02-21,1.0,64.22,64.22,0,Completed,USD,Brazil,2026-08-12 18:25:20
SO000002488,CUST0007879,MAT001086,2023-09-07,23.0,477.26,10976.98,10,Completed,USD,France,2026-08-12 04:25:20
SO000002489,CUST0003326,MAT000694,2026-06-28,11.0,332.78,3660.58,0,Pending,USD,USA,2026-08-12 01:25:20
SO000002490,CUST0004427,MAT001140,2025-10-22,11.0,867.61,9543.71,0,Completed,USD,Canada,2026-08-11 13:25:20
SO000002491,CUST0006543,MAT001175,2024-02-24,1.0,715.35,715.35,0,Pending,EUR,USA,2026-08-12 02:25:20
SO000002492,CUST0005352,MAT000612,2026-02-15,5.0,114.26,571.3,10,Shipped,USD,Mexico,2026-08-12 09:25:20
SO000002493,CUST0003440,MAT000322,2023-04-25,18.0,835.03,15030.54,5,Completed,EUR,Germany,2026-08-12 14:25:20
SO000002494,CUST0001376,MAT000205,2025-01-20,25.0,194.04,4851.0,5,Completed,JPY,South Africa,2026-08-12 12:25:20
SO000002495,CUST0004956,MAT000996,2025-05-11,17.0,80.91,1375.47,0,Completed,USD,Germany,2026-08-12 02:25:20
SO000002496,CUST0000783,MAT000703,2024-07-30,16.0,489.73,7835.68,0,Cancelled,GBP,Saudi Arabia,2026-08-11 22:25:20
SO000002497,CUST0004971,MAT000730,2024-10-28,15.0,664.29,9964.35,0,Completed,GBP,Japan,2026-08-12 11:25:20
SO000002498,CUST0002969,MAT000064,2025-06-11,12.0,645.87,7750.44,15,Cancelled,USD,Saudi Arabia,2026-08-12 00:25:20
SO000002499,CUST0006674,MAT000062,2025-08-23,21.0,482.98,10142.58,20,Completed,USD,UK,2026-08-12 00:25:20
SO000002500,CUST0003973,MAT001165,2023-09-28,23.0,446.0,10258.0,20,Completed,INR,UK,2026-08-11 13:25:20
SO000002501,CUST0001521,MAT000253,2023-10-23,8.0,872.74,6981.92,15,Shipped,INR,USA,2026-08-11 21:25:20
SO000002502,CUST0001882,MAT000320,2026-07-23,,739.4,15527.4,15,Completed,USD,Japan,2026-08-11 23:25:20
SO000002503,CUST0005942,MAT000971,2023-05-02,22.0,630.28,13866.16,0,Returned,GBP,USA,2026-08-12 17:25:20
SO000002504,CUST0005203,MAT000722,2023-10-12,2.0,179.71,359.42,5,Pending,USD,Saudi Arabia,2026-08-11 16:25:20
SO000002505,CUST0004295,MAT000589,2023-08-12,1.0,738.69,738.69,20,Pending,GBP,South Africa,2026-08-11 21:25:20
SO000002506,CUST0005664,MAT001016,2025-08-28,22.0,676.05,14873.1,15,Completed,USD,UK,2026-08-12 11:25:20
SO000002507,CUST0004501,MAT000805,2024-01-28,22.0,892.86,19642.92,15,Completed,USD,India,2026-08-11 19:25:20
SO000002508,CUST0002421,MAT000298,2023-08-27,15.0,124.03,1860.45,10,Completed,JPY,Singapore,2026-08-11 21:25:20
SO000002509,CUST0003861,MAT000329,2023-12-13,17.0,645.19,10968.23,15,Shipped,USD,Mexico,2026-08-12 10:25:20
SO000002510,CUST0005769,MAT000458,2025-03-22,20.0,881.28,17625.6,0,Completed,GBP,Singapore,2026-08-12 13:25:20
SO000002511,CUST0006046,MAT000435,2026-02-09,2.0,419.02,838.04,20,Cancelled,USD,Brazil,2026-08-11 14:25:20
SO000002512,CUST0000728,MAT001191,2023-06-19,17.0,661.4,11243.8,0,Completed,USD,South Africa,2026-08-12 03:25:20
SO000002513,CUST0002453,MAT000654,2024-11-05,23.0,877.96,20193.08,0,Shipped,GBP,Australia,2026-08-12 12:25:20
SO000002514,CUST0004062,MAT000020,2023-02-19,9.0,495.0,4455.0,0,Cancelled,USD,Germany,2026-07-30 15:25:32
SO000002515,CUST0006932,MAT000792,2023-11-24,18.0,630.64,11351.52,5,Completed,USD,India,2026-08-11 14:25:20
SO000002516,CUST0004948,MAT000258,2025-10-02,16.0,22.98,367.68,15,Completed,INR,Brazil,2026-08-12 11:25:20
SO000002517,CUST0005553,MAT000146,2024-04-03,23.0,470.1,10812.3,15,Cancelled,USD,France,2026-08-12 00:25:20
SO000002518,CUST0000170,MAT000500,2025-06-03,23.0,233.94,5380.62,0,Completed,USD,Japan,2026-08-11 23:25:20
SO000002519,CUST0004010,MAT000303,2026-04-23,21.0,122.46,2571.66,0,Completed,USD,USA,2026-08-11 13:25:20
SO000002520,CUST0000683,MAT001111,2024-12-15,12.0,639.2,7670.4,0,Completed,GBP,Saudi Arabia,2026-08-12 10:25:20
SO000002521,CUST0002347,MAT001057,2025-09-22,1.0,39.99,39.99,0,Pending,USD,South Africa,2026-08-12 03:25:20
SO000002522,CUST0000799,MAT000991,2024-07-02,16.0,814.85,13037.6,0,Completed,INR,Saudi Arabia,2026-08-11 16:25:20
SO000002523,CUST0006311,MAT000972,2026-09-21,6.0,468.41,2810.46,0,Completed,USD,Germany,2026-08-11 14:25:20
SO000002524,CUST0003961,MAT000509,2025-03-23,5.0,585.17,2925.85,0,Completed,USD,China,2026-08-12 06:25:20
SO000002525,CUST0001237,MAT000103,2025-08-04,,231.82,1390.92,5,Cancelled,AED,Brazil,2026-08-12 11:25:20
SO000002526,CUST0001001,MAT001092,2025-01-18,17.0,168.06,2857.02,20,Completed,JPY,Australia,2026-08-12 15:25:20
SO000002527,CUST0007702,MAT001068,2025-06-10,5.0,223.16,1115.8,0,Completed,USD,India,2026-08-12 12:25:20
SO000002528,CUST0004760,MAT000541,2026-01-05,16.0,212.9,3406.4,0,Completed,USD,Mexico,2026-08-12 09:25:20
SO000002529,CUST0004797,MAT000118,2026-04-23,7.0,778.73,5451.11,20,Completed,USD,Saudi Arabia,2026-08-12 00:25:20
SO000002530,CUST0006350,MAT000321,2025-04-18,8.0,709.67,5677.36,0,Completed,EUR,USA,2026-08-12 10:25:20
SO000002531,CUST0000914,MAT000038,2025-01-28,10.0,768.2,7682.0,0,Shipped,JPY,Japan,2026-08-11 23:25:20
SO000002532,CUST0003194,MAT000023,2023-05-24,20.0,662.71,13254.2,0,Completed,USD,South Africa,2026-08-12 13:25:20
SO000002533,CUST0004516,MAT000798,2025-10-19,11.0,580.98,6390.78,15,Shipped,USD,Japan,2026-08-12 18:25:20
SO000002534,CUST0006468,MAT001007,2024-02-03,10.0,477.45,4774.5,0,Shipped,GBP,China,2026-08-11 16:25:20
SO000002535,CUST0001019,MAT000048,2025-08-08,4.0,242.61,970.44,5,Completed,USD,UAE,2026-08-12 08:25:20
SO000002536,CUST0006935,MAT000077,2023-12-19,14.0,636.3,8908.2,0,Completed,USD,Canada,2026-08-12 10:25:20
SO000002537,CUST0007261,MAT000845,2024-08-23,5.0,127.24,636.2,0,Completed,INR,India,2026-08-12 07:25:20
SO000002538,CUST0003993,MAT001175,2025-05-31,13.0,462.4,6011.2,20,Completed,USD,Mexico,2026-08-12 12:25:20
SO000002539,CUST0002453,MAT000468,2024-08-29,23.0,179.77,4134.71,0,Completed,AED,Singapore,2026-08-11 19:25:20
SO000002540,CUST0003115,MAT000345,2024-04-19,13.0,456.76,5937.88,15,Shipped,USD,Australia,2026-08-12 11:25:20
SO000002541,CUST0003658,MAT001126,2025-05-25,4.0,268.05,1072.2,0,Returned,USD,France,2026-08-11 12:25:20
SO000002542,CUST0002896,MAT001011,2025-10-14,25.0,52.86,1321.5,5,Completed,GBP,Saudi Arabia,2026-08-12 10:25:20
SO000002543,CUST0000468,MAT000518,2026-06-22,12.0,455.82,5469.84,20,Completed,GBP,South Africa,2026-08-11 22:25:20
SO000002544,CUST0004902,MAT000342,2024-12-15,3.0,167.74,503.22,15,Cancelled,INR,South Africa,2026-08-12 15:25:20
SO000002545,CUST0000712,MAT000711,2025-02-03,14.0,149.23,2089.22,0,Returned,AED,UK,2026-08-11 23:25:20
SO000002546,CUST0007046,MAT000289,2025-07-21,0.0,349.01,7678.22,10,Completed,USD,UK,2026-08-12 10:25:20
SO000002547,CUST0005581,MAT001125,2023-01-23,25.0,328.8,8220.0,15,Completed,USD,South Africa,2026-08-11 23:25:20
SO000002548,CUST0001793,MAT000408,2026-02-12,8.0,780.93,6247.44,10,Completed,GBP,UK,2026-08-11 22:25:20
SO000002549,CUST0007775,MAT000950,2026-02-21,13.0,510.35,6634.55,15,Cancelled,EUR,India,2026-08-12 12:25:20
SO000002550,CUST0006932,MAT000222,2024-06-25,3.0,769.84,2309.52,0,Completed,JPY,Germany,2026-08-11 20:25:20
SO000002551,CUST0006879,MAT000924,2025-12-08,11.0,136.42,1500.62,0,Completed,USD,USA,2026-08-11 16:25:20
SO000002552,CUST0007381,MAT000137,2023-06-01,25.0,324.79,8119.75,10,Completed,USD,China,2026-08-12 11:25:20
SO000002553,CUST0007168,MAT000856,2026-01-20,11.0,502.02,5522.22,0,Shipped,USD,Saudi Arabia,2026-08-11 22:25:20
SO000002554,CUST0007791,MAT000636,2025-08-08,14.0,142.05,1988.7,0,Completed,USD,Mexico,2026-08-12 09:25:20
SO000002555,CUST0004786,MAT000979,2024-01-26,17.0,119.61,2033.37,20,Completed,USD,Canada,2026-08-12 16:25:20
SO000002556,CUST0006785,MAT000128,2024-12-31,,596.95,2984.75,0,Completed,USD,South Africa,2026-08-12 03:25:20
SO000002557,CUST0003467,MAT000845,2025-09-13,17.0,590.18,10033.06,5,Shipped,USD,Japan,2026-08-12 06:25:20
SO000002558,CUST0006230,MAT000781,2024-08-16,12.0,214.57,2574.84,0,Completed,USD,Germany,2026-08-12 12:25:20
SO000002559,CUST0001007,MAT000094,2025-06-17,21.0,208.28,4373.88,20,Completed,USD,Germany,2026-08-12 16:25:20
SO000002560,CUST0000328,MAT000962,2025-06-27,15.0,672.17,10082.55,0,Completed,USD,Brazil,2026-08-12 05:25:20
SO000002561,CUST0002161,MAT000163,2026-09-23,10.0,109.7,1097.0,0,Completed,GBP,UAE,2026-08-12 03:25:20
SO000002562,CUST0006687,MAT001165,2026-01-02,18.0,831.32,14963.76,0,Completed,GBP,USA,2026-08-11 23:25:20
SO000002563,CUST0004992,MAT000404,2024-11-09,6.0,849.65,5097.9,0,Completed,USD,Brazil,2026-08-12 02:25:20
SO000002564,CUST0003718,MAT000734,2024-11-28,10.0,784.54,7845.4,15,Completed,AED,USA,2026-08-12 18:25:20
SO000002565,CUST0002345,MAT000973,2024-12-25,0.0,193.56,4258.32,10,Completed,AED,Canada,2026-08-12 14:25:20
SO000002566,CUST0006452,MAT001063,2023-02-09,18.0,20.04,360.72,5,Completed,USD,South Africa,2026-08-11 14:25:20
SO000002567,CUST0000987,MAT000803,2024-02-06,18.0,843.34,15180.12,5,Completed,USD,Japan,2026-08-12 12:25:20
SO000002568,CUST0000440,MAT000212,2025-01-30,7.0,312.85,2189.95,0,Shipped,EUR,UK,2026-08-11 15:25:20
SO000002569,CUST0006447,MAT000920,2026-02-13,1.0,282.82,282.82,0,Pending,USD,South Africa,2026-08-12 17:25:20
SO000002570,CUST0004169,MAT001092,2025-04-15,7.0,239.2,1674.4,20,Completed,EUR,France,2026-08-12 16:25:20
SO000002571,CUST0004925,MAT000788,2023-10-15,18.0,223.86,4029.48,0,Pending,AED,France,2026-08-12 10:25:20
SO000002572,CUST0003593,MAT000577,2025-03-07,20.0,662.43,13248.6,0,Shipped,USD,UK,2026-08-12 11:25:20
SO000002573,CUST0001377,MAT000130,2026-01-15,7.0,817.56,5722.92,10,Completed,USD,Japan,2026-08-11 14:25:20
SO000002574,CUST0007300,MAT000706,2024-02-07,17.0,708.52,12044.84,10,Completed,USD,UK,2026-08-11 20:25:20
SO000002575,CUST0002191,MAT000231,2026-05-30,12.0,608.33,7299.96,0,Completed,GBP,India,2026-08-12 11:25:20
SO000002576,CUST0000813,MAT001114,2026-04-07,6.0,262.54,1575.24,5,Completed,EUR,Japan,2026-08-11 22:25:20
SO000002577,CUST0002998,MAT000845,2025-11-15,16.0,494.53,7912.48,15,Pending,USD,Mexico,2026-08-12 04:25:20
SO000002578,CUST0005750,MAT000415,2025-08-10,23.0,217.09,4993.07,10,Shipped,EUR,India,2026-08-12 01:25:20
SO000002579,CUST0004266,MAT000067,2025-11-26,11.0,104.8,1152.8,15,Shipped,EUR,India,2026-08-12 05:25:20
SO000002580,CUST0002858,MAT000293,2023-08-31,13.0,112.66,1464.58,20,Pending,JPY,Australia,2026-08-11 22:25:20
SO000002581,CUST0002492,MAT001077,2025-09-01,18.0,545.37,9816.66,20,Completed,USD,Singapore,2026-08-11 13:25:20
SO000002582,CUST0007165,MAT001068,2023-02-18,4.0,39.44,157.76,0,Completed,USD,Canada,2026-08-12 02:25:20
SO000002583,CUST0002331,MAT000285,2025-02-07,10.0,876.06,8760.6,0,Shipped,USD,Saudi Arabia,2026-08-11 14:25:20
SO000002584,CUST0000414,MAT000749,2025-12-30,8.0,895.94,7167.52,0,Completed,JPY,Australia,2026-08-12 03:25:20
SO000002585,CUST0006323,MAT001133,2025-12-07,1.0,138.74,138.74,15,Completed,USD,India,2026-08-11 15:25:20
SO000002586,CUST0001418,MAT000917,2024-05-15,22.0,387.44,8523.68,10,Completed,USD,Singapore,2026-08-12 18:25:20
SO000002587,CUST0003575,MAT000934,2023-03-15,13.0,692.43,9001.59,0,Completed,USD,Brazil,2026-08-12 16:25:20
SO000002588,CUST0007168,MAT000966,2026-06-15,6.0,859.78,5158.68,20,Completed,USD,Brazil,2026-08-11 12:25:20
SO000002589,CUST0005793,MAT001104,2023-05-06,20.0,802.73,16054.6,20,Completed,USD,USA,2026-08-11 17:25:20
SO000002590,CUST0003083,MAT001174,2026-06-02,8.0,233.01,1864.08,15,Completed,USD,Germany,2026-08-12 05:25:20
SO000002591,CUST0004017,MAT000492,2025-03-29,23.0,81.25,1868.75,0,Shipped,GBP,USA,2026-08-12 16:25:20
SO000002592,CUST0006154,MAT001153,2025-09-03,7.0,263.41,1843.87,0,Completed,GBP,USA,2026-08-11 15:25:20
SO000002593,CUST0005998,MAT000291,2025-08-08,6.0,396.33,2377.98,0,Completed,USD,Canada,2026-08-12 03:25:20
SO000002594,CUST0002420,MAT000196,2026-06-20,20.0,327.14,6542.8,20,Completed,USD,UK,2026-08-11 21:25:20
SO000002595,CUST0003689,MAT000497,2024-04-03,9.0,697.61,6278.49,20,Completed,GBP,Japan,2026-08-12 06:25:20
SO000002596,CUST0002003,MAT000656,2024-08-18,14.0,235.72,3300.08,10,Completed,GBP,India,2026-08-11 18:25:20
SO000002597,CUST0006533,MAT000880,2023-10-12,9.0,773.48,6961.32,0,Completed,EUR,Singapore,2026-08-11 19:25:20
SO000002598,CUST0003479,MAT000771,2024-04-01,19.0,206.94,3931.86,0,Pending,USD,UK,2026-08-11 21:25:20
SO000002599,CUST0003156,MAT000867,2024-02-22,7.0,328.41,2298.87,10,Cancelled,EUR,UK,2026-08-12 14:25:20
SO000002600,CUST0004324,MAT000056,2023-01-20,6.0,405.79,2434.74,20,Completed,USD,Australia,2026-08-11 18:25:20
SO000002601,CUST0006779,MAT000840,2023-02-13,20.0,265.64,5312.8,20,Returned,INR,Australia,2026-08-12 12:25:20
SO000002602,CUST0000585,MAT000586,2023-05-16,15.0,690.9,10363.5,15,Completed,AED,India,2026-08-12 15:25:20
SO000002603,CUST0001311,MAT000480,2026-04-20,7.0,371.54,2600.78,0,Completed,USD,France,2026-08-12 08:25:20
SO000002604,CUST0005175,MAT000573,2026-04-09,15.0,798.89,11983.35,0,Pending,EUR,Australia,2026-08-11 14:25:20
SO000002605,CUST0002758,MAT000324,2024-05-08,25.0,867.41,21685.25,10,Shipped,EUR,China,2026-08-12 14:25:20
SO000002606,CUST0002852,MAT000044,2025-02-22,15.0,774.53,11617.95,15,Completed,USD,Singapore,2026-08-11 21:25:20
SO000002607,CUST0006224,MAT000451,2025-07-11,23.0,472.75,10873.25,15,Returned,EUR,South Africa,2026-08-12 11:25:20
SO000002608,CUST0000857,MAT000492,2024-09-24,13.0,461.28,5996.64,0,Completed,USD,USA,2026-08-11 20:25:20
SO000002609,CUST0000685,MAT000674,2024-04-09,8.0,198.21,1585.68,10,Pending,EUR,Singapore,2026-08-11 13:25:20
SO000002610,CUST0001549,MAT000274,2025-05-17,12.0,535.09,6421.08,0,Pending,USD,UK,2026-08-12 02:25:20
SO000002611,CUST0000579,MAT001035,2024-09-23,21.0,857.69,18011.49,20,Completed,USD,India,2026-08-12 09:25:20
SO000002612,CUST0002733,MAT000128,2024-05-20,22.0,77.14,1697.08,0,Shipped,USD,South Africa,2026-08-11 13:25:20
SO000002613,CUST0007703,MAT001179,2026-04-28,3.0,678.45,2035.35,15,Pending,USD,India,2026-08-12 01:25:20
SO000002614,CUST0006041,MAT000081,2025-02-20,21.0,783.24,16448.04,20,Completed,USD,Canada,2026-08-12 14:25:20
SO000002615,CUST0000920,MAT001010,2024-09-29,16.0,888.1,14209.6,0,Returned,USD,Germany,2026-08-12 09:25:20
SO000002616,CUST0006956,MAT000080,2025-06-08,18.0,304.61,5482.98,10,Cancelled,USD,UK,2026-08-12 03:25:20
SO000002617,CUST0006348,MAT000694,2026-08-04,7.0,323.24,2262.68,10,Completed,USD,Mexico,2026-08-12 03:25:20
SO000002618,CUST0005796,MAT000114,2025-06-29,7.0,210.65,1474.55,20,Shipped,EUR,UK,2026-08-12 15:25:20
SO000002619,CUST0004403,MAT000034,2025-11-11,20.0,711.21,14224.2,15,Pending,USD,South Africa,2026-08-11 13:25:20
SO000002620,CUST0004957,MAT001035,2023-10-04,7.0,130.34,912.38,15,Completed,INR,Brazil,2026-08-11 19:25:20
SO000002621,CUST0003046,MAT000501,2024-09-09,5.0,244.65,1223.25,15,Completed,USD,India,2026-08-12 06:25:20
SO000002622,CUST0004117,MAT000048,2025-07-23,8.0,269.26,2154.08,0,Pending,USD,China,2026-08-12 08:25:20
SO000002623,CUST0007875,MAT000796,2024-12-23,6.0,340.56,2043.36,10,Cancelled,AED,Australia,2026-08-11 20:25:20
SO000002624,CUST0004417,MAT000016,2025-02-05,8.0,382.39,3059.12,15,Returned,USD,Germany,2026-08-12 06:25:20
SO000002625,CUST0000971,MAT000019,2023-02-03,9.0,505.33,4547.97,15,Completed,EUR,USA,2026-08-11 16:25:20
SO000002626,CUST0006007,MAT000681,2023-08-12,1.0,853.79,853.79,0,Completed,EUR,Brazil,2026-08-12 08:25:20
SO000002627,CUST0000027,MAT000096,2026-07-02,,226.32,4073.76,15,Completed,USD,Singapore,2026-08-12 05:25:20
SO000002628,CUST0001175,MAT000921,2023-07-28,14.0,702.4,9833.6,5,Completed,USD,USA,2026-08-12 07:25:20
SO000002629,CUST0004699,MAT000502,2024-11-13,9.0,610.37,5493.33,0,Completed,USD,UK,2026-08-12 11:25:20
SO000002630,CUST0004745,MAT001016,2024-06-16,,108.86,653.16,0,Shipped,JPY,UK,2026-08-11 22:25:20
SO000002631,CUST0002666,MAT001108,2026-04-19,4.0,730.29,2921.16,10,Pending,GBP,Brazil,2026-08-11 14:25:20
SO000002632,CUST0007225,MAT001008,2024-09-25,14.0,86.1,1205.4,0,Completed,USD,India,2026-08-11 21:25:20
SO000002633,CUST0006749,MAT000767,2025-02-14,7.0,666.34,4664.38,15,Completed,USD,Saudi Arabia,2026-08-12 12:25:20
SO000002634,CUST0001514,MAT001149,2026-02-08,17.0,645.63,10975.71,10,Cancelled,EUR,Brazil,2026-08-12 03:25:20
SO000002635,CUST0004572,MAT000621,2023-08-04,23.0,622.01,14306.23,20,Cancelled,USD,Saudi Arabia,2026-08-12 11:25:20
SO000002636,CUST0005667,MAT000730,2023-10-01,17.0,252.64,4294.88,10,Completed,INR,USA,2026-08-11 21:25:20
SO000002637,CUST0005616,MAT001085,2023-11-26,7.0,518.16,3627.12,0,Completed,JPY,Singapore,2026-08-11 20:25:20
SO000002638,CUST0000313,MAT000312,2024-12-16,5.0,686.61,3433.05,0,Completed,USD,Brazil,2026-08-11 18:25:20
SO000002639,CUST0005663,MAT001059,2026-07-01,1.0,575.64,575.64,0,Completed,USD,Mexico,2026-08-12 01:25:20
SO000002640,CUST0000372,MAT001111,2025-09-06,18.0,724.85,13047.3,0,Pending,USD,India,2026-08-12 03:25:20
SO000002641,CUST0005382,MAT000001,2026-04-16,19.0,620.65,11792.35,5,Pending,USD,UAE,2026-08-11 22:25:20
SO000002642,CUST0000303,MAT000892,2023-05-25,13.0,250.63,3258.19,0,Completed,EUR,Canada,2026-08-12 04:25:20
SO000002643,CUST0007585,MAT001081,2025-12-29,22.0,141.99,3123.78,15,Pending,GBP,Australia,2026-08-11 20:25:20
SO000002644,CUST0005135,MAT000177,2025-06-08,21.0,570.62,11983.02,0,Completed,INR,Brazil,2026-08-12 02:25:20
SO000002645,CUST0003904,MAT000550,2023-10-14,6.0,684.98,4109.88,0,Pending,AED,South Africa,2026-08-12 02:25:20
SO000002646,CUST0007575,MAT000589,2024-09-15,10.0,132.38,1323.8,5,Completed,USD,Mexico,2026-08-11 18:25:20
SO000002647,CUST0007850,MAT000650,2024-09-10,20.0,161.46,3229.2,15,Completed,GBP,Singapore,2026-08-12 16:25:20
SO000002648,CUST0005575,MAT000171,2025-06-22,25.0,15.8,395.0,0,Completed,INR,Australia,2026-08-11 20:25:20
SO000002649,CUST0002535,MAT000146,2025-01-14,7.0,480.92,3366.44,5,Returned,USD,Singapore,2026-08-12 16:25:20
SO000002650,CUST0005632,MAT001110,2024-03-23,3.0,490.35,1471.05,20,Completed,USD,Australia,2026-08-12 02:25:20
SO000002651,CUST0000900,MAT000773,2025-08-27,2.0,452.57,905.14,0,Pending,USD,UAE,2026-08-12 06:25:20
SO000002652,CUST0006842,MAT000223,2023-01-23,2.0,287.83,575.66,5,Completed,USD,India,2026-08-12 02:25:20
SO000002653,CUST0005590,MAT000721,2023-05-25,14.0,387.89,5430.46,0,Returned,INR,USA,2026-08-11 22:25:20
SO000002654,CUST0006873,MAT000871,2024-08-12,2.0,690.78,1381.56,0,Completed,GBP,Mexico,2026-08-11 20:25:20
SO000002655,CUST0002359,MAT000603,2024-12-11,4.0,167.71,670.84,15,Pending,USD,UK,2026-08-12 03:25:20
SO000002656,CUST0006402,MAT000287,2026-06-27,9.0,185.39,1668.51,20,Completed,USD,Japan,2026-08-12 16:25:20
SO000002657,CUST0000903,MAT000866,2025-06-04,25.0,601.95,15048.75,0,Pending,EUR,UK,2026-08-11 21:25:20
SO000002658,CUST0002211,MAT001075,2024-05-19,5.0,780.88,3904.4,0,Shipped,USD,France,2026-08-11 20:25:20
SO000002659,CUST0004518,MAT000750,2026-06-27,4.0,309.65,1238.6,20,Returned,USD,South Africa,2026-08-12 03:25:20
SO000002660,CUST0002882,MAT001190,2026-03-30,25.0,839.81,20995.25,0,Completed,USD,Japan,2026-08-12 13:25:20
SO000002661,CUST0006385,MAT000425,2026-01-27,18.0,56.62,1019.16,0,Completed,USD,Brazil,2026-08-12 10:25:20
SO000002662,CUST0003140,MAT000900,2024-12-06,14.0,111.07,1554.98,10,Pending,EUR,Saudi Arabia,2026-08-12 14:25:20
SO000002663,CUST0006148,MAT000373,2024-09-26,21.0,416.66,8749.86,20,Completed,USD,China,2026-08-12 14:25:20
SO000002664,CUST0002702,MAT000961,2026-03-14,15.0,652.52,9787.8,0,Pending,USD,Canada,2026-08-12 08:25:20
SO000002665,CUST0006110,MAT000571,2025-05-06,7.0,336.9,2358.3,5,Completed,USD,UK,2026-08-12 15:25:20
SO000002666,CUST0001779,MAT000889,2023-01-26,14.0,501.5,7021.0,0,Completed,AED,Brazil,2026-08-12 10:25:20
SO000002667,CUST0007660,MAT000546,2025-08-10,21.0,30.57,641.97,0,Shipped,USD,UAE,2026-08-12 08:25:20
SO000002668,CUST0005464,MAT000997,2025-03-09,20.0,418.34,8366.8,10,Completed,GBP,China,2026-08-12 08:25:20
SO000002669,CUST0000552,MAT000215,2026-07-02,10.0,222.11,2221.1,10,Completed,USD,Germany,2026-08-11 20:25:20
SO000002670,CUST0001823,MAT000815,2024-03-05,20.0,467.15,9343.0,10,Pending,USD,USA,2026-08-12 16:25:20
SO000002671,CUST0002556,MAT000557,2025-10-05,4.0,475.62,1902.48,0,Cancelled,GBP,Brazil,2026-08-11 21:25:20
SO000002672,CUST0003756,MAT001016,2023-06-04,19.0,679.08,12902.52,0,Cancelled,USD,Brazil,2026-08-12 07:25:20
SO000002673,CUST0005705,MAT000805,2023-06-10,9.0,488.16,4393.44,0,Pending,INR,China,2026-08-12 04:25:20
SO000002674,CUST0006700,MAT000633,2023-06-22,17.0,554.77,9431.09,0,Completed,INR,South Africa,2026-08-12 06:25:20
SO000002675,CUST0002065,MAT000060,2024-10-28,8.0,479.03,3832.24,0,Completed,EUR,Singapore,2026-08-12 13:25:20
SO000002676,CUST0001105,MAT000948,2025-04-10,19.0,891.39,16936.41,15,Completed,EUR,USA,2026-08-12 08:25:20
SO000002677,CUST0006435,MAT000932,2024-01-05,4.0,713.5,2854.0,10,Completed,USD,South Africa,2026-08-11 21:25:20
SO000002678,CUST0001813,MAT000266,2025-06-10,,681.3,2043.9,20,Completed,USD,Saudi Arabia,2026-08-12 10:25:20
SO000002679,CUST0004692,MAT001157,2024-03-30,21.0,566.4,11894.4,15,Completed,USD,UK,2026-08-12 13:25:20
SO000002680,CUST0003662,MAT000205,2025-11-25,1.0,477.89,477.89,0,Completed,USD,China,2026-08-12 17:25:20
SO000002681,CUST0000456,MAT000852,2026-02-18,17.0,313.56,5330.52,5,Returned,AED,USA,2026-08-11 22:25:20
SO000002682,CUST0001152,MAT001153,2025-05-04,21.0,706.65,14839.65,0,Completed,USD,India,2026-08-11 22:25:20
SO000002683,CUST0002018,MAT000477,2025-03-11,9.0,174.7,1572.3,0,Shipped,USD,UK,2026-08-11 18:25:20
SO000002684,CUST0004454,MAT000330,2025-06-26,3.0,37.71,113.13,15,Completed,GBP,Japan,2026-08-12 13:25:20
SO000002685,CUST0007583,MAT000841,2024-05-16,4.0,629.86,2519.44,0,Shipped,USD,Japan,2026-08-12 04:25:20
SO000002686,CUST0007437,MAT000354,2025-02-04,10.0,134.64,1346.4,0,Completed,GBP,France,2026-08-12 01:25:20
SO000002687,CUST0007639,MAT001086,2023-05-31,14.0,813.92,11394.88,20,Completed,INR,France,2026-08-12 12:25:20
SO000002688,CUST0001338,MAT001063,2023-07-07,5.0,694.76,3473.8,5,Completed,USD,China,2026-08-11 18:25:20
SO000002689,CUST0003800,MAT000607,2023-12-11,22.0,544.01,11968.22,5,Completed,JPY,Saudi Arabia,2026-08-12 10:25:20
SO000002690,CUST0001551,MAT000980,2026-01-20,22.0,285.96,6291.12,10,Completed,USD,China,2026-08-12 07:25:20
SO000002691,CUST0004106,MAT000166,2024-07-12,0.0,575.96,575.96,15,Completed,AED,Mexico,2026-08-12 08:25:20
SO000002692,CUST0004474,MAT000017,2026-03-16,21.0,431.79,9067.59,0,Completed,USD,France,2026-08-12 04:25:20
SO000002693,CUST0000389,MAT000766,2026-06-05,21.0,265.58,5577.18,0,Completed,EUR,South Africa,2026-08-12 04:25:20
SO000002694,CUST0002772,MAT000392,2024-07-07,2.0,850.85,1701.7,5,Completed,EUR,Germany,2026-08-12 13:25:20
SO000002695,CUST0004404,MAT000607,2024-12-07,13.0,149.89,1948.57,20,Completed,EUR,Germany,2026-08-12 14:25:20
SO000002696,CUST0001136,MAT001075,2023-05-14,21.0,679.28,14264.88,5,Completed,JPY,USA,2026-08-12 01:25:20
SO000002697,CUST0001531,MAT000293,2026-01-22,4.0,721.03,2884.12,10,Completed,USD,France,2026-08-12 00:25:20
SO000002698,CUST0005721,MAT000984,2026-09-15,12.0,856.86,10282.32,15,Completed,GBP,Germany,2026-08-12 12:25:20
SO000002699,CUST0003146,MAT000907,2026-01-16,8.0,496.73,3973.84,0,Completed,AED,UAE,2026-08-12 10:25:20
SO000002700,CUST0004761,MAT000067,2026-01-19,14.0,483.71,6771.94,5,Completed,USD,Germany,2026-08-12 02:25:20
SO000002701,CUST0005536,MAT000289,2024-04-20,23.0,828.66,19059.18,15,Completed,GBP,Canada,2026-08-11 23:25:20
SO000002702,CUST0003338,MAT001024,2025-03-24,22.0,721.98,15883.56,0,Completed,EUR,Mexico,2026-08-11 15:25:20
SO000002703,CUST0002043,MAT000499,2024-12-30,,688.45,8949.85,5,Completed,USD,South Africa,2026-08-11 14:25:20
SO000002704,CUST0006268,MAT000341,2026-09-26,6.0,711.28,4267.68,0,Completed,JPY,South Africa,2026-08-11 21:25:20
SO000002705,CUST0007247,MAT001189,2025-08-24,16.0,446.4,7142.4,5,Completed,USD,Singapore,2026-08-12 09:25:20
SO000002706,CUST0001478,MAT001186,2025-11-01,11.0,42.07,462.77,0,Completed,USD,Australia,2026-08-12 14:25:20
SO000002707,CUST0001739,MAT000886,2026-08-23,3.0,182.45,547.35,15,Completed,EUR,Singapore,2026-08-12 05:25:20
SO000002708,CUST0006426,MAT000474,2025-03-03,22.0,580.48,12770.56,0,Completed,USD,South Africa,2026-08-11 13:25:20
SO000002709,CUST0002822,MAT000613,2025-02-08,3.0,359.57,1078.71,0,Completed,GBP,Singapore,2026-08-11 15:25:20
SO000002710,CUST0007058,MAT000187,2023-12-26,21.0,548.06,11509.26,0,Completed,EUR,India,2026-08-11 21:25:20
SO000002711,CUST0003658,MAT000388,2023-08-01,22.0,498.75,10972.5,10,Completed,USD,Australia,2026-08-11 22:25:20
SO000002712,CUST0004727,MAT000525,2026-03-21,5.0,397.6,1988.0,15,Completed,GBP,UAE,2026-08-11 21:25:20
SO000002713,CUST0000849,MAT000242,2025-12-24,11.0,215.08,2365.88,15,Cancelled,USD,Singapore,2026-08-12 13:25:20
SO000002714,CUST0000052,MAT000371,2024-03-11,3.0,648.47,1945.41,0,Completed,EUR,Canada,2026-08-11 21:25:20
SO000002715,CUST0005751,MAT001119,2023-01-27,19.0,818.6,15553.4,5,Completed,USD,Brazil,2026-08-12 14:25:20
SO000002716,CUST0000506,MAT000230,2026-01-30,24.0,694.12,16658.88,20,Pending,GBP,UAE,2026-08-11 19:25:20
SO000002717,CUST0005898,MAT000972,2024-04-04,1.0,112.43,112.43,20,Completed,USD,UAE,2026-08-12 03:25:20
SO000002718,CUST0001195,MAT000989,2024-01-22,17.0,486.47,8269.99,0,Completed,EUR,Japan,2026-08-12 09:25:20
SO000002719,CUST0006972,MAT000741,2026-09-06,7.0,752.65,5268.55,0,Shipped,AED,France,2026-08-11 19:25:20
SO000002720,CUST0000057,MAT000737,2024-04-08,14.0,533.93,7475.02,0,Completed,USD,Canada,2026-08-11 18:25:20
SO000002721,CUST0002629,MAT000535,2026-07-05,1.0,398.41,398.41,20,Completed,JPY,UAE,2026-08-11 21:25:20
SO000002722,CUST0001292,MAT000198,2025-07-11,23.0,259.67,5972.41,5,Completed,AED,India,2026-08-12 14:25:20
SO000002723,CUST0007608,MAT000306,2026-03-30,6.0,300.7,1804.2,0,Shipped,USD,Saudi Arabia,2026-08-12 05:25:20
SO000002724,CUST0003938,MAT000220,2026-01-09,10.0,221.73,2217.3,0,Completed,EUR,Germany,2026-08-12 14:25:20
SO000002725,CUST0003708,MAT000610,2024-05-13,0.0,180.18,180.18,15,Completed,GBP,Australia,2026-08-11 21:25:20
SO000002726,CUST0005774,MAT000787,2025-07-02,21.0,532.03,11172.63,0,Completed,INR,Canada,2026-08-11 22:25:20
SO000002727,CUST0004253,MAT000615,2025-08-08,22.0,460.9,10139.8,20,Completed,INR,Brazil,2026-08-11 23:25:20
SO000002728,CUST0006738,MAT000749,2024-01-27,12.0,662.68,7952.16,10,Completed,USD,Canada,2026-08-12 14:25:20
SO000002729,CUST0002242,MAT000110,2026-01-31,9.0,280.6,2525.4,15,Completed,USD,UK,2026-08-11 14:25:20
SO000002730,CUST0000238,MAT000711,2025-02-20,0.0,417.44,2504.64,0,Shipped,GBP,Canada,2026-08-12 01:25:20
SO000002731,CUST0000486,MAT000385,2026-07-29,17.0,613.93,10436.81,10,Pending,AED,Singapore,2026-08-12 09:25:20
SO000002732,CUST0005176,MAT000491,2025-07-23,4.0,867.09,3468.36,0,Cancelled,GBP,UAE,2026-08-11 22:25:20
SO000002733,CUST0004285,MAT000384,2025-02-16,2.0,317.24,634.48,10,Completed,USD,USA,2026-08-11 19:25:20
SO000002734,CUST0003727,MAT000646,2023-04-23,15.0,271.9,4078.5,15,Shipped,USD,Saudi Arabia,2026-08-11 15:25:20
SO000002735,CUST0007787,MAT000297,2023-11-26,3.0,407.11,1221.33,5,Completed,USD,China,2026-08-12 04:25:20
SO000002736,CUST0006781,MAT000624,2025-10-22,3.0,652.87,1958.61,10,Completed,USD,Mexico,2026-08-11 22:25:20
SO000002737,CUST0000550,MAT000817,2024-02-20,23.0,865.59,19908.57,15,Returned,AED,India,2026-08-12 02:25:20
SO000002738,CUST0007821,MAT000557,2023-09-14,14.0,485.2,6792.8,0,Cancelled,USD,Japan,2026-08-11 15:25:20
SO000002739,CUST0004804,MAT000194,2024-05-02,11.0,732.13,8053.43,0,Pending,INR,Mexico,2026-08-12 05:25:20
SO000002740,CUST0002981,MAT000937,2023-11-29,15.0,420.64,6309.6,0,Completed,AED,Canada,2026-08-11 21:25:20
SO000002741,CUST0005938,MAT001033,2024-06-07,22.0,40.67,894.74,0,Shipped,AED,India,2026-08-12 13:25:20
SO000002742,CUST0006614,MAT000486,2025-11-09,2.0,805.32,1610.64,0,Completed,GBP,USA,2026-08-11 17:25:20
SO000002743,CUST0006968,MAT000593,2025-04-13,3.0,264.44,793.32,10,Completed,EUR,Canada,2026-08-11 14:25:20
SO000002744,CUST0006084,MAT000834,2024-07-24,3.0,129.11,387.33,10,Completed,INR,USA,2026-08-12 10:25:20
SO000002745,CUST0007242,MAT001180,2026-03-31,3.0,896.56,2689.68,0,Completed,INR,India,2026-08-11 14:25:20
SO000002746,CUST0001640,MAT000298,2023-10-29,17.0,315.92,5370.64,0,Pending,EUR,Brazil,2026-08-12 04:25:20
SO000002747,CUST0004923,MAT001046,2023-01-10,3.0,127.2,381.6,0,Shipped,USD,Mexico,2026-08-11 16:25:20
SO000002748,CUST0000347,MAT001157,2025-06-07,16.0,283.83,4541.28,0,Completed,INR,India,2026-08-12 03:25:20
SO000002749,CUST0002826,MAT000139,2026-07-01,14.0,464.88,6508.32,0,Completed,AED,China,2026-08-12 18:25:20
SO000002750,CUST0001986,MAT000355,2025-09-12,10.0,83.72,837.2,10,Cancelled,USD,Germany,2026-08-11 12:25:20
SO000002751,CUST0004461,MAT000486,2026-06-17,15.0,320.6,4809.0,15,Completed,USD,South Africa,2026-08-12 11:25:20
SO000002752,CUST0000114,MAT001128,2026-07-04,7.0,603.63,4225.41,0,Pending,GBP,Singapore,2026-08-12 17:25:20
SO000002753,CUST0007414,MAT000211,2024-08-23,14.0,824.76,11546.64,20,Pending,INR,UAE,2026-08-12 16:25:20
SO000002754,CUST0000679,MAT001106,2026-02-22,17.0,360.71,6132.07,10,Pending,USD,China,2026-08-12 17:25:20
SO000002755,CUST0001973,MAT000327,2023-12-14,10.0,510.28,5102.8,15,Completed,USD,India,2026-08-12 17:25:20
SO000002756,CUST0002505,MAT000400,2025-07-08,9.0,574.28,5168.52,0,Completed,EUR,India,2026-08-11 18:25:20
SO000002757,CUST0007545,MAT000507,2026-03-12,10.0,68.32,683.2,0,Completed,EUR,UK,2026-08-12 03:25:20
SO000002758,CUST0002717,MAT001039,2024-07-15,23.0,311.29,7159.67,10,Cancelled,USD,UAE,2026-08-12 00:25:20
SO000002759,CUST0002485,MAT000926,2026-05-21,6.0,617.41,3704.46,20,Completed,EUR,Saudi Arabia,2026-08-12 17:25:20
SO000002760,CUST0000681,MAT000309,2024-06-06,21.0,663.42,13931.82,5,Completed,EUR,China,2026-08-11 16:25:20
SO000002761,CUST0005046,MAT000785,2024-02-25,8.0,323.58,2588.64,5,Completed,INR,Mexico,2026-07-27 16:25:32
SO000002762,CUST0004921,MAT000412,2024-10-15,4.0,11.03,44.12,20,Completed,JPY,China,2026-08-11 13:25:20
SO000002763,CUST0000908,MAT000853,2024-10-03,2.0,11.14,22.28,10,Pending,USD,USA,2026-08-12 12:25:20
SO000002764,CUST0006573,MAT000900,2025-03-20,3.0,486.62,1459.86,0,Completed,USD,Japan,2026-08-11 12:25:20
SO000002765,CUST0000843,MAT000877,2026-04-03,9.0,498.58,4487.22,0,Completed,GBP,Japan,2026-08-12 10:25:20
SO000002766,CUST0002578,MAT000704,2024-09-01,6.0,502.37,3014.22,15,Completed,EUR,UK,2026-08-12 10:25:20
SO000002767,CUST0002230,MAT000897,2024-12-09,25.0,650.97,16274.25,0,Shipped,AED,Japan,2026-08-12 04:25:20
SO000002768,CUST0005162,MAT001194,2023-09-30,22.0,829.54,18249.88,0,Completed,INR,Japan,2026-08-12 14:25:20
SO000002769,CUST0007345,MAT000344,2024-02-12,16.0,891.2,14259.2,10,Returned,GBP,UAE,2026-08-11 21:25:20
SO000002770,CUST0004692,MAT000781,2025-12-29,14.0,632.45,8854.3,15,Completed,USD,USA,2026-08-12 15:25:20
SO000002771,CUST0007007,MAT000176,2025-04-03,12.0,465.03,5580.36,0,Completed,INR,UAE,2026-08-12 15:25:20
SO000002772,CUST0000669,MAT000710,2023-03-01,8.0,131.19,1049.52,0,Completed,EUR,Saudi Arabia,2026-08-11 15:25:20
SO000002773,CUST0004456,MAT000115,2023-04-15,14.0,348.84,4883.76,5,Shipped,USD,Singapore,2026-08-11 21:25:20
SO000002774,CUST0006240,MAT000991,2025-09-10,22.0,517.35,11381.7,20,Completed,USD,India,2026-08-12 18:25:20
SO000002775,CUST0000329,MAT001101,2024-07-13,24.0,899.83,21595.92,15,Pending,USD,South Africa,2026-08-12 18:25:20
SO000002776,CUST0007409,MAT000871,2024-05-18,0.0,118.65,2847.6,10,Completed,USD,Japan,2026-08-12 14:25:20
SO000002777,CUST0006378,MAT000500,2025-05-14,19.0,714.8,13581.2,15,Cancelled,USD,Australia,2026-08-11 23:25:20
SO000002778,CUST0005943,MAT001023,2025-12-15,15.0,899.05,13485.75,0,Pending,USD,Canada,2026-08-11 17:25:20
SO000002779,CUST0003141,MAT000406,2026-09-15,23.0,725.74,16692.02,15,Shipped,INR,India,2026-08-12 08:25:20
SO000002780,CUST0000749,MAT000859,2026-01-18,2.0,691.59,1383.18,0,Completed,USD,Canada,2026-08-12 08:25:20
SO000002781,CUST0001631,MAT000677,2025-08-24,22.0,236.52,5203.44,0,Completed,USD,Japan,2026-08-12 04:25:20
SO000002782,CUST0007180,MAT000165,2025-09-19,2.0,8.01,16.02,0,Completed,EUR,UAE,2026-08-11 12:25:20
SO000002783,CUST0002684,MAT000748,2023-01-30,21.0,207.26,4352.46,0,Shipped,USD,Japan,2026-08-12 00:25:20
SO000002784,CUST0000097,MAT000117,2024-10-27,6.0,711.87,4271.22,10,Completed,USD,Germany,2026-08-12 14:25:20
SO000002785,CUST0002911,MAT000709,2024-06-26,0.0,101.02,707.14,15,Completed,EUR,Australia,2026-08-11 18:25:20
SO000002786,CUST0001726,MAT000357,2023-06-21,6.0,270.03,1620.18,15,Completed,GBP,UK,2026-08-12 08:25:20
SO000002787,CUST0004222,MAT000416,2024-05-19,23.0,508.44,11694.12,0,Completed,EUR,Germany,2026-08-12 14:25:20
SO000002788,CUST0001145,MAT001007,2025-05-15,24.0,523.93,12574.32,10,Completed,USD,Australia,2026-08-11 21:25:20
SO000002789,CUST0005720,MAT000991,2024-06-23,10.0,490.97,4909.7,5,Cancelled,AED,USA,2026-08-11 23:25:20
SO000002790,CUST0005185,MAT001052,2023-07-28,4.0,882.89,3531.56,20,Completed,GBP,South Africa,2026-08-11 22:25:20
SO000002791,CUST0005908,MAT001140,2026-09-13,24.0,16.0,384.0,20,Completed,USD,India,2026-08-12 03:25:20
SO000002792,CUST0004323,MAT000625,2024-11-26,7.0,441.4,3089.8,0,Completed,EUR,Mexico,2026-08-12 11:25:20
SO000002793,CUST0002873,MAT000943,2025-11-15,10.0,456.46,4564.6,0,Completed,GBP,Australia,2026-08-12 16:25:20
SO000002794,CUST0004157,MAT000094,2024-02-12,7.0,267.52,1872.64,15,Returned,AED,Germany,2026-08-12 06:25:20
SO000002795,CUST0001742,MAT000985,2024-10-30,1.0,474.94,474.94,5,Completed,USD,Germany,2026-08-11 12:25:20
SO000002796,CUST0005911,MAT000767,2023-07-19,4.0,607.59,2430.36,5,Completed,JPY,Australia,2026-08-11 18:25:20
SO000002797,CUST0003921,MAT001140,2024-08-12,12.0,607.12,7285.44,15,Cancelled,EUR,Germany,2026-08-12 05:25:20
SO000002798,CUST0006655,MAT000345,2024-12-20,8.0,83.63,669.04,0,Completed,EUR,UK,2026-08-11 17:25:20
SO000002799,CUST0003547,MAT000008,2023-12-12,15.0,723.2,10848.0,20,Completed,INR,India,2026-08-11 14:25:20
SO000002800,CUST0005055,MAT000268,2025-07-11,5.0,837.99,4189.95,15,Completed,USD,UK,2026-08-11 23:25:20
SO000002801,CUST0002478,MAT000029,2023-02-03,19.0,115.63,2196.97,15,Completed,USD,South Africa,2026-08-12 16:25:20
SO000002802,CUST0000031,MAT000382,2026-03-10,8.0,377.89,3023.12,10,Completed,GBP,USA,2026-08-12 00:25:20
SO000002803,CUST0006377,MAT001179,2025-04-25,12.0,463.02,5556.24,5,Completed,AED,Brazil,2026-08-11 13:25:20
SO000002804,CUST0002936,MAT000778,2024-07-16,24.0,125.67,3016.08,0,Completed,EUR,Japan,2026-08-11 21:25:20
SO000002805,CUST0000750,MAT000905,2023-05-12,7.0,455.53,3188.71,0,Completed,INR,UK,2026-08-11 17:25:20
SO000002806,CUST0004595,MAT000598,2024-09-02,6.0,190.14,1140.84,15,Completed,USD,France,2026-08-11 19:25:20
SO000002807,CUST0001671,MAT000446,2023-09-19,3.0,842.15,2526.45,20,Completed,AED,Saudi Arabia,2026-08-12 17:25:20
SO000002808,CUST0007242,MAT000126,2023-04-14,10.0,406.38,4063.8,15,Cancelled,EUR,India,2026-08-12 18:25:20
SO000002809,CUST0001556,MAT000060,2023-09-22,20.0,895.44,17908.8,0,Shipped,EUR,Singapore,2026-08-12 02:25:20
SO000002810,CUST0004018,MAT000375,2023-02-24,6.0,46.63,279.78,0,Shipped,USD,USA,2026-08-12 18:25:20
SO000002811,CUST0006869,MAT000353,2024-10-28,12.0,119.18,1430.16,5,Completed,USD,India,2026-08-12 18:25:20
SO000002812,CUST0003565,MAT000332,2024-04-01,21.0,401.67,8435.07,20,Completed,USD,China,2026-08-12 09:25:20
SO000002813,CUST0002472,MAT000474,2025-10-07,8.0,787.55,6300.4,0,Completed,JPY,Brazil,2026-08-12 05:25:20
SO000002814,CUST0001083,MAT001000,2025-04-27,8.0,501.93,4015.44,0,Completed,EUR,China,2026-08-12 06:25:20
SO000002815,CUST0006263,MAT000470,2026-07-23,6.0,660.45,3962.7,0,Completed,EUR,Brazil,2026-08-12 04:25:20
SO000002816,CUST0007406,MAT000791,2025-09-21,25.0,384.09,9602.25,0,Completed,USD,Brazil,2026-08-12 15:25:20
SO000002817,CUST0002247,MAT000300,2023-01-17,8.0,41.26,330.08,5,Completed,USD,France,2026-08-12 16:25:20
SO000002818,CUST0006515,MAT000634,2024-05-23,,584.79,1754.37,20,Completed,USD,Brazil,2026-08-12 02:25:20
SO000002819,CUST0004596,MAT000966,2026-02-22,10.0,572.43,5724.3,0,Returned,USD,Mexico,2026-08-11 18:25:20
SO000002820,CUST0001656,MAT000947,2023-07-31,17.0,68.93,1171.81,10,Completed,JPY,UK,2026-08-12 01:25:20
SO000002821,CUST0007260,MAT000578,2023-01-25,18.0,157.94,2842.92,15,Completed,GBP,Singapore,2026-08-11 14:25:20
SO000002822,CUST0004149,MAT000752,2025-04-22,22.0,431.16,9485.52,0,Completed,USD,Japan,2026-08-11 18:25:20
SO000002823,CUST0002750,MAT000305,2023-05-22,5.0,404.74,2023.7,20,Completed,AED,Australia,2026-08-12 16:25:20
SO000002824,CUST0003311,MAT000547,2026-02-09,23.0,678.41,15603.43,0,Shipped,AED,UAE,2026-08-12 07:25:20
SO000002825,CUST0004649,MAT000831,2024-06-19,18.0,351.73,6331.14,5,Pending,USD,Singapore,2026-08-12 14:25:20
SO000002826,CUST0007630,MAT000248,2025-11-26,15.0,598.65,8979.75,0,Completed,USD,USA,2026-08-11 19:25:20
SO000002827,CUST0005463,MAT001123,2026-02-01,18.0,635.46,11438.28,10,Completed,GBP,Australia,2026-08-11 15:25:20
SO000002828,CUST0002972,MAT000543,2023-01-18,5.0,582.28,2911.4,15,Pending,USD,Japan,2026-08-11 20:25:20
SO000002829,CUST0000371,MAT000872,2026-02-04,3.0,538.53,1615.59,0,Completed,USD,Australia,2026-08-11 20:25:20
SO000002830,CUST0007956,MAT000787,2023-10-27,5.0,726.09,3630.45,0,Shipped,USD,UK,2026-08-11 12:25:20
SO000002831,CUST0003513,MAT000684,2025-01-15,14.0,593.11,8303.54,0,Completed,USD,China,2026-08-12 14:25:20
SO000002832,CUST0006720,MAT000470,2024-11-23,22.0,751.59,16534.98,0,Pending,JPY,UK,2026-08-12 04:25:20
SO000002833,CUST0002299,MAT001126,2024-08-30,15.0,574.83,8622.45,10,Shipped,USD,South Africa,2026-08-12 07:25:20
SO000002834,CUST0004744,MAT000544,2024-07-23,13.0,147.28,1914.64,0,Completed,USD,India,2026-08-12 17:25:20
SO000002835,CUST0003433,MAT001025,2024-08-10,10.0,281.95,2819.5,5,Shipped,USD,Mexico,2026-08-11 20:25:20
SO000002836,CUST0004009,MAT000630,2023-01-10,20.0,300.67,6013.4,15,Completed,USD,USA,2026-08-12 14:25:20
SO000002837,CUST0005209,MAT001039,2025-07-21,21.0,89.05,1870.05,0,Completed,JPY,China,2026-08-11 18:25:20
SO000002838,CUST0000533,MAT000221,2023-02-22,14.0,624.61,8744.54,0,Completed,INR,UK,2026-08-11 18:25:20
SO000002839,CUST0001593,MAT000297,2024-12-31,22.0,537.62,11827.64,20,Completed,EUR,Saudi Arabia,2026-08-11 22:25:20
SO000002840,CUST0007398,MAT001045,2023-02-02,2.0,532.83,1065.66,20,Completed,INR,Canada,2026-08-12 09:25:20
SO000002841,CUST0004302,MAT000616,2026-01-13,21.0,433.27,9098.67,10,Completed,EUR,Singapore,2026-08-12 08:25:20
SO000002842,CUST0002148,MAT000151,2023-05-20,6.0,491.1,2946.6,0,Returned,USD,UK,2026-08-11 23:25:20
SO000002843,CUST0003369,MAT000122,2025-05-19,25.0,12.24,306.0,10,Completed,GBP,UK,2026-08-11 17:25:20
SO000002844,CUST0005988,MAT000246,2025-08-28,23.0,91.14,2096.22,0,Shipped,EUR,Singapore,2026-08-12 14:25:20
SO000002845,CUST0005633,MAT000159,2026-02-17,,616.6,8632.4,5,Completed,AED,Germany,2026-08-11 17:25:20
SO000002846,CUST0007316,MAT001189,2025-04-12,16.0,239.01,3824.16,0,Completed,USD,Mexico,2026-08-12 07:25:20
SO000002847,CUST0004791,MAT000596,2026-02-13,13.0,101.58,1320.54,0,Completed,USD,Australia,2026-08-11 21:25:20
SO000002848,CUST0004337,MAT000716,2024-11-15,19.0,299.15,5683.85,15,Completed,USD,Singapore,2026-08-11 13:25:20
SO000002849,CUST0000660,MAT001069,2026-06-24,16.0,232.76,3724.16,15,Completed,GBP,South Africa,2026-08-12 15:25:20
SO000002850,CUST0004344,MAT000909,2023-02-07,14.0,31.29,438.06,0,Completed,EUR,Singapore,2026-08-12 04:25:20
SO000002851,CUST0002144,MAT000911,2023-11-09,23.0,372.45,8566.35,5,Shipped,USD,Germany,2026-08-12 13:25:20
SO000002852,CUST0006835,MAT000790,2025-11-28,4.0,29.19,116.76,0,Completed,USD,Australia,2026-08-11 19:25:20
SO000002853,CUST0005043,MAT000456,2025-03-28,10.0,5.35,53.5,0,Completed,USD,USA,2026-08-11 20:25:20
SO000002854,CUST0007990,MAT000361,2026-09-28,5.0,714.26,3571.3,20,Shipped,USD,Australia,2026-08-12 00:25:20
SO000002855,CUST0007277,MAT000660,2026-06-17,14.0,286.9,4016.6,0,Shipped,USD,Australia,2026-08-12 11:25:20
SO000002856,CUST0007549,MAT000293,2024-07-26,11.0,512.99,5642.89,10,Cancelled,USD,UK,2026-08-12 11:25:20
SO000002857,CUST0005550,MAT000150,2024-08-07,22.0,271.49,5972.78,15,Completed,USD,Saudi Arabia,2026-08-12 07:25:20
SO000002858,CUST0004265,MAT000304,2024-12-02,0.0,837.37,7536.33,20,Completed,GBP,Saudi Arabia,2026-08-12 15:25:20
SO000002859,CUST0002057,MAT000449,2024-09-18,7.0,657.62,4603.34,10,Cancelled,USD,USA,2026-08-12 02:25:20
SO000002860,CUST0007583,MAT000783,2026-05-22,25.0,335.41,8385.25,10,Completed,USD,Canada,2026-08-12 17:25:20
SO000002861,CUST0001584,MAT000515,2023-06-03,12.0,193.51,2322.12,10,Completed,JPY,Saudi Arabia,2026-08-11 17:25:20
SO000002862,CUST0005387,MAT000281,2026-01-17,7.0,128.34,898.38,0,Completed,USD,Germany,2026-08-12 07:25:20
SO000002863,CUST0006813,MAT000278,2025-06-25,2.0,687.36,1374.72,5,Completed,USD,Mexico,2026-08-11 22:25:20
SO000002864,CUST0000609,MAT000564,2026-05-14,0.0,410.47,6567.52,5,Completed,USD,Brazil,2026-08-12 15:25:20
SO000002865,CUST0004037,MAT000096,2024-04-25,0.0,212.61,5315.25,20,Completed,USD,Germany,2026-08-12 09:25:20
SO000002866,CUST0000570,MAT000942,2025-07-25,19.0,828.07,15733.33,15,Returned,USD,Mexico,2026-08-11 19:25:20
SO000002867,CUST0000654,MAT000216,2025-07-26,2.0,354.14,708.28,0,Completed,USD,Singapore,2026-08-11 23:25:20
SO000002868,CUST0003223,MAT000028,2026-06-26,1.0,491.43,491.43,0,Completed,USD,Canada,2026-08-12 03:25:20
SO000002869,CUST0001393,MAT000078,2026-02-27,22.0,772.73,17000.06,10,Completed,USD,China,2026-08-11 18:25:20
SO000002870,CUST0000284,MAT001178,2024-07-09,7.0,750.87,5256.09,0,Completed,USD,Saudi Arabia,2026-08-11 17:25:20
SO000002871,CUST0004980,MAT001004,2023-09-09,16.0,575.97,9215.52,10,Pending,GBP,UAE,2026-08-11 14:25:20
SO000002872,CUST0005345,MAT000824,2023-07-05,12.0,800.32,9603.84,5,Completed,EUR,India,2026-08-12 10:25:20
SO000002873,CUST0005482,MAT000791,2026-07-25,22.0,857.13,18856.86,0,Completed,USD,UAE,2026-08-12 06:25:20
SO000002874,CUST0004710,MAT000793,2023-01-11,25.0,841.93,21048.25,15,Completed,JPY,Japan,2026-08-12 07:25:20
SO000002875,CUST0001867,MAT000791,2026-07-17,22.0,317.36,6981.92,15,Completed,USD,UK,2026-08-12 01:25:20
SO000002876,CUST0005156,MAT000138,2025-12-18,16.0,360.47,5767.52,0,Pending,USD,Mexico,2026-08-12 12:25:20
SO000002877,CUST0007497,MAT000842,2024-04-23,12.0,220.25,2643.0,20,Completed,JPY,Germany,2026-08-12 11:25:20
SO000002878,CUST0007780,MAT000241,2023-07-08,23.0,753.96,17341.08,0,Shipped,USD,USA,2026-08-12 05:25:20
SO000002879,CUST0005905,MAT000586,2024-10-17,10.0,114.03,1140.3,5,Pending,USD,South Africa,2026-08-12 12:25:20
SO000002880,CUST0007349,MAT001170,2026-03-06,1.0,322.8,322.8,0,Pending,USD,Mexico,2026-08-12 16:25:20
SO000002881,CUST0000149,MAT000490,2023-03-23,24.0,13.71,329.04,0,Completed,USD,Brazil,2026-08-12 15:25:20
SO000002882,CUST0003315,MAT000146,2025-11-17,11.0,537.21,5909.31,15,Completed,EUR,India,2026-08-12 04:25:20
SO000002883,CUST0000429,MAT000878,2024-06-11,10.0,594.25,5942.5,20,Completed,USD,USA,2026-08-11 20:25:20
SO000002884,CUST0006179,MAT000656,2025-09-12,15.0,227.84,3417.6,5,Pending,EUR,France,2026-08-11 12:25:20
SO000002885,CUST0000101,MAT000785,2026-04-14,24.0,664.37,15944.88,0,Completed,USD,France,2026-08-12 14:25:20
SO000002886,CUST0004571,MAT000849,2024-03-16,12.0,346.48,4157.76,5,Completed,AED,Japan,2026-08-11 15:25:20
SO000002887,CUST0005416,MAT000691,2023-08-07,15.0,283.98,4259.7,0,Completed,USD,Canada,2026-08-12 11:25:20
SO000002888,CUST0006243,MAT001080,2026-01-22,5.0,860.77,4303.85,0,Completed,USD,Germany,2026-08-11 18:25:20
SO000002889,CUST0005416,MAT000720,2024-12-04,5.0,531.88,2659.4,5,Completed,USD,Japan,2026-08-11 18:25:20
SO000002890,CUST0000484,MAT000786,2023-07-25,16.0,230.83,3693.28,5,Completed,USD,USA,2026-08-12 09:25:20
SO000002891,CUST0006973,MAT000428,2025-12-30,0.0,885.0,20355.0,0,Cancelled,USD,Germany,2026-08-12 15:25:20
SO000002892,CUST0000022,MAT000646,2026-05-05,21.0,351.86,7389.06,15,Pending,USD,China,2026-08-11 17:25:20
SO000002893,CUST0003301,MAT000255,2024-06-06,1.0,584.81,584.81,15,Completed,USD,China,2026-08-12 15:25:20
SO000002894,CUST0007059,MAT000889,2026-05-05,2.0,652.85,1305.7,5,Cancelled,USD,Singapore,2026-08-12 11:25:20
SO000002895,CUST0004558,MAT000300,2023-08-07,2.0,382.95,765.9,10,Completed,USD,Canada,2026-08-12 15:25:20
SO000002896,CUST0002285,MAT001077,2026-05-17,5.0,484.65,2423.25,0,Shipped,EUR,South Africa,2026-08-12 18:25:20
SO000002897,CUST0004702,MAT001048,2026-05-18,9.0,219.6,1976.4,5,Completed,EUR,Singapore,2026-08-11 22:25:20
SO000002898,CUST0001801,MAT000789,2024-06-10,13.0,421.91,5484.83,10,Completed,JPY,Australia,2026-08-12 15:25:20
SO000002899,CUST0000115,MAT000876,2023-03-14,8.0,283.17,2265.36,0,Completed,USD,Saudi Arabia,2026-08-11 18:25:20
SO000002900,CUST0001210,MAT000430,2026-02-05,0.0,494.97,10394.37,15,Completed,USD,Germany,2026-08-12 04:25:20
SO000002901,CUST0002596,MAT000668,2025-10-14,5.0,604.55,3022.75,5,Shipped,USD,UK,2026-08-11 18:25:20
SO000002902,CUST0005225,MAT000650,2023-02-27,21.0,554.53,11645.13,0,Cancelled,AED,Australia,2026-08-11 16:25:20
SO000002903,CUST0004385,MAT000910,2023-11-07,2.0,700.16,1400.32,5,Completed,USD,Saudi Arabia,2026-08-11 16:25:20
SO000002904,CUST0006481,MAT000904,2025-10-13,13.0,42.17,548.21,5,Cancelled,GBP,China,2026-08-12 01:25:20
SO000002905,CUST0007484,MAT001034,2025-08-23,4.0,75.34,301.36,0,Pending,USD,France,2026-08-11 16:25:20
SO000002906,CUST0007803,MAT001030,2026-10-02,20.0,188.76,3775.2,5,Completed,INR,India,2026-08-11 20:25:20
SO000002907,CUST0999129,MAT000436,2023-09-24,0.0,887.29,17745.8,0,Completed,EUR,India,2026-08-12 07:25:20
SO000002908,CUST0003600,MAT000636,2025-10-23,25.0,721.24,18031.0,10,Shipped,JPY,India,2026-08-12 04:25:20
SO000002909,CUST0007004,MAT000038,2025-06-02,24.0,832.09,19970.16,0,Completed,AED,China,2026-08-11 13:25:20
SO000002910,CUST0002933,MAT000017,2023-01-05,7.0,248.52,1739.64,10,Completed,GBP,France,2026-08-11 22:25:20
SO000002911,CUST0000459,MAT000528,2024-02-24,18.0,518.6,9334.8,10,Completed,USD,Germany,2026-08-12 16:25:20
SO000002912,CUST0002894,MAT000013,2023-01-22,25.0,501.62,12540.5,0,Shipped,USD,Australia,2026-08-12 12:25:20
SO000002913,CUST0002478,MAT001110,2024-10-19,21.0,514.72,10809.12,10,Completed,USD,UAE,2026-08-12 06:25:20
SO000002914,CUST0000564,MAT000565,2023-05-10,24.0,647.22,15533.28,5,Cancelled,USD,South Africa,2026-08-11 12:25:20
SO000002915,CUST0007076,MAT000925,2025-03-09,1.0,357.61,357.61,0,Shipped,GBP,Germany,2026-08-12 13:25:20
SO000002916,CUST0006382,MAT000736,2025-09-05,22.0,611.1,13444.2,10,Completed,USD,Mexico,2026-08-12 06:25:20
SO000002917,CUST0004886,MAT000728,2024-04-18,21.0,710.65,14923.65,20,Completed,USD,Mexico,2026-08-12 05:25:20
SO000002918,CUST0006230,MAT000390,2025-05-25,2.0,263.72,527.44,0,Shipped,USD,Brazil,2026-08-11 13:25:20
SO000002919,CUST0004766,MAT000044,2024-06-12,24.0,851.44,20434.56,20,Shipped,GBP,Canada,2026-08-11 23:25:20
SO000002920,CUST0007624,MAT000496,2026-03-20,11.0,468.65,5155.15,15,Pending,EUR,Canada,2026-08-11 20:25:20
SO000002921,CUST0006111,MAT001043,2024-08-18,8.0,660.82,5286.56,15,Completed,AED,France,2026-08-11 14:25:20
SO000002922,CUST0006462,MAT000742,2025-10-13,23.0,657.39,15119.97,0,Pending,USD,UK,2026-08-12 08:25:20
SO000002923,CUST0004841,MAT000727,2026-07-14,3.0,510.89,1532.67,0,Cancelled,EUR,Saudi Arabia,2026-08-12 00:25:20
SO000002924,CUST0002735,MAT000292,2026-04-11,25.0,293.8,7345.0,15,Completed,GBP,South Africa,2026-08-11 15:25:20
SO000002925,CUST0005161,MAT001027,2023-11-25,4.0,601.91,2407.64,0,Completed,USD,Japan,2026-08-11 17:25:20
SO000002926,CUST0002837,MAT000278,2023-07-21,22.0,83.12,1828.64,0,Completed,USD,UAE,2026-08-11 23:25:20
SO000002927,CUST0000266,MAT000157,2024-02-19,6.0,883.38,5300.28,15,Pending,USD,South Africa,2026-08-12 04:25:20
SO000002928,CUST0000187,MAT000624,2024-08-10,3.0,169.68,509.04,20,Completed,USD,France,2026-08-11 18:25:20
SO000002929,CUST0001716,MAT000038,2024-01-11,11.0,251.51,2766.61,10,Completed,USD,UAE,2026-08-11 14:25:20
SO000002930,CUST0007497,MAT000668,2025-06-27,7.0,859.22,6014.54,10,Pending,EUR,France,2026-08-12 13:25:20
SO000002931,CUST0005241,MAT000817,2023-01-16,18.0,171.95,-3095.1,0,Completed,USD,Australia,2026-08-12 06:25:20
SO000002932,CUST0001290,MAT000768,2026-04-16,20.0,157.23,3144.6,0,Completed,EUR,Saudi Arabia,2026-08-11 16:25:20
SO000002933,CUST0001947,MAT000649,2024-03-21,19.0,725.06,13776.14,20,Completed,EUR,UAE,2026-08-12 05:25:20
SO000002934,CUST0004933,MAT000250,2025-08-10,6.0,229.9,1379.4,0,Completed,USD,Mexico,2026-08-12 03:25:20
SO000002935,CUST0005066,MAT001142,2025-10-28,20.0,89.78,1795.6,20,Completed,USD,Germany,2026-08-11 14:25:20
SO000002936,CUST0006698,MAT000099,2023-07-17,12.0,207.85,2494.2,15,Completed,INR,Germany,2026-08-12 04:25:20
SO000002937,CUST0002318,MAT001111,2023-07-10,4.0,800.09,3200.36,10,Completed,USD,Japan,2026-08-12 00:25:20
SO000002938,CUST0006978,MAT000035,2026-09-20,5.0,255.89,1279.45,10,Completed,AED,France,2026-08-12 17:25:20
SO000002939,CUST0004663,MAT000047,2023-05-06,6.0,627.08,3762.48,0,Pending,INR,China,2026-08-12 02:25:20
SO000002940,CUST0001250,MAT000664,2025-08-07,7.0,358.65,2510.55,0,Returned,USD,UK,2026-08-11 15:25:20
SO000002941,CUST0006637,MAT000064,2024-04-19,15.0,239.6,3594.0,20,Pending,INR,UAE,2026-08-12 09:25:20
SO000002942,CUST0000346,MAT000749,2026-08-03,8.0,133.92,1071.36,0,Shipped,USD,Saudi Arabia,2026-08-12 18:25:20
SO000002943,CUST0006574,MAT000197,2025-05-05,9.0,875.11,7875.99,20,Pending,EUR,Japan,2026-08-11 19:25:20
SO000002944,CUST0002959,MAT000125,2025-05-02,2.0,471.4,942.8,10,Pending,USD,China,2026-08-12 16:25:20
SO000002945,CUST0005083,MAT001099,2025-02-18,12.0,107.71,1292.52,10,Cancelled,USD,UK,2026-08-11 20:25:20
SO000002946,CUST0007237,MAT000143,2024-08-14,13.0,182.94,2378.22,0,Completed,INR,Brazil,2026-08-11 17:25:20
SO000002947,CUST0006276,MAT000422,2023-12-22,6.0,369.53,2217.18,20,Cancelled,GBP,India,2026-08-11 13:25:20
SO000002948,CUST0007819,MAT000138,2024-12-23,6.0,492.03,2952.18,15,Completed,USD,Brazil,2026-08-11 17:25:20
SO000002949,CUST0000648,MAT000897,2025-09-14,20.0,167.71,3354.2,10,Shipped,EUR,USA,2026-08-11 15:25:20
SO000002950,CUST0007898,MAT000613,2025-08-12,21.0,253.57,5324.97,15,Completed,AED,India,2026-08-12 13:25:20
SO000002951,CUST0001151,MAT000661,2023-04-01,3.0,706.42,2119.26,5,Pending,USD,Canada,2026-08-12 04:25:20
SO000002952,CUST0005618,MAT000578,2026-01-24,21.0,378.65,7951.65,10,Completed,EUR,UK,2026-08-12 12:25:20
SO000002953,CUST0006940,MAT001153,2024-03-28,14.0,6.26,87.64,0,Shipped,EUR,China,2026-08-12 18:25:20
SO000002954,CUST0003802,MAT000039,2025-05-09,14.0,53.28,745.92,0,Shipped,USD,India,2026-08-11 14:25:20
SO000002955,CUST0002632,MAT000263,2025-08-25,7.0,398.2,2787.4,10,Pending,GBP,Singapore,2026-08-12 01:25:20
SO000002956,CUST0002018,MAT000145,2023-07-15,6.0,58.81,352.86,15,Pending,EUR,Singapore,2026-08-12 13:25:20
SO000002957,CUST0001141,MAT000176,2025-11-21,23.0,160.64,3694.72,10,Completed,GBP,Canada,2026-08-12 05:25:20
SO000002958,CUST0007808,MAT000320,2024-08-19,22.0,656.45,14441.9,0,Completed,USD,Brazil,2026-08-11 12:25:20
SO000002959,CUST0003371,MAT000169,2024-03-16,16.0,434.94,6959.04,0,Completed,USD,Japan,2026-08-11 21:25:20
SO000002960,CUST0002307,MAT000973,2025-12-02,11.0,436.8,4804.8,0,Completed,GBP,Saudi Arabia,2026-08-11 15:25:20
SO000002961,CUST0001138,MAT000933,2026-07-26,10.0,540.41,5404.1,0,Completed,INR,Mexico,2026-08-11 14:25:20
SO000002962,CUST0000949,MAT001153,2023-07-27,22.0,710.72,15635.84,15,Completed,USD,Brazil,2026-08-12 10:25:20
SO000002963,CUST0007520,MAT001106,2023-02-18,14.0,146.93,2057.02,0,Completed,EUR,Saudi Arabia,2026-08-12 14:25:20
SO000002964,CUST0006042,MAT001014,2026-06-10,11.0,159.88,1758.68,10,Cancelled,AED,USA,2026-08-12 04:25:20
SO000002965,CUST0001287,MAT000725,2023-05-05,20.0,113.66,2273.2,0,Completed,JPY,Mexico,2026-08-12 11:25:20
SO000002966,CUST0006458,MAT000045,2023-10-31,2.0,843.46,1686.92,20,Completed,USD,Saudi Arabia,2026-08-12 14:25:20
SO000002967,CUST0000110,MAT000658,2024-03-15,17.0,521.67,8868.39,0,Completed,USD,Canada,2026-08-12 12:25:20
SO000002968,CUST0002051,MAT001174,2025-08-17,17.0,87.91,1494.47,0,Pending,USD,UAE,2026-08-11 15:25:20
SO000002969,CUST0001227,MAT000458,2023-10-24,13.0,202.48,2632.24,5,Completed,USD,Japan,2026-08-12 14:25:20
SO000002970,CUST0000926,MAT000244,2025-12-10,14.0,654.4,9161.6,0,Completed,USD,Saudi Arabia,2026-08-12 17:25:20
SO000002971,CUST0005505,MAT000263,2025-01-31,11.0,30.95,340.45,0,Completed,AED,Saudi Arabia,2026-08-11 22:25:20
SO000002972,CUST0004807,MAT000804,2023-12-20,20.0,654.46,13089.2,0,Completed,GBP,India,2026-08-12 09:25:20
SO000002973,CUST0005267,MAT001021,2025-10-03,1.0,820.76,820.76,5,Completed,USD,India,2026-08-12 13:25:20
SO000002974,CUST0000592,MAT000730,2025-01-05,11.0,55.46,610.06,0,Completed,USD,Singapore,2026-08-12 15:25:20
SO000002975,CUST0003272,MAT001167,2023-07-30,19.0,171.85,3265.15,0,Shipped,USD,Brazil,2026-08-11 17:25:20
SO000002976,CUST0007163,MAT000624,2023-08-23,22.0,7.13,156.86,10,Shipped,USD,France,2026-08-11 15:25:20
SO000002977,CUST0004706,MAT000101,2025-06-09,11.0,102.58,1128.38,0,Shipped,USD,Mexico,2026-08-11 16:25:20
SO000002978,CUST0001201,MAT000301,2024-09-07,2.0,557.21,1114.42,15,Completed,USD,Saudi Arabia,2026-08-12 05:25:20
SO000002979,CUST0003303,MAT000152,2023-08-10,17.0,45.11,766.87,20,Pending,AED,Singapore,2026-08-12 18:25:20
SO000002980,CUST0003591,MAT000552,2026-06-09,25.0,386.12,9653.0,20,Completed,AED,USA,2026-08-12 05:25:20
SO000002981,CUST0000749,MAT001128,2023-03-22,5.0,455.54,2277.7,20,Completed,USD,UAE,2026-08-12 07:25:20
SO000002982,CUST0003539,MAT000952,2025-08-03,11.0,816.43,8980.73,0,Completed,AED,Germany,2026-08-12 07:25:20
SO000002983,CUST0005075,MAT000323,2026-07-05,9.0,429.49,3865.41,15,Completed,JPY,UAE,2026-08-11 14:25:20
SO000002984,CUST0007770,MAT000060,2025-07-11,14.0,132.58,1856.12,0,Completed,USD,South Africa,2026-08-12 02:25:20
SO000002985,CUST0004731,MAT000200,2024-10-10,12.0,263.92,3167.04,10,Completed,USD,China,2026-08-12 03:25:20
SO000002986,CUST0007735,MAT000743,2023-08-29,10.0,606.61,6066.1,0,Completed,GBP,USA,2026-08-12 03:25:20
SO000002987,CUST0006093,MAT000606,2023-10-25,6.0,105.34,632.04,0,Completed,GBP,Saudi Arabia,2026-08-12 03:25:20
SO000002988,CUST0006090,MAT000438,2025-04-26,1.0,212.41,212.41,0,Completed,USD,South Africa,2026-08-12 11:25:20
SO000002989,CUST0001449,MAT000501,2023-09-26,25.0,896.22,22405.5,10,Completed,USD,Australia,2026-08-11 14:25:20
SO000002990,CUST0000278,MAT000541,2026-08-24,16.0,9.95,159.2,10,Completed,EUR,Germany,2026-08-12 02:25:20
SO000002991,CUST0002390,MAT000394,2023-01-31,16.0,141.2,2259.2,0,Shipped,USD,India,2026-08-12 18:25:20
SO000002992,CUST0004970,MAT000053,2024-05-14,23.0,760.1,17482.3,0,Completed,USD,USA,2026-08-11 22:25:20
SO000002993,CUST0001707,MAT000448,2024-04-21,4.0,95.74,382.96,0,Completed,INR,Mexico,2026-08-12 17:25:20
SO000002994,CUST0007434,MAT000729,2025-08-27,5.0,35.11,175.55,15,Shipped,EUR,Germany,2026-08-12 16:25:20
SO000002995,CUST0000583,MAT000740,2025-04-25,16.0,113.57,1817.12,20,Returned,EUR,South Africa,2026-08-12 11:25:20
SO000002996,CUST0004120,MAT000876,2025-01-05,18.0,625.77,11263.86,0,Completed,INR,Saudi Arabia,2026-08-12 15:25:20
SO000002997,CUST0005798,MAT000772,2023-06-08,17.0,893.83,15195.11,0,Completed,JPY,Australia,2026-08-12 12:25:20
SO000002998,CUST0004291,MAT000897,2026-04-04,25.0,533.62,13340.5,20,Completed,USD,Australia,2026-08-11 13:25:20
SO000002999,CUST0002316,MAT000016,2024-12-26,10.0,116.26,1162.6,20,Completed,USD,UAE,2026-08-11 16:25:20
SO000003000,CUST0006207,MAT000824,2026-06-27,17.0,169.48,2881.16,0,Returned,USD,Brazil,2026-08-11 16:25:20
SO000003001,CUST0004739,MAT000148,2026-01-26,3.0,486.23,1458.69,0,Completed,EUR,Brazil,2026-08-12 16:25:20
SO000003002,CUST0006625,MAT001155,2023-06-23,15.0,645.51,9682.65,5,Shipped,USD,Singapore,2026-08-11 20:25:20
SO000003003,CUST0004310,MAT000383,2025-09-25,15.0,598.31,8974.65,15,Returned,USD,Brazil,2026-08-12 08:25:20
SO000003004,CUST0003313,MAT001017,2025-11-28,11.0,519.38,5713.18,15,Completed,AED,India,2026-08-12 15:25:20
SO000003005,CUST0001267,MAT000165,2025-07-11,16.0,887.71,14203.36,15,Shipped,USD,Mexico,2026-08-12 10:25:20
SO000003006,CUST0002545,MAT000222,2024-12-08,13.0,182.24,2369.12,0,Completed,USD,South Africa,2026-08-11 15:25:20
SO000003007,CUST0006530,MAT000986,2024-11-18,20.0,159.75,3195.0,10,Completed,INR,Canada,2026-08-12 12:25:20
SO000003008,CUST0001192,MAT001104,2023-08-27,17.0,773.86,13155.62,0,Shipped,JPY,Brazil,2026-08-11 21:25:20
SO000003009,CUST0002999,MAT000721,2025-10-25,9.0,265.29,2387.61,15,Completed,USD,Germany,2026-08-12 08:25:20
SO000003010,CUST0001361,MAT000800,2024-06-23,2.0,302.61,605.22,20,Completed,EUR,France,2026-08-11 15:25:20
SO000003011,CUST0005139,MAT001170,2023-06-21,7.0,496.06,3472.42,0,Completed,USD,Mexico,2026-08-12 07:25:20
SO000003012,CUST0001173,MAT001021,2024-09-29,2.0,346.24,692.48,15,Completed,USD,UAE,2026-08-12 10:25:20
SO000003013,CUST0006507,MAT000433,2023-05-18,21.0,262.44,5511.24,0,Completed,USD,Singapore,2026-08-12 13:25:20
SO000003014,CUST0003460,MAT000654,2023-07-23,5.0,825.87,4129.35,20,Completed,USD,Brazil,2026-08-12 00:25:20
SO000003015,CUST0001077,MAT000831,2024-04-03,7.0,120.7,844.9,5,Completed,EUR,South Africa,2026-08-12 17:25:20
SO000003016,CUST0004908,MAT000715,2023-09-06,3.0,366.84,1100.52,0,Pending,EUR,Singapore,2026-08-11 13:25:20
SO000003017,CUST0006724,MAT000171,2024-01-13,5.0,7.66,38.3,0,Completed,JPY,India,2026-08-12 15:25:20
SO000003018,CUST0002877,MAT001133,2024-06-05,25.0,727.67,18191.75,0,Completed,USD,South Africa,2026-08-11 13:25:20
SO000003019,CUST0004435,MAT000971,2024-08-29,6.0,155.73,934.38,0,Completed,EUR,Japan,2026-08-12 12:25:20
SO000003020,CUST0000718,MAT000445,2023-12-17,20.0,696.83,13936.6,5,Completed,USD,France,2026-08-11 13:25:20
SO000003021,CUST0007276,MAT000059,2026-06-29,15.0,138.0,2070.0,20,Completed,JPY,Japan,2026-08-12 16:25:20
SO000003022,CUST0002194,MAT001096,2025-01-26,10.0,377.98,3779.8,0,Cancelled,USD,Saudi Arabia,2026-08-12 04:25:20
SO000003023,CUST0007831,MAT000547,2025-12-02,24.0,656.73,15761.52,0,Completed,USD,China,2026-08-11 19:25:20
SO000003024,CUST0004535,MAT000644,2023-10-04,19.0,247.37,4700.03,5,Completed,USD,South Africa,2026-08-12 02:25:20
SO000003025,CUST0002074,MAT000800,2026-01-31,11.0,285.96,3145.56,0,Completed,USD,China,2026-08-11 20:25:20
SO000003026,CUST0007609,MAT000722,2026-01-10,13.0,602.25,7829.25,20,Completed,USD,Mexico,2026-08-12 09:25:20
SO000003027,CUST0001317,MAT000103,2026-08-11,2.0,172.99,345.98,0,Completed,USD,Canada,2026-08-12 17:25:20
SO000003028,CUST0001131,MAT001049,2023-06-17,4.0,856.85,3427.4,0,Cancelled,USD,France,2026-08-12 18:25:20
SO000003029,CUST0002374,MAT001017,2026-01-19,21.0,173.96,3653.16,15,Returned,USD,China,2026-08-12 09:25:20
SO000003030,CUST0004182,MAT000101,2025-02-04,5.0,676.25,3381.25,0,Shipped,USD,USA,2026-08-12 14:25:20
SO000003031,CUST0000381,MAT001024,2024-05-10,19.0,723.33,13743.27,20,Completed,INR,Australia,2026-08-12 16:25:20
SO000003032,CUST0003410,MAT000466,2023-09-13,14.0,340.06,4760.84,0,Completed,USD,Canada,2026-08-11 13:25:20
SO000003033,CUST0000425,MAT000925,2025-09-07,4.0,144.83,579.32,10,Completed,INR,India,2026-08-12 03:25:20
SO000003034,CUST0007117,MAT000525,2023-05-16,,153.48,3376.56,5,Completed,AED,India,2026-08-12 10:25:20
SO000003035,CUST0004491,MAT000693,2026-01-30,22.0,886.98,19513.56,20,Shipped,USD,Australia,2026-08-12 09:25:20
SO000003036,CUST0006442,MAT000640,2024-06-28,22.0,654.24,14393.28,0,Completed,USD,France,2026-08-11 19:25:20
SO000003037,CUST0005052,MAT001039,2025-11-12,13.0,407.79,5301.27,0,Pending,USD,India,2026-08-12 01:25:20
SO000003038,CUST0006125,MAT000600,2024-10-09,4.0,235.33,941.32,0,Completed,INR,China,2026-08-11 14:25:20
SO000003039,CUST0003405,MAT000864,2025-06-29,8.0,21.92,175.36,0,Completed,USD,Singapore,2026-08-12 10:25:20
SO000003040,CUST0000753,MAT000955,2026-01-09,7.0,605.07,4235.49,0,Completed,USD,Japan,2026-08-11 12:25:20
SO000003041,CUST0000896,MAT001133,2025-04-24,17.0,861.44,14644.48,0,Completed,JPY,Germany,2026-08-12 09:25:20
SO000003042,CUST0002670,MAT001080,2024-11-29,14.0,100.62,1408.68,15,Shipped,USD,China,2026-08-12 16:25:20
SO000003043,CUST0000011,MAT000592,2025-01-22,21.0,680.27,14285.67,5,Completed,AED,South Africa,2026-08-12 01:25:20
SO000003044,CUST0001504,MAT000890,2024-04-28,10.0,142.15,1421.5,0,Pending,USD,UAE,2026-08-11 23:25:20
SO000003045,CUST0001514,MAT001087,2025-11-30,21.0,713.93,14992.53,5,Completed,USD,UK,2026-08-12 07:25:20
SO000003046,CUST0000673,MAT000430,2025-03-18,6.0,336.66,2019.96,5,Cancelled,AED,UAE,2026-08-12 01:25:20
SO000003047,CUST0007739,MAT000826,2023-08-29,17.0,642.3,10919.1,0,Completed,EUR,USA,2026-08-11 20:25:20
SO000003048,CUST0004495,MAT000560,2025-10-24,15.0,834.02,12510.3,0,Completed,USD,Australia,2026-08-11 17:25:20
SO000003049,CUST0002553,MAT000958,2023-08-28,6.0,560.02,3360.12,0,Shipped,USD,UK,2026-08-12 03:25:20
SO000003050,CUST0003066,MAT000932,2026-07-15,7.0,829.03,5803.21,0,Cancelled,USD,USA,2026-08-12 18:25:20
SO000003051,CUST0003441,MAT000195,2023-08-20,21.0,215.35,4522.35,15,Completed,USD,Japan,2026-08-11 23:25:20
SO000003052,CUST0002830,MAT000319,2026-06-10,23.0,880.43,20249.89,15,Shipped,GBP,Saudi Arabia,2026-08-11 18:25:20
SO000003053,CUST0004421,MAT000021,2023-12-12,23.0,786.2,18082.6,0,Completed,AED,UK,2026-08-12 11:25:20
SO000003054,CUST0002614,MAT001058,2026-07-14,9.0,101.28,911.52,15,Completed,USD,Saudi Arabia,2026-08-12 01:25:20
SO000003055,CUST0001758,MAT001057,2024-09-22,13.0,375.12,4876.56,0,Completed,EUR,Canada,2026-08-12 06:25:20
SO000003056,CUST0006125,MAT001070,2023-09-11,11.0,834.69,9181.59,0,Completed,USD,Saudi Arabia,2026-08-11 23:25:20
SO000003057,CUST0003511,MAT000106,2024-09-28,16.0,74.91,1198.56,15,Completed,GBP,Singapore,2026-08-11 22:25:20
SO000003058,CUST0000056,MAT000595,2024-01-14,9.0,411.12,3700.08,20,Completed,JPY,France,2026-08-12 06:25:20
SO000003059,CUST0003067,MAT001061,2026-04-28,19.0,652.62,12399.78,0,Completed,GBP,UAE,2026-08-12 03:25:20
SO000003060,CUST0000758,MAT000918,2025-06-05,18.0,34.94,628.92,20,Shipped,USD,Singapore,2026-08-11 14:25:20
SO000003061,CUST0007162,MAT000556,2026-04-23,20.0,678.78,13575.6,20,Completed,USD,Singapore,2026-08-12 10:25:20
SO000003062,CUST0006072,MAT000927,2025-08-09,5.0,328.28,1641.4,5,Completed,USD,Japan,2026-08-12 18:25:20
SO000003063,CUST0005087,MAT000285,2025-10-15,15.0,228.19,3422.85,15,Returned,USD,USA,2026-08-11 12:25:20
SO000003064,CUST0007037,MAT000584,2025-02-10,9.0,520.5,4684.5,0,Completed,EUR,Canada,2026-08-11 12:25:20
SO000003065,CUST0003887,MAT000484,2025-06-03,4.0,492.18,1968.72,10,Returned,USD,China,2026-08-11 19:25:20
SO000003066,CUST0002815,MAT000305,2024-07-08,12.0,787.18,9446.16,0,Cancelled,USD,South Africa,2026-08-12 13:25:20
SO000003067,CUST0005314,MAT000071,2023-07-11,4.0,610.02,2440.08,15,Completed,USD,Saudi Arabia,2026-08-11 21:25:20
SO000003068,CUST0006814,MAT000668,2024-05-31,21.0,382.57,8033.97,10,Cancelled,USD,Canada,2026-08-11 19:25:20
SO000003069,CUST0007714,MAT000168,2023-10-08,4.0,586.87,2347.48,20,Shipped,EUR,France,2026-08-11 17:25:20
SO000003070,CUST0003463,MAT000504,2026-09-09,8.0,676.38,5411.04,10,Completed,INR,China,2026-08-11 12:25:20
SO000003071,CUST0004664,MAT001097,2024-05-31,5.0,843.91,4219.55,5,Returned,INR,South Africa,2026-08-12 17:25:20
SO000003072,CUST0000830,MAT000957,2025-08-14,1.0,635.31,635.31,5,Completed,USD,Saudi Arabia,2026-08-12 08:25:20
SO000003073,CUST0007678,MAT000469,2026-09-07,15.0,491.77,7376.55,0,Shipped,EUR,Germany,2026-08-12 06:25:20
SO000003074,CUST0001863,MAT001071,2025-04-12,24.0,338.82,8131.68,0,Cancelled,INR,Australia,2026-08-11 14:25:20
SO000003075,CUST0007393,MAT000444,2025-04-15,9.0,802.88,7225.92,5,Completed,USD,Mexico,2026-08-12 00:25:20
SO000003076,CUST0000456,MAT000707,2024-10-01,23.0,714.31,16429.13,0,Completed,EUR,Saudi Arabia,2026-08-12 00:25:20
SO000003077,CUST0001363,MAT000811,2025-08-29,4.0,74.08,296.32,0,Returned,USD,Singapore,2026-08-11 14:25:20
SO000003078,CUST0002251,MAT000024,2024-08-27,16.0,631.09,10097.44,5,Pending,USD,Australia,2026-08-12 11:25:20
SO000003079,CUST0006642,MAT000056,2025-06-15,8.0,487.18,3897.44,0,Cancelled,USD,USA,2026-08-11 19:25:20
SO000003080,CUST0003997,MAT001191,2025-07-31,23.0,97.76,2248.48,0,Completed,AED,China,2026-08-11 17:25:20
SO000003081,CUST0006691,MAT000896,2025-11-22,12.0,510.64,6127.68,20,Completed,USD,Saudi Arabia,2026-08-11 23:25:20
SO000003082,CUST0005660,MAT000312,2024-10-03,11.0,177.29,1950.19,10,Completed,USD,South Africa,2026-08-12 02:25:20
SO000003083,CUST0003122,MAT001163,2024-10-15,10.0,638.79,6387.9,5,Completed,USD,UK,2026-08-11 12:25:20
SO000003084,CUST0000122,MAT000908,2025-05-14,9.0,254.22,2287.98,5,Completed,USD,Mexico,2026-08-12 03:25:20
SO000003085,CUST0007363,MAT000766,2026-06-16,0.0,139.56,1535.16,10,Completed,EUR,Australia,2026-08-12 03:25:20
SO000003086,CUST0002165,MAT000262,2024-03-18,8.0,78.37,626.96,0,Cancelled,USD,Singapore,2026-08-12 14:25:20
SO000003087,CUST0004471,MAT000493,2024-08-11,8.0,444.27,3554.16,15,Pending,USD,China,2026-08-12 08:25:20
SO000003088,CUST0001532,MAT000804,2026-06-09,14.0,183.67,2571.38,10,Completed,USD,Brazil,2026-08-12 16:25:20
SO000003089,CUST0003136,MAT000213,2024-01-22,20.0,770.34,15406.8,0,Completed,GBP,Germany,2026-08-12 11:25:20
SO000003090,CUST0001045,MAT000992,2025-03-12,13.0,7.69,99.97,20,Completed,JPY,Brazil,2026-08-12 02:25:20
SO000003091,CUST0002303,MAT001073,2023-08-02,4.0,760.06,3040.24,5,Completed,GBP,UAE,2026-08-12 15:25:20
SO000003092,CUST0001430,MAT000666,2025-09-11,10.0,471.38,4713.8,10,Completed,USD,Germany,2026-08-12 13:25:20
SO000003093,CUST0002521,MAT000887,2026-07-22,2.0,830.32,1660.64,15,Completed,USD,Japan,2026-08-12 15:25:20
SO000003094,CUST0005128,MAT001074,2023-01-12,17.0,188.13,3198.21,0,Completed,USD,Saudi Arabia,2026-08-12 06:25:20
SO000003095,CUST0000019,MAT000512,2026-06-03,21.0,96.54,2027.34,20,Completed,USD,China,2026-08-12 01:25:20
SO000003096,CUST0004692,MAT000529,2026-03-27,25.0,564.34,14108.5,20,Completed,GBP,USA,2026-08-12 06:25:20
SO000003097,CUST0000803,MAT000998,2025-07-17,6.0,637.52,3825.12,0,Pending,USD,China,2026-08-12 07:25:20
SO000003098,CUST0000593,MAT000232,2024-05-05,10.0,338.46,3384.6,10,Shipped,USD,China,2026-08-12 00:25:20
SO000003099,CUST0003431,MAT001141,2023-08-19,1.0,17.24,17.24,0,Completed,USD,France,2026-08-12 18:25:20
SO000003100,CUST0000812,MAT000997,2024-03-31,0.0,369.23,8123.06,0,Completed,USD,Mexico,2026-08-11 15:25:20
SO000003101,CUST0005148,MAT000660,2024-09-23,7.0,214.24,1499.68,0,Completed,EUR,China,2026-08-12 10:25:20
SO000003102,CUST0000078,MAT000009,2026-06-19,10.0,315.99,3159.9,0,Returned,USD,Japan,2026-08-12 15:25:20
SO000003103,CUST0007111,MAT000584,2023-05-24,4.0,458.55,1834.2,10,Completed,USD,South Africa,2026-08-11 16:25:20
SO000003104,CUST0001837,MAT000859,2023-04-13,14.0,633.6,8870.4,15,Pending,USD,USA,2026-08-12 07:25:20
SO000003105,CUST0006614,MAT000163,2024-02-18,2.0,867.09,1734.18,0,Completed,USD,Brazil,2026-08-12 07:25:20
SO000003106,CUST0001688,MAT000384,2025-07-15,19.0,133.88,2543.72,0,Completed,USD,Singapore,2026-08-12 15:25:20
SO000003107,CUST0003351,MAT000996,2023-09-01,14.0,613.51,8589.14,0,Completed,EUR,Mexico,2026-08-11 14:25:20
SO000003108,CUST0005709,MAT001128,2023-05-15,22.0,213.72,4701.84,5,Shipped,USD,Canada,2026-08-12 09:25:20
SO000003109,CUST0002415,MAT000265,2024-05-19,8.0,202.53,1620.24,0,Pending,INR,Australia,2026-08-12 15:25:20
SO000003110,CUST0002582,MAT000831,2023-04-11,5.0,572.03,2860.15,0,Shipped,JPY,France,2026-08-11 14:25:20
SO000003111,CUST0006626,MAT001016,2024-09-19,13.0,699.52,9093.76,10,Cancelled,USD,Brazil,2026-08-12 14:25:20
SO000003112,CUST0007807,MAT001012,2023-06-25,18.0,880.12,15842.16,0,Completed,USD,China,2026-08-12 17:25:20
SO000003113,CUST0001710,MAT000720,2026-04-05,15.0,693.1,10396.5,20,Completed,AED,Japan,2026-08-11 19:25:20
SO000003114,CUST0007443,MAT000034,2026-02-18,0.0,145.8,2332.8,10,Completed,USD,China,2026-08-12 02:25:20
SO000003115,CUST0003425,MAT000966,2026-06-18,21.0,206.74,4341.54,20,Completed,GBP,Germany,2026-08-12 05:25:20
SO000003116,CUST0004884,MAT000451,2026-03-15,10.0,686.44,6864.4,15,Shipped,EUR,Australia,2026-08-12 08:25:20
SO000003117,CUST0006637,MAT001008,2024-01-15,1.0,476.65,476.65,0,Completed,INR,UK,2026-08-12 15:25:20
SO000003118,CUST0000507,MAT000620,2026-01-11,4.0,269.39,1077.56,0,Pending,USD,India,2026-08-12 02:25:20
SO000003119,CUST0005181,MAT000183,2024-05-11,18.0,427.25,7690.5,20,Cancelled,JPY,Mexico,2026-08-12 11:25:20
SO000003120,CUST0001998,MAT000151,2024-03-09,17.0,823.82,14004.94,5,Completed,JPY,France,2026-08-12 00:25:20
SO000003121,CUST0001112,MAT000441,2024-10-24,23.0,681.26,15668.98,15,Shipped,USD,France,2026-08-11 23:25:20
SO000003122,CUST0001613,MAT000999,2023-08-17,2.0,408.37,816.74,0,Completed,USD,Saudi Arabia,2026-08-11 13:25:20
SO000003123,CUST0004554,MAT000681,2023-08-04,1.0,882.6,882.6,0,Completed,INR,South Africa,2026-08-11 16:25:20
SO000003124,CUST0000579,MAT000844,2024-07-15,2.0,716.41,1432.82,15,Completed,USD,Brazil,2026-08-11 20:25:20
SO000003125,CUST0003836,MAT000820,2023-09-23,4.0,10.25,41.0,0,Completed,EUR,India,2026-08-11 23:25:20
SO000003126,CUST0000304,MAT000567,2026-10-07,17.0,105.57,1794.69,10,Completed,USD,Japan,2026-08-12 14:25:20
SO000003127,CUST0000573,MAT001181,2023-08-18,6.0,500.8,3004.8,0,Completed,AED,France,2026-08-11 13:25:20
SO000003128,CUST0002354,MAT000131,2025-12-17,11.0,318.21,3500.31,20,Completed,EUR,India,2026-08-11 18:25:20
SO000003129,CUST0003438,MAT000598,2023-06-11,11.0,732.24,8054.64,20,Returned,EUR,UAE,2026-08-11 12:25:20
SO000003130,CUST0004051,MAT000677,2025-03-01,17.0,806.64,13712.88,20,Completed,EUR,France,2026-08-12 11:25:20
SO000003131,CUST0000631,MAT000693,2024-04-01,6.0,220.38,1322.28,10,Completed,USD,Brazil,2026-08-12 11:25:20
SO000003132,CUST0004953,MAT000275,2025-11-25,,688.14,14450.94,0,Shipped,USD,Mexico,2026-08-11 23:25:20
SO000003133,CUST0006963,MAT000823,2024-05-11,9.0,484.18,4357.62,15,Completed,JPY,Saudi Arabia,2026-08-11 16:25:20
SO000003134,CUST0003516,MAT000341,2024-07-07,15.0,355.81,5337.15,0,Pending,GBP,Germany,2026-08-12 00:25:20
SO000003135,CUST0000775,MAT000862,2024-10-12,6.0,709.17,4255.02,5,Shipped,INR,China,2026-08-11 15:25:20
SO000003136,CUST0006117,MAT000408,2023-01-12,18.0,510.61,9190.98,5,Shipped,EUR,South Africa,2026-08-12 18:25:20
SO000003137,CUST0001915,MAT000812,2024-08-10,17.0,573.58,9750.86,20,Cancelled,USD,Mexico,2026-08-12 13:25:20
SO000003138,CUST0005445,MAT000728,2024-08-11,1.0,60.72,60.72,5,Shipped,INR,Mexico,2026-08-11 12:25:20
SO000003139,CUST0005151,MAT000782,2025-07-17,14.0,529.36,7411.04,0,Cancelled,USD,China,2026-08-11 19:25:20
SO000003140,CUST0004090,MAT000642,2024-03-25,6.0,274.14,1644.84,10,Completed,USD,Australia,2026-08-12 06:25:20
SO000003141,CUST0002659,MAT000681,2025-06-10,10.0,446.5,4465.0,0,Completed,EUR,USA,2026-08-12 18:25:20
SO000003142,CUST0000593,MAT000754,2026-06-17,1.0,203.7,203.7,0,Cancelled,USD,USA,2026-08-12 11:25:20
SO000003143,CUST0000387,MAT001197,2023-12-03,5.0,554.96,2774.8,15,Completed,GBP,Germany,2026-08-12 06:25:20
SO000003144,CUST0002227,MAT000616,2025-01-26,13.0,136.98,1780.74,5,Completed,EUR,Singapore,2026-08-11 15:25:20
SO000003145,CUST0005325,MAT000092,2025-02-14,14.0,115.0,1610.0,10,Completed,USD,Mexico,2026-08-12 09:25:20
SO000003146,CUST0006336,MAT000555,2023-02-08,13.0,173.63,2257.19,5,Pending,USD,India,2026-08-11 15:25:20
SO000003147,CUST0003022,MAT000137,2024-11-09,15.0,736.63,11049.45,0,Completed,EUR,Mexico,2026-08-12 11:25:20
SO000003148,CUST0000413,MAT000026,2023-10-08,17.0,35.01,595.17,10,Completed,GBP,Brazil,2026-08-11 21:25:20
SO000003149,CUST0001038,MAT001099,2024-06-30,10.0,657.97,6579.7,0,Completed,JPY,USA,2026-08-12 03:25:20
SO000003150,CUST0002541,MAT000352,2026-06-19,22.0,55.57,1222.54,10,Completed,USD,Germany,2026-08-11 20:25:20
SO000003151,CUST0003997,MAT001189,2024-07-14,9.0,534.71,4812.39,0,Returned,USD,USA,2026-08-11 14:25:20
SO000003152,CUST0002695,MAT000888,2025-12-22,19.0,697.33,13249.27,5,Completed,USD,Mexico,2026-08-12 05:25:20
SO000003153,CUST0006808,MAT000528,2026-06-01,13.0,211.81,2753.53,0,Completed,JPY,UK,2026-08-11 16:25:20
SO000003154,CUST0007730,MAT000236,2025-04-04,19.0,180.37,3427.03,5,Pending,USD,Saudi Arabia,2026-08-12 13:25:20
SO000003155,CUST0005695,MAT001025,2025-06-04,19.0,263.81,5012.39,5,Completed,USD,Singapore,2026-08-12 00:25:20
SO000003156,CUST0001917,MAT000601,2025-10-21,11.0,631.15,6942.65,10,Completed,INR,Singapore,2026-08-12 07:25:20
SO000003157,CUST0003881,MAT000257,2023-09-21,22.0,233.07,5127.54,0,Shipped,USD,Saudi Arabia,2026-08-11 12:25:20
SO000003158,CUST0005506,MAT000825,2023-03-10,12.0,454.08,5448.96,15,Returned,EUR,Japan,2026-08-12 16:25:20
SO000003159,CUST0002565,MAT000937,2026-09-03,17.0,125.35,2130.95,0,Returned,USD,Mexico,2026-08-12 07:25:20
SO000003160,CUST0002513,MAT000632,2025-07-29,12.0,417.77,5013.24,0,Completed,JPY,China,2026-08-12 11:25:20
SO000003161,CUST0003906,MAT001168,2026-01-12,9.0,564.13,5077.17,10,Pending,GBP,UK,2026-08-11 17:25:20
SO000003162,CUST0000034,MAT000457,2023-12-11,17.0,69.28,1177.76,5,Pending,GBP,China,2026-08-11 12:25:20
SO000003163,CUST0004280,MAT001184,2025-02-26,23.0,734.8,16900.4,0,Completed,GBP,Saudi Arabia,2026-08-12 11:25:20
SO000003164,CUST0006532,MAT000308,2023-09-30,12.0,844.01,10128.12,15,Completed,GBP,Saudi Arabia,2026-08-12 07:25:20
SO000003165,CUST0005900,MAT000739,2025-07-15,8.0,178.23,1425.84,0,Completed,USD,Germany,2026-08-11 20:25:20
SO000003166,CUST0001106,MAT000823,2023-03-17,3.0,684.69,2054.07,5,Cancelled,USD,India,2026-08-11 23:25:20
SO000003167,CUST0007856,MAT001088,2025-12-02,25.0,285.55,7138.75,0,Completed,INR,Brazil,2026-08-12 00:25:20
SO000003168,CUST0006761,MAT000164,2023-10-06,9.0,610.67,5496.03,0,Completed,EUR,Australia,2026-08-11 23:25:20
SO000003169,CUST0005311,MAT000078,2025-05-06,3.0,279.48,838.44,15,Completed,GBP,India,2026-08-11 20:25:20
SO000003170,CUST0005762,MAT000991,2023-10-22,15.0,776.8,11652.0,10,Completed,USD,UK,2026-08-11 20:25:20
SO000003171,CUST0007673,MAT000431,2026-04-27,10.0,315.66,3156.6,10,Completed,EUR,Canada,2026-08-12 10:25:20
SO000003172,CUST0003228,MAT000965,2024-04-23,7.0,764.7,5352.9,15,Completed,GBP,Brazil,2026-08-12 14:25:20
SO000003173,CUST0001001,MAT000498,2025-06-25,2.0,690.7,1381.4,0,Completed,AED,China,2026-08-12 10:25:20
SO000003174,CUST0000092,MAT000397,2023-08-28,14.0,180.71,2529.94,10,Completed,AED,China,2026-08-11 17:25:20
SO000003175,CUST0002197,MAT000496,2024-06-17,3.0,145.47,436.41,10,Completed,JPY,Saudi Arabia,2026-08-12 07:25:20
SO000003176,CUST0007115,MAT000915,2025-05-28,22.0,702.79,15461.38,20,Pending,AED,Canada,2026-08-12 07:25:20
SO000003177,CUST0007397,MAT000125,2023-10-19,4.0,354.32,1417.28,10,Completed,USD,UAE,2026-08-11 23:25:20
SO000003178,CUST0004589,MAT000285,2023-06-26,19.0,854.71,16239.49,0,Completed,USD,India,2026-08-11 18:25:20
SO000003179,CUST0007921,MAT000504,2025-11-13,14.0,848.94,11885.16,0,Completed,EUR,Japan,2026-08-12 07:25:20
SO000003180,CUST0002467,MAT000017,2026-07-15,8.0,625.67,5005.36,0,Completed,JPY,Germany,2026-08-12 07:25:20
SO000003181,CUST0002644,MAT000676,2026-04-23,20.0,453.02,9060.4,15,Completed,EUR,UK,2026-08-12 18:25:20
SO000003182,CUST0006303,MAT000665,2025-04-27,1.0,179.5,179.5,0,Completed,GBP,France,2026-08-11 15:25:20
SO000003183,CUST0001147,MAT000005,2026-05-26,,794.74,4768.44,20,Completed,USD,China,2026-08-11 17:25:20
SO000003184,CUST0002022,MAT000850,2025-08-07,2.0,78.39,156.78,5,Pending,AED,Canada,2026-08-12 17:25:20
SO000003185,CUST0003188,MAT000046,2023-07-24,24.0,336.46,8075.04,20,Completed,USD,Saudi Arabia,2026-08-12 18:25:20
SO000003186,CUST0001835,MAT000279,2023-11-29,7.0,290.7,2034.9,15,Completed,USD,France,2026-08-12 11:25:20
SO000003187,CUST0001629,MAT001012,2024-06-15,11.0,862.79,9490.69,0,Pending,GBP,UAE,2026-08-12 06:25:20
SO000003188,CUST0000309,MAT000282,2025-03-10,16.0,110.71,1771.36,15,Completed,USD,UK,2026-08-12 16:25:20
SO000003189,CUST0006952,MAT000810,2024-03-27,17.0,801.68,13628.56,0,Completed,EUR,India,2026-08-11 13:25:20
SO000003190,CUST0001529,MAT000344,2024-04-09,20.0,413.51,8270.2,15,Completed,USD,Japan,2026-08-11 16:25:20
SO000003191,CUST0002152,MAT000447,2026-03-17,14.0,47.51,665.14,15,Shipped,GBP,Brazil,2026-08-11 14:25:20
SO000003192,CUST0004822,MAT000779,2023-04-22,15.0,657.34,9860.1,10,Completed,AED,USA,2026-08-12 07:25:20
SO000003193,CUST0007798,MAT000196,2024-12-24,21.0,95.29,2001.09,0,Shipped,USD,Singapore,2026-08-12 17:25:20
SO000003194,CUST0007673,MAT001088,2023-06-08,14.0,217.12,3039.68,20,Pending,USD,Mexico,2026-08-11 15:25:20
SO000003195,CUST0002797,MAT001178,2025-12-27,12.0,720.76,8649.12,15,Shipped,GBP,Australia,2026-08-11 12:25:20
SO000003196,CUST0001648,MAT000318,2023-05-07,23.0,143.49,3300.27,10,Completed,USD,UAE,2026-08-12 11:25:20
SO000003197,CUST0002230,MAT000309,2024-07-17,21.0,296.3,6222.3,10,Completed,GBP,UAE,2026-08-11 12:25:20
SO000003198,CUST0007913,MAT000349,2025-12-26,1.0,328.09,328.09,0,Shipped,USD,Singapore,2026-08-12 02:25:20
SO000003199,CUST0007549,MAT000838,2023-09-08,21.0,531.98,11171.58,0,Completed,USD,Brazil,2026-08-12 00:25:20
SO000003200,CUST0001735,MAT000379,2024-07-03,13.0,711.99,9255.87,15,Completed,USD,France,2026-08-11 23:25:20
SO000003201,CUST0007065,MAT000350,2025-12-07,19.0,211.58,4020.02,5,Completed,USD,Australia,2026-08-12 00:25:20
SO000003202,CUST0004731,MAT000844,2026-10-05,1.0,189.18,189.18,0,Completed,USD,Brazil,2026-08-11 19:25:20
SO000003203,CUST0005022,MAT000395,2023-04-21,2.0,203.6,407.2,0,Completed,USD,South Africa,2026-08-11 17:25:20
SO000003204,CUST0001383,MAT000590,2026-06-19,9.0,346.54,3118.86,0,Completed,EUR,Singapore,2026-08-12 01:25:20
SO000003205,CUST0000741,MAT001054,2024-01-28,5.0,483.92,2419.6,0,Completed,AED,India,2026-08-12 06:25:20
SO000003206,CUST0006480,MAT000135,2025-09-18,21.0,17.03,357.63,10,Completed,USD,Brazil,2026-08-12 04:25:20
SO000003207,CUST0007066,MAT000380,2023-08-19,8.0,703.37,5626.96,5,Completed,USD,India,2026-08-12 05:25:20
SO000003208,CUST0000159,MAT000345,2023-09-22,19.0,834.41,15853.79,5,Completed,USD,Singapore,2026-08-12 17:25:20
SO000003209,CUST0000960,MAT000370,2024-07-17,2.0,759.95,1519.9,0,Returned,USD,Australia,2026-08-12 12:25:20
SO000003210,CUST0002557,MAT000199,2025-09-10,14.0,38.28,535.92,0,Shipped,EUR,Canada,2026-08-12 12:25:20
SO000003211,CUST0007515,MAT001024,2025-09-04,16.0,474.43,7590.88,20,Completed,USD,France,2026-08-12 18:25:20
SO000003212,CUST0002145,MAT000954,2023-03-04,9.0,733.55,6601.95,20,Cancelled,USD,Japan,2026-08-11 12:25:20
SO000003213,CUST0006961,MAT000868,2025-04-07,24.0,312.98,7511.52,0,Completed,USD,Germany,2026-08-12 07:25:20
SO000003214,CUST0005725,MAT000550,2024-05-25,1.0,807.85,807.85,15,Shipped,GBP,UK,2026-08-12 06:25:20
SO000003215,CUST0004952,MAT000617,2023-08-30,11.0,798.76,8786.36,0,Shipped,USD,Germany,2026-08-12 15:25:20
SO000003216,CUST0004133,MAT000965,2023-01-27,21.0,131.83,2768.43,15,Completed,USD,Japan,2026-08-11 16:25:20
SO000003217,CUST0001329,MAT000301,2023-05-14,25.0,446.8,11170.0,5,Pending,GBP,South Africa,2026-08-11 23:25:20
SO000003218,CUST0007095,MAT000455,2023-12-22,6.0,27.97,167.82,0,Completed,GBP,Singapore,2026-08-11 14:25:20
SO000003219,CUST0004265,MAT000604,2026-07-23,1.0,257.26,257.26,15,Completed,EUR,Japan,2026-08-12 11:25:20
SO000003220,CUST0002171,MAT000164,2025-04-13,5.0,731.63,3658.15,0,Pending,USD,Australia,2026-08-11 18:25:20
SO000003221,CUST0001089,MAT001045,2025-10-20,9.0,877.75,7899.75,0,Cancelled,USD,Brazil,2026-08-12 15:25:20
SO000003222,CUST0007768,MAT000403,2024-03-07,5.0,822.42,4112.1,0,Completed,AED,Singapore,2026-08-12 12:25:20
SO000003223,CUST0004803,MAT000370,2023-09-10,19.0,43.11,819.09,0,Returned,INR,Saudi Arabia,2026-08-12 08:25:20
SO000003224,CUST0004101,MAT000078,2025-03-06,9.0,834.42,7509.78,0,Cancelled,USD,Saudi Arabia,2026-08-12 08:25:20
SO000003225,CUST0006065,MAT000130,2023-10-12,20.0,741.27,14825.4,10,Completed,USD,Germany,2026-08-11 15:25:20
SO000003226,CUST0000922,MAT001059,2023-03-03,11.0,781.59,8597.49,10,Returned,AED,USA,2026-08-11 23:25:20
SO000003227,CUST0003699,MAT000801,2026-04-12,1.0,823.77,823.77,20,Shipped,INR,Germany,2026-08-11 16:25:20
SO000003228,CUST0002589,MAT000048,2025-10-16,16.0,441.92,7070.72,0,Cancelled,USD,Singapore,2026-08-12 01:25:20
SO000003229,CUST0002768,MAT000484,2025-08-16,,194.04,2910.6,0,Completed,USD,Australia,2026-08-11 20:25:20
SO000003230,CUST0002112,MAT000092,2026-03-13,11.0,23.82,262.02,15,Cancelled,USD,South Africa,2026-08-11 16:25:20
SO000003231,CUST0001584,MAT000348,2024-06-28,22.0,26.08,573.76,15,Shipped,JPY,Germany,2026-08-11 15:25:20
SO000003232,CUST0005896,MAT000671,2023-02-09,13.0,580.05,7540.65,10,Shipped,GBP,Singapore,2026-08-12 09:25:20
SO000003233,CUST0001993,MAT000447,2025-11-25,20.0,306.87,6137.4,0,Completed,INR,China,2026-08-11 19:25:20
SO000003234,CUST0000733,MAT000361,2025-08-27,18.0,448.83,8078.94,0,Pending,USD,France,2026-08-11 18:25:20
SO000003235,CUST0002534,MAT001131,2025-01-17,21.0,122.54,2573.34,5,Pending,GBP,Mexico,2026-08-11 13:25:20
SO000003236,CUST0003088,MAT001056,2026-05-08,6.0,878.08,5268.48,5,Shipped,USD,Mexico,2026-08-12 08:25:20
SO000003237,CUST0000903,MAT000302,2025-09-10,25.0,121.3,3032.5,0,Shipped,USD,Mexico,2026-08-12 12:25:20
SO000003238,CUST0003450,MAT000115,2025-03-20,8.0,403.1,3224.8,20,Returned,INR,China,2026-08-12 18:25:20
SO000003239,CUST0006442,MAT000657,2024-11-20,10.0,401.8,4018.0,0,Completed,USD,UAE,2026-08-12 10:25:20
SO000003240,CUST0005121,MAT000183,2024-07-23,6.0,12.73,76.38,0,Shipped,USD,Canada,2026-08-12 09:25:20
SO000003241,CUST0002581,MAT000044,2026-05-29,10.0,602.68,6026.8,0,Completed,EUR,UK,2026-08-12 14:25:20
SO000003242,CUST0006560,MAT000727,2025-11-20,3.0,486.7,1460.1,0,Shipped,USD,USA,2026-08-12 15:25:20
SO000003243,CUST0005500,MAT000249,2026-03-27,1.0,450.26,450.26,0,Completed,USD,France,2026-08-11 19:25:20
SO000003244,CUST0001399,MAT001112,2023-07-28,14.0,737.19,10320.66,0,Cancelled,USD,Mexico,2026-08-12 17:25:20
SO000003245,CUST0005315,MAT001081,2023-08-12,2.0,220.82,441.64,15,Shipped,GBP,South Africa,2026-08-12 08:25:20
SO000003246,CUST0002921,MAT000207,2026-03-31,16.0,775.68,12410.88,20,Completed,USD,Mexico,2026-08-12 10:25:20
SO000003247,CUST0002927,MAT000653,2025-05-02,12.0,778.98,9347.76,20,Completed,USD,India,2026-08-12 01:25:20
SO000003248,CUST0001115,MAT000648,2025-12-30,9.0,745.04,6705.36,0,Completed,USD,USA,2026-08-12 07:25:20
SO000003249,CUST0000356,MAT000248,2023-06-25,13.0,310.55,4037.15,0,Completed,USD,Japan,2026-08-12 09:25:20
SO000003250,CUST0005526,MAT001198,2025-06-12,16.0,150.49,2407.84,5,Pending,USD,Canada,2026-08-12 00:25:20
SO000003251,CUST0001449,MAT000098,2023-09-29,19.0,430.28,8175.32,20,Completed,USD,China,2026-08-12 08:25:20
SO000003252,CUST0002845,MAT000740,2025-06-25,20.0,237.56,4751.2,20,Completed,USD,Australia,2026-08-11 21:25:20
SO000003253,CUST0004887,MAT000388,2025-02-23,13.0,51.7,672.1,5,Pending,USD,UK,2026-08-11 17:25:20
SO000003254,CUST0002935,MAT000416,2024-11-17,6.0,255.13,1530.78,0,Returned,AED,Saudi Arabia,2026-08-12 01:25:20
SO000003255,CUST0003259,MAT000342,2026-03-22,21.0,424.87,8922.27,0,Completed,EUR,Germany,2026-08-11 14:25:20
SO000003256,CUST0005396,MAT000957,2024-11-27,20.0,105.9,2118.0,20,Completed,EUR,Australia,2026-08-12 14:25:20
SO000003257,CUST0003918,MAT000726,2023-07-22,7.0,850.18,5951.26,0,Shipped,GBP,Japan,2026-08-11 19:25:20
SO000003258,CUST0003108,MAT000293,2023-02-17,16.0,592.21,9475.36,0,Returned,AED,Brazil,2026-08-11 13:25:20
SO000003259,CUST0002064,MAT000975,2025-08-12,22.0,127.02,2794.44,10,Completed,EUR,USA,2026-08-12 04:25:20
SO000003260,CUST0004796,MAT000533,2024-12-08,8.0,731.8,5854.4,10,Completed,USD,UK,2026-08-11 12:25:20
SO000003261,CUST0001789,MAT000836,2024-09-05,14.0,835.64,11698.96,15,Completed,AED,UAE,2026-08-12 17:25:20
SO000003262,CUST0003075,MAT001175,2025-03-28,15.0,240.19,3602.85,15,Completed,AED,India,2026-08-11 12:25:20
SO000003263,CUST0006221,MAT000545,2025-08-01,10.0,133.21,1332.1,0,Shipped,USD,USA,2026-08-12 11:25:20
SO000003264,CUST0003898,MAT000647,2023-01-26,4.0,293.62,1174.48,15,Completed,USD,China,2026-08-11 19:25:20
SO000003265,CUST0000356,MAT000569,2025-09-10,17.0,749.86,12747.62,20,Completed,USD,South Africa,2026-08-12 14:25:20
SO000003266,CUST0001902,MAT000983,2023-12-28,18.0,161.71,2910.78,5,Shipped,USD,India,2026-08-11 16:25:20
SO000003267,CUST0007120,MAT001063,2025-01-02,14.0,702.52,9835.28,0,Completed,USD,Germany,2026-08-11 18:25:20
SO000003268,CUST0006439,MAT001188,2026-04-25,2.0,646.06,1292.12,10,Completed,USD,China,2026-08-11 20:25:20
SO000003269,CUST0003593,MAT000520,2023-07-17,14.0,587.97,8231.58,10,Completed,USD,France,2026-08-12 02:25:20
SO000003270,CUST0004630,MAT000808,2023-09-01,23.0,392.82,9034.86,0,Pending,EUR,India,2026-08-12 18:25:20
SO000003271,CUST0000143,MAT001140,2023-01-25,9.0,333.26,2999.34,0,Cancelled,USD,Japan,2026-08-12 11:25:20
SO000003272,CUST0007071,MAT000704,2023-08-06,1.0,81.31,81.31,0,Completed,AED,USA,2026-08-11 17:25:20
SO000003273,CUST0007572,MAT000915,2026-07-08,14.0,324.83,4547.62,0,Completed,GBP,France,2026-08-11 18:25:20
SO000003274,CUST0007817,MAT000751,2024-03-30,1.0,543.65,543.65,0,Shipped,EUR,Australia,2026-08-12 12:25:20
SO000003275,CUST0002301,MAT000180,2025-01-06,5.0,808.9,4044.5,5,Completed,EUR,Mexico,2026-08-12 16:25:20
SO000003276,CUST0001159,MAT001101,2023-09-06,8.0,750.65,6005.2,0,Cancelled,EUR,France,2026-08-12 11:25:20
SO000003277,CUST0006470,MAT001077,2023-04-23,4.0,33.83,135.32,20,Completed,USD,China,2026-08-11 15:25:20
SO000003278,CUST0005789,MAT000721,2024-01-22,15.0,129.28,1939.2,0,Completed,JPY,Mexico,2026-08-12 05:25:20
SO000003279,CUST0000146,MAT000051,2023-11-27,14.0,764.4,10701.6,15,Pending,USD,UAE,2026-08-11 21:25:20
SO000003280,CUST0006164,MAT001051,2025-03-01,3.0,845.69,2537.07,20,Completed,EUR,France,2026-08-12 14:25:20
SO000003281,CUST0006198,MAT000061,2025-02-23,5.0,54.95,274.75,20,Pending,USD,China,2026-08-12 02:25:20
SO000003282,CUST0001064,MAT000064,2023-11-26,25.0,632.62,15815.5,10,Completed,JPY,Saudi Arabia,2026-08-11 18:25:20
SO000003283,CUST0003519,MAT000713,2024-10-13,5.0,332.33,1661.65,0,Completed,USD,Japan,2026-08-12 09:25:20
SO000003284,CUST0006932,MAT001073,2023-05-08,8.0,331.04,2648.32,0,Completed,USD,UAE,2026-08-12 04:25:20
SO000003285,CUST0006362,MAT000237,2025-03-12,3.0,580.19,1740.57,10,Completed,USD,China,2026-08-12 14:25:20
SO000003286,CUST0001554,MAT000031,2024-08-14,10.0,730.14,7301.4,0,Completed,EUR,China,2026-08-12 16:25:20
SO000003287,CUST0006790,MAT000159,2024-02-29,17.0,250.98,4266.66,0,Pending,EUR,Canada,2026-08-12 10:25:20
SO000003288,CUST0003573,MAT000506,2025-01-09,10.0,636.29,6362.9,5,Completed,USD,Japan,2026-08-11 20:25:20
SO000003289,CUST0005941,MAT001136,2024-10-23,10.0,574.11,5741.1,20,Shipped,USD,UK,2026-08-12 18:25:20
SO000003290,CUST0003487,MAT001162,2024-04-18,23.0,468.0,10764.0,15,Cancelled,GBP,South Africa,2026-08-12 06:25:20
SO000003291,CUST0007656,MAT000993,2024-03-10,15.0,544.17,8162.55,0,Cancelled,USD,Mexico,2026-08-11 23:25:20
SO000003292,CUST0003912,MAT000803,2023-09-05,16.0,21.16,338.56,20,Completed,USD,India,2026-08-12 09:25:20
SO000003293,CUST0005902,MAT000172,2025-09-11,6.0,8.64,51.84,20,Shipped,USD,Canada,2026-08-12 09:25:20
SO000003294,CUST0002864,MAT001134,2025-11-07,11.0,497.64,5474.04,0,Completed,USD,Brazil,2026-08-12 00:25:20
SO000003295,CUST0000127,MAT000191,2023-01-21,4.0,474.08,1896.32,0,Completed,USD,Brazil,2026-08-11 21:25:20
SO000003296,CUST0000324,MAT000027,2023-07-29,20.0,68.85,1377.0,10,Completed,GBP,Brazil,2026-08-11 12:25:20
SO000003297,CUST0002230,MAT001149,2026-02-14,8.0,445.36,3562.88,0,Completed,USD,USA,2026-08-12 05:25:20
SO000003298,CUST0005546,MAT000002,2026-09-25,22.0,682.99,15025.78,5,Pending,AED,South Africa,2026-08-12 01:25:20
SO000003299,CUST0007674,MAT000946,2026-08-17,20.0,489.38,9787.6,5,Completed,USD,USA,2026-08-11 21:25:20
SO000003300,CUST0003052,MAT001117,2026-07-13,17.0,468.26,7960.42,15,Completed,USD,France,2026-08-12 10:25:20
SO000003301,CUST0007429,MAT000819,2026-04-22,10.0,647.53,6475.3,15,Pending,USD,Australia,2026-08-11 18:25:20
SO000003302,CUST0007382,MAT000965,2024-08-17,6.0,158.8,952.8,0,Completed,USD,Mexico,2026-08-12 02:25:20
SO000003303,CUST0001813,MAT000020,2024-09-25,21.0,414.45,8703.45,0,Completed,USD,Japan,2026-08-12 13:25:20
SO000003304,CUST0007605,MAT000404,2024-05-06,6.0,137.5,825.0,0,Completed,INR,Canada,2026-08-11 15:25:20
SO000003305,CUST0004864,MAT000448,2026-01-29,25.0,473.84,11846.0,5,Pending,EUR,Saudi Arabia,2026-08-12 13:25:20
SO000003306,CUST0001120,MAT000814,2025-08-12,6.0,534.79,3208.74,0,Completed,USD,Brazil,2026-08-11 15:25:20
SO000003307,CUST0002358,MAT000394,2025-04-20,4.0,113.9,455.6,0,Completed,USD,UK,2026-08-12 00:25:20
SO000003308,CUST0003667,MAT001143,2026-01-17,5.0,72.59,362.95,0,Completed,INR,Germany,2026-08-11 12:25:20
SO000003309,CUST0000580,MAT001090,2026-08-05,23.0,154.23,3547.29,15,Completed,AED,Mexico,2026-08-11 17:25:20
SO000003310,CUST0003198,MAT000087,2024-09-04,17.0,529.77,9006.09,10,Completed,USD,France,2026-08-12 03:25:20
SO000003311,CUST0000809,MAT000882,2026-02-06,21.0,174.71,3668.91,10,Completed,AED,China,2026-08-12 04:25:20
SO000003312,CUST0000706,MAT000119,2026-01-21,24.0,251.34,6032.16,5,Returned,USD,France,2026-08-12 17:25:20
SO000003313,CUST0003241,MAT000742,2023-02-24,2.0,633.78,1267.56,0,Completed,USD,France,2026-08-11 18:25:20
SO000003314,CUST0000683,MAT000612,2023-03-11,16.0,227.27,3636.32,5,Completed,USD,UK,2026-08-12 16:25:20
SO000003315,CUST0005821,MAT000047,2024-10-12,10.0,360.79,3607.9,0,Completed,GBP,Canada,2026-08-12 12:25:20
SO000003316,CUST0003625,MAT000206,2026-10-09,8.0,836.32,6690.56,15,Completed,INR,Brazil,2026-08-11 22:25:20
SO000003317,CUST0004023,MAT001191,2026-03-19,5.0,743.37,3716.85,20,Completed,USD,Mexico,2026-08-11 14:25:20
SO000003318,CUST0004480,MAT000087,2025-06-22,15.0,233.65,3504.75,10,Pending,INR,Japan,2026-08-11 12:25:20
SO000003319,CUST0006362,MAT000663,2026-06-02,21.0,539.83,11336.43,10,Completed,EUR,Japan,2026-08-12 00:25:20
SO000003320,CUST0005533,MAT000306,2023-08-30,25.0,600.89,15022.25,20,Completed,JPY,Brazil,2026-08-11 16:25:20
SO000003321,CUST0003515,MAT000119,2024-04-10,18.0,810.72,14592.96,20,Completed,USD,Singapore,2026-08-12 02:25:20
SO000003322,CUST0003527,MAT000306,2025-04-18,9.0,494.98,4454.82,5,Shipped,GBP,Canada,2026-08-12 08:25:20
SO000003323,CUST0005340,MAT000107,2023-05-17,18.0,507.35,9132.3,5,Completed,USD,UAE,2026-08-12 17:25:20
SO000003324,CUST0007241,MAT000027,2025-10-18,18.0,800.16,14402.88,20,Completed,JPY,Canada,2026-08-11 20:25:20
SO000003325,CUST0007869,MAT000523,2023-02-14,22.0,53.67,1180.74,5,Completed,USD,France,2026-08-11 12:25:20
SO000003326,CUST0005378,MAT000952,2023-02-12,2.0,567.19,1134.38,10,Completed,JPY,China,2026-08-11 12:25:20
SO000003327,CUST0002459,MAT000840,2024-08-01,13.0,377.9,4912.7,0,Completed,JPY,USA,2026-08-11 22:25:20
SO000003328,CUST0003668,MAT000534,2025-07-25,14.0,819.24,11469.36,0,Completed,USD,Brazil,2026-08-11 19:25:20
SO000003329,CUST0001991,MAT001113,2024-03-19,24.0,864.68,20752.32,15,Completed,USD,Canada,2026-08-12 06:25:20
SO000003330,CUST0004154,MAT000522,2026-03-03,15.0,157.37,2360.55,0,Completed,EUR,UK,2026-08-12 07:25:20
SO000003331,CUST0003960,MAT000670,2023-09-02,4.0,256.91,1027.64,5,Completed,USD,Mexico,2026-08-12 18:25:20
SO000003332,CUST0007155,MAT000394,2024-08-07,,249.74,1498.44,10,Pending,USD,Australia,2026-08-12 06:25:20
SO000003333,CUST0003622,MAT000413,2023-08-20,24.0,95.06,2281.44,0,Shipped,USD,India,2026-08-12 06:25:20
SO000003334,CUST0000020,MAT000374,2025-06-20,20.0,437.23,8744.6,0,Shipped,JPY,Canada,2026-08-12 07:25:20
SO000003335,CUST0002270,MAT000076,2026-06-23,17.0,464.21,7891.57,15,Completed,EUR,Canada,2026-08-12 18:25:20
SO000003336,CUST0001879,MAT000414,2024-09-02,18.0,517.82,9320.76,0,Completed,USD,France,2026-08-11 22:25:20
SO000003337,CUST0002788,MAT000431,2026-03-21,7.0,598.35,4188.45,0,Completed,USD,UK,2026-08-12 14:25:20
SO000003338,CUST0000762,MAT000888,2025-01-11,19.0,61.31,1164.89,10,Completed,USD,Mexico,2026-08-11 18:25:20
SO000003339,CUST0003907,MAT001157,2023-07-04,7.0,562.12,3934.84,5,Pending,USD,Japan,2026-08-11 22:25:20
SO000003340,CUST0004905,MAT000700,2024-05-21,15.0,822.86,12342.9,10,Completed,USD,India,2026-08-11 14:25:20
SO000003341,CUST0001970,MAT000783,2026-01-21,5.0,412.22,2061.1,0,Completed,USD,Saudi Arabia,2026-08-11 22:25:20
SO000003342,CUST0006930,MAT000382,2026-08-25,16.0,100.51,1608.16,0,Completed,USD,UAE,2026-08-11 19:25:20
SO000003343,CUST0004220,MAT000346,2024-11-02,2.0,81.92,163.84,10,Completed,USD,Australia,2026-08-12 13:25:20
SO000003344,CUST0000767,MAT000241,2023-11-24,4.0,257.17,1028.68,15,Completed,JPY,UK,2026-08-12 01:25:20
SO000003345,CUST0004302,MAT000345,2026-04-17,4.0,678.51,2714.04,0,Completed,INR,China,2026-08-12 17:25:20
SO000003346,CUST0005285,MAT000656,2024-08-01,8.0,238.59,1908.72,0,Completed,USD,Brazil,2026-08-11 20:25:20
SO000003347,CUST0002937,MAT000601,2024-01-29,5.0,733.83,3669.15,15,Completed,GBP,Mexico,2026-08-11 23:25:20
SO000003348,CUST0001504,MAT000357,2023-05-03,15.0,738.59,11078.85,10,Returned,EUR,Singapore,2026-08-12 18:25:20
SO000003349,CUST0002707,MAT000061,2026-01-27,19.0,414.12,7868.28,10,Shipped,EUR,France,2026-08-11 19:25:20
SO000003350,CUST0006029,MAT000108,2026-01-12,23.0,274.21,6306.83,15,Completed,EUR,China,2026-08-12 13:25:20
SO000003351,CUST0002000,MAT000439,2025-04-03,19.0,539.91,10258.29,0,Completed,GBP,USA,2026-08-12 04:25:20
SO000003352,CUST0001778,MAT001051,2025-02-04,3.0,730.42,2191.26,0,Pending,USD,Australia,2026-08-12 12:25:20
SO000003353,CUST0002961,MAT000869,2025-09-04,19.0,62.79,1193.01,0,Completed,USD,Australia,2026-08-12 18:25:20
SO000003354,CUST0007288,MAT000618,2025-05-07,4.0,858.31,3433.24,5,Completed,USD,Germany,2026-08-11 17:25:20
SO000003355,CUST0004004,MAT001138,2023-03-20,4.0,583.08,2332.32,10,Completed,USD,UAE,2026-08-12 16:25:20
SO000003356,CUST0001860,MAT000018,2023-01-11,13.0,361.34,4697.42,0,Completed,EUR,Saudi Arabia,2026-08-12 15:25:20
SO000003357,CUST0001433,MAT001175,2023-12-03,13.0,457.89,5952.57,20,Completed,INR,Germany,2026-08-11 18:25:20
SO000003358,CUST0007704,MAT000794,2023-08-14,18.0,350.11,6301.98,20,Completed,USD,China,2026-08-12 04:25:20
SO000003359,CUST0003331,MAT000589,2023-09-27,7.0,374.29,2620.03,5,Completed,USD,USA,2026-08-12 04:25:20
SO000003360,CUST0007489,MAT001154,2023-03-02,21.0,538.08,11299.68,15,Cancelled,USD,UAE,2026-08-12 13:25:20
SO000003361,CUST0001615,MAT000020,2024-05-13,7.0,58.92,412.44,15,Shipped,EUR,USA,2026-08-12 15:25:20
SO000003362,CUST0001461,MAT000467,2023-12-09,19.0,161.96,3077.24,0,Pending,GBP,Saudi Arabia,2026-08-12 15:25:20
SO000003363,CUST0005778,MAT000333,2024-06-29,20.0,208.2,4164.0,0,Completed,EUR,UAE,2026-08-11 21:25:20
SO000003364,CUST0004151,MAT000310,2023-10-12,3.0,369.73,1109.19,20,Completed,USD,UAE,2026-08-12 16:25:20
SO000003365,CUST0000848,MAT000090,2026-02-03,18.0,337.1,6067.8,20,Completed,EUR,Brazil,2026-08-12 08:25:20
SO000003366,CUST0007585,MAT000101,2025-03-05,14.0,651.37,9119.18,20,Completed,GBP,Singapore,2026-08-12 11:25:20
SO000003367,CUST0002802,MAT000811,2023-07-12,23.0,236.97,5450.31,0,Pending,USD,Mexico,2026-08-12 15:25:20
SO000003368,CUST0002469,MAT000718,2023-09-22,21.0,56.08,1177.68,20,Completed,USD,Japan,2026-08-12 00:25:20
SO000003369,CUST0001280,MAT000180,2025-09-17,24.0,54.62,1310.88,0,Completed,GBP,South Africa,2026-08-12 03:25:20
SO000003370,CUST0002061,MAT000681,2023-12-21,5.0,15.13,75.65,0,Completed,EUR,Australia,2026-08-11 23:25:20
SO000003371,CUST0005303,MAT001119,2026-04-01,15.0,39.03,585.45,5,Pending,EUR,India,2026-08-12 18:25:20
SO000003372,CUST0000388,MAT000920,2025-03-20,19.0,773.5,14696.5,0,Completed,USD,Australia,2026-08-12 01:25:20
SO000003373,CUST0003806,MAT000055,2023-05-30,12.0,629.03,7548.36,0,Cancelled,USD,Saudi Arabia,2026-08-11 17:25:20
SO000003374,CUST0003421,MAT000502,2024-11-19,10.0,896.36,8963.6,0,Completed,JPY,Singapore,2026-08-11 20:25:20
SO000003375,CUST0007982,MAT000888,2025-06-27,17.0,23.18,394.06,15,Completed,USD,France,2026-08-12 08:25:20
SO000003376,CUST0003176,MAT000953,2024-12-07,21.0,764.86,16062.06,10,Completed,INR,Australia,2026-08-11 13:25:20
SO000003377,CUST0000518,MAT001137,2026-07-10,13.0,627.97,8163.61,0,Pending,EUR,Saudi Arabia,2026-08-11 19:25:20
SO000003378,CUST0001714,MAT000408,2024-10-14,1.0,578.11,578.11,10,Cancelled,JPY,Canada,2026-08-11 15:25:20
SO000003379,CUST0000944,MAT000261,2026-08-14,9.0,324.1,2916.9,10,Cancelled,GBP,India,2026-08-12 14:25:20
SO000003380,CUST0003445,MAT001086,2025-01-23,6.0,342.17,2053.02,0,Completed,EUR,USA,2026-08-12 08:25:20
SO000003381,CUST0005686,MAT001179,2026-02-28,19.0,761.78,14473.82,15,Shipped,USD,Australia,2026-08-12 16:25:20
SO000003382,CUST0004721,MAT000947,2024-07-11,0.0,643.57,8366.41,0,Returned,USD,Australia,2026-08-12 02:25:20
SO000003383,CUST0001213,MAT000762,2025-04-17,20.0,604.93,12098.6,0,Completed,USD,Australia,2026-08-12 06:25:20
SO000003384,CUST0000752,MAT000900,2025-04-26,18.0,32.43,583.74,0,Completed,EUR,Singapore,2026-08-11 15:25:20
SO000003385,CUST0006470,MAT000239,2023-02-14,5.0,169.97,849.85,15,Completed,USD,France,2026-08-12 17:25:20
SO000003386,CUST0001436,MAT001091,2026-04-22,19.0,866.55,16464.45,0,Pending,USD,Mexico,2026-08-12 18:25:20
SO000003387,CUST0000347,MAT000511,2023-05-12,20.0,411.66,8233.2,0,Completed,USD,South Africa,2026-08-11 15:25:20
SO000003388,CUST0999060,MAT000326,2024-10-10,17.0,704.35,11973.95,0,Pending,USD,Japan,2026-08-11 13:25:20
SO000003389,CUST0005248,MAT000773,2024-12-29,5.0,353.45,1767.25,20,Completed,USD,Singapore,2026-08-12 02:25:20
SO000003390,CUST0007977,MAT000798,2023-04-09,6.0,689.07,4134.42,0,Shipped,INR,China,2026-08-11 16:25:20
SO000003391,CUST0004165,MAT000191,2023-07-03,23.0,111.7,2569.1,15,Completed,JPY,USA,2026-08-11 21:25:20
SO000003392,CUST0004981,MAT000897,2023-11-01,15.0,42.7,640.5,0,Completed,USD,UAE,2026-08-11 16:25:20
SO000003393,CUST0006347,MAT001009,2025-08-03,19.0,422.23,8022.37,5,Completed,INR,Mexico,2026-08-11 15:25:20
SO000003394,CUST0000006,MAT001070,2025-01-08,6.0,534.52,3207.12,20,Pending,USD,Canada,2026-08-11 23:25:20
SO000003395,CUST0004325,MAT000257,2025-06-18,5.0,294.71,1473.55,5,Shipped,AED,India,2026-08-12 08:25:20
SO000003396,CUST0003917,MAT000889,2025-11-08,6.0,645.82,3874.92,20,Shipped,INR,Saudi Arabia,2026-08-12 05:25:20
SO000003397,CUST0003856,MAT000301,2025-12-07,6.0,448.76,2692.56,20,Pending,USD,Mexico,2026-08-11 20:25:20
SO000003398,CUST0007565,MAT000945,2025-10-23,24.0,835.84,20060.16,20,Completed,INR,France,2026-08-12 13:25:20
SO000003399,CUST0004316,MAT001104,2025-09-30,17.0,81.07,1378.19,15,Completed,USD,Brazil,2026-08-12 02:25:20
SO000003400,CUST0003240,MAT000902,2023-11-13,23.0,64.58,1485.34,0,Completed,EUR,France,2026-08-11 13:25:20
SO000003401,CUST0001014,MAT000745,2025-08-26,3.0,815.08,2445.24,5,Completed,USD,India,2026-08-12 04:25:20
SO000003402,CUST0006868,MAT000360,2025-12-30,19.0,603.85,11473.15,0,Completed,USD,Saudi Arabia,2026-08-12 07:25:20
SO000003403,CUST0002722,MAT000689,2023-05-16,9.0,605.65,5450.85,5,Cancelled,EUR,Japan,2026-08-12 11:25:20
SO000003404,CUST0000534,MAT000551,2024-02-14,2.0,29.66,59.32,10,Cancelled,JPY,Germany,2026-08-12 13:25:20
SO000003405,CUST0000843,MAT001110,2026-03-26,8.0,844.22,6753.76,0,Pending,JPY,Australia,2026-08-12 11:25:20
SO000003406,CUST0000383,MAT000670,2025-11-13,24.0,695.78,16698.72,5,Shipped,USD,Japan,2026-08-12 12:25:20
SO000003407,CUST0006658,MAT000474,2025-10-27,18.0,689.06,12403.08,0,Completed,USD,Canada,2026-08-12 03:25:20
SO000003408,CUST0002332,MAT000356,2025-01-14,3.0,821.18,2463.54,10,Pending,USD,China,2026-08-11 19:25:20
SO000003409,CUST0002689,MAT000843,2025-02-13,22.0,522.45,11493.9,5,Completed,INR,China,2026-08-11 22:25:20
SO000003410,CUST0002986,MAT000257,2024-09-06,22.0,358.23,7881.06,0,Completed,EUR,Japan,2026-08-12 06:25:20
SO000003411,CUST0000886,MAT000505,2026-02-28,8.0,435.21,3481.68,0,Cancelled,USD,Australia,2026-08-12 00:25:20
SO000003412,CUST0002983,MAT000088,2023-04-10,10.0,700.63,7006.3,0,Pending,USD,UAE,2026-08-11 22:25:20
SO000003413,CUST0000459,MAT000020,2025-05-28,2.0,693.01,1386.02,0,Completed,USD,Saudi Arabia,2026-08-11 22:25:20
SO000003414,CUST0005826,MAT001064,2024-09-21,8.0,550.58,4404.64,20,Completed,AED,Japan,2026-08-12 06:25:20
SO000003415,CUST0000677,MAT000661,2025-05-27,11.0,200.18,2201.98,10,Completed,USD,Saudi Arabia,2026-08-12 12:25:20
SO000003416,CUST0002393,MAT000064,2026-07-11,9.0,737.9,6641.1,10,Completed,INR,Germany,2026-08-12 01:25:20
SO000003417,CUST0005820,MAT000542,2023-05-27,7.0,584.28,4089.96,5,Completed,USD,USA,2026-08-12 11:25:20
SO000003418,CUST0007082,MAT000390,2023-04-16,25.0,203.03,5075.75,20,Completed,USD,Japan,2026-08-12 14:25:20
SO000003419,CUST0007462,MAT000794,2026-07-17,2.0,435.18,870.36,5,Shipped,GBP,Japan,2026-08-12 13:25:20
SO000003420,CUST0007610,MAT000166,2025-08-28,0.0,897.5,17950.0,5,Pending,USD,South Africa,2026-08-11 22:25:20
SO000003421,CUST0003272,MAT001024,2023-02-11,25.0,298.9,7472.5,0,Pending,GBP,South Africa,2026-08-12 13:25:20
SO000003422,CUST0000002,MAT000705,2023-03-09,21.0,109.32,2295.72,0,Completed,INR,USA,2026-08-12 16:25:20
SO000003423,CUST0004329,MAT000312,2025-05-06,1.0,24.39,24.39,15,Completed,USD,Canada,2026-08-12 15:25:20
SO000003424,CUST0005039,MAT000017,2025-02-24,18.0,170.25,3064.5,10,Completed,USD,Mexico,2026-08-11 23:25:20
SO000003425,CUST0000329,MAT001193,2023-04-21,10.0,172.33,1723.3,0,Completed,JPY,Mexico,2026-08-11 22:25:20
SO000003426,CUST0006926,MAT000848,2024-04-02,23.0,772.97,17778.31,0,Completed,USD,USA,2026-08-11 22:25:20
SO000003427,CUST0005123,MAT000544,2023-03-10,23.0,144.76,3329.48,5,Completed,USD,UK,2026-08-11 22:25:20
SO000003428,CUST0002877,MAT000290,2023-09-15,1.0,777.07,777.07,0,Completed,USD,Australia,2026-08-11 16:25:20
SO000003429,CUST0002677,MAT000267,2023-02-23,16.0,82.61,1321.76,20,Completed,USD,Australia,2026-08-11 15:25:20
SO000003430,CUST0002035,MAT000704,2026-03-08,7.0,816.45,5715.15,0,Completed,INR,South Africa,2026-08-11 22:25:20
SO000003431,CUST0004176,MAT000415,2025-08-20,2.0,234.44,468.88,0,Shipped,USD,Saudi Arabia,2026-08-12 03:25:20
SO000003432,CUST0002508,MAT000637,2023-06-24,21.0,552.29,11598.09,5,Cancelled,USD,Canada,2026-08-12 09:25:20
SO000003433,CUST0005735,MAT000667,2026-02-28,17.0,147.96,2515.32,0,Shipped,USD,Mexico,2026-08-11 22:25:20
SO000003434,CUST0007978,MAT000552,2025-09-09,21.0,354.1,7436.1,0,Completed,GBP,Brazil,2026-08-11 20:25:20
SO000003435,CUST0001831,MAT000863,2023-07-20,16.0,81.76,1308.16,15,Completed,EUR,UK,2026-08-11 21:25:20
SO000003436,CUST0006909,MAT000819,2025-12-31,25.0,523.68,13092.0,0,Pending,USD,Canada,2026-08-11 12:25:20
SO000003437,CUST0002999,MAT000673,2023-03-02,3.0,314.56,943.68,15,Completed,AED,USA,2026-08-12 18:25:20
SO000003438,CUST0002310,MAT000034,2023-07-12,16.0,767.67,12282.72,0,Completed,USD,Brazil,2026-08-11 12:25:20
SO000003439,CUST0000743,MAT000212,2026-07-28,6.0,167.73,1006.38,10,Completed,EUR,Germany,2026-08-12 15:25:20
SO000003440,CUST0006242,MAT001069,2026-09-05,7.0,255.59,1789.13,10,Completed,USD,Canada,2026-08-12 05:25:20
SO000003441,CUST0000235,MAT000200,2025-05-24,3.0,163.64,490.92,15,Completed,GBP,Mexico,2026-08-12 07:25:20
SO000003442,CUST0006739,MAT001175,2024-08-31,6.0,509.62,3057.72,0,Shipped,USD,UK,2026-08-11 15:25:20
SO000003443,CUST0002959,MAT000486,2025-07-10,1.0,105.01,105.01,10,Completed,USD,Mexico,2026-08-12 06:25:20
SO000003444,CUST0002929,MAT001199,2026-04-16,11.0,174.47,1919.17,15,Shipped,JPY,USA,2026-08-12 01:25:20
SO000003445,CUST0000099,MAT001200,2026-04-06,11.0,612.25,6734.75,10,Completed,EUR,Japan,2026-08-12 14:25:20
SO000003446,CUST0006699,MAT000237,2024-11-15,10.0,71.6,716.0,20,Pending,GBP,Australia,2026-08-11 20:25:20
SO000003447,CUST0005943,MAT000873,2024-01-23,1.0,670.13,670.13,10,Completed,EUR,China,2026-08-12 03:25:20
SO000003448,CUST0001121,MAT000695,2023-08-21,,98.38,1770.84,10,Completed,EUR,Australia,2026-08-12 00:25:20
SO000003449,CUST0002749,MAT000500,2024-09-10,19.0,529.01,10051.19,0,Returned,USD,India,2026-08-12 11:25:20
SO000003450,CUST0004894,MAT001118,2025-05-05,10.0,898.04,8980.4,10,Completed,USD,Brazil,2026-08-11 23:25:20
SO000003451,CUST0005298,MAT000995,2023-01-25,15.0,160.63,2409.45,0,Pending,USD,Germany,2026-08-12 01:25:20
SO000003452,CUST0004478,MAT000349,2023-11-16,8.0,238.67,1909.36,15,Shipped,USD,Canada,2026-08-12 04:25:20
SO000003453,CUST0000274,MAT001029,2026-03-05,11.0,809.09,8899.99,5,Returned,USD,Germany,2026-08-12 02:25:20
SO000003454,CUST0001182,MAT000877,2025-10-15,17.0,565.53,9614.01,0,Completed,USD,Brazil,2026-08-12 02:25:20
SO000003455,CUST0007618,MAT000927,2025-02-09,17.0,445.82,7578.94,0,Completed,EUR,Canada,2026-08-12 17:25:20
SO000003456,CUST0006861,MAT000730,2023-09-07,23.0,508.62,11698.26,0,Completed,USD,Singapore,2026-08-12 13:25:20
SO000003457,CUST0004762,MAT000449,2024-02-21,21.0,269.47,5658.87,10,Completed,EUR,France,2026-08-12 07:25:20
SO000003458,CUST0004132,MAT000995,2023-12-14,0.0,770.51,6164.08,5,Shipped,EUR,UK,2026-08-12 02:25:20
SO000003459,CUST0002713,MAT001030,2024-08-11,21.0,672.02,14112.42,20,Completed,USD,Singapore,2026-08-11 22:25:20
SO000003460,CUST0002114,MAT000763,2025-09-24,12.0,580.01,6960.12,10,Shipped,USD,Japan,2026-08-11 14:25:20
SO000003461,CUST0003348,MAT001118,2025-12-13,1.0,838.91,838.91,0,Completed,USD,UAE,2026-08-12 15:25:20
SO000003462,CUST0001010,MAT000683,2023-12-31,10.0,522.41,5224.1,5,Pending,JPY,Mexico,2026-08-12 04:25:20
SO000003463,CUST0006126,MAT000174,2023-02-08,21.0,463.13,9725.73,0,Completed,USD,South Africa,2026-08-12 17:25:20
SO000003464,CUST0002011,MAT000699,2023-10-01,22.0,878.25,19321.5,5,Completed,USD,Australia,2026-08-12 13:25:20
SO000003465,CUST0004342,MAT000805,2024-03-30,5.0,189.38,946.9,0,Completed,GBP,Japan,2026-08-12 03:25:20
SO000003466,CUST0007193,MAT001034,2024-05-05,14.0,132.06,1848.84,20,Returned,GBP,USA,2026-08-11 14:25:20
SO000003467,CUST0001209,MAT001035,2024-09-12,24.0,150.24,3605.76,15,Shipped,EUR,Mexico,2026-08-12 01:25:20
SO000003468,CUST0001505,MAT001033,2023-05-25,10.0,890.55,8905.5,20,Completed,USD,Singapore,2026-08-11 12:25:20
SO000003469,CUST0006025,MAT000344,2025-08-19,1.0,588.76,588.76,0,Completed,USD,Japan,2026-08-12 01:25:20
SO000003470,CUST0004053,MAT000257,2026-09-06,16.0,278.8,4460.8,15,Completed,USD,India,2026-08-12 18:25:20
SO000003471,CUST0003553,MAT000779,2025-05-14,18.0,227.84,4101.12,10,Shipped,USD,France,2026-08-12 01:25:20
SO000003472,CUST0004039,MAT001200,2024-08-12,20.0,55.69,1113.8,0,Completed,USD,South Africa,2026-08-12 14:25:20
SO000003473,CUST0001065,MAT000060,2025-04-15,6.0,123.09,738.54,0,Returned,EUR,China,2026-08-12 13:25:20
SO000003474,CUST0007174,MAT000935,2024-08-05,7.0,817.81,5724.67,0,Pending,EUR,India,2026-08-12 00:25:20
SO000003475,CUST0001733,MAT000262,2025-10-26,16.0,673.87,10781.92,15,Cancelled,USD,Mexico,2026-08-12 11:25:20
SO000003476,CUST0007306,MAT000594,2023-10-08,2.0,847.7,1695.4,20,Completed,USD,USA,2026-08-11 16:25:20
SO000003477,CUST0004779,MAT000011,2024-12-23,2.0,384.24,768.48,10,Completed,GBP,Mexico,2026-08-12 09:25:20
SO000003478,CUST0002850,MAT000117,2024-02-06,15.0,543.11,8146.65,20,Completed,USD,UK,2026-08-11 14:25:20
SO000003479,CUST0007211,MAT000787,2026-03-09,6.0,437.89,2627.34,0,Shipped,EUR,Singapore,2026-08-11 22:25:20
SO000003480,CUST0001327,MAT000873,2023-05-20,16.0,793.84,12701.44,0,Completed,AED,Canada,2026-08-12 02:25:20
SO000003481,CUST0007598,MAT001115,2023-10-06,23.0,892.29,20522.67,0,Cancelled,USD,USA,2026-08-12 17:25:20
SO000003482,CUST0001170,MAT000139,2024-03-21,14.0,839.83,11757.62,20,Shipped,USD,Brazil,2026-08-12 00:25:20
SO000003483,CUST0006425,MAT000349,2024-03-02,5.0,540.26,2701.3,0,Completed,USD,China,2026-08-11 16:25:20
SO000003484,CUST0005866,MAT000574,2026-08-12,10.0,60.31,603.1,0,Completed,AED,UK,2026-08-12 14:25:20
SO000003485,CUST0003827,MAT000862,2023-01-06,15.0,557.69,8365.35,20,Completed,USD,China,2026-08-11 13:25:20
SO000003486,CUST0005720,MAT000827,2024-08-18,,91.86,918.6,15,Shipped,GBP,South Africa,2026-08-12 04:25:20
SO000003487,CUST0000308,MAT001012,2025-09-28,0.0,129.25,517.0,0,Cancelled,USD,Brazil,2026-08-11 23:25:20
SO000003488,CUST0001278,MAT000481,2024-05-20,3.0,176.25,528.75,0,Completed,EUR,UAE,2026-08-12 15:25:20
SO000003489,CUST0000727,MAT001041,2025-05-30,24.0,330.33,7927.92,15,Returned,USD,France,2026-08-12 14:25:20
SO000003490,CUST0001635,MAT000155,2023-07-27,21.0,534.65,11227.65,0,Completed,USD,Saudi Arabia,2026-08-12 04:25:20
SO000003491,CUST0002217,MAT001051,2026-05-05,9.0,303.53,2731.77,5,Completed,USD,India,2026-08-11 20:25:20
SO000003492,CUST0002667,MAT000701,2023-02-19,12.0,409.78,4917.36,5,Completed,USD,France,2026-08-12 11:25:20
SO000003493,CUST0002085,MAT000262,2024-11-19,9.0,47.32,425.88,10,Completed,USD,USA,2026-08-11 12:25:20
SO000003494,CUST0004389,MAT000747,2023-05-09,3.0,559.68,1679.04,0,Completed,EUR,France,2026-08-12 04:25:20
SO000003495,CUST0005662,MAT000766,2023-01-18,22.0,593.04,13046.88,0,Completed,JPY,UAE,2026-08-12 12:25:20
SO000003496,CUST0002097,MAT000351,2024-11-29,10.0,93.95,939.5,15,Completed,USD,Japan,2026-08-12 01:25:20
SO000003497,CUST0000191,MAT000468,2023-11-10,14.0,707.68,9907.52,0,Completed,USD,Mexico,2026-08-11 20:25:20
SO000003498,CUST0006114,MAT000593,2026-02-22,1.0,584.48,584.48,20,Completed,EUR,Mexico,2026-08-11 16:25:20
SO000003499,CUST0007141,MAT001136,2025-07-09,22.0,443.31,9752.82,20,Completed,USD,UAE,2026-08-12 13:25:20
SO000003500,CUST0000294,MAT000205,2025-11-30,18.0,499.81,8996.58,10,Completed,AED,Canada,2026-08-12 17:25:20
SO000003501,CUST0005607,MAT000916,2025-06-05,7.0,455.23,3186.61,0,Completed,USD,India,2026-08-12 05:25:20
SO000003502,CUST0007138,MAT000705,2024-05-14,12.0,53.14,637.68,15,Shipped,USD,Singapore,2026-08-11 15:25:20
SO000003503,CUST0004744,MAT001126,2024-12-26,15.0,662.96,9944.4,10,Pending,EUR,UK,2026-08-12 16:25:20
SO000003504,CUST0002176,MAT001066,2025-03-30,18.0,463.07,8335.26,10,Completed,USD,Mexico,2026-08-11 17:25:20
SO000003505,CUST0002928,MAT000707,2023-09-05,22.0,159.68,3512.96,0,Completed,GBP,South Africa,2026-08-12 00:25:20
SO000003506,CUST0002008,MAT000517,2025-04-07,14.0,614.25,8599.5,5,Completed,USD,Japan,2026-08-11 12:25:20
SO000003507,CUST0000054,MAT000533,2026-01-16,22.0,627.08,13795.76,0,Completed,USD,China,2026-08-11 18:25:20
SO000003508,CUST0007884,MAT000263,2025-10-06,23.0,196.08,4509.84,0,Completed,USD,Saudi Arabia,2026-08-12 15:25:20
SO000003509,CUST0000730,MAT000749,2025-06-10,14.0,717.86,10050.04,0,Cancelled,USD,Mexico,2026-08-11 17:25:20
SO000003510,CUST0000534,MAT000054,2026-09-05,9.0,413.57,3722.13,10,Completed,USD,Brazil,2026-08-11 22:25:20
SO000003511,CUST0007219,MAT000394,2026-05-19,22.0,166.65,3666.3,20,Pending,USD,Singapore,2026-08-12 02:25:20
SO000003512,CUST0000831,MAT000304,2024-05-27,1.0,593.57,593.57,0,Shipped,USD,India,2026-08-12 00:25:20
SO000003513,CUST0003263,MAT000566,2026-01-27,9.0,539.07,4851.63,5,Completed,USD,Canada,2026-08-12 18:25:20
SO000003514,CUST0000935,MAT000614,2024-10-17,6.0,157.51,945.06,10,Cancelled,EUR,Canada,2026-08-12 04:25:20
SO000003515,CUST0005436,MAT000416,2023-01-17,9.0,785.75,7071.75,0,Shipped,USD,Saudi Arabia,2026-08-11 14:25:20
SO000003516,CUST0000572,MAT000389,2025-10-29,15.0,769.81,11547.15,0,Completed,EUR,Canada,2026-08-11 22:25:20
SO000003517,CUST0000023,MAT000842,2023-08-03,16.0,753.44,12055.04,0,Completed,USD,South Africa,2026-08-11 23:25:20
SO000003518,CUST0005054,MAT001003,2023-09-09,16.0,362.31,5796.96,5,Completed,AED,India,2026-08-12 06:25:20
SO000003519,CUST0002368,MAT000121,2023-06-11,13.0,743.04,9659.52,0,Completed,USD,France,2026-08-12 07:25:20
SO000003520,CUST0002208,MAT000932,2026-06-07,25.0,761.09,19027.25,5,Completed,INR,Australia,2026-08-12 18:25:20
SO000003521,CUST0004112,MAT000399,2025-10-10,5.0,896.9,4484.5,0,Completed,JPY,India,2026-08-12 15:25:20
SO000003522,CUST0003210,MAT001096,2026-05-10,18.0,862.06,15517.08,0,Pending,EUR,USA,2026-08-12 15:25:20
SO000003523,CUST0002506,MAT001134,2023-09-13,,347.65,8691.25,15,Completed,JPY,China,2026-08-12 18:25:20
SO000003524,CUST0006145,MAT000490,2025-03-24,9.0,182.39,1641.51,15,Completed,JPY,China,2026-08-12 06:25:20
SO000003525,CUST0000554,MAT000089,2025-01-07,5.0,266.75,1333.75,20,Completed,USD,South Africa,2026-08-12 03:25:20
SO000003526,CUST0006682,MAT000707,2024-09-27,7.0,447.83,3134.81,0,Completed,USD,Australia,2026-08-12 17:25:20
SO000003527,CUST0000975,MAT000654,2023-12-19,14.0,725.88,10162.32,20,Shipped,USD,Japan,2026-08-12 06:25:20
SO000003528,CUST0004638,MAT000443,2024-11-20,17.0,652.07,11085.19,10,Completed,USD,Japan,2026-08-11 18:25:20
SO000003529,CUST0002177,MAT000917,2026-05-11,4.0,710.0,2840.0,15,Shipped,INR,UAE,2026-08-12 00:25:20
SO000003530,CUST0005262,MAT000166,2024-08-03,10.0,345.03,3450.3,0,Completed,AED,Germany,2026-08-12 13:25:20
SO000003531,CUST0005822,MAT000402,2023-09-10,5.0,225.98,1129.9,0,Completed,JPY,South Africa,2026-08-11 19:25:20
SO000003532,CUST0004640,MAT000231,2024-06-06,6.0,26.6,159.6,5,Completed,INR,UAE,2026-08-12 02:25:20
SO000003533,CUST0004623,MAT000211,2025-01-07,20.0,565.43,11308.6,5,Completed,USD,Australia,2026-08-12 01:25:20
SO000003534,CUST0001234,MAT000988,2024-03-20,15.0,716.56,10748.4,15,Completed,USD,India,2026-08-12 02:25:20
SO000003535,CUST0006602,MAT000411,2026-06-01,23.0,800.78,18417.94,0,Completed,USD,Singapore,2026-08-12 08:25:20
SO000003536,CUST0007644,MAT000037,2024-08-16,17.0,431.23,7330.91,10,Pending,USD,USA,2026-08-12 06:25:20
SO000003537,CUST0004033,MAT000027,2025-12-12,23.0,835.24,19210.52,5,Returned,JPY,France,2026-08-12 18:25:20
SO000003538,CUST0004165,MAT000262,2026-02-19,7.0,186.16,1303.12,20,Completed,INR,USA,2026-08-11 21:25:20
SO000003539,CUST0004735,MAT000375,2025-08-18,7.0,465.37,3257.59,0,Completed,USD,South Africa,2026-08-11 23:25:20
SO000003540,CUST0006884,MAT000365,2024-10-11,16.0,196.32,3141.12,0,Pending,GBP,India,2026-08-11 21:25:20
SO000003541,CUST0004066,MAT000324,2023-05-18,18.0,173.33,3119.94,0,Completed,INR,Canada,2026-08-11 17:25:20
SO000003542,CUST0002949,MAT000927,2025-10-02,8.0,858.28,6866.24,15,Completed,USD,Germany,2026-08-11 17:25:20
SO000003543,CUST0003326,MAT000465,2026-05-31,15.0,736.88,11053.2,10,Shipped,EUR,USA,2026-08-12 11:25:20
SO000003544,CUST0003217,MAT000239,2025-12-14,9.0,15.56,140.04,0,Completed,USD,UK,2026-08-12 13:25:20
SO000003545,CUST0006585,MAT001198,2025-11-21,21.0,245.32,5151.72,0,Returned,USD,Canada,2026-08-12 00:25:20
SO000003546,CUST0002753,MAT000904,2023-08-10,16.0,188.6,3017.6,10,Cancelled,USD,USA,2026-08-11 20:25:20
SO000003547,CUST0001591,MAT000058,2026-07-12,12.0,136.69,1640.28,5,Completed,USD,Japan,2026-08-11 23:25:20
SO000003548,CUST0003312,MAT001124,2026-04-02,22.0,629.18,13841.96,5,Pending,USD,Australia,2026-08-11 16:25:20
SO000003549,CUST0004475,MAT000929,2024-10-11,21.0,512.32,10758.72,10,Shipped,INR,Australia,2026-08-12 12:25:20
SO000003550,CUST0006186,MAT000200,2026-01-23,21.0,411.27,8636.67,0,Shipped,USD,Mexico,2026-08-12 14:25:20
SO000003551,CUST0007427,MAT000178,2024-10-30,23.0,174.6,4015.8,5,Completed,EUR,UK,2026-08-11 12:25:20
SO000003552,CUST0000053,MAT001095,2024-03-04,23.0,253.47,5829.81,5,Cancelled,AED,India,2026-08-11 20:25:20
SO000003553,CUST0001514,MAT000291,2025-10-27,16.0,323.71,5179.36,10,Completed,USD,Canada,2026-08-12 16:25:20
SO000003554,CUST0007038,MAT000032,2026-04-30,17.0,708.01,12036.17,20,Completed,AED,Japan,2026-08-11 16:25:20
SO000003555,CUST0000916,MAT000833,2023-07-15,3.0,890.32,2670.96,0,Completed,JPY,Japan,2026-08-12 01:25:20
SO000003556,CUST0005624,MAT000757,2025-09-06,21.0,169.66,3562.86,0,Completed,USD,South Africa,2026-08-11 23:25:20
SO000003557,CUST0006221,MAT000835,2025-08-25,4.0,310.66,1242.64,10,Completed,USD,India,2026-08-11 22:25:20
SO000003558,CUST0001966,MAT000020,2023-12-06,22.0,255.78,5627.16,20,Completed,JPY,Brazil,2026-08-12 02:25:20
SO000003559,CUST0000380,MAT000419,2023-10-11,21.0,44.44,933.24,15,Completed,AED,Germany,2026-08-12 00:25:20
SO000003560,CUST0006105,MAT001158,2025-04-12,14.0,201.2,2816.8,5,Completed,USD,Canada,2026-08-12 12:25:20
SO000003561,CUST0003741,MAT000578,2023-05-18,6.0,811.94,4871.64,10,Shipped,GBP,South Africa,2026-08-11 21:25:20
SO000003562,CUST0000586,MAT000906,2024-12-07,22.0,759.36,16705.92,20,Completed,USD,UAE,2026-08-12 17:25:20
SO000003563,CUST0999081,MAT001093,2023-12-25,5.0,155.0,775.0,15,Pending,AED,France,2026-08-12 03:25:20
SO000003564,CUST0005391,MAT000452,2023-02-15,4.0,332.72,1330.88,10,Completed,EUR,USA,2026-08-11 15:25:20
SO000003565,CUST0003658,MAT000573,2025-11-10,17.0,283.17,4813.89,0,Completed,AED,Germany,2026-08-11 22:25:20
SO000003566,CUST0006745,MAT000444,2024-12-23,14.0,137.23,1921.22,5,Completed,USD,Singapore,2026-08-11 21:25:20
SO000003567,CUST0000517,MAT000038,2023-08-12,9.0,561.88,5056.92,15,Completed,GBP,Mexico,2026-08-11 13:25:20
SO000003568,CUST0001145,MAT000958,2023-12-21,6.0,503.78,3022.68,0,Completed,AED,Japan,2026-08-11 21:25:20
SO000003569,CUST0000085,MAT000053,2023-08-04,12.0,387.16,4645.92,20,Cancelled,USD,France,2026-08-11 21:25:20
SO000003570,CUST0004424,MAT001034,2025-04-19,5.0,770.67,3853.35,0,Completed,USD,India,2026-08-12 03:25:20
SO000003571,CUST0002004,MAT000840,2024-07-16,8.0,559.64,4477.12,15,Completed,USD,Saudi Arabia,2026-08-12 07:25:20
SO000003572,CUST0001338,MAT000510,2025-01-02,19.0,237.05,4503.95,10,Shipped,USD,Australia,2026-08-11 13:25:20
SO000003573,CUST0000506,MAT000277,2026-03-16,21.0,339.47,7128.87,0,Completed,USD,Saudi Arabia,2026-08-12 06:25:20
SO000003574,CUST0003018,MAT000217,2025-01-13,3.0,139.39,418.17,5,Completed,USD,Saudi Arabia,2026-08-11 18:25:20
SO000003575,CUST0001307,MAT000498,2024-07-30,7.0,534.28,3739.96,15,Completed,EUR,France,2026-08-12 04:25:20
SO000003576,CUST0005094,MAT001077,2024-08-19,21.0,530.03,11130.63,5,Cancelled,GBP,USA,2026-08-12 12:25:20
SO000003577,CUST0001969,MAT000734,2023-02-09,9.0,783.81,7054.29,5,Completed,EUR,Mexico,2026-08-11 16:25:20
SO000003578,CUST0000838,MAT000657,2023-10-03,15.0,770.96,11564.4,20,Returned,USD,Brazil,2026-08-11 17:25:20
SO000003579,CUST0003220,MAT000069,2024-05-19,2.0,754.06,1508.12,5,Pending,USD,Mexico,2026-08-12 02:25:20
SO000003580,CUST0002811,MAT000837,2026-05-30,22.0,496.31,10918.82,20,Returned,AED,Saudi Arabia,2026-08-11 20:25:20
SO000003581,CUST0005097,MAT000849,2024-04-22,5.0,588.56,2942.8,20,Pending,EUR,Canada,2026-08-11 23:25:20
SO000003582,CUST0002128,MAT000689,2025-09-20,13.0,699.11,9088.43,0,Completed,USD,Singapore,2026-08-12 11:25:20
SO000003583,CUST0004901,MAT001192,2025-10-16,3.0,87.06,261.18,0,Completed,USD,USA,2026-08-12 05:25:20
SO000003584,CUST0000964,MAT000458,2025-06-30,23.0,274.04,6302.92,20,Shipped,USD,USA,2026-08-12 06:25:20
SO000003585,CUST0000978,MAT001035,2025-09-02,18.0,156.34,2814.12,15,Completed,JPY,Canada,2026-08-12 01:25:20
SO000003586,CUST0003816,MAT000136,2025-04-22,13.0,462.76,6015.88,15,Completed,EUR,Germany,2026-08-12 10:25:20
SO000003587,CUST0005324,MAT000180,2023-04-23,11.0,754.71,8301.81,20,Cancelled,USD,Saudi Arabia,2026-08-11 21:25:20
SO000003588,CUST0001349,MAT000541,2023-09-20,15.0,211.49,3172.35,20,Completed,USD,Australia,2026-08-09 12:25:32
SO000003589,CUST0003628,MAT001050,2024-08-28,6.0,659.16,3954.96,15,Completed,GBP,South Africa,2026-08-11 21:25:20
SO000003590,CUST0000520,MAT000394,2025-06-18,11.0,368.21,4050.31,5,Pending,EUR,India,2026-08-11 16:25:20
SO000003591,CUST0003616,MAT000231,2024-06-23,8.0,813.25,6506.0,5,Completed,USD,South Africa,2026-08-12 11:25:20
SO000003592,CUST0006912,MAT000769,2023-06-20,15.0,565.98,8489.7,0,Pending,EUR,USA,2026-08-11 14:25:20
SO000003593,CUST0004101,MAT001051,2026-07-07,16.0,879.01,14064.16,15,Returned,USD,Singapore,2026-08-12 14:25:20
SO000003594,CUST0003021,MAT000221,2025-12-17,18.0,224.87,4047.66,0,Completed,AED,India,2026-08-12 17:25:20
SO000003595,CUST0001370,MAT000668,2024-05-26,8.0,831.94,6655.52,0,Completed,AED,Saudi Arabia,2026-08-12 15:25:20
SO000003596,CUST0007856,MAT000003,2023-12-18,6.0,324.56,1947.36,0,Completed,EUR,Canada,2026-08-12 05:25:20
SO000003597,CUST0000204,MAT001175,2023-10-13,5.0,561.66,2808.3,10,Pending,EUR,Germany,2026-08-12 04:25:20
SO000003598,CUST0000015,MAT000998,2023-12-23,14.0,161.18,2256.52,0,Completed,EUR,South Africa,2026-08-12 11:25:20
SO000003599,CUST0005448,MAT000107,2023-01-25,5.0,685.01,3425.05,20,Completed,USD,UAE,2026-08-12 13:25:20
SO000003600,CUST0000983,MAT000290,2024-07-02,1.0,880.53,880.53,0,Completed,USD,France,2026-08-12 15:25:20
SO000003601,CUST0003959,MAT000622,2025-12-17,13.0,709.75,9226.75,0,Completed,USD,Singapore,2026-08-12 00:25:20
SO000003602,CUST0005607,MAT001049,2025-10-28,24.0,556.14,13347.36,0,Completed,EUR,Brazil,2026-08-12 18:25:20
SO000003603,CUST0005212,MAT000348,2026-04-27,1.0,406.15,406.15,20,Shipped,USD,Brazil,2026-08-11 20:25:20
SO000003604,CUST0004972,MAT001191,2023-02-14,9.0,313.99,2825.91,0,Completed,JPY,UK,2026-08-12 18:25:20
SO000003605,CUST0006859,MAT000348,2025-06-05,24.0,380.02,9120.48,20,Returned,USD,Japan,2026-08-12 13:25:20
SO000003606,CUST0006720,MAT001006,2023-11-27,24.0,298.82,7171.68,0,Completed,USD,Mexico,2026-08-11 14:25:20
SO000003607,CUST0004013,MAT000594,2024-10-09,8.0,750.28,6002.24,5,Completed,USD,UK,2026-08-12 06:25:20
SO000003608,CUST0004444,MAT000547,2026-06-09,2.0,804.33,1608.66,20,Cancelled,USD,France,2026-08-12 12:25:20
SO000003609,CUST0001169,MAT000020,2025-04-22,11.0,854.94,9404.34,10,Returned,USD,UK,2026-08-12 10:25:20
SO000003610,CUST0004248,MAT000490,2025-12-25,6.0,379.43,2276.58,5,Completed,USD,UAE,2026-08-11 18:25:20
SO000003611,CUST0006888,MAT000624,2024-11-21,15.0,493.87,7408.05,0,Completed,EUR,UAE,2026-08-12 10:25:20
SO000003612,CUST0000968,MAT000445,2023-10-05,8.0,521.32,4170.56,5,Completed,INR,India,2026-08-12 13:25:20
SO000003613,CUST0006848,MAT000754,2024-01-09,,587.72,4701.76,0,Cancelled,GBP,Australia,2026-08-12 01:25:20
SO000003614,CUST0000554,MAT000945,2024-03-21,22.0,7.2,158.4,15,Completed,GBP,France,2026-08-11 23:25:20
SO000003615,CUST0002451,MAT000683,2023-10-24,25.0,759.21,18980.25,0,Completed,GBP,France,2026-08-12 14:25:20
SO000003616,CUST0005375,MAT000122,2024-12-26,6.0,244.99,1469.94,5,Shipped,USD,Australia,2026-08-11 18:25:20
SO000003617,CUST0004183,MAT000026,2025-07-13,25.0,427.59,10689.75,5,Shipped,USD,Australia,2026-08-11 20:25:20
SO000003618,CUST0004492,MAT000974,2025-02-24,8.0,758.2,6065.6,15,Shipped,AED,UAE,2026-08-12 09:25:20
SO000003619,CUST0005878,MAT000086,2023-02-19,6.0,897.19,5383.14,20,Completed,GBP,South Africa,2026-08-11 20:25:20
SO000003620,CUST0007125,MAT000890,2026-10-03,18.0,716.42,12895.56,10,Shipped,EUR,Canada,2026-08-12 13:25:20
SO000003621,CUST0003910,MAT000004,2024-10-04,16.0,27.23,435.68,0,Shipped,USD,Australia,2026-08-12 18:25:20
SO000003622,CUST0006314,MAT000477,2025-11-29,6.0,335.03,2010.18,0,Completed,EUR,Germany,2026-08-12 00:25:20
SO000003623,CUST0000098,MAT000183,2023-08-13,2.0,226.25,452.5,10,Completed,EUR,UK,2026-08-11 16:25:20
SO000003624,CUST0004581,MAT000345,2023-08-19,25.0,867.9,21697.5,0,Completed,JPY,Singapore,2026-08-11 13:25:20
SO000003625,CUST0004341,MAT000986,2025-11-13,4.0,241.48,965.92,0,Completed,USD,China,2026-08-12 02:25:20
SO000003626,CUST0004756,MAT000329,2025-05-21,12.0,849.3,10191.6,0,Returned,GBP,Singapore,2026-08-11 17:25:20
SO000003627,CUST0007416,MAT000807,2023-12-27,24.0,844.08,20257.92,0,Pending,EUR,South Africa,2026-08-11 21:25:20
SO000003628,CUST0007347,MAT000751,2025-01-24,8.0,756.27,6050.16,10,Completed,EUR,Brazil,2026-08-12 16:25:20
SO000003629,CUST0002600,MAT000620,2023-11-22,6.0,92.77,556.62,15,Shipped,USD,Japan,2026-08-11 21:25:20
SO000003630,CUST0001633,MAT000284,2025-12-01,8.0,6.79,54.32,5,Completed,USD,Japan,2026-08-11 13:25:20
SO000003631,CUST0003950,MAT000675,2024-10-01,9.0,715.53,6439.77,20,Completed,USD,France,2026-08-11 15:25:20
SO000003632,CUST0001234,MAT000597,2025-03-13,13.0,759.75,9876.75,0,Completed,USD,France,2026-08-12 02:25:20
SO000003633,CUST0002187,MAT000315,2024-01-12,1.0,866.15,866.15,20,Completed,USD,Mexico,2026-08-12 09:25:20
SO000003634,CUST0001834,MAT000201,2023-03-23,3.0,200.45,601.35,5,Completed,EUR,Mexico,2026-08-12 18:25:20
SO000003635,CUST0006042,MAT000883,2025-07-29,21.0,661.17,13884.57,0,Completed,USD,UK,2026-08-12 10:25:20
SO000003636,CUST0000896,MAT000442,2024-12-14,2.0,469.56,939.12,10,Shipped,USD,France,2026-08-11 16:25:20
SO000003637,CUST0001434,MAT000420,2024-03-27,25.0,298.99,7474.75,0,Completed,USD,Canada,2026-08-11 12:25:20
SO000003638,CUST0004506,MAT000252,2024-04-25,9.0,547.63,4928.67,0,Shipped,EUR,Canada,2026-08-12 07:25:20
SO000003639,CUST0000687,MAT000573,2025-06-23,24.0,495.64,11895.36,20,Completed,GBP,Brazil,2026-08-12 18:25:20
SO000003640,CUST0002670,MAT000458,2025-08-08,19.0,266.6,5065.4,15,Shipped,EUR,Canada,2026-08-11 20:25:20
SO000003641,CUST0002832,MAT000686,2025-10-09,5.0,245.27,1226.35,10,Shipped,USD,France,2026-08-11 22:25:20
SO000003642,CUST0006841,MAT000204,2025-12-04,25.0,440.49,11012.25,0,Completed,GBP,UK,2026-08-12 06:25:20
SO000003643,CUST0000943,MAT000408,2025-03-17,5.0,429.26,2146.3,0,Completed,USD,Canada,2026-08-12 00:25:20
SO000003644,CUST0000694,MAT000949,2026-07-04,7.0,275.34,1927.38,15,Shipped,USD,Germany,2026-08-12 14:25:20
SO000003645,CUST0004856,MAT000739,2024-09-17,9.0,241.04,2169.36,15,Cancelled,USD,Mexico,2026-08-12 08:25:20
SO000003646,CUST0002196,MAT000791,2024-04-29,22.0,859.11,18900.42,0,Completed,USD,USA,2026-08-12 18:25:20
SO000003647,CUST0007052,MAT000801,2023-10-12,14.0,776.82,10875.48,10,Pending,USD,USA,2026-08-12 01:25:20
SO000003648,CUST0007606,MAT000613,2024-08-31,16.0,736.02,11776.32,5,Returned,EUR,China,2026-08-11 23:25:20
SO000003649,CUST0004168,MAT001196,2025-12-15,19.0,196.78,3738.82,5,Shipped,USD,India,2026-08-12 03:25:20
SO000003650,CUST0007699,MAT000597,2024-03-22,8.0,174.42,1395.36,0,Pending,EUR,South Africa,2026-08-12 01:25:20
SO000003651,CUST0006083,MAT001067,2024-12-03,25.0,729.35,18233.75,0,Completed,GBP,Japan,2026-08-12 17:25:20
SO000003652,CUST0002514,MAT001169,2025-03-26,23.0,170.28,3916.44,0,Completed,USD,Mexico,2026-08-12 08:25:20
SO000003653,CUST0007223,MAT001141,2023-03-02,8.0,455.66,3645.28,15,Completed,USD,Brazil,2026-08-11 19:25:20
SO000003654,CUST0002746,MAT000441,2023-05-13,24.0,203.17,4876.08,0,Completed,USD,UK,2026-08-12 16:25:20
SO000003655,CUST0002480,MAT001037,2024-11-14,22.0,343.37,7554.14,5,Returned,USD,France,2026-08-12 11:25:20
SO000003656,CUST0006308,MAT000131,2026-05-27,6.0,768.84,4613.04,15,Completed,USD,Brazil,2026-08-11 12:25:20
SO000003657,CUST0003667,MAT000505,2023-08-03,10.0,802.82,8028.2,0,Completed,USD,UAE,2026-08-12 09:25:20
SO000003658,CUST0001527,MAT000663,2025-11-19,22.0,897.03,19734.66,5,Shipped,USD,Canada,2026-08-12 00:25:20
SO000003659,CUST0005622,MAT000540,2025-04-01,23.0,849.79,19545.17,0,Completed,USD,Canada,2026-08-11 16:25:20
SO000003660,CUST0000151,MAT000993,2024-09-01,22.0,605.77,13326.94,0,Cancelled,USD,Australia,2026-08-11 16:25:20
SO000003661,CUST0004471,MAT000828,2023-08-30,21.0,391.39,8219.19,20,Shipped,JPY,UAE,2026-08-12 17:25:20
SO000003662,CUST0007593,MAT001087,2025-01-09,11.0,56.63,622.93,0,Completed,AED,Saudi Arabia,2026-08-11 18:25:20
SO000003663,CUST0004406,MAT000037,2024-02-03,1.0,549.31,549.31,5,Shipped,USD,China,2026-08-12 16:25:20
SO000003664,CUST0000497,MAT000654,2025-08-06,18.0,193.56,3484.08,5,Returned,USD,Australia,2026-08-12 04:25:20
SO000003665,CUST0000857,MAT000422,2023-08-16,3.0,765.87,2297.61,20,Completed,EUR,South Africa,2026-08-11 12:25:20
SO000003666,CUST0005678,MAT000934,2023-06-07,2.0,496.26,992.52,0,Completed,AED,India,2026-08-11 13:25:20
SO000003667,CUST0007766,MAT000019,2025-06-08,7.0,661.48,4630.36,0,Completed,GBP,Brazil,2026-08-12 02:25:20
SO000003668,CUST0004568,MAT000134,2024-12-20,19.0,607.78,11547.82,0,Shipped,EUR,India,2026-08-11 12:25:20
SO000003669,CUST0006058,MAT000126,2025-03-18,19.0,315.86,6001.34,15,Pending,JPY,Australia,2026-08-11 20:25:20
SO000003670,CUST0004849,MAT001164,2023-08-09,11.0,684.38,7528.18,0,Shipped,USD,China,2026-08-11 20:25:20
SO000003671,CUST0002570,MAT000121,2026-05-29,1.0,759.82,759.82,0,Completed,EUR,UAE,2026-08-12 12:25:20
SO000003672,CUST0007299,MAT000802,2024-06-08,9.0,671.0,6039.0,20,Completed,USD,UK,2026-08-12 11:25:20
SO000003673,CUST0000123,MAT000054,2024-05-23,1.0,700.24,700.24,0,Completed,USD,Australia,2026-08-12 13:25:20
SO000003674,CUST0007102,MAT000089,2025-12-14,25.0,327.21,8180.25,0,Completed,USD,Singapore,2026-08-11 23:25:20
SO000003675,CUST0003103,MAT001051,2025-12-31,24.0,849.6,20390.4,10,Shipped,USD,Saudi Arabia,2026-08-11 15:25:20
SO000003676,CUST0001887,MAT000137,2023-06-29,10.0,384.99,3849.9,10,Completed,EUR,India,2026-08-12 03:25:20
SO000003677,CUST0003341,MAT001110,2024-06-07,9.0,807.86,7270.74,0,Completed,GBP,UK,2026-08-12 15:25:20
SO000003678,CUST0007146,MAT000137,2025-09-16,25.0,772.74,19318.5,0,Completed,AED,Australia,2026-08-12 15:25:20
SO000003679,CUST0004094,MAT001112,2026-04-11,10.0,116.28,1162.8,0,Cancelled,USD,USA,2026-08-12 12:25:20
SO000003680,CUST0001238,MAT000030,2023-01-15,25.0,869.81,21745.25,15,Pending,EUR,USA,2026-08-12 13:25:20
SO000003681,CUST0005112,MAT000233,2024-11-15,10.0,896.73,8967.3,0,Completed,USD,UK,2026-08-12 02:25:20
SO000003682,CUST0002030,MAT001199,2026-02-16,4.0,547.5,2190.0,0,Completed,USD,Brazil,2026-08-12 03:25:20
SO000003683,CUST0007159,MAT000028,2023-06-25,6.0,705.88,4235.28,15,Completed,USD,UK,2026-08-11 20:25:20
SO000003684,CUST0007297,MAT000405,2025-03-23,1.0,840.65,840.65,15,Completed,USD,Germany,2026-08-11 14:25:20
SO000003685,CUST0001469,MAT000346,2026-05-06,4.0,22.92,91.68,5,Completed,USD,UK,2026-08-12 17:25:20
SO000003686,CUST0007205,MAT000663,2024-11-07,10.0,837.34,8373.4,0,Completed,USD,South Africa,2026-08-12 06:25:20
SO000003687,CUST0005867,MAT001046,2026-08-04,25.0,566.49,14162.25,10,Returned,EUR,France,2026-08-12 01:25:20
SO000003688,CUST0000454,MAT000441,2023-02-26,13.0,746.47,9704.11,20,Completed,AED,India,2026-08-11 21:25:20
SO000003689,CUST0004736,MAT000408,2023-02-10,24.0,488.95,11734.8,0,Shipped,EUR,Germany,2026-08-12 02:25:20
SO000003690,CUST0005522,MAT000986,2024-10-17,21.0,479.84,10076.64,0,Completed,INR,China,2026-08-12 06:25:20
SO000003691,CUST0007251,MAT000165,2024-04-24,9.0,808.28,7274.52,0,Completed,USD,France,2026-08-11 15:25:20
SO000003692,CUST0007880,MAT000554,2024-04-26,1.0,459.19,459.19,15,Completed,USD,UK,2026-08-12 03:25:20
SO000003693,CUST0001091,MAT000024,2024-12-11,3.0,427.25,1281.75,15,Pending,EUR,UAE,2026-08-12 09:25:20
SO000003694,CUST0006520,MAT000201,2024-08-18,19.0,549.33,10437.27,20,Completed,USD,Canada,2026-08-11 22:25:20
SO000003695,CUST0005989,MAT000183,2023-06-12,5.0,469.12,2345.6,10,Completed,USD,Singapore,2026-08-11 17:25:20
SO000003696,CUST0003371,MAT000185,2026-05-08,13.0,404.43,5257.59,20,Completed,USD,UK,2026-08-11 22:25:20
SO000003697,CUST0003299,MAT001092,2025-05-06,5.0,166.57,832.85,0,Completed,USD,China,2026-08-12 14:25:20
SO000003698,CUST0003883,MAT000812,2026-05-16,1.0,360.67,360.67,0,Completed,EUR,Singapore,2026-08-12 02:25:20
SO000003699,CUST0002309,MAT001060,2024-02-27,,257.43,1029.72,0,Completed,USD,India,2026-08-11 23:25:20
SO000003700,CUST0002185,MAT000442,2023-04-28,15.0,363.42,5451.3,0,Cancelled,INR,Japan,2026-08-11 16:25:20
SO000003701,CUST0005346,MAT000357,2026-08-21,20.0,535.88,10717.6,20,Cancelled,GBP,Australia,2026-08-12 06:25:20
SO000003702,CUST0004116,MAT000153,2023-10-25,15.0,549.92,8248.8,10,Completed,GBP,Singapore,2026-08-12 18:25:20
SO000003703,CUST0007315,MAT000139,2026-08-07,6.0,218.6,1311.6,0,Completed,EUR,UAE,2026-08-12 16:25:20
SO000003704,CUST0007738,MAT000105,2025-05-09,6.0,80.61,483.66,10,Shipped,USD,USA,2026-08-12 07:25:20
SO000003705,CUST0001421,MAT000046,2026-08-18,2.0,671.27,1342.54,5,Shipped,INR,South Africa,2026-08-11 15:25:20
SO000003706,CUST0000837,MAT000297,2026-02-20,16.0,478.07,7649.12,0,Shipped,USD,Australia,2026-08-11 14:25:20
SO000003707,CUST0002365,MAT001037,2023-02-10,21.0,400.68,8414.28,20,Completed,USD,Germany,2026-08-12 05:25:20
SO000003708,CUST0006555,MAT000116,2024-09-23,19.0,120.99,2298.81,0,Completed,GBP,Singapore,2026-08-11 17:25:20
SO000003709,CUST0006288,MAT000266,2023-09-03,9.0,376.12,3385.08,0,Completed,GBP,Singapore,2026-08-11 19:25:20
SO000003710,CUST0004393,MAT000372,2026-08-18,4.0,737.27,2949.08,10,Shipped,EUR,France,2026-08-12 08:25:20
SO000003711,CUST0003754,MAT000808,2026-04-10,6.0,525.38,3152.28,0,Completed,USD,Singapore,2026-08-12 01:25:20
SO000003712,CUST0005733,MAT000609,2025-08-31,21.0,86.42,1814.82,0,Completed,USD,China,2026-08-11 15:25:20
SO000003713,CUST0003502,MAT000745,2026-07-02,2.0,302.39,604.78,0,Completed,USD,Saudi Arabia,2026-08-12 11:25:20
SO000003714,CUST0006305,MAT000178,2026-08-09,20.0,881.92,17638.4,5,Completed,USD,Germany,2026-08-11 12:25:20
SO000003715,CUST0007176,MAT000739,2026-06-25,2.0,492.33,984.66,5,Returned,AED,Brazil,2026-08-12 04:25:20
SO000003716,CUST0007640,MAT000588,2023-05-07,15.0,261.32,3919.8,0,Completed,INR,Germany,2026-08-12 08:25:20
SO000003717,CUST0000941,MAT000051,2026-04-02,1.0,822.53,822.53,20,Completed,EUR,Canada,2026-08-12 02:25:20
SO000003718,CUST0003420,MAT001052,2024-05-07,22.0,305.72,6725.84,10,Completed,USD,Canada,2026-08-11 15:25:20
SO000003719,CUST0002091,MAT000786,2026-06-21,8.0,658.27,5266.16,20,Completed,JPY,Mexico,2026-08-12 06:25:20
SO000003720,CUST0001896,MAT001195,2023-05-18,22.0,136.76,3008.72,10,Completed,USD,Canada,2026-08-12 02:25:20
SO000003721,CUST0005732,MAT000002,2025-09-03,8.0,145.06,1160.48,15,Completed,USD,Brazil,2026-08-11 12:25:20
SO000003722,CUST0006332,MAT000728,2023-09-11,9.0,507.38,4566.42,15,Cancelled,EUR,Mexico,2026-08-12 12:25:20
SO000003723,CUST0002275,MAT001077,2025-03-14,2.0,219.64,439.28,5,Shipped,USD,Saudi Arabia,2026-08-11 19:25:20
SO000003724,CUST0003988,MAT000641,2024-08-17,12.0,49.15,589.8,20,Shipped,USD,Mexico,2026-08-11 13:25:20
SO000003725,CUST0002976,MAT000811,2025-10-27,22.0,834.19,18352.18,5,Completed,USD,China,2026-08-12 03:25:20
SO000003726,CUST0007650,MAT001173,2023-04-20,25.0,55.11,1377.75,15,Completed,AED,Australia,2026-08-12 12:25:20
SO000003727,CUST0004588,MAT001092,2025-01-13,19.0,647.11,12295.09,5,Shipped,USD,Canada,2026-08-12 00:25:20
SO000003728,CUST0007259,MAT000186,2024-05-26,20.0,303.02,6060.4,0,Completed,JPY,USA,2026-08-11 19:25:20
SO000003729,CUST0002666,MAT001190,2024-08-24,13.0,840.49,10926.37,5,Completed,USD,Singapore,2026-08-12 10:25:20
SO000003730,CUST0007787,MAT000972,2026-10-01,15.0,887.52,13312.8,15,Completed,AED,Brazil,2026-08-12 14:25:20
SO000003731,CUST0003207,MAT000547,2025-12-10,3.0,305.21,915.63,0,Shipped,GBP,UK,2026-08-12 00:25:20
SO000003732,CUST0005465,MAT000728,2024-07-24,21.0,534.04,11214.84,0,Completed,USD,Mexico,2026-08-12 09:25:20
SO000003733,CUST0002705,MAT000476,2023-02-26,10.0,696.82,6968.2,0,Pending,USD,South Africa,2026-08-11 19:25:20
SO000003734,CUST0001974,MAT000175,2025-05-07,24.0,115.45,2770.8,5,Completed,EUR,Brazil,2026-08-11 14:25:20
SO000003735,CUST0004802,MAT000522,2023-02-20,7.0,639.97,4479.79,5,Shipped,AED,Mexico,2026-08-12 10:25:20
SO000003736,CUST0000369,MAT000286,2026-03-30,18.0,816.05,14688.9,20,Completed,USD,South Africa,2026-08-11 16:25:20
SO000003737,CUST0006769,MAT001144,2026-07-31,7.0,164.76,1153.32,0,Completed,USD,USA,2026-08-12 18:25:20
SO000003738,CUST0001845,MAT001106,2024-11-20,17.0,755.65,12846.05,10,Completed,USD,Canada,2026-08-11 16:25:20
SO000003739,CUST0002719,MAT000760,2023-07-25,11.0,108.47,1193.17,15,Completed,EUR,Saudi Arabia,2026-08-12 12:25:20
SO000003740,CUST0003344,MAT000291,2024-03-13,,513.63,11813.49,0,Completed,GBP,China,2026-08-12 14:25:20
SO000003741,CUST0005820,MAT000816,2023-02-05,16.0,308.73,4939.68,5,Completed,USD,USA,2026-08-12 09:25:20
SO000003742,CUST0002115,MAT000156,2024-11-12,13.0,427.19,5553.47,10,Shipped,AED,Australia,2026-08-11 16:25:20
SO000003743,CUST0000491,MAT000966,2023-11-13,16.0,274.07,4385.12,15,Pending,EUR,Australia,2026-08-12 00:25:20
SO000003744,CUST0002407,MAT001171,2026-06-10,9.0,238.18,2143.62,20,Shipped,USD,South Africa,2026-08-11 18:25:20
SO000003745,CUST0000987,MAT001057,2026-06-19,17.0,670.11,11391.87,10,Pending,USD,UK,2026-08-11 14:25:20
SO000003746,CUST0007496,MAT001180,2024-04-12,25.0,204.69,5117.25,20,Shipped,EUR,China,2026-08-12 10:25:20
SO000003747,CUST0000461,MAT001038,2025-04-30,12.0,370.53,4446.36,5,Returned,USD,Saudi Arabia,2026-08-12 13:25:20
SO000003748,CUST0007109,MAT000367,2026-04-08,11.0,250.73,2758.03,20,Shipped,INR,USA,2026-08-12 11:25:20
SO000003749,CUST0002446,MAT000393,2024-12-10,24.0,218.58,5245.92,0,Completed,USD,India,2026-08-12 17:25:20
SO000003750,CUST0003936,MAT001069,2025-10-03,13.0,566.25,7361.25,5,Completed,USD,India,2026-08-11 19:25:20
SO000003751,CUST0004525,MAT000254,2026-05-13,12.0,45.66,547.92,0,Completed,AED,France,2026-08-12 06:25:20
SO000003752,CUST0005723,MAT000502,2024-08-05,16.0,711.06,11376.96,5,Completed,USD,Singapore,2026-08-12 09:25:20
SO000003753,CUST0006188,MAT000880,2024-02-06,21.0,493.88,10371.48,20,Completed,EUR,South Africa,2026-08-11 20:25:20
SO000003754,CUST0001008,MAT000075,2023-06-29,6.0,746.45,4478.7,10,Completed,USD,Canada,2026-08-12 09:25:20
SO000003755,CUST0001647,MAT001179,2024-06-13,5.0,195.65,978.25,20,Completed,USD,Japan,2026-08-12 17:25:20
SO000003756,CUST0000560,MAT000688,2025-01-06,20.0,639.92,12798.4,5,Completed,USD,UAE,2026-08-12 14:25:20
SO000003757,CUST0001401,MAT000933,2026-09-19,20.0,381.42,7628.4,0,Shipped,EUR,USA,2026-08-12 04:25:20
SO000003758,CUST0003048,MAT000073,2023-04-21,19.0,73.74,1401.06,5,Completed,USD,South Africa,2026-08-12 12:25:20
SO000003759,CUST0007294,MAT001067,2025-12-16,23.0,678.47,15604.81,10,Completed,EUR,China,2026-08-11 13:25:20
SO000003760,CUST0001930,MAT000407,2025-12-20,5.0,687.16,3435.8,10,Completed,EUR,Australia,2026-08-11 19:25:20
SO000003761,CUST0005088,MAT000164,2025-06-24,5.0,247.47,1237.35,0,Cancelled,JPY,UK,2026-08-12 01:25:20
SO000003762,CUST0006086,MAT001102,2023-08-06,12.0,824.86,9898.32,20,Completed,USD,Saudi Arabia,2026-08-11 23:25:20
SO000003763,CUST0001389,MAT001036,2025-10-18,4.0,688.75,2755.0,15,Completed,USD,Singapore,2026-08-11 17:25:20
SO000003764,CUST0004737,MAT000965,2025-07-15,1.0,279.55,279.55,0,Completed,USD,UAE,2026-08-11 17:25:20
SO000003765,CUST0006343,MAT000760,2023-05-10,14.0,219.0,3066.0,0,Completed,JPY,Japan,2026-08-11 18:25:20
SO000003766,CUST0001985,MAT000366,2025-10-29,20.0,398.88,7977.6,10,Completed,GBP,Canada,2026-08-12 17:25:20
SO000003767,CUST0003034,MAT000950,2024-10-20,9.0,267.05,2403.45,15,Completed,AED,Canada,2026-08-12 16:25:20
SO000003768,CUST0006197,MAT001095,2023-01-29,20.0,199.24,3984.8,10,Completed,USD,Australia,2026-08-11 14:25:20
SO000003769,CUST0000075,MAT001118,2026-03-12,18.0,362.2,6519.6,15,Returned,EUR,Canada,2026-08-11 20:25:20
SO000003770,CUST0000964,MAT000319,2025-11-07,4.0,28.01,112.04,0,Returned,USD,Germany,2026-08-12 01:25:20
SO000003771,CUST0005548,MAT000607,2023-03-08,4.0,364.26,1457.04,20,Returned,USD,Australia,2026-08-12 09:25:20
SO000003772,CUST0000239,MAT000414,2026-09-25,11.0,203.39,2237.29,10,Cancelled,AED,USA,2026-08-12 17:25:20
SO000003773,CUST0007206,MAT000941,2023-03-22,11.0,241.58,2657.38,0,Completed,EUR,South Africa,2026-08-12 14:25:20
SO000003774,CUST0005983,MAT001007,2025-07-04,3.0,78.89,236.67,10,Completed,USD,Japan,2026-08-11 14:25:20
SO000003775,CUST0001632,MAT000122,2023-08-16,15.0,532.09,7981.35,5,Completed,USD,Brazil,2026-08-11 21:25:20
SO000003776,CUST0002079,MAT000299,2025-09-09,22.0,427.45,9403.9,0,Completed,USD,UAE,2026-08-11 18:25:20
SO000003777,CUST0005292,MAT000823,2026-06-19,14.0,676.81,9475.34,10,Completed,AED,Mexico,2026-08-12 17:25:20
SO000003778,CUST0005807,MAT000825,2026-05-21,5.0,888.45,4442.25,10,Pending,USD,Canada,2026-08-12 04:25:20
SO000003779,CUST0005056,MAT000765,2026-02-12,18.0,111.98,2015.64,15,Shipped,USD,Germany,2026-08-12 11:25:20
SO000003780,CUST0002798,MAT000105,2023-02-25,7.0,248.82,1741.74,5,Completed,USD,UK,2026-08-11 16:25:20
SO000003781,CUST0004256,MAT000642,2024-11-02,2.0,615.8,1231.6,0,Completed,JPY,Australia,2026-08-12 04:25:20
SO000003782,CUST0006371,MAT000165,2023-01-14,14.0,217.39,3043.46,10,Shipped,INR,China,2026-08-12 12:25:20
SO000003783,CUST0006370,MAT000153,2025-08-16,8.0,31.98,255.84,5,Completed,INR,South Africa,2026-08-12 14:25:20
SO000003784,CUST0002041,MAT000162,2023-04-30,22.0,103.28,2272.16,0,Shipped,EUR,South Africa,2026-08-12 07:25:20
SO000003785,CUST0006843,MAT001183,2025-08-09,12.0,393.1,4717.2,15,Completed,USD,UK,2026-08-12 18:25:20
SO000003786,CUST0006900,MAT001023,2024-04-02,1.0,390.55,390.55,20,Completed,USD,France,2026-08-12 02:25:20
SO000003787,CUST0000938,MAT000170,2023-02-13,25.0,875.21,21880.25,0,Completed,GBP,Saudi Arabia,2026-08-12 13:25:20
SO000003788,CUST0007792,MAT000677,2025-06-16,15.0,422.03,6330.45,20,Completed,USD,Brazil,2026-08-12 08:25:20
SO000003789,CUST0004355,MAT000634,2024-05-11,13.0,611.87,7954.31,0,Shipped,JPY,Germany,2026-08-11 14:25:20
SO000003790,CUST0002871,MAT001150,2025-01-03,18.0,445.52,8019.36,15,Completed,USD,Japan,2026-08-11 15:25:20
SO000003791,CUST0001253,MAT000293,2025-12-10,1.0,246.58,246.58,20,Shipped,USD,India,2026-08-11 12:25:20
SO000003792,CUST0007675,MAT000346,2024-03-08,13.0,99.38,1291.94,0,Completed,USD,Mexico,2026-08-12 15:25:20
SO000003793,CUST0006406,MAT000512,2024-11-25,1.0,773.87,773.87,0,Completed,AED,Mexico,2026-08-11 12:25:20
SO000003794,CUST0007498,MAT000704,2024-10-12,25.0,141.63,3540.75,0,Completed,USD,China,2026-08-11 12:25:20
SO000003795,CUST0005665,MAT000106,2025-12-11,18.0,91.72,1650.96,0,Completed,AED,UAE,2026-08-11 15:25:20
SO000003796,CUST0006872,MAT000983,2023-10-19,19.0,196.38,3731.22,10,Pending,EUR,UK,2026-08-12 17:25:20
SO000003797,CUST0006510,MAT000708,2024-09-16,3.0,7.23,21.69,0,Completed,AED,Singapore,2026-08-12 13:25:20
SO000003798,CUST0004479,MAT000365,2026-06-13,4.0,69.41,277.64,0,Completed,USD,France,2026-08-12 11:25:20
SO000003799,CUST0000906,MAT000824,2026-06-24,11.0,573.5,6308.5,20,Completed,INR,USA,2026-08-11 17:25:20
SO000003800,CUST0003364,MAT001070,2024-06-26,3.0,222.98,668.94,20,Shipped,AED,India,2026-08-12 17:25:20
SO000003801,CUST0007152,MAT000338,2026-07-12,2.0,307.97,615.94,20,Pending,INR,UK,2026-08-12 14:25:20
SO000003802,CUST0007120,MAT000218,2023-10-08,12.0,752.59,9031.08,10,Returned,GBP,Saudi Arabia,2026-08-11 17:25:20
SO000003803,CUST0004024,MAT000313,2024-04-29,17.0,696.75,11844.75,5,Pending,USD,South Africa,2026-08-12 09:25:20
SO000003804,CUST0004149,MAT001170,2024-04-10,25.0,445.56,11139.0,15,Completed,INR,USA,2026-08-11 20:25:20
SO000003805,CUST0001053,MAT000342,2024-11-19,2.0,553.61,1107.22,10,Completed,USD,South Africa,2026-08-11 19:25:20
SO000003806,CUST0003827,MAT001151,2023-07-07,7.0,81.8,572.6,5,Shipped,USD,Singapore,2026-08-12 15:25:20
SO000003807,CUST0002494,MAT000161,2024-10-10,25.0,686.63,17165.75,5,Completed,EUR,UK,2026-08-11 15:25:20
SO000003808,CUST0001004,MAT000125,2024-06-28,13.0,466.99,6070.87,20,Completed,EUR,Brazil,2026-08-12 00:25:20
SO000003809,CUST0001344,MAT000829,2023-09-02,4.0,516.0,2064.0,0,Shipped,AED,Mexico,2026-08-11 13:25:20
SO000003810,CUST0003981,MAT000845,2023-08-12,23.0,600.65,13814.95,20,Completed,GBP,Germany,2026-08-12 09:25:20
SO000003811,CUST0000108,MAT000712,2023-05-08,3.0,452.66,1357.98,0,Pending,GBP,India,2026-08-11 13:25:20
SO000003812,CUST0004100,MAT000207,2026-05-20,10.0,471.91,4719.1,20,Shipped,INR,UAE,2026-08-12 04:25:20
SO000003813,CUST0006585,MAT000645,2024-06-11,23.0,452.17,10399.91,15,Completed,USD,UAE,2026-08-11 18:25:20
SO000003814,CUST0004200,MAT000957,2023-09-15,19.0,449.65,8543.35,20,Completed,USD,Singapore,2026-08-12 07:25:20
SO000003815,CUST0001205,MAT000575,2023-05-21,4.0,676.43,2705.72,0,Completed,EUR,Canada,2026-08-12 08:25:20
SO000003816,CUST0002503,MAT000022,2026-06-07,19.0,387.35,7359.65,0,Completed,INR,Australia,2026-08-12 12:25:20
SO000003817,CUST0002371,MAT000839,2025-03-27,6.0,7.59,45.54,10,Completed,USD,France,2026-08-12 01:25:20
SO000003818,CUST0001834,MAT000723,2024-07-16,12.0,552.8,6633.6,15,Completed,USD,UK,2026-08-12 05:25:20
SO000003819,CUST0001697,MAT000616,2025-11-29,24.0,857.63,20583.12,0,Pending,AED,Australia,2026-08-12 18:25:20
SO000003820,CUST0000394,MAT000317,2024-05-26,22.0,234.98,5169.56,20,Completed,GBP,China,2026-08-11 12:25:20
SO000003821,CUST0001299,MAT000776,2025-07-24,25.0,735.49,18387.25,10,Pending,USD,India,2026-08-12 16:25:20
SO000003822,CUST0004693,MAT001039,2023-10-08,17.0,412.66,7015.22,0,Completed,USD,India,2026-08-12 14:25:20
SO000003823,CUST0000436,MAT001166,2026-08-01,10.0,580.47,5804.7,20,Completed,USD,USA,2026-08-11 13:25:20
SO000003824,CUST0001242,MAT000479,2023-02-05,4.0,802.33,3209.32,20,Shipped,USD,Canada,2026-08-11 17:25:20
SO000003825,CUST0000569,MAT000501,2023-10-12,13.0,695.06,9035.78,0,Completed,USD,India,2026-08-12 02:25:20
SO000003826,CUST0002446,MAT000836,2025-05-22,14.0,796.69,11153.66,10,Completed,USD,France,2026-08-11 19:25:20
SO000003827,CUST0004196,MAT000256,2024-12-29,22.0,13.52,297.44,0,Cancelled,JPY,Saudi Arabia,2026-08-12 16:25:20
SO000003828,CUST0001499,MAT000345,2023-06-17,20.0,172.65,3453.0,0,Completed,EUR,Saudi Arabia,2026-08-11 21:25:20
SO000003829,CUST0007411,MAT000821,2023-03-08,11.0,384.03,4224.33,5,Completed,USD,Germany,2026-08-12 05:25:20
SO000003830,CUST0006464,MAT000621,2024-06-05,9.0,763.82,6874.38,15,Shipped,EUR,India,2026-08-11 18:25:20
SO000003831,CUST0005051,MAT000534,2024-09-11,5.0,755.36,3776.8,15,Completed,USD,India,2026-08-12 04:25:20
SO000003832,CUST0000117,MAT000092,2025-01-07,7.0,170.7,1194.9,15,Pending,USD,India,2026-08-11 18:25:20
SO000003833,CUST0007278,MAT000184,2026-09-09,4.0,132.31,529.24,15,Cancelled,USD,USA,2026-08-12 10:25:20
SO000003834,CUST0000162,MAT000626,2024-07-21,14.0,752.06,10528.84,0,Shipped,JPY,Saudi Arabia,2026-08-12 06:25:20
SO000003835,CUST0001875,MAT001089,2026-03-27,18.0,489.58,8812.44,10,Completed,USD,USA,2026-08-12 16:25:20
SO000003836,CUST0007783,MAT000631,2024-06-09,24.0,565.96,13583.04,15,Completed,JPY,Brazil,2026-08-12 17:25:20
SO000003837,CUST0005706,MAT000694,2026-07-22,16.0,729.24,11667.84,15,Completed,USD,UAE,2026-08-11 12:25:20
SO000003838,CUST0007916,MAT000552,2023-08-13,14.0,194.51,2723.14,0,Completed,EUR,UK,2026-08-11 14:25:20
SO000003839,CUST0006883,MAT000909,2025-01-01,2.0,127.15,254.3,20,Completed,EUR,Brazil,2026-08-11 16:25:20
SO000003840,CUST0007849,MAT000325,2023-07-30,11.0,773.84,8512.24,0,Completed,USD,South Africa,2026-08-12 18:25:20
SO000003841,CUST0007815,MAT000668,2023-02-18,23.0,105.04,2415.92,5,Returned,USD,Mexico,2026-08-12 09:25:20
SO000003842,CUST0006288,MAT001032,2026-07-08,25.0,83.92,2098.0,0,Shipped,AED,Brazil,2026-08-11 16:25:20
SO000003843,CUST0006182,MAT001101,2026-03-09,2.0,252.98,505.96,0,Shipped,USD,USA,2026-08-11 14:25:20
SO000003844,CUST0001973,MAT000482,2025-09-15,12.0,288.58,3462.96,20,Completed,AED,Japan,2026-08-12 15:25:20
SO000003845,CUST0006357,MAT000441,2023-01-03,23.0,220.82,5078.86,0,Pending,USD,USA,2026-08-11 23:25:20
SO000003846,CUST0004798,MAT000583,2024-08-03,19.0,668.75,12706.25,0,Pending,USD,Canada,2026-08-12 12:25:20
SO000003847,CUST0002087,MAT000234,2023-05-06,0.0,876.15,5256.9,20,Completed,USD,South Africa,2026-08-12 06:25:20
SO000003848,CUST0004648,MAT000202,2026-01-17,25.0,183.63,4590.75,0,Completed,JPY,USA,2026-08-12 05:25:20
SO000003849,CUST0004091,MAT000058,2025-08-17,13.0,704.76,9161.88,20,Completed,USD,USA,2026-08-12 13:25:20
SO000003850,CUST0002657,MAT001084,2026-06-27,4.0,44.6,178.4,20,Completed,AED,China,2026-08-12 03:25:20
SO000003851,CUST0001988,MAT000324,2025-03-25,18.0,111.42,2005.56,15,Completed,JPY,Australia,2026-08-12 03:25:20
SO000003852,CUST0004378,MAT000146,2023-05-04,12.0,466.03,5592.36,15,Completed,EUR,Canada,2026-08-12 05:25:20
SO000003853,CUST0006673,MAT001130,2025-05-18,8.0,899.65,7197.2,0,Returned,JPY,UAE,2026-08-12 07:25:20
SO000003854,CUST0001039,MAT000650,2025-04-30,15.0,854.68,12820.2,5,Shipped,USD,Brazil,2026-08-11 21:25:20
SO000003855,CUST0007721,MAT000006,2024-10-20,24.0,105.19,2524.56,0,Cancelled,USD,Canada,2026-08-12 05:25:20
SO000003856,CUST0005455,MAT000780,2026-05-05,3.0,219.52,658.56,0,Cancelled,USD,USA,2026-08-11 12:25:20
SO000003857,CUST0005229,MAT000649,2023-10-24,25.0,851.48,21287.0,0,Completed,JPY,Brazil,2026-08-11 18:25:20
SO000003858,CUST0005097,MAT000843,2026-04-14,14.0,139.9,1958.6,10,Cancelled,USD,Japan,2026-08-12 05:25:20
SO000003859,CUST0005042,MAT001169,2023-01-21,2.0,669.8,1339.6,5,Completed,USD,South Africa,2026-08-12 15:25:20
SO000003860,CUST0003279,MAT000025,2024-06-19,4.0,5.99,23.96,20,Completed,EUR,Mexico,2026-08-11 22:25:20
SO000003861,CUST0003474,MAT000555,2023-03-27,10.0,570.38,5703.8,10,Returned,AED,USA,2026-08-12 12:25:20
SO000003862,CUST0004519,MAT000482,2024-09-16,4.0,447.67,1790.68,0,Completed,AED,Canada,2026-08-12 07:25:20
SO000003863,CUST0002920,MAT000993,2026-07-29,16.0,426.57,6825.12,0,Completed,USD,South Africa,2026-08-11 21:25:20
SO000003864,CUST0005394,MAT000968,2025-11-05,10.0,747.13,7471.3,10,Cancelled,USD,Saudi Arabia,2026-08-12 10:25:20
SO000003865,CUST0002838,MAT000773,2023-01-29,22.0,77.26,1699.72,20,Shipped,USD,Germany,2026-08-11 13:25:20
SO000003866,CUST0001247,MAT000051,2023-09-02,7.0,342.71,2398.97,0,Completed,AED,UK,2026-08-12 12:25:20
SO000003867,CUST0004671,MAT000512,2024-12-12,9.0,404.2,3637.8,0,Completed,USD,Germany,2026-08-11 15:25:20
SO000003868,CUST0001625,MAT001147,2024-06-17,9.0,115.91,1043.19,5,Completed,USD,Canada,2026-08-12 14:25:20
SO000003869,CUST0006525,MAT000228,2026-05-05,13.0,81.67,1061.71,15,Shipped,USD,Australia,2026-08-11 16:25:20
SO000003870,CUST0006507,MAT000984,2024-04-20,12.0,165.75,1989.0,0,Completed,INR,Brazil,2026-08-12 06:25:20
SO000003871,CUST0000395,MAT000790,2025-06-06,2.0,220.74,441.48,5,Shipped,USD,France,2026-08-12 03:25:20
SO000003872,CUST0000739,MAT000302,2024-07-11,7.0,869.62,6087.34,0,Shipped,USD,Singapore,2026-08-11 16:25:20
SO000003873,CUST0004604,MAT000452,2024-06-21,17.0,430.67,7321.39,0,Completed,USD,Canada,2026-08-11 21:25:20
SO000003874,CUST0002692,MAT001003,2026-05-05,17.0,461.71,7849.07,20,Completed,USD,Japan,2026-08-12 11:25:20
SO000003875,CUST0001213,MAT000865,2026-08-06,19.0,637.76,12117.44,5,Completed,USD,India,2026-08-11 12:25:20
SO000003876,CUST0007618,MAT000475,2023-05-01,3.0,617.42,1852.26,5,Pending,EUR,Australia,2026-08-12 14:25:20
SO000003877,CUST0006710,MAT000186,2023-03-25,20.0,454.99,9099.8,0,Completed,USD,Germany,2026-08-11 14:25:20
SO000003878,CUST0005870,MAT000478,2024-01-03,0.0,309.16,5564.88,0,Completed,GBP,Singapore,2026-08-12 01:25:20
SO000003879,CUST0001882,MAT000537,2024-10-13,4.0,301.29,1205.16,0,Completed,EUR,Mexico,2026-08-12 17:25:20
SO000003880,CUST0006761,MAT000787,2024-12-09,3.0,56.65,169.95,0,Shipped,USD,UK,2026-08-11 13:25:20
SO000003881,CUST0006267,MAT000351,2023-12-04,14.0,810.17,11342.38,0,Completed,USD,Saudi Arabia,2026-08-12 08:25:20
SO000003882,CUST0004186,MAT001123,2024-04-14,9.0,693.61,6242.49,15,Pending,INR,India,2026-08-11 15:25:20
SO000003883,CUST0000389,MAT000679,2023-11-04,2.0,562.89,1125.78,15,Cancelled,USD,UK,2026-08-11 14:25:20
SO000003884,CUST0002596,MAT000298,2025-02-17,22.0,359.49,7908.78,5,Shipped,USD,Germany,2026-08-11 17:25:20
SO000003885,CUST0004143,MAT001027,2025-02-05,3.0,526.31,1578.93,0,Completed,EUR,South Africa,2026-08-12 17:25:20
SO000003886,CUST0005022,MAT000612,2025-11-20,15.0,439.16,6587.4,0,Completed,GBP,Brazil,2026-08-11 23:25:20
SO000003887,CUST0000662,MAT000957,2025-12-29,1.0,250.17,250.17,20,Completed,USD,Canada,2026-08-11 13:25:20
SO000003888,CUST0002970,MAT000521,2025-01-02,23.0,272.22,6261.06,10,Shipped,JPY,Australia,2026-08-12 05:25:20
SO000003889,CUST0000864,MAT001066,2025-06-22,2.0,787.66,1575.32,0,Returned,JPY,India,2026-08-12 08:25:20
SO000003890,CUST0000561,MAT000302,2024-01-14,1.0,573.24,573.24,0,Completed,USD,India,2026-08-11 23:25:20
SO000003891,CUST0000862,MAT000491,2025-04-09,10.0,6.27,62.7,15,Completed,AED,Saudi Arabia,2026-08-12 08:25:20
SO000003892,CUST0004859,MAT001122,2024-12-30,13.0,297.55,3868.15,10,Completed,AED,Mexico,2026-08-12 13:25:20
SO000003893,CUST0001064,MAT001049,2026-05-17,17.0,309.25,5257.25,0,Completed,USD,France,2026-08-11 16:25:20
SO000003894,CUST0000837,MAT000535,2024-05-16,2.0,637.17,1274.34,0,Completed,AED,France,2026-08-12 13:25:20
SO000003895,CUST0003244,MAT000945,2024-04-21,13.0,631.91,8214.83,0,Pending,USD,Saudi Arabia,2026-08-11 17:25:20
SO000003896,CUST0000874,MAT000726,2024-05-02,3.0,420.42,1261.26,0,Cancelled,USD,Germany,2026-08-12 18:25:20
SO000003897,CUST0004442,MAT000058,2024-08-19,11.0,856.13,9417.43,0,Completed,GBP,UK,2026-08-12 08:25:20
SO000003898,CUST0004995,MAT000093,2024-08-27,15.0,785.65,11784.75,0,Completed,GBP,India,2026-08-11 23:25:20
SO000003899,CUST0000720,MAT000954,2023-08-12,8.0,780.26,6242.08,0,Completed,USD,Japan,2026-08-12 10:25:20
SO000003900,CUST0003381,MAT001189,2023-07-31,16.0,316.7,5067.2,0,Completed,USD,Canada,2026-08-12 14:25:20
SO000003901,CUST0003704,MAT000229,2026-06-02,20.0,390.74,7814.8,0,Completed,GBP,Canada,2026-08-11 23:25:20
SO000003902,CUST0006764,MAT001106,2025-09-23,18.0,379.97,6839.46,20,Completed,USD,Germany,2026-08-12 17:25:20
SO000003903,CUST0003469,MAT000746,2024-12-08,22.0,399.04,8778.88,10,Cancelled,GBP,Saudi Arabia,2026-08-12 06:25:20
SO000003904,CUST0000569,MAT000496,2024-12-29,11.0,800.84,8809.24,0,Shipped,USD,South Africa,2026-08-12 14:25:20
SO000003905,CUST0007468,MAT000265,2025-06-27,20.0,227.96,4559.2,5,Completed,USD,Australia,2026-08-12 18:25:20
SO000003906,CUST0000278,MAT000179,2023-12-19,18.0,722.96,13013.28,0,Completed,GBP,Singapore,2026-08-11 15:25:20
SO000003907,CUST0002805,MAT000140,2025-07-16,6.0,465.07,2790.42,15,Completed,USD,Mexico,2026-08-11 23:25:20
SO000003908,CUST0004509,MAT000507,2024-03-29,23.0,227.93,5242.39,15,Completed,EUR,Brazil,2026-08-12 05:25:20
SO000003909,CUST0004512,MAT000504,2025-01-12,10.0,476.93,4769.3,0,Completed,EUR,Australia,2026-08-12 06:25:20
SO000003910,CUST0006440,MAT000521,2023-02-12,24.0,179.92,4318.08,5,Completed,USD,France,2026-08-11 14:25:20
SO000003911,CUST0001707,MAT000281,2026-05-28,1.0,101.82,101.82,0,Completed,EUR,USA,2026-08-11 17:25:20
SO000003912,CUST0004715,MAT000142,2024-11-15,16.0,755.17,12082.72,15,Completed,INR,USA,2026-08-11 18:25:20
SO000003913,CUST0006327,MAT000883,2024-05-21,22.0,630.89,13879.58,5,Completed,EUR,South Africa,2026-08-12 13:25:20
SO000003914,CUST0007089,MAT000332,2024-11-04,1.0,188.46,188.46,0,Completed,USD,Singapore,2026-08-12 12:25:20
SO000003915,CUST0000766,MAT000265,2024-02-05,11.0,848.35,9331.85,10,Completed,EUR,UK,2026-08-12 17:25:20
SO000003916,CUST0004684,MAT000543,2023-07-11,17.0,26.84,456.28,0,Completed,JPY,Mexico,2026-08-11 18:25:20
SO000003917,CUST0001283,MAT000091,2024-07-02,6.0,303.29,1819.74,0,Completed,GBP,Australia,2026-08-11 14:25:20
SO000003918,CUST0004794,MAT000960,2024-01-18,15.0,24.38,365.7,0,Shipped,GBP,South Africa,2026-08-11 21:25:20
SO000003919,CUST0006991,MAT000333,2023-06-30,4.0,132.36,529.44,15,Completed,USD,Singapore,2026-08-11 18:25:20
SO000003920,CUST0007868,MAT000328,2026-04-25,8.0,166.17,1329.36,20,Pending,USD,France,2026-08-12 12:25:20
SO000003921,CUST0004332,MAT000704,2025-07-27,6.0,730.25,4381.5,10,Completed,INR,Canada,2026-08-11 21:25:20
SO000003922,CUST0003522,MAT000685,2023-09-08,11.0,893.77,9831.47,0,Completed,AED,China,2026-08-12 11:25:20
SO000003923,CUST0006065,MAT000389,2025-06-17,13.0,781.25,10156.25,0,Completed,JPY,Saudi Arabia,2026-08-12 04:25:20
SO000003924,CUST0003833,MAT001141,2025-09-19,24.0,573.44,13762.56,5,Completed,JPY,Mexico,2026-08-11 23:25:20
SO000003925,CUST0004005,MAT000482,2023-11-07,10.0,652.02,6520.2,5,Completed,EUR,Saudi Arabia,2026-08-11 13:25:20
SO000003926,CUST0006217,MAT000073,2024-12-16,1.0,472.92,472.92,0,Shipped,USD,UK,2026-08-12 08:25:20
SO000003927,CUST0000087,MAT000758,2025-11-12,22.0,383.18,8429.96,20,Completed,GBP,Singapore,2026-08-12 13:25:20
SO000003928,CUST0002698,MAT000134,2025-07-28,25.0,624.49,15612.25,0,Completed,USD,Australia,2026-08-11 13:25:20
SO000003929,CUST0006717,MAT000724,2025-01-28,21.0,875.94,18394.74,20,Shipped,USD,China,2026-08-11 13:25:20
SO000003930,CUST0002095,MAT000892,2026-03-08,22.0,30.86,678.92,20,Completed,USD,France,2026-08-12 12:25:20
SO000003931,CUST0001462,MAT000270,2026-08-18,18.0,286.11,5149.98,0,Completed,USD,Canada,2026-08-11 13:25:20
SO000003932,CUST0001610,MAT000017,2024-01-15,22.0,300.4,6608.8,5,Completed,USD,USA,2026-08-12 09:25:20
SO000003933,CUST0002482,MAT001121,2024-08-13,1.0,375.75,375.75,15,Completed,USD,Germany,2026-08-12 09:25:20
SO000003934,CUST0002367,MAT000562,2025-03-16,6.0,566.07,3396.42,20,Completed,JPY,South Africa,2026-08-11 17:25:20
SO000003935,CUST0004952,MAT000274,2025-10-21,3.0,464.81,1394.43,5,Completed,USD,Saudi Arabia,2026-08-12 11:25:20
SO000003936,CUST0001618,MAT000538,2025-08-15,15.0,21.76,326.4,0,Shipped,USD,South Africa,2026-08-12 01:25:20
SO000003937,CUST0006495,MAT000540,2024-08-10,8.0,373.39,2987.12,20,Completed,USD,Saudi Arabia,2026-08-12 14:25:20
SO000003938,CUST0005227,MAT001132,2023-11-05,11.0,559.41,6153.51,15,Completed,EUR,Saudi Arabia,2026-08-12 01:25:20
SO000003939,CUST0002362,MAT001145,2023-11-30,24.0,456.82,10963.68,20,Returned,USD,India,2026-08-12 07:25:20
SO000003940,CUST0003018,MAT001130,2025-10-05,14.0,785.5,10997.0,20,Pending,EUR,Saudi Arabia,2026-08-11 21:25:20
SO000003941,CUST0006235,MAT001184,2024-05-27,4.0,361.74,1446.96,0,Cancelled,USD,Saudi Arabia,2026-08-11 18:25:20
SO000003942,CUST0005576,MAT000899,2023-07-11,2.0,16.24,32.48,5,Completed,USD,Brazil,2026-08-11 22:25:20
SO000003943,CUST0000898,MAT000808,2026-02-28,7.0,259.98,1819.86,20,Completed,USD,Singapore,2026-08-12 10:25:20
SO000003944,CUST0006099,MAT000567,2025-03-02,22.0,126.43,2781.46,0,Completed,AED,India,2026-08-11 14:25:20
SO000003945,CUST0005739,MAT000786,2024-11-14,13.0,228.96,2976.48,15,Completed,USD,USA,2026-08-12 03:25:20
SO000003946,CUST0003494,MAT000290,2024-07-26,24.0,329.07,7897.68,0,Completed,INR,Mexico,2026-08-12 17:25:20
SO000003947,CUST0004766,MAT000836,2023-08-18,25.0,610.61,15265.25,0,Completed,USD,Mexico,2026-08-12 02:25:20
SO000003948,CUST0006851,MAT000683,2025-09-11,20.0,295.13,5902.6,20,Shipped,JPY,France,2026-08-12 16:25:20
SO000003949,CUST0006294,MAT001141,2024-08-14,23.0,796.28,18314.44,0,Completed,USD,France,2026-08-12 00:25:20
SO000003950,CUST0005220,MAT000655,2024-04-01,15.0,273.11,4096.65,0,Completed,AED,UAE,2026-08-12 10:25:20
SO000003951,CUST0005069,MAT000606,2023-06-18,11.0,127.56,1403.16,10,Completed,USD,Canada,2026-08-12 08:25:20
SO000003952,CUST0005457,MAT000025,2023-12-21,5.0,156.13,780.65,0,Shipped,USD,Mexico,2026-08-12 01:25:20
SO000003953,CUST0006053,MAT000764,2026-08-21,20.0,841.45,16829.0,5,Cancelled,USD,Canada,2026-08-12 06:25:20
SO000003954,CUST0005756,MAT000647,2024-12-21,0.0,412.06,412.06,20,Pending,USD,Canada,2026-08-12 09:25:20
SO000003955,CUST0004879,MAT000127,2025-12-09,15.0,365.8,5487.0,5,Completed,USD,UAE,2026-08-12 04:25:20
SO000003956,CUST0002284,MAT001136,2023-03-03,2.0,66.67,133.34,0,Shipped,EUR,India,2026-08-11 13:25:20
SO000003957,CUST0006322,MAT001182,2023-03-31,17.0,661.32,11242.44,15,Completed,GBP,India,2026-08-11 16:25:20
SO000003958,CUST0004079,MAT001054,2023-10-23,6.0,626.71,3760.26,0,Completed,GBP,Brazil,2026-08-11 18:25:20
SO000003959,CUST0001946,MAT000636,2023-09-26,25.0,341.29,8532.25,20,Completed,INR,China,2026-08-12 02:25:20
SO000003960,CUST0002422,MAT000937,2024-10-19,6.0,624.13,3744.78,0,Completed,USD,UAE,2026-08-12 16:25:20
SO000003961,CUST0002591,MAT000832,2024-01-16,21.0,333.87,7011.27,0,Completed,USD,China,2026-08-12 14:25:20
SO000003962,CUST0004852,MAT000647,2023-10-05,2.0,70.48,140.96,0,Completed,USD,USA,2026-08-12 09:25:20
SO000003963,CUST0001141,MAT000849,2024-04-16,24.0,665.6,15974.4,20,Completed,EUR,Australia,2026-08-11 18:25:20
SO000003964,CUST0006034,MAT000983,2024-01-10,19.0,868.86,16508.34,10,Completed,EUR,South Africa,2026-08-12 07:25:20
SO000003965,CUST0004168,MAT000700,2025-07-25,14.0,585.22,8193.08,0,Completed,EUR,Singapore,2026-08-11 17:25:20
SO000003966,CUST0002639,MAT000963,2025-01-14,20.0,252.43,5048.6,20,Pending,USD,Mexico,2026-08-12 12:25:20
SO000003967,CUST0006026,MAT000335,2026-03-11,22.0,246.58,5424.76,0,Completed,GBP,Australia,2026-08-11 21:25:20
SO000003968,CUST0000877,MAT000521,2023-03-25,12.0,836.43,10037.16,0,Completed,AED,India,2026-08-11 19:25:20
SO000003969,CUST0002933,MAT000354,2026-04-03,3.0,276.44,829.32,15,Pending,EUR,Germany,2026-08-12 07:25:20
SO000003970,CUST0004280,MAT000106,2025-01-18,18.0,692.53,12465.54,0,Completed,USD,Japan,2026-08-12 14:25:20
SO000003971,CUST0005558,MAT000004,2024-10-13,9.0,580.41,5223.69,20,Completed,USD,Saudi Arabia,2026-08-12 10:25:20
SO000003972,CUST0002258,MAT000258,2023-09-05,3.0,535.38,1606.14,5,Shipped,GBP,Japan,2026-08-12 09:25:20
SO000003973,CUST0005034,MAT000789,2023-11-12,24.0,167.06,4009.44,5,Completed,GBP,Mexico,2026-08-12 05:25:20
SO000003974,CUST0004585,MAT000632,2026-01-14,12.0,35.8,429.6,0,Completed,USD,Mexico,2026-08-12 09:25:20
SO000003975,CUST0001140,MAT000358,2024-04-11,11.0,442.37,4866.07,15,Completed,USD,France,2026-08-11 20:25:20
SO000003976,CUST0006075,MAT000052,2025-01-30,16.0,889.4,14230.4,15,Shipped,JPY,Singapore,2026-08-11 16:25:20
SO000003977,CUST0005412,MAT000884,2023-09-22,2.0,180.21,360.42,10,Pending,USD,USA,2026-08-12 15:25:20
SO000003978,CUST0005323,MAT000211,2023-04-15,9.0,485.5,4369.5,0,Completed,USD,South Africa,2026-08-12 02:25:20
SO000003979,CUST0007442,MAT000842,2023-04-01,10.0,605.53,6055.3,10,Shipped,USD,Australia,2026-08-12 13:25:20
SO000003980,CUST0002567,MAT000091,2026-06-27,6.0,437.89,2627.34,15,Completed,USD,Japan,2026-08-12 02:25:20
SO000003981,CUST0002664,MAT000689,2023-12-01,13.0,458.71,5963.23,0,Completed,USD,Mexico,2026-08-12 14:25:20
SO000003982,CUST0004011,MAT000083,2023-09-19,23.0,596.8,13726.4,5,Cancelled,USD,Brazil,2026-08-12 14:25:20
SO000003983,CUST0006287,MAT000902,2026-04-03,16.0,734.34,11749.44,5,Cancelled,USD,UK,2026-08-12 04:25:20
SO000003984,CUST0000899,MAT001092,2026-09-09,25.0,303.29,7582.25,0,Shipped,USD,Japan,2026-08-11 21:25:20
SO000003985,CUST0007787,MAT000557,2026-04-09,12.0,809.85,9718.2,0,Completed,USD,Singapore,2026-08-12 18:25:20
SO000003986,CUST0006111,MAT000433,2025-01-16,22.0,438.99,9657.78,0,Shipped,GBP,Japan,2026-08-11 22:25:20
SO000003987,CUST0006391,MAT000435,2024-07-21,24.0,597.38,14337.12,0,Completed,JPY,France,2026-08-12 00:25:20
SO000003988,CUST0002450,MAT000907,2025-11-01,22.0,100.33,2207.26,10,Cancelled,EUR,India,2026-08-11 20:25:20
SO000003989,CUST0006157,MAT001188,2026-07-19,3.0,445.77,1337.31,0,Completed,GBP,Mexico,2026-08-12 16:25:20
SO000003990,CUST0003364,MAT000529,2025-03-08,13.0,19.42,252.46,5,Shipped,USD,India,2026-08-12 05:25:20
SO000003991,CUST0001829,MAT000165,2025-11-16,18.0,354.97,6389.46,0,Completed,USD,Singapore,2026-08-11 22:25:20
SO000003992,CUST0007053,MAT000942,2025-02-21,18.0,53.76,967.68,15,Pending,USD,Japan,2026-08-11 22:25:20
SO000003993,CUST0002482,MAT001037,2024-10-14,3.0,807.8,2423.4,5,Completed,USD,India,2026-08-12 11:25:20
SO000003994,CUST0002813,MAT000901,2024-10-24,10.0,607.16,6071.6,15,Completed,USD,UK,2026-08-12 09:25:20
SO000003995,CUST0000250,MAT000709,2024-06-28,4.0,713.73,2854.92,5,Returned,USD,Germany,2026-08-12 15:25:20
SO000003996,CUST0007180,MAT000544,2023-12-31,4.0,423.57,1694.28,15,Shipped,USD,UK,2026-08-11 22:25:20
SO000003997,CUST0001945,MAT001061,2023-03-08,7.0,767.45,5372.15,0,Completed,INR,UAE,2026-08-12 09:25:20
SO000003998,CUST0002284,MAT000018,2023-12-13,16.0,786.37,12581.92,0,Cancelled,USD,South Africa,2026-08-11 18:25:20
SO000003999,CUST0001420,MAT000513,2024-04-03,5.0,324.35,1621.75,0,Cancelled,GBP,Japan,2026-08-12 00:25:20
SO000004000,CUST0005169,MAT000327,2023-03-02,24.0,342.29,8214.96,15,Completed,AED,Australia,2026-08-12 10:25:20
SO000004001,CUST0005316,MAT000307,2025-02-27,22.0,459.88,10117.36,5,Completed,GBP,India,2026-08-11 22:25:20
SO000004002,CUST0003827,MAT000852,2024-02-01,10.0,42.81,428.1,15,Pending,USD,South Africa,2026-08-12 01:25:20
SO000004003,CUST0002666,MAT000300,2026-05-31,11.0,896.21,9858.31,20,Completed,USD,Australia,2026-08-12 15:25:20
SO000004004,CUST0007617,MAT000307,2023-02-22,4.0,326.47,1305.88,0,Shipped,USD,China,2026-08-11 19:25:20
SO000004005,CUST0004955,MAT000815,2025-11-15,11.0,426.4,4690.4,0,Shipped,AED,UAE,2026-08-11 22:25:20
SO000004006,CUST0001287,MAT000159,2023-06-29,0.0,680.51,10888.16,5,Pending,EUR,USA,2026-08-12 18:25:20
SO000004007,CUST0001372,MAT001026,2023-08-19,2.0,271.27,542.54,0,Returned,JPY,Germany,2026-08-11 23:25:20
SO000004008,CUST0000175,MAT000504,2023-04-22,13.0,185.46,2410.98,0,Pending,USD,China,2026-08-11 21:25:20
SO000004009,CUST0006596,MAT000045,2023-12-04,24.0,119.07,2857.68,0,Completed,USD,Australia,2026-08-11 18:25:20
SO000004010,CUST0005083,MAT000113,2025-08-15,17.0,477.58,8118.86,0,Completed,USD,China,2026-08-12 04:25:20
SO000004011,CUST0005485,MAT000273,2026-08-21,22.0,9.92,218.24,0,Completed,AED,Brazil,2026-08-12 01:25:20
SO000004012,CUST0007634,MAT000694,2026-04-10,7.0,640.02,4480.14,0,Completed,EUR,Singapore,2026-08-12 02:25:20
SO000004013,CUST0002232,MAT000404,2025-11-06,21.0,417.94,8776.74,0,Pending,USD,UAE,2026-08-11 14:25:20
SO000004014,CUST0001567,MAT000558,2023-07-04,22.0,480.98,10581.56,15,Cancelled,USD,Saudi Arabia,2026-08-12 03:25:20
SO000004015,CUST0001170,MAT000958,2024-07-10,6.0,240.57,1443.42,10,Completed,GBP,China,2026-08-12 07:25:20
SO000004016,CUST0003543,MAT000144,2024-01-24,14.0,164.54,2303.56,0,Pending,USD,Brazil,2026-08-11 13:25:20
SO000004017,CUST0003120,MAT000716,2026-07-08,12.0,631.49,7577.88,0,Cancelled,EUR,Mexico,2026-08-11 13:25:20
SO000004018,CUST0003756,MAT001127,2023-05-04,18.0,193.19,3477.42,10,Completed,USD,India,2026-08-12 11:25:20
SO000004019,CUST0002145,MAT000254,2025-06-05,6.0,703.18,4219.08,0,Completed,INR,France,2026-08-12 18:25:20
SO000004020,CUST0005306,MAT000354,2024-03-05,15.0,187.29,2809.35,0,Completed,JPY,USA,2026-08-11 19:25:20
SO000004021,CUST0002190,MAT000754,2025-08-05,9.0,553.35,4980.15,0,Shipped,EUR,Saudi Arabia,2026-08-12 01:25:20
SO000004022,CUST0003511,MAT000043,2024-05-24,16.0,581.27,9300.32,5,Pending,GBP,Singapore,2026-08-12 08:25:20
SO000004023,CUST0002123,MAT000320,2024-10-15,8.0,457.55,3660.4,0,Completed,USD,UK,2026-08-12 03:25:20
SO000004024,CUST0003794,MAT000994,2023-12-20,4.0,897.13,3588.52,20,Completed,GBP,Australia,2026-08-12 04:25:20
SO000004025,CUST0005464,MAT001054,2026-10-08,21.0,341.38,7168.98,20,Completed,USD,Saudi Arabia,2026-08-12 04:25:20
SO000004026,CUST0004166,MAT000317,2025-03-05,11.0,795.57,8751.27,0,Completed,EUR,Canada,2026-08-11 19:25:20
SO000004027,CUST0001402,MAT000428,2025-02-03,10.0,156.46,1564.6,10,Returned,JPY,India,2026-08-12 05:25:20
SO000004028,CUST0001283,MAT000653,2024-04-10,20.0,306.8,6136.0,5,Completed,USD,Germany,2026-08-11 12:25:20
SO000004029,CUST0001205,MAT000442,2026-04-19,11.0,135.1,1486.1,0,Completed,USD,UAE,2026-08-12 00:25:20
SO000004030,CUST0002856,MAT000382,2023-11-16,7.0,545.24,3816.68,20,Completed,EUR,Germany,2026-08-11 12:25:20
SO000004031,CUST0000866,MAT000694,2026-08-16,23.0,576.24,13253.52,15,Shipped,JPY,UAE,2026-08-11 20:25:20
SO000004032,CUST0000765,MAT001115,2024-11-17,2.0,410.89,821.78,15,Completed,GBP,China,2026-08-11 17:25:20
SO000004033,CUST0001025,MAT000336,2025-11-06,4.0,649.54,2598.16,0,Shipped,EUR,Japan,2026-08-11 20:25:20
SO000004034,CUST0004136,MAT000910,2023-01-17,17.0,781.55,13286.35,10,Completed,USD,South Africa,2026-08-12 17:25:20
SO000004035,CUST0001808,MAT001081,2026-01-25,21.0,700.02,14700.42,10,Completed,GBP,Germany,2026-08-12 14:25:20
SO000004036,CUST0007315,MAT000065,2026-09-06,13.0,221.29,2876.77,0,Completed,USD,Germany,2026-08-12 03:25:20
SO000004037,CUST0002261,MAT001154,2025-03-31,3.0,291.76,875.28,0,Completed,AED,China,2026-08-12 14:25:20
SO000004038,CUST0006482,MAT001029,2023-05-04,16.0,345.35,5525.6,10,Completed,USD,France,2026-08-11 17:25:20
SO000004039,CUST0006674,MAT000880,2026-09-19,13.0,187.37,2435.81,10,Completed,EUR,USA,2026-08-12 13:25:20
SO000004040,CUST0001771,MAT000163,2026-03-28,25.0,328.31,8207.75,0,Completed,GBP,Australia,2026-08-11 19:25:20
SO000004041,CUST0005978,MAT001034,2023-05-08,9.0,218.05,1962.45,0,Pending,USD,China,2026-08-12 00:25:20
SO000004042,CUST0007304,MAT000167,2026-05-23,9.0,896.18,8065.62,10,Completed,USD,Mexico,2026-08-11 20:25:20
SO000004043,CUST0005410,MAT000327,2023-05-04,6.0,706.01,4236.06,5,Pending,INR,Saudi Arabia,2026-08-12 17:25:20
SO000004044,CUST0006472,MAT000633,2026-03-28,25.0,774.72,19368.0,10,Completed,AED,UAE,2026-08-12 08:25:20
SO000004045,CUST0006299,MAT000096,2026-09-09,10.0,830.32,8303.2,0,Completed,USD,South Africa,2026-08-12 16:25:20
SO000004046,CUST0005131,MAT000880,2025-09-23,1.0,600.18,600.18,20,Completed,USD,Australia,2026-08-12 16:25:20
SO000004047,CUST0000469,MAT000972,2024-10-04,8.0,162.5,1300.0,0,Completed,GBP,France,2026-08-11 21:25:20
SO000004048,CUST0007220,MAT000344,2024-05-19,14.0,683.88,9574.32,0,Shipped,INR,China,2026-08-12 07:25:20
SO000004049,CUST0003052,MAT001091,2024-06-26,20.0,18.97,379.4,0,Completed,USD,India,2026-08-11 17:25:20
SO000004050,CUST0006762,MAT000636,2024-01-11,10.0,106.34,1063.4,10,Completed,GBP,UAE,2026-08-11 15:25:20
SO000004051,CUST0005082,MAT000817,2023-08-23,17.0,31.48,535.16,10,Completed,USD,Australia,2026-08-11 17:25:20
SO000004052,CUST0004367,MAT000693,2024-06-04,24.0,126.22,3029.28,5,Returned,AED,Japan,2026-08-11 13:25:20
SO000004053,CUST0004653,MAT000496,2023-02-01,3.0,678.04,2034.12,5,Completed,USD,China,2026-08-11 13:25:20
SO000004054,CUST0004974,MAT000292,2024-09-02,6.0,797.51,4785.06,5,Completed,USD,Canada,2026-08-12 16:25:20
SO000004055,CUST0006765,MAT000657,2023-02-10,15.0,254.56,3818.4,0,Completed,EUR,UK,2026-08-11 12:25:20
SO000004056,CUST0001694,MAT000297,2023-08-30,0.0,111.62,1785.92,0,Completed,USD,China,2026-08-12 08:25:20
SO000004057,CUST0001716,MAT000067,2023-07-06,11.0,249.3,2742.3,20,Completed,USD,China,2026-08-11 19:25:20
SO000004058,CUST0000299,MAT000211,2024-07-17,8.0,584.17,4673.36,20,Shipped,USD,Saudi Arabia,2026-08-12 04:25:20
SO000004059,CUST0006832,MAT000802,2025-07-15,21.0,318.43,6687.03,10,Shipped,EUR,Australia,2026-08-12 02:25:20
SO000004060,CUST0001041,MAT000562,2024-07-16,,865.23,865.23,0,Returned,USD,Japan,2026-08-12 11:25:20
SO000004061,CUST0001053,MAT000519,2023-12-13,1.0,122.23,122.23,0,Completed,USD,USA,2026-08-11 13:25:20
SO000004062,CUST0004162,MAT000603,2023-09-16,20.0,891.36,17827.2,5,Completed,USD,India,2026-08-12 09:25:20
SO000004063,CUST0001142,MAT000842,2024-05-25,24.0,16.14,387.36,0,Shipped,JPY,Germany,2026-08-12 13:25:20
SO000004064,CUST0002923,MAT000852,2024-01-07,3.0,409.27,1227.81,0,Completed,USD,South Africa,2026-08-11 14:25:20
SO000004065,CUST0005952,MAT000637,2023-01-28,23.0,230.37,5298.51,0,Completed,USD,Australia,2026-08-11 18:25:20
SO000004066,CUST0001055,MAT000960,2025-08-14,5.0,511.83,2559.15,10,Completed,USD,Saudi Arabia,2026-08-11 13:25:20
SO000004067,CUST0006244,MAT000862,2026-04-19,8.0,91.41,731.28,20,Completed,AED,Canada,2026-08-12 04:25:20
SO000004068,CUST0007190,MAT000633,2025-03-21,9.0,788.86,7099.74,10,Completed,GBP,Japan,2026-08-12 13:25:20
SO000004069,CUST0000462,MAT000968,2026-04-15,11.0,127.19,1399.09,15,Shipped,USD,USA,2026-08-12 03:25:20
SO000004070,CUST0002773,MAT000968,2023-02-08,9.0,530.71,4776.39,20,Completed,GBP,France,2026-08-12 01:25:20
SO000004071,CUST0005547,MAT000414,2025-08-04,3.0,34.85,104.55,0,Completed,USD,China,2026-08-12 05:25:20
SO000004072,CUST0001559,MAT000230,2025-09-24,9.0,283.34,2550.06,20,Completed,JPY,India,2026-08-12 04:25:20
SO000004073,CUST0002069,MAT000463,2023-07-31,5.0,139.0,695.0,0,Shipped,USD,UK,2026-08-12 07:25:20
SO000004074,CUST0004624,MAT000857,2025-07-19,8.0,880.17,7041.36,0,Shipped,USD,Germany,2026-08-11 22:25:20
SO000004075,CUST0000857,MAT000982,2026-02-24,10.0,15.76,157.6,15,Pending,JPY,India,2026-08-11 22:25:20
SO000004076,CUST0002049,MAT000945,2024-11-24,24.0,320.39,7689.36,5,Completed,JPY,South Africa,2026-08-12 15:25:20
SO000004077,CUST0002708,MAT000960,2025-01-22,9.0,275.98,2483.82,0,Completed,EUR,Canada,2026-08-11 21:25:20
SO000004078,CUST0002138,MAT000311,2026-02-19,6.0,593.35,3560.1,0,Completed,EUR,UK,2026-08-12 17:25:20
SO000004079,CUST0005084,MAT000897,2025-12-14,17.0,55.46,942.82,5,Returned,JPY,Germany,2026-08-11 21:25:20
SO000004080,CUST0002669,MAT000472,2024-07-21,24.0,730.5,17532.0,0,Completed,USD,Australia,2026-08-12 14:25:20
SO000004081,CUST0005824,MAT001141,2025-05-08,18.0,422.54,7605.72,5,Shipped,EUR,China,2026-08-12 12:25:20
SO000004082,CUST0001345,MAT000672,2026-03-09,18.0,410.23,7384.14,15,Completed,USD,Brazil,2026-08-12 00:25:20
SO000004083,CUST0006443,MAT000498,2026-05-09,10.0,207.98,2079.8,5,Completed,USD,Japan,2026-08-11 12:25:20
SO000004084,CUST0004968,MAT000502,2024-09-10,9.0,443.59,3992.31,0,Completed,USD,Saudi Arabia,2026-08-11 14:25:20
SO000004085,CUST0007033,MAT000204,2026-05-05,9.0,330.68,2976.12,15,Completed,USD,Canada,2026-08-12 04:25:20
SO000004086,CUST0003718,MAT000048,2023-08-11,0.0,224.4,3590.4,0,Completed,USD,Japan,2026-08-12 00:25:20
SO000004087,CUST0002146,MAT001160,2024-10-16,2.0,155.96,311.92,0,Completed,INR,India,2026-08-12 14:25:20
SO000004088,CUST0007566,MAT000490,2025-06-02,22.0,656.86,14450.92,0,Completed,USD,UK,2026-08-11 15:25:20
SO000004089,CUST0003545,MAT000467,2025-06-30,10.0,132.13,1321.3,15,Completed,USD,Mexico,2026-08-11 15:25:20
SO000004090,CUST0002665,MAT001168,2025-06-13,9.0,155.34,1398.06,5,Completed,USD,Canada,2026-08-12 08:25:20
SO000004091,CUST0007096,MAT000992,2023-10-27,10.0,521.48,5214.8,10,Completed,USD,India,2026-08-12 08:25:20
SO000004092,CUST0007871,MAT000576,2025-05-14,10.0,207.34,2073.4,0,Completed,USD,Brazil,2026-08-12 00:25:20
SO000004093,CUST0003843,MAT000445,2023-01-09,24.0,416.14,9987.36,5,Cancelled,AED,France,2026-08-12 06:25:20
SO000004094,CUST0003355,MAT000855,2023-05-02,24.0,499.86,11996.64,20,Pending,GBP,Mexico,2026-08-12 07:25:20
SO000004095,CUST0005584,MAT000336,2023-10-01,23.0,250.61,5764.03,5,Shipped,AED,Saudi Arabia,2026-08-12 14:25:20
SO000004096,CUST0006628,MAT000615,2025-09-20,4.0,312.48,1249.92,0,Pending,USD,UK,2026-08-12 18:25:20
SO000004097,CUST0003235,MAT000549,2023-02-23,24.0,193.14,4635.36,10,Returned,EUR,Canada,2026-08-11 19:25:20
SO000004098,CUST0006234,MAT000923,2023-01-29,13.0,417.08,5422.04,5,Completed,USD,Japan,2026-08-11 23:25:20
SO000004099,CUST0000875,MAT000048,2023-11-27,23.0,893.2,20543.6,0,Pending,USD,USA,2026-08-11 14:25:20
SO000004100,CUST0004832,MAT000177,2024-10-05,11.0,329.63,3625.93,20,Completed,USD,South Africa,2026-08-12 12:25:20
SO000004101,CUST0004285,MAT000443,2024-04-20,20.0,589.73,11794.6,15,Completed,USD,Singapore,2026-08-12 09:25:20
SO000004102,CUST0005025,MAT001060,2024-02-04,11.0,574.13,6315.43,5,Pending,USD,China,2026-08-12 03:25:20
SO000004103,CUST0000387,MAT000439,2025-04-10,3.0,708.9,2126.7,20,Pending,USD,Japan,2026-08-12 02:25:20
SO000004104,CUST0006608,MAT001010,2024-11-30,5.0,642.17,3210.85,0,Completed,AED,Japan,2026-08-11 16:25:20
SO000004105,CUST0003862,MAT000713,2024-01-06,13.0,15.54,202.02,0,Completed,INR,Australia,2026-08-12 03:25:20
SO000004106,CUST0007547,MAT001008,2026-09-26,5.0,281.75,1408.75,0,Completed,USD,China,2026-08-12 16:25:20
SO000004107,CUST0006263,MAT000244,2025-04-30,17.0,783.86,13325.62,0,Shipped,AED,UAE,2026-08-12 00:25:20
SO000004108,CUST0004562,MAT000351,2025-02-13,7.0,487.9,3415.3,20,Completed,EUR,Australia,2026-08-12 08:25:20
SO000004109,CUST0006685,MAT000087,2024-10-29,23.0,98.28,2260.44,0,Pending,USD,Saudi Arabia,2026-08-11 22:25:20
SO000004110,CUST0007977,MAT000555,2026-02-26,20.0,252.14,5042.8,0,Completed,EUR,Mexico,2026-08-12 15:25:20
SO000004111,CUST0006246,MAT000136,2024-06-06,4.0,258.63,1034.52,0,Completed,EUR,Mexico,2026-08-12 01:25:20
SO000004112,CUST0007578,MAT000951,2026-08-12,6.0,786.49,4718.94,5,Completed,USD,South Africa,2026-08-11 23:25:20
SO000004113,CUST0006435,MAT000630,2025-07-09,4.0,500.29,2001.16,0,Completed,EUR,Singapore,2026-08-12 06:25:20
SO000004114,CUST0006759,MAT000784,2025-05-21,19.0,549.45,10439.55,0,Shipped,EUR,Mexico,2026-08-11 23:25:20
SO000004115,CUST0004171,MAT000146,2025-12-21,7.0,333.52,2334.64,20,Completed,USD,Brazil,2026-08-12 10:25:20
SO000004116,CUST0004057,MAT000454,2023-08-11,25.0,58.98,1474.5,0,Shipped,EUR,Singapore,2026-08-12 10:25:20
SO000004117,CUST0005098,MAT001015,2023-04-04,16.0,72.35,1157.6,0,Completed,EUR,Saudi Arabia,2026-08-12 03:25:20
SO000004118,CUST0003436,MAT001015,2024-09-26,2.0,381.24,762.48,0,Cancelled,USD,China,2026-08-12 10:25:20
SO000004119,CUST0005990,MAT000196,2026-10-05,1.0,163.86,163.86,5,Completed,USD,South Africa,2026-08-11 15:25:20
SO000004120,CUST0004285,MAT000737,2023-04-03,9.0,98.31,884.79,5,Completed,USD,UAE,2026-08-12 07:25:20
SO000004121,CUST0003158,MAT000862,2023-08-03,6.0,239.71,1438.26,10,Completed,USD,France,2026-08-12 17:25:20
SO000004122,CUST0006880,MAT001066,2023-11-01,18.0,669.13,12044.34,20,Shipped,GBP,Saudi Arabia,2026-08-12 14:25:20
SO000004123,CUST0003620,MAT000594,2023-03-19,13.0,70.35,914.55,0,Completed,AED,Japan,2026-08-12 02:25:20
SO000004124,CUST0003650,MAT000069,2024-06-06,10.0,406.16,4061.6,10,Completed,USD,USA,2026-08-12 03:25:20
SO000004125,CUST0005750,MAT000391,2023-02-05,5.0,744.35,3721.75,5,Shipped,USD,Japan,2026-08-12 03:25:20
SO000004126,CUST0004811,MAT000526,2024-01-27,5.0,244.79,1223.95,15,Completed,USD,USA,2026-08-11 18:25:20
SO000004127,CUST0006305,MAT000547,2024-03-21,13.0,275.18,3577.34,0,Completed,GBP,Singapore,2026-08-11 14:25:20
SO000004128,CUST0004006,MAT000691,2024-07-25,25.0,796.37,19909.25,0,Completed,EUR,UK,2026-08-12 12:25:20
SO000004129,CUST0001737,MAT000896,2023-01-18,14.0,586.75,8214.5,20,Shipped,USD,Saudi Arabia,2026-08-12 09:25:20
SO000004130,CUST0003633,MAT000275,2026-04-12,22.0,718.95,15816.9,5,Completed,EUR,UK,2026-08-11 13:25:20
SO000004131,CUST0000850,MAT000676,2023-09-23,19.0,263.84,5012.96,15,Completed,EUR,India,2026-08-12 16:25:20
SO000004132,CUST0006096,MAT000925,2026-10-02,2.0,897.12,1794.24,10,Completed,AED,Japan,2026-08-11 19:25:20
SO000004133,CUST0005826,MAT000231,2026-02-20,17.0,131.1,2228.7,0,Completed,EUR,Australia,2026-08-11 19:25:20
SO000004134,CUST0005167,MAT000030,2026-04-22,9.0,865.93,7793.37,0,Shipped,USD,France,2026-08-12 03:25:20
SO000004135,CUST0001138,MAT000611,2025-05-20,7.0,812.38,5686.66,0,Completed,USD,UAE,2026-08-12 01:25:20
SO000004136,CUST0005679,MAT000585,2023-01-09,19.0,498.95,9480.05,15,Shipped,USD,USA,2026-08-12 02:25:20
SO000004137,CUST0004674,MAT000608,2024-05-20,21.0,528.84,11105.64,15,Completed,USD,Mexico,2026-08-12 09:25:20
SO000004138,CUST0004039,MAT000080,2024-11-12,10.0,698.67,6986.7,15,Completed,GBP,Brazil,2026-08-12 00:25:20
SO000004139,CUST0003270,MAT000242,2024-04-05,25.0,279.57,6989.25,15,Pending,EUR,Singapore,2026-08-12 17:25:20
SO000004140,CUST0003578,MAT000739,2025-09-11,23.0,477.09,10973.07,0,Completed,USD,Mexico,2026-08-12 02:25:20
SO000004141,CUST0000240,MAT000317,2025-11-07,16.0,812.63,13002.08,10,Completed,USD,UK,2026-08-11 19:25:20
SO000004142,CUST0002187,MAT000637,2023-03-05,14.0,66.08,925.12,10,Completed,AED,South Africa,2026-08-11 20:25:20
SO000004143,CUST0000601,MAT001021,2023-06-14,15.0,815.45,12231.75,0,Pending,EUR,UK,2026-08-12 14:25:20
SO000004144,CUST0000636,MAT000508,2023-09-03,15.0,657.26,9858.9,0,Completed,GBP,Germany,2026-08-12 14:25:20
SO000004145,CUST0007279,MAT001116,2023-03-19,1.0,694.01,694.01,0,Shipped,EUR,Brazil,2026-08-11 14:25:20
SO000004146,CUST0007862,MAT000613,2023-01-09,17.0,62.92,1069.64,15,Shipped,USD,Brazil,2026-08-12 07:25:20
SO000004147,CUST0000251,MAT000447,2024-02-21,9.0,173.04,1557.36,5,Completed,USD,South Africa,2026-08-12 04:25:20
SO000004148,CUST0001651,MAT000805,2024-06-30,4.0,833.11,3332.44,0,Completed,USD,India,2026-08-11 23:25:20
SO000004149,CUST0002854,MAT000870,2023-12-26,24.0,116.03,2784.72,0,Completed,JPY,Singapore,2026-08-12 09:25:20
SO000004150,CUST0005774,MAT000804,2023-06-13,25.0,569.91,14247.75,15,Completed,USD,Japan,2026-08-12 14:25:20
SO000004151,CUST0006547,MAT000446,2026-02-27,17.0,705.51,11993.67,10,Shipped,USD,China,2026-08-11 15:25:20
SO000004152,CUST0001028,MAT000213,2023-05-31,17.0,212.0,3604.0,0,Completed,EUR,Japan,2026-08-11 20:25:20
SO000004153,CUST0002813,MAT000175,2025-09-13,11.0,630.42,6934.62,15,Completed,JPY,Brazil,2026-08-11 22:25:20
SO000004154,CUST0003923,MAT000340,2023-02-06,9.0,63.69,573.21,10,Shipped,USD,Singapore,2026-08-11 16:25:20
SO000004155,CUST0004412,MAT000201,2026-01-27,5.0,451.4,2257.0,0,Shipped,INR,UK,2026-08-11 12:25:20
SO000004156,CUST0006241,MAT000285,2024-11-07,2.0,304.32,608.64,5,Pending,EUR,Australia,2026-08-11 15:25:20
SO000004157,CUST0001946,MAT000365,2023-05-11,9.0,582.94,5246.46,15,Completed,USD,Australia,2026-08-11 22:25:20
SO000004158,CUST0003438,MAT001144,2026-08-05,25.0,800.66,20016.5,5,Pending,USD,India,2026-08-11 12:25:20
SO000004159,CUST0004545,MAT001000,2023-01-13,9.0,117.31,1055.79,15,Pending,USD,Canada,2026-08-12 07:25:20
SO000004160,CUST0000991,MAT000859,2025-05-07,19.0,408.03,7752.57,0,Completed,EUR,Saudi Arabia,2026-08-12 16:25:20
SO000004161,CUST0004386,MAT000203,2023-08-10,22.0,383.76,8442.72,0,Returned,AED,France,2026-08-11 21:25:20
SO000004162,CUST0004284,MAT001139,2023-04-07,15.0,294.8,4422.0,10,Pending,EUR,USA,2026-08-12 03:25:20
SO000004163,CUST0000439,MAT000952,2025-10-05,8.0,434.75,3478.0,0,Completed,INR,Brazil,2026-08-12 13:25:20
SO000004164,CUST0007603,MAT000364,2024-01-05,0.0,793.25,13485.25,0,Completed,JPY,USA,2026-08-12 14:25:20
SO000004165,CUST0000963,MAT000718,2023-11-04,7.0,876.43,6135.01,0,Shipped,USD,South Africa,2026-08-12 15:25:20
SO000004166,CUST0003750,MAT000224,2026-03-05,8.0,7.54,60.32,0,Pending,USD,China,2026-08-12 16:25:20
SO000004167,CUST0003598,MAT000928,2026-05-13,3.0,666.43,1999.29,10,Completed,USD,Canada,2026-08-11 23:25:20
SO000004168,CUST0003727,MAT001020,2024-04-06,5.0,555.5,2777.5,0,Completed,USD,China,2026-08-11 14:25:20
SO000004169,CUST0007392,MAT000240,2024-08-18,19.0,895.09,17006.71,15,Returned,USD,Singapore,2026-08-12 12:25:20
SO000004170,CUST0003707,MAT001085,2024-06-25,25.0,85.49,2137.25,0,Completed,EUR,South Africa,2026-08-11 14:25:20
SO000004171,CUST0003332,MAT000955,2025-06-07,22.0,731.15,16085.3,0,Completed,USD,Mexico,2026-08-12 12:25:20
SO000004172,CUST0005525,MAT000206,2026-06-02,6.0,840.87,5045.22,10,Completed,USD,UK,2026-08-11 19:25:20
SO000004173,CUST0001864,MAT001199,2024-09-05,24.0,821.34,19712.16,5,Shipped,USD,Singapore,2026-08-11 17:25:20
SO000004174,CUST0000337,MAT000102,2024-12-22,1.0,506.71,506.71,20,Completed,USD,Singapore,2026-08-12 06:25:20
SO000004175,CUST0005394,MAT000829,2024-03-06,13.0,298.16,3876.08,10,Shipped,USD,Japan,2026-08-11 21:25:20
SO000004176,CUST0000505,MAT000130,2023-03-14,19.0,577.71,10976.49,15,Pending,EUR,South Africa,2026-08-11 23:25:20
SO000004177,CUST0004030,MAT000421,2024-06-23,18.0,278.93,5020.74,15,Completed,USD,France,2026-08-12 07:25:20
SO000004178,CUST0000088,MAT000739,2025-10-05,7.0,373.98,2617.86,0,Shipped,EUR,Germany,2026-08-12 17:25:20
SO000004179,CUST0002937,MAT000852,2023-11-08,22.0,403.92,8886.24,0,Shipped,USD,UK,2026-08-11 15:25:20
SO000004180,CUST0007640,MAT000418,2025-09-04,1.0,275.25,275.25,10,Shipped,JPY,France,2026-08-12 13:25:20
SO000004181,CUST0005440,MAT001100,2025-11-22,9.0,310.94,2798.46,0,Pending,INR,Canada,2026-08-11 12:25:20
SO000004182,CUST0005607,MAT000878,2023-01-15,10.0,11.55,115.5,10,Completed,INR,Saudi Arabia,2026-08-12 17:25:20
SO000004183,CUST0005114,MAT000223,2024-01-20,7.0,270.89,1896.23,0,Pending,USD,UK,2026-08-11 14:25:20
SO000004184,CUST0003201,MAT000282,2026-05-04,5.0,427.71,2138.55,10,Completed,USD,France,2026-08-12 07:25:20
SO000004185,CUST0001906,MAT000301,2025-12-20,5.0,159.84,799.2,20,Pending,INR,UAE,2026-08-11 17:25:20
SO000004186,CUST0005539,MAT001049,2023-05-07,5.0,726.0,3630.0,15,Completed,USD,Brazil,2026-08-11 20:25:20
SO000004187,CUST0004539,MAT000768,2025-11-15,19.0,486.19,9237.61,0,Completed,USD,UAE,2026-08-12 15:25:20
SO000004188,CUST0006214,MAT000060,2026-01-02,20.0,715.52,14310.4,5,Completed,USD,UK,2026-08-12 01:25:20
SO000004189,CUST0005709,MAT001124,2024-10-22,22.0,119.65,2632.3,0,Cancelled,INR,Brazil,2026-08-12 07:25:20
SO000004190,CUST0005354,MAT000671,2024-04-16,20.0,739.36,14787.2,20,Pending,USD,France,2026-08-12 07:25:20
SO000004191,CUST0001379,MAT000425,2025-12-10,24.0,862.65,20703.6,0,Completed,USD,Singapore,2026-08-12 15:25:20
SO000004192,CUST0000632,MAT000164,2023-04-29,24.0,320.45,7690.8,0,Completed,GBP,Mexico,2026-08-12 00:25:20
SO000004193,CUST0006105,MAT000576,2024-01-14,6.0,259.14,1554.84,15,Completed,USD,Germany,2026-08-12 14:25:20
SO000004194,CUST0002508,MAT000331,2025-04-27,23.0,583.91,13429.93,0,Completed,GBP,Brazil,2026-08-11 19:25:20
SO000004195,CUST0001740,MAT000770,2024-10-12,4.0,574.14,2296.56,10,Completed,USD,France,2026-08-12 07:25:20
SO000004196,CUST0005666,MAT000835,2023-01-15,8.0,105.66,845.28,0,Completed,USD,China,2026-08-12 12:25:20
SO000004197,CUST0004718,MAT000771,2024-06-18,3.0,834.45,2503.35,5,Cancelled,GBP,Australia,2026-08-11 22:25:20
SO000004198,CUST0006002,MAT000694,2025-08-15,1.0,433.76,433.76,5,Completed,JPY,France,2026-08-12 00:25:20
SO000004199,CUST0000790,MAT000353,2023-01-06,2.0,689.15,1378.3,0,Completed,INR,Australia,2026-08-12 06:25:20
SO000004200,CUST0003083,MAT000399,2025-09-17,0.0,326.59,326.59,0,Completed,GBP,Mexico,2026-08-12 02:25:20
SO000004201,CUST0003904,MAT000057,2026-02-26,3.0,239.08,717.24,0,Returned,GBP,India,2026-08-11 20:25:20
SO000004202,CUST0003792,MAT000225,2025-08-28,7.0,104.59,732.13,10,Completed,USD,Brazil,2026-08-12 03:25:20
SO000004203,CUST0000788,MAT000438,2023-02-19,6.0,250.69,1504.14,15,Returned,USD,UAE,2026-08-12 16:25:20
SO000004204,CUST0001773,MAT000447,2023-10-26,14.0,894.12,12517.68,10,Completed,USD,South Africa,2026-08-11 22:25:20
SO000004205,CUST0001561,MAT000861,2024-05-17,16.0,593.87,9501.92,5,Pending,USD,France,2026-08-12 13:25:20
SO000004206,CUST0000389,MAT001106,2025-03-30,2.0,723.49,1446.98,0,Completed,EUR,South Africa,2026-08-12 14:25:20
SO000004207,CUST0005592,MAT000615,2023-06-08,13.0,862.87,11217.31,15,Completed,USD,Australia,2026-08-12 04:25:20
SO000004208,CUST0005068,MAT000837,2025-12-02,18.0,75.7,1362.6,0,Completed,EUR,UK,2026-08-12 12:25:20
SO000004209,CUST0005186,MAT000168,2025-07-05,21.0,152.4,3200.4,0,Pending,GBP,Australia,2026-08-12 02:25:20
SO000004210,CUST0003856,MAT000540,2023-08-19,12.0,835.53,10026.36,0,Pending,GBP,Canada,2026-08-12 09:25:20
SO000004211,CUST0003807,MAT000766,2024-09-24,22.0,510.28,11226.16,10,Returned,USD,Saudi Arabia,2026-08-12 06:25:20
SO000004212,CUST0000699,MAT000965,2024-09-15,16.0,573.19,9171.04,0,Completed,GBP,Saudi Arabia,2026-08-12 05:25:20
SO000004213,CUST0005117,MAT000583,2025-09-26,4.0,387.73,1550.92,10,Pending,INR,France,2026-08-11 23:25:20
SO000004214,CUST0005013,MAT001085,2024-12-24,13.0,733.91,9540.83,0,Completed,USD,Germany,2026-08-11 16:25:20
SO000004215,CUST0005965,MAT000869,2024-10-09,22.0,467.93,10294.46,15,Pending,EUR,UAE,2026-08-12 06:25:20
SO000004216,CUST0000045,MAT000698,2026-04-17,25.0,744.39,18609.75,0,Completed,USD,Brazil,2026-08-11 19:25:20
SO000004217,CUST0001133,MAT000656,2023-08-09,14.0,893.01,12502.14,20,Completed,AED,Mexico,2026-08-11 22:25:20
SO000004218,CUST0006670,MAT000052,2025-05-02,,583.82,10508.76,0,Completed,AED,UK,2026-08-11 23:25:20
SO000004219,CUST0001149,MAT001075,2024-12-02,2.0,478.29,956.58,0,Completed,USD,South Africa,2026-08-12 08:25:20
SO000004220,CUST0005040,MAT000076,2025-10-20,24.0,331.82,7963.68,0,Pending,USD,UAE,2026-08-12 16:25:20
SO000004221,CUST0002615,MAT000324,2025-01-17,23.0,179.25,4122.75,15,Shipped,GBP,UK,2026-08-12 15:25:20
SO000004222,CUST0007111,MAT001002,2023-03-21,1.0,592.71,592.71,10,Completed,GBP,Canada,2026-08-12 12:25:20
SO000004223,CUST0006044,MAT000358,2026-06-07,19.0,61.06,1160.14,0,Completed,USD,Canada,2026-08-11 18:25:20
SO000004224,CUST0004384,MAT000366,2026-08-07,15.0,860.88,12913.2,10,Completed,USD,UAE,2026-08-11 22:25:20
SO000004225,CUST0007874,MAT001027,2023-10-14,16.0,584.56,9352.96,0,Completed,USD,Brazil,2026-08-11 12:25:20
SO000004226,CUST0007297,MAT001072,2025-02-26,12.0,863.63,10363.56,15,Completed,EUR,Japan,2026-08-11 19:25:20
SO000004227,CUST0006007,MAT001196,2023-12-31,22.0,248.69,5471.18,0,Completed,USD,UK,2026-08-12 10:25:20
SO000004228,CUST0006235,MAT000651,2024-11-11,1.0,852.13,852.13,0,Completed,USD,Germany,2026-08-11 16:25:20
SO000004229,CUST0000364,MAT000992,2024-04-30,7.0,552.85,3869.95,0,Completed,EUR,UAE,2026-08-12 04:25:20
SO000004230,CUST0007550,MAT000709,2023-05-29,5.0,730.19,3650.95,20,Pending,GBP,Mexico,2026-08-12 07:25:20
SO000004231,CUST0006751,MAT000415,2025-10-09,14.0,165.14,2311.96,15,Completed,USD,Japan,2026-08-12 14:25:20
SO000004232,CUST0007303,MAT001127,2023-10-25,22.0,452.6,9957.2,0,Pending,AED,Mexico,2026-08-12 10:25:20
SO000004233,CUST0007038,MAT000269,2023-02-03,22.0,514.22,11312.84,5,Completed,EUR,Canada,2026-08-11 19:25:20
SO000004234,CUST0005132,MAT000710,2025-05-07,8.0,356.6,2852.8,0,Completed,USD,USA,2026-08-11 22:25:20
SO000004235,CUST0006343,MAT000969,2024-12-13,23.0,231.64,5327.72,15,Completed,USD,France,2026-08-12 09:25:20
SO000004236,CUST0005085,MAT000419,2023-12-20,5.0,814.77,4073.85,20,Completed,USD,USA,2026-08-11 21:25:20
SO000004237,CUST0007555,MAT001024,2024-09-25,6.0,81.13,486.78,0,Completed,EUR,Canada,2026-08-11 18:25:20
SO000004238,CUST0005715,MAT000081,2024-09-28,19.0,142.82,2713.58,20,Cancelled,USD,India,2026-08-12 00:25:20
SO000004239,CUST0002445,MAT000555,2023-03-17,14.0,291.86,4086.04,0,Pending,USD,South Africa,2026-08-11 21:25:20
SO000004240,CUST0001731,MAT000886,2025-05-31,25.0,828.19,20704.75,15,Returned,GBP,Mexico,2026-08-12 07:25:20
SO000004241,CUST0004962,MAT000356,2026-02-25,6.0,509.97,3059.82,0,Completed,USD,Japan,2026-08-12 13:25:20
SO000004242,CUST0003005,MAT000773,2026-05-13,15.0,338.99,5084.85,0,Completed,EUR,China,2026-08-11 14:25:20
SO000004243,CUST0002606,MAT000753,2024-08-20,3.0,365.4,1096.2,0,Completed,USD,UAE,2026-08-11 21:25:20
SO000004244,CUST0000553,MAT000142,2024-04-11,1.0,754.81,754.81,0,Completed,INR,UAE,2026-08-12 01:25:20
SO000004245,CUST0005154,MAT000231,2023-08-09,9.0,28.97,260.73,20,Completed,USD,Saudi Arabia,2026-08-11 17:25:20
SO000004246,CUST0005246,MAT000282,2024-05-29,19.0,15.15,287.85,15,Completed,INR,Mexico,2026-08-12 06:25:20
SO000004247,CUST0001011,MAT000396,2025-01-09,10.0,46.25,462.5,20,Completed,USD,USA,2026-08-12 04:25:20
SO000004248,CUST0001600,MAT001042,2025-07-31,11.0,424.94,4674.34,5,Completed,USD,Singapore,2026-08-11 16:25:20
SO000004249,CUST0007094,MAT001156,2023-05-29,3.0,525.22,1575.66,20,Completed,EUR,Australia,2026-08-11 22:25:20
SO000004250,CUST0005843,MAT001182,2026-10-03,10.0,563.9,5639.0,15,Completed,USD,UK,2026-08-11 12:25:20
SO000004251,CUST0007087,MAT000627,2023-08-18,20.0,659.37,13187.4,20,Shipped,USD,USA,2026-08-12 14:25:20
SO000004252,CUST0004169,MAT001140,2025-07-26,7.0,174.8,1223.6,0,Completed,USD,UAE,2026-08-12 09:25:20
SO000004253,CUST0005052,MAT001099,2024-12-25,14.0,239.74,3356.36,0,Cancelled,USD,China,2026-08-12 04:25:20
SO000004254,CUST0005457,MAT000951,2026-02-06,25.0,222.94,5573.5,0,Completed,EUR,Singapore,2026-08-12 02:25:20
SO000004255,CUST0006095,MAT000792,2025-07-16,7.0,138.51,969.57,0,Shipped,USD,UAE,2026-08-11 14:25:20
SO000004256,CUST0003539,MAT001079,2024-02-15,15.0,223.73,3355.95,0,Pending,USD,UAE,2026-08-12 16:25:20
SO000004257,CUST0006584,MAT000807,2025-01-26,12.0,554.22,6650.64,20,Returned,USD,Canada,2026-08-12 03:25:20
SO000004258,CUST0007758,MAT001110,2023-10-26,15.0,332.94,4994.1,0,Completed,AED,South Africa,2026-08-11 13:25:20
SO000004259,CUST0002778,MAT000110,2024-01-19,4.0,692.28,2769.12,0,Completed,USD,Canada,2026-08-11 23:25:20
SO000004260,CUST0004870,MAT001070,2026-05-10,17.0,485.09,8246.53,0,Completed,AED,UK,2026-08-12 14:25:20
SO000004261,CUST0002098,MAT000271,2025-11-12,5.0,194.78,973.9,0,Returned,USD,Saudi Arabia,2026-08-12 14:25:20
SO000004262,CUST0005096,MAT000117,2025-06-18,4.0,423.31,1693.24,0,Returned,JPY,Germany,2026-08-12 18:25:20
SO000004263,CUST0001288,MAT000693,2024-03-14,22.0,536.07,11793.54,0,Cancelled,AED,China,2026-08-12 14:25:20
SO000004264,CUST0001843,MAT000302,2024-08-06,18.0,780.24,14044.32,15,Returned,USD,France,2026-08-12 10:25:20
SO000004265,CUST0000494,MAT000695,2023-07-27,7.0,751.18,5258.26,15,Pending,AED,Australia,2026-08-12 01:25:20
SO000004266,CUST0004415,MAT000918,2023-04-25,0.0,386.7,4640.4,0,Completed,INR,USA,2026-08-12 17:25:20
SO000004267,CUST0002930,MAT000959,2024-01-04,11.0,584.67,6431.37,20,Completed,EUR,Singapore,2026-08-12 10:25:20
SO000004268,CUST0002510,MAT000471,2023-04-18,19.0,271.54,5159.26,15,Completed,GBP,Saudi Arabia,2026-08-12 12:25:20
SO000004269,CUST0001614,MAT000288,2023-06-29,12.0,571.54,6858.48,0,Cancelled,USD,Singapore,2026-08-11 15:25:20
SO000004270,CUST0001499,MAT000443,2024-05-13,5.0,821.95,4109.75,20,Completed,USD,Mexico,2026-08-12 15:25:20
SO000004271,CUST0007757,MAT000769,2023-12-18,13.0,563.97,7331.61,15,Completed,JPY,USA,2026-08-12 00:25:20
SO000004272,CUST0004215,MAT000088,2025-07-26,17.0,276.88,4706.96,5,Completed,USD,Canada,2026-08-12 11:25:20
SO000004273,CUST0005373,MAT001135,2024-09-11,16.0,581.37,9301.92,15,Pending,USD,UK,2026-08-11 16:25:20
SO000004274,CUST0006544,MAT000344,2025-09-26,9.0,812.97,7316.73,10,Completed,EUR,USA,2026-08-11 16:25:20
SO000004275,CUST0006136,MAT000470,2025-11-17,22.0,127.66,2808.52,0,Shipped,EUR,Mexico,2026-08-11 14:25:20
SO000004276,CUST0003023,MAT000754,2024-04-08,13.0,436.79,5678.27,15,Completed,USD,Mexico,2026-08-11 17:25:20
SO000004277,CUST0006433,MAT000948,2026-08-07,,292.34,2338.72,5,Cancelled,INR,Japan,2026-08-11 20:25:20
SO000004278,CUST0004388,MAT000694,2026-10-02,15.0,221.11,3316.65,0,Shipped,USD,Saudi Arabia,2026-08-12 12:25:20
SO000004279,CUST0001760,MAT000387,2025-02-10,0.0,359.61,8990.25,0,Completed,USD,Brazil,2026-08-11 22:25:20
SO000004280,CUST0004856,MAT000057,2025-02-23,15.0,357.6,5364.0,15,Pending,USD,Mexico,2026-08-12 15:25:20
SO000004281,CUST0007205,MAT000937,2024-11-08,2.0,193.34,386.68,10,Completed,USD,UAE,2026-08-12 14:25:20
SO000004282,CUST0007107,MAT000213,2025-06-08,6.0,366.24,2197.44,0,Cancelled,USD,UK,2026-08-12 13:25:20
SO000004283,CUST0000852,MAT000225,2026-03-21,17.0,572.19,9727.23,15,Completed,GBP,China,2026-08-12 16:25:20
SO000004284,CUST0001585,MAT000468,2024-07-22,3.0,28.03,84.09,10,Completed,EUR,Mexico,2026-08-11 17:25:20
SO000004285,CUST0005773,MAT000771,2026-01-14,13.0,890.36,11574.68,0,Returned,USD,Singapore,2026-08-12 12:25:20
SO000004286,CUST0003417,MAT000147,2024-02-27,22.0,269.87,5937.14,10,Completed,AED,France,2026-08-12 02:25:20
SO000004287,CUST0003709,MAT001077,2025-02-16,16.0,563.16,9010.56,20,Completed,USD,USA,2026-08-11 15:25:20
SO000004288,CUST0004763,MAT000092,2026-04-14,8.0,258.78,2070.24,0,Shipped,GBP,USA,2026-08-11 12:25:20
SO000004289,CUST0007582,MAT000928,2026-07-08,13.0,357.21,4643.73,0,Completed,USD,Canada,2026-08-12 06:25:20
SO000004290,CUST0004947,MAT000760,2025-05-30,5.0,496.57,2482.85,10,Completed,EUR,Canada,2026-08-11 14:25:20
SO000004291,CUST0003326,MAT000142,2025-01-04,18.0,552.61,9946.98,15,Completed,USD,Canada,2026-08-12 18:25:20
SO000004292,CUST0007399,MAT000023,2024-04-27,14.0,694.56,9723.84,5,Completed,USD,Japan,2026-08-12 17:25:20
SO000004293,CUST0005196,MAT001111,2024-01-06,16.0,713.56,11416.96,0,Completed,USD,Brazil,2026-08-11 18:25:20
SO000004294,CUST0006464,MAT000923,2026-08-03,20.0,469.24,9384.8,20,Shipped,USD,UAE,2026-08-11 14:25:20
SO000004295,CUST0004265,MAT000389,2025-04-11,11.0,72.77,800.47,5,Completed,USD,Japan,2026-08-12 06:25:20
SO000004296,CUST0004269,MAT000696,2026-01-12,16.0,504.22,8067.52,15,Completed,USD,China,2026-08-12 09:25:20
SO000004297,CUST0007187,MAT000636,2024-04-16,8.0,432.43,3459.44,10,Pending,EUR,UK,2026-08-11 12:25:20
SO000004298,CUST0007493,MAT000389,2024-05-30,25.0,197.77,4944.25,0,Shipped,USD,Germany,2026-08-12 00:25:20
SO000004299,CUST0005028,MAT000224,2023-06-13,19.0,14.1,267.9,15,Completed,GBP,Singapore,2026-08-12 02:25:20
SO000004300,CUST0007928,MAT000857,2024-01-17,4.0,287.79,1151.16,0,Pending,USD,UAE,2026-08-11 23:25:20
SO000004301,CUST0003511,MAT000578,2025-10-22,18.0,237.24,4270.32,5,Shipped,USD,China,2026-08-11 23:25:20
SO000004302,CUST0007195,MAT000954,2023-12-10,7.0,437.2,3060.4,10,Completed,USD,Canada,2026-08-12 02:25:20
SO000004303,CUST0001419,MAT000814,2026-04-22,21.0,686.63,14419.23,0,Shipped,EUR,USA,2026-08-12 17:25:20
SO000004304,CUST0000610,MAT000059,2024-04-06,17.0,397.94,6764.98,0,Completed,USD,Saudi Arabia,2026-08-12 00:25:20
SO000004305,CUST0001106,MAT000527,2026-07-18,10.0,856.65,8566.5,5,Shipped,USD,UK,2026-08-12 00:25:20
SO000004306,CUST0003653,MAT000467,2026-03-17,19.0,203.08,3858.52,0,Completed,EUR,UK,2026-08-11 17:25:20
SO000004307,CUST0004014,MAT000625,2023-04-06,7.0,202.75,1419.25,0,Shipped,USD,Canada,2026-08-12 11:25:20
SO000004308,CUST0001242,MAT001080,2024-03-02,20.0,545.98,10919.6,20,Shipped,AED,USA,2026-08-12 05:25:20
SO000004309,CUST0005723,MAT001089,2024-06-19,2.0,807.16,1614.32,0,Shipped,USD,India,2026-08-12 12:25:20
SO000004310,CUST0004679,MAT000450,2026-08-17,4.0,606.31,2425.24,20,Completed,USD,Brazil,2026-08-11 23:25:20
SO000004311,CUST0002511,MAT001167,2023-10-12,24.0,607.94,14590.56,0,Shipped,USD,Singapore,2026-08-11 18:25:20
SO000004312,CUST0001542,MAT000103,2024-02-24,10.0,726.63,7266.3,0,Completed,EUR,UAE,2026-08-11 20:25:20
SO000004313,CUST0007779,MAT000194,2026-02-07,22.0,603.47,13276.34,15,Completed,USD,UK,2026-08-12 07:25:20
SO000004314,CUST0007597,MAT000787,2024-11-25,1.0,684.62,684.62,15,Completed,GBP,France,2026-08-12 05:25:20
SO000004315,CUST0005734,MAT000602,2025-01-07,12.0,780.18,9362.16,5,Completed,GBP,Germany,2026-08-11 14:25:20
SO000004316,CUST0001597,MAT000817,2024-12-19,9.0,12.08,108.72,0,Completed,EUR,China,2026-08-12 09:25:20
SO000004317,CUST0002014,MAT000616,2025-08-17,19.0,797.63,15154.97,5,Completed,USD,Germany,2026-08-12 14:25:20
SO000004318,CUST0003889,MAT000417,2024-02-08,5.0,197.66,988.3,20,Completed,EUR,India,2026-08-12 17:25:20
SO000004319,CUST0002276,MAT000493,2023-12-20,2.0,821.33,1642.66,15,Completed,GBP,UK,2026-08-12 15:25:20
SO000004320,CUST0007877,MAT000932,2023-01-19,9.0,243.23,2189.07,20,Completed,EUR,Saudi Arabia,2026-08-12 07:25:20
SO000004321,CUST0000211,MAT001144,2024-07-31,7.0,412.44,2887.08,0,Shipped,INR,France,2026-08-12 15:25:20
SO000004322,CUST0005322,MAT000925,2024-09-21,19.0,840.83,15975.77,0,Completed,INR,Japan,2026-08-12 13:25:20
SO000004323,CUST0003968,MAT000844,2026-05-29,18.0,103.22,1857.96,0,Cancelled,EUR,Canada,2026-08-11 21:25:20
SO000004324,CUST0003427,MAT000589,2023-10-25,2.0,672.03,1344.06,15,Shipped,AED,France,2026-08-12 11:25:20
SO000004325,CUST0003838,MAT000647,2023-05-29,22.0,356.24,7837.28,5,Pending,USD,Japan,2026-08-12 09:25:20
SO000004326,CUST0007769,MAT000272,2025-01-18,4.0,26.57,106.28,0,Shipped,USD,UAE,2026-08-11 22:25:20
SO000004327,CUST0004123,MAT001120,2025-09-16,18.0,845.52,15219.36,5,Completed,EUR,South Africa,2026-08-11 14:25:20
SO000004328,CUST0006705,MAT000977,2024-06-16,22.0,110.46,2430.12,5,Pending,USD,Singapore,2026-08-12 12:25:20
SO000004329,CUST0007233,MAT000162,2025-02-23,5.0,697.86,3489.3,15,Cancelled,USD,China,2026-08-12 17:25:20
SO000004330,CUST0003531,MAT000778,2026-03-13,0.0,348.92,6978.4,10,Shipped,USD,UAE,2026-08-11 17:25:20
SO000004331,CUST0002341,MAT000123,2024-05-21,5.0,730.47,3652.35,10,Completed,INR,UK,2026-08-12 09:25:20
SO000004332,CUST0003718,MAT000682,2024-05-08,14.0,676.51,9471.14,5,Pending,EUR,USA,2026-08-12 13:25:20
SO000004333,CUST0004561,MAT000629,2025-04-18,4.0,571.73,2286.92,15,Completed,USD,France,2026-08-12 07:25:20
SO000004334,CUST0007004,MAT000151,2023-08-18,24.0,845.6,20294.4,5,Shipped,USD,Brazil,2026-08-12 07:25:20
SO000004335,CUST0004222,MAT000444,2026-03-18,22.0,93.54,2057.88,10,Completed,JPY,China,2026-08-12 18:25:20
SO000004336,CUST0004853,MAT000740,2026-07-31,14.0,719.73,10076.22,0,Completed,USD,Brazil,2026-08-12 07:25:20
SO000004337,CUST0007954,MAT000826,2025-06-18,6.0,605.35,3632.1,0,Returned,USD,UAE,2026-08-12 10:25:20
SO000004338,CUST0005296,MAT000604,2024-03-27,24.0,286.68,6880.32,5,Shipped,USD,France,2026-08-12 00:25:20
SO000004339,CUST0001852,MAT000978,2026-08-27,25.0,493.65,12341.25,20,Pending,EUR,Mexico,2026-08-12 01:25:20
SO000004340,CUST0004139,MAT000971,2025-05-29,18.0,581.94,10474.92,10,Shipped,USD,Australia,2026-08-11 12:25:20
SO000004341,CUST0005918,MAT000554,2026-04-06,4.0,663.96,2655.84,5,Completed,USD,UAE,2026-08-12 04:25:20
SO000004342,CUST0005753,MAT000813,2023-10-23,18.0,172.42,3103.56,10,Completed,USD,Saudi Arabia,2026-08-12 11:25:20
SO000004343,CUST0005875,MAT000443,2024-11-20,24.0,96.39,2313.36,15,Completed,INR,Japan,2026-08-12 05:25:20
SO000004344,CUST0001157,MAT000829,2024-06-13,15.0,96.34,1445.1,20,Completed,EUR,Japan,2026-08-12 17:25:20
SO000004345,CUST0004706,MAT000421,2025-06-10,15.0,268.01,4020.15,5,Completed,USD,UK,2026-08-12 17:25:20
SO000004346,CUST0005155,MAT000049,2023-12-07,8.0,142.98,1143.84,15,Pending,USD,Germany,2026-08-11 23:25:20
SO000004347,CUST0000371,MAT000330,2023-04-12,1.0,484.4,484.4,0,Shipped,AED,UAE,2026-08-12 17:25:20
SO000004348,CUST0000637,MAT000887,2023-10-05,10.0,396.15,3961.5,0,Pending,USD,Saudi Arabia,2026-08-12 18:25:20
SO000004349,CUST0005057,MAT000065,2024-04-11,15.0,804.29,12064.35,0,Pending,USD,UK,2026-08-12 09:25:20
SO000004350,CUST0001232,MAT000622,2024-04-04,2.0,647.08,1294.16,0,Completed,EUR,Australia,2026-08-11 21:25:20
SO000004351,CUST0006691,MAT000041,2024-10-14,21.0,189.2,3973.2,10,Completed,USD,Germany,2026-08-11 13:25:20
SO000004352,CUST0000479,MAT000060,2025-03-27,15.0,45.93,688.95,10,Completed,EUR,France,2026-08-12 06:25:20
SO000004353,CUST0001643,MAT001187,2024-11-07,11.0,639.69,7036.59,0,Completed,AED,UK,2026-08-12 06:25:20
SO000004354,CUST0000012,MAT001091,2023-08-24,15.0,762.02,11430.3,20,Completed,EUR,Mexico,2026-08-12 18:25:20
SO000004355,CUST0007902,MAT000240,2023-07-08,19.0,632.39,12015.41,0,Completed,AED,South Africa,2026-08-12 10:25:20
SO000004356,CUST0007938,MAT000937,2026-05-13,24.0,581.2,13948.8,0,Completed,EUR,UAE,2026-08-12 16:25:20
SO000004357,CUST0003054,MAT001066,2024-08-01,17.0,228.14,3878.38,10,Completed,INR,Japan,2026-08-11 15:25:20
SO000004358,CUST0007168,MAT000142,2024-01-14,25.0,447.67,11191.75,15,Completed,EUR,Australia,2026-08-12 13:25:20
SO000004359,CUST0007800,MAT000957,2023-12-02,11.0,653.84,7192.24,20,Shipped,INR,Australia,2026-08-12 16:25:20
SO000004360,CUST0002265,MAT000218,2025-05-30,17.0,178.07,3027.19,10,Completed,GBP,India,2026-08-12 07:25:20
SO000004361,CUST0007333,MAT000907,2024-01-24,4.0,431.51,1726.04,0,Completed,USD,UAE,2026-08-12 07:25:20
SO000004362,CUST0001134,MAT001156,2025-08-11,9.0,109.74,987.66,15,Completed,USD,China,2026-08-12 04:25:20
SO000004363,CUST0000957,MAT000092,2023-12-22,0.0,479.99,3359.93,0,Pending,GBP,Japan,2026-08-12 14:25:20
SO000004364,CUST0004524,MAT000915,2025-12-22,24.0,518.32,12439.68,20,Completed,GBP,Saudi Arabia,2026-08-11 16:25:20
SO000004365,CUST0004654,MAT000942,2023-02-21,16.0,484.17,7746.72,15,Completed,USD,South Africa,2026-08-12 17:25:20
SO000004366,CUST0002811,MAT000273,2026-04-30,3.0,425.17,1275.51,15,Completed,USD,USA,2026-08-12 01:25:20
SO000004367,CUST0003163,MAT000472,2026-06-23,5.0,530.77,2653.85,5,Completed,USD,Saudi Arabia,2026-08-11 16:25:20
SO000004368,CUST0005230,MAT001152,2024-05-30,24.0,897.14,21531.36,0,Completed,USD,Australia,2026-08-12 17:25:20
SO000004369,CUST0005010,MAT001112,2025-03-03,22.0,562.17,12367.74,0,Shipped,USD,India,2026-08-12 02:25:20
SO000004370,CUST0004889,MAT001155,2024-10-25,16.0,678.55,10856.8,0,Completed,USD,UAE,2026-08-12 11:25:20
SO000004371,CUST0002675,MAT000868,2024-05-27,5.0,176.95,884.75,0,Completed,AED,Singapore,2026-08-12 10:25:20
SO000004372,CUST0001449,MAT000251,2026-06-16,14.0,479.37,6711.18,0,Shipped,USD,Mexico,2026-08-12 16:25:20
SO000004373,CUST0006199,MAT000020,2026-01-21,15.0,11.72,175.8,0,Shipped,USD,USA,2026-08-12 04:25:20
SO000004374,CUST0004400,MAT000854,2024-04-29,0.0,33.15,596.7,20,Completed,USD,UAE,2026-08-12 03:25:20
SO000004375,CUST0005843,MAT001200,2026-10-08,13.0,293.62,3817.06,10,Completed,INR,Australia,2026-08-11 20:25:20
SO000004376,CUST0002206,MAT001042,2024-04-30,16.0,422.61,6761.76,20,Completed,USD,India,2026-08-11 20:25:20
SO000004377,CUST0000539,MAT000587,2023-04-05,22.0,520.19,11444.18,0,Pending,USD,Brazil,2026-08-11 21:25:20
SO000004378,CUST0002872,MAT000924,2024-03-30,2.0,799.76,1599.52,0,Completed,USD,Saudi Arabia,2026-08-12 07:25:20
SO000004379,CUST0001088,MAT000571,2025-12-01,8.0,695.72,5565.76,0,Completed,INR,Canada,2026-08-12 16:25:20
SO000004380,CUST0007270,MAT000634,2025-01-29,1.0,273.48,273.48,5,Completed,USD,France,2026-08-11 20:25:20
SO000004381,CUST0007061,MAT000672,2025-04-14,19.0,670.42,12737.98,0,Cancelled,USD,Germany,2026-08-12 02:25:20
SO000004382,CUST0007880,MAT000696,2026-05-13,18.0,496.71,8940.78,5,Cancelled,GBP,India,2026-08-12 02:25:20
SO000004383,CUST0007349,MAT000587,2025-12-02,1.0,702.37,702.37,15,Completed,GBP,South Africa,2026-08-11 21:25:20
SO000004384,CUST0001123,MAT000316,2026-01-18,6.0,372.89,2237.34,0,Completed,USD,Saudi Arabia,2026-08-11 14:25:20
SO000004385,CUST0001553,MAT000292,2024-04-03,14.0,87.24,1221.36,20,Completed,EUR,Japan,2026-08-11 22:25:20
SO000004386,CUST0001354,MAT000642,2026-05-05,0.0,558.55,11171.0,0,Completed,USD,Saudi Arabia,2026-08-12 10:25:20
SO000004387,CUST0005795,MAT000066,2025-02-09,17.0,503.55,8560.35,15,Cancelled,AED,Saudi Arabia,2026-08-11 16:25:20
SO000004388,CUST0000431,MAT000029,2023-01-10,13.0,858.48,11160.24,5,Completed,USD,South Africa,2026-08-11 16:25:20
SO000004389,CUST0000784,MAT001174,2026-06-03,3.0,150.11,450.33,0,Completed,EUR,Canada,2026-08-12 16:25:20
SO000004390,CUST0006181,MAT000221,2025-06-10,22.0,592.24,13029.28,15,Pending,AED,UK,2026-08-11 15:25:20
SO000004391,CUST0005662,MAT000097,2024-12-14,12.0,429.3,5151.6,15,Completed,USD,Brazil,2026-08-11 20:25:20
SO000004392,CUST0004783,MAT000011,2024-04-19,19.0,344.14,6538.66,15,Pending,EUR,China,2026-08-12 18:25:20
SO000004393,CUST0006063,MAT000981,2023-03-19,10.0,716.14,7161.4,10,Completed,USD,Singapore,2026-08-11 15:25:20
SO000004394,CUST0007624,MAT000674,2025-04-25,3.0,730.53,2191.59,15,Completed,EUR,Australia,2026-08-12 00:25:20
SO000004395,CUST0004737,MAT000985,2024-12-15,6.0,644.57,3867.42,0,Pending,USD,USA,2026-08-12 04:25:20
SO000004396,CUST0004374,MAT001108,2024-03-07,12.0,79.82,957.84,10,Cancelled,EUR,Singapore,2026-08-12 09:25:20
SO000004397,CUST0002230,MAT000931,2023-09-19,22.0,313.87,6905.14,0,Completed,USD,Canada,2026-08-11 15:25:20
SO000004398,CUST0001088,MAT000042,2026-02-01,14.0,46.84,655.76,15,Shipped,GBP,UAE,2026-08-12 18:25:20
SO000004399,CUST0004769,MAT001167,2023-01-29,16.0,312.59,5001.44,0,Completed,USD,USA,2026-08-12 07:25:20
SO000004400,CUST0005148,MAT001112,2024-09-12,15.0,584.89,8773.35,0,Completed,INR,France,2026-08-12 15:25:20
SO000004401,CUST0002609,MAT000220,2024-04-16,13.0,469.24,6100.12,20,Completed,EUR,Mexico,2026-08-12 09:25:20
SO000004402,CUST0006720,MAT000068,2024-02-19,14.0,634.13,8877.82,0,Completed,USD,Australia,2026-08-11 15:25:20
SO000004403,CUST0004319,MAT000372,2025-07-27,1.0,498.56,498.56,10,Cancelled,USD,USA,2026-08-12 13:25:20
SO000004404,CUST0007515,MAT000514,2023-01-19,5.0,502.45,2512.25,15,Completed,JPY,Mexico,2026-08-12 08:25:20
SO000004405,CUST0006303,MAT000866,2026-01-29,18.0,462.31,8321.58,5,Completed,GBP,UAE,2026-08-12 13:25:20
SO000004406,CUST0004704,MAT000194,2023-03-09,2.0,331.07,662.14,20,Completed,GBP,Canada,2026-08-12 05:25:20
SO000004407,CUST0004917,MAT000881,2025-09-11,2.0,404.68,809.36,10,Completed,JPY,Japan,2026-08-12 04:25:20
SO000004408,CUST0004536,MAT000272,2024-12-26,1.0,105.63,105.63,10,Completed,USD,Saudi Arabia,2026-08-11 17:25:20
SO000004409,CUST0000387,MAT000174,2025-08-18,2.0,751.89,1503.78,0,Completed,USD,USA,2026-08-12 11:25:20
SO000004410,CUST0007052,MAT001148,2023-07-10,13.0,800.84,10410.92,0,Completed,USD,India,2026-08-12 16:25:20
SO000004411,CUST0007042,MAT000384,2024-06-03,9.0,690.81,6217.29,0,Completed,USD,France,2026-08-11 16:25:20
SO000004412,CUST0004666,MAT000709,2025-05-09,,527.31,8964.27,10,Pending,USD,Japan,2026-08-12 13:25:20
SO000004413,CUST0003943,MAT000464,2024-06-04,16.0,514.42,8230.72,0,Completed,AED,France,2026-08-12 05:25:20
SO000004414,CUST0001495,MAT000679,2026-06-27,20.0,425.94,8518.8,10,Completed,USD,India,2026-08-12 02:25:20
SO000004415,CUST0006449,MAT000861,2023-09-26,2.0,212.06,424.12,0,Pending,USD,India,2026-08-12 03:25:20
SO000004416,CUST0001148,MAT001046,2023-09-27,8.0,348.5,2788.0,5,Completed,USD,UAE,2026-08-11 12:25:20
SO000004417,CUST0001405,MAT000390,2024-03-08,19.0,890.97,16928.43,0,Completed,EUR,Saudi Arabia,2026-08-12 02:25:20
SO000004418,CUST0007193,MAT000857,2023-10-11,21.0,135.49,2845.29,15,Cancelled,GBP,Saudi Arabia,2026-08-11 20:25:20
SO000004419,CUST0007378,MAT000064,2023-10-10,18.0,490.7,8832.6,5,Completed,INR,Japan,2026-08-11 18:25:20
SO000004420,CUST0007118,MAT001199,2023-12-22,18.0,780.54,14049.72,15,Completed,GBP,Saudi Arabia,2026-08-12 12:25:20
SO000004421,CUST0000650,MAT001197,2025-07-28,19.0,410.44,7798.36,10,Shipped,USD,Germany,2026-08-12 17:25:20
SO000004422,CUST0003562,MAT000718,2024-12-12,7.0,547.02,3829.14,0,Completed,USD,Singapore,2026-08-12 09:25:20
SO000004423,CUST0004781,MAT000773,2024-08-27,13.0,745.87,9696.31,10,Completed,USD,Canada,2026-08-11 19:25:20
SO000004424,CUST0004941,MAT000584,2025-07-21,4.0,495.07,1980.28,0,Cancelled,USD,Australia,2026-08-11 14:25:20
SO000004425,CUST0004998,MAT000763,2023-07-06,22.0,659.66,14512.52,20,Pending,USD,South Africa,2026-08-12 03:25:20
SO000004426,CUST0001381,MAT000546,2023-01-10,11.0,315.81,3473.91,0,Completed,USD,UK,2026-08-11 22:25:20
SO000004427,CUST0001585,MAT000129,2024-04-08,8.0,661.06,5288.48,15,Shipped,USD,France,2026-08-11 12:25:20
SO000004428,CUST0001771,MAT000594,2026-08-09,11.0,41.71,458.81,5,Cancelled,USD,South Africa,2026-08-12 06:25:20
SO000004429,CUST0004052,MAT000157,2023-07-11,11.0,141.84,1560.24,0,Completed,GBP,Germany,2026-08-11 20:25:20
SO000004430,CUST0000118,MAT000419,2024-03-03,9.0,575.38,5178.42,0,Completed,USD,Saudi Arabia,2026-08-12 06:25:20
SO000004431,CUST0001369,MAT001194,2023-04-14,21.0,406.81,8543.01,5,Completed,USD,USA,2026-08-12 16:25:20
SO000004432,CUST0006255,MAT000570,2023-10-13,16.0,746.37,11941.92,0,Completed,JPY,Singapore,2026-08-12 13:25:20
SO000004433,CUST0003314,MAT000481,2025-01-20,9.0,311.07,2799.63,0,Shipped,USD,Saudi Arabia,2026-08-12 18:25:20
SO000004434,CUST0000673,MAT000509,2025-04-21,8.0,691.65,5533.2,0,Returned,EUR,South Africa,2026-08-12 01:25:20
SO000004435,CUST0005145,MAT000559,2024-11-06,15.0,129.51,1942.65,0,Completed,USD,India,2026-08-11 20:25:20
SO000004436,CUST0004656,MAT000164,2024-08-20,19.0,837.48,15912.12,10,Completed,USD,India,2026-08-12 16:25:20
SO000004437,CUST0003283,MAT000218,2025-09-06,3.0,379.5,1138.5,0,Completed,AED,South Africa,2026-08-12 10:25:20
SO000004438,CUST0006516,MAT001007,2023-08-10,3.0,211.66,634.98,10,Completed,USD,Mexico,2026-08-12 18:25:20
SO000004439,CUST0003436,MAT001153,2023-04-13,14.0,711.29,9958.06,15,Pending,EUR,Australia,2026-08-12 16:25:20
SO000004440,CUST0001596,MAT000198,2024-01-06,4.0,853.36,3413.44,20,Completed,EUR,Saudi Arabia,2026-08-12 02:25:20
SO000004441,CUST0003751,MAT000522,2025-05-05,21.0,826.68,17360.28,5,Pending,USD,Canada,2026-08-11 19:25:20
SO000004442,CUST0003112,MAT000163,2023-10-01,24.0,217.96,5231.04,20,Pending,USD,South Africa,2026-08-12 05:25:20
SO000004443,CUST0005842,MAT000238,2023-06-09,19.0,606.45,11522.55,0,Completed,USD,Saudi Arabia,2026-08-12 12:25:20
SO000004444,CUST0000311,MAT001191,2023-03-21,14.0,494.44,6922.16,15,Completed,USD,UK,2026-08-12 14:25:20
SO000004445,CUST0004600,MAT000470,2023-01-09,1.0,653.97,653.97,10,Pending,USD,France,2026-08-11 13:25:20
SO000004446,CUST0004349,MAT000168,2026-02-07,14.0,440.8,6171.2,10,Completed,EUR,Australia,2026-08-12 05:25:20
SO000004447,CUST0007625,MAT000179,2025-06-13,22.0,425.44,9359.68,20,Shipped,EUR,Australia,2026-08-12 16:25:20
SO000004448,CUST0002181,MAT001168,2023-03-28,23.0,795.02,18285.46,10,Completed,EUR,Saudi Arabia,2026-08-12 14:25:20
SO000004449,CUST0000517,MAT000351,2023-02-25,,784.77,5493.39,15,Completed,EUR,UK,2026-08-11 21:25:20
SO000004450,CUST0003765,MAT000446,2025-05-29,7.0,709.9,4969.3,15,Returned,USD,China,2026-08-11 22:25:20
SO000004451,CUST0003064,MAT000825,2026-04-18,13.0,635.88,8266.44,0,Shipped,USD,Brazil,2026-08-11 13:25:20
SO000004452,CUST0007603,MAT000670,2026-02-08,,612.14,3060.7,0,Completed,INR,USA,2026-08-11 14:25:20
SO000004453,CUST0005276,MAT000621,2024-08-11,14.0,55.28,773.92,0,Shipped,INR,China,2026-08-12 17:25:20
SO000004454,CUST0000916,MAT000856,2023-10-23,22.0,675.83,14868.26,10,Pending,INR,Brazil,2026-08-11 14:25:20
SO000004455,CUST0004515,MAT001031,2024-12-31,18.0,576.1,10369.8,0,Completed,EUR,India,2026-08-11 17:25:20
SO000004456,CUST0002930,MAT001072,2024-09-01,19.0,275.66,5237.54,0,Pending,USD,India,2026-08-12 02:25:20
SO000004457,CUST0006904,MAT000777,2023-02-07,12.0,738.99,8867.88,0,Completed,USD,Australia,2026-08-11 21:25:20
SO000004458,CUST0002250,MAT001158,2025-11-10,25.0,750.04,18751.0,0,Completed,USD,Germany,2026-08-12 02:25:20
SO000004459,CUST0005108,MAT000290,2024-06-17,9.0,839.31,7553.79,20,Shipped,GBP,Singapore,2026-08-11 16:25:20
SO000004460,CUST0000485,MAT000018,2026-05-11,3.0,379.43,1138.29,0,Pending,USD,UK,2026-08-12 16:25:20
SO000004461,CUST0007911,MAT001145,2024-09-10,7.0,498.37,3488.59,15,Returned,INR,Germany,2026-08-11 21:25:20
SO000004462,CUST0007687,MAT000009,2025-08-23,9.0,815.83,7342.47,10,Completed,AED,Saudi Arabia,2026-08-12 07:25:20
SO000004463,CUST0001538,MAT000547,2026-07-28,1.0,288.54,288.54,0,Completed,EUR,China,2026-08-11 22:25:20
SO000004464,CUST0002376,MAT001166,2026-07-13,2.0,718.0,1436.0,0,Shipped,USD,China,2026-08-12 12:25:20
SO000004465,CUST0005699,MAT000768,2026-04-05,15.0,892.81,13392.15,15,Completed,AED,France,2026-08-11 14:25:20
SO000004466,CUST0003231,MAT000839,2025-06-27,10.0,588.48,5884.8,5,Pending,EUR,Germany,2026-08-12 14:25:20
SO000004467,CUST0002923,MAT000223,2025-02-10,10.0,885.42,8854.2,20,Completed,JPY,China,2026-08-12 10:25:20
SO000004468,CUST0001507,MAT001012,2023-02-27,3.0,466.65,1399.95,15,Completed,USD,UK,2026-08-11 17:25:20
SO000004469,CUST0001834,MAT001025,2024-11-10,17.0,141.98,2413.66,5,Completed,USD,India,2026-08-12 05:25:20
SO000004470,CUST0003353,MAT000732,2024-10-15,5.0,162.16,810.8,0,Completed,JPY,Germany,2026-08-12 17:25:20
SO000004471,CUST0002017,MAT000581,2025-05-25,18.0,659.58,11872.44,20,Completed,EUR,Germany,2026-08-12 18:25:20
SO000004472,CUST0002075,MAT000109,2023-01-16,2.0,5.81,11.62,10,Completed,USD,Singapore,2026-08-11 22:25:20
SO000004473,CUST0003575,MAT000963,2024-02-13,16.0,597.39,9558.24,0,Completed,USD,Japan,2026-08-11 18:25:20
SO000004474,CUST0006952,MAT001008,2025-02-27,3.0,140.39,421.17,15,Cancelled,GBP,Saudi Arabia,2026-08-12 01:25:20
SO000004475,CUST0002207,MAT000557,2023-08-13,10.0,886.01,8860.1,0,Completed,EUR,India,2026-08-12 18:25:20
SO000004476,CUST0007461,MAT000348,2026-02-04,14.0,151.0,2114.0,10,Completed,EUR,China,2026-08-12 03:25:20
SO000004477,CUST0002591,MAT001014,2025-12-24,16.0,499.46,7991.36,0,Cancelled,EUR,France,2026-08-11 17:25:20
SO000004478,CUST0006609,MAT000597,2025-04-21,8.0,604.15,4833.2,0,Completed,EUR,South Africa,2026-08-12 11:25:20
SO000004479,CUST0002876,MAT000966,2024-09-24,25.0,738.45,18461.25,5,Completed,USD,India,2026-08-11 14:25:20
SO000004480,CUST0003342,MAT000699,2023-11-12,16.0,416.04,6656.64,0,Completed,EUR,India,2026-08-12 08:25:20
SO000004481,CUST0002918,MAT000317,2025-12-21,19.0,840.75,15974.25,10,Completed,USD,Canada,2026-08-11 14:25:20
SO000004482,CUST0004087,MAT000821,2026-04-06,13.0,434.82,5652.66,5,Pending,EUR,Mexico,2026-08-11 15:25:20
SO000004483,CUST0001021,MAT000657,2025-04-18,22.0,230.59,5072.98,15,Completed,USD,Mexico,2026-08-12 04:25:20
SO000004484,CUST0007286,MAT000748,2026-03-20,5.0,535.77,2678.85,0,Shipped,INR,China,2026-08-12 04:25:20
SO000004485,CUST0005310,MAT000785,2025-02-18,18.0,593.91,10690.38,0,Shipped,GBP,Saudi Arabia,2026-08-11 14:25:20
SO000004486,CUST0007700,MAT000040,2023-12-15,15.0,459.12,6886.8,0,Shipped,INR,Germany,2026-08-12 04:25:20
SO000004487,CUST0001130,MAT000860,2024-11-10,3.0,661.2,1983.6,0,Returned,USD,UAE,2026-08-12 03:25:20
SO000004488,CUST0005068,MAT001185,2023-10-12,12.0,381.51,4578.12,0,Completed,JPY,USA,2026-08-12 13:25:20
SO000004489,CUST0006753,MAT000174,2023-09-04,20.0,8.88,177.6,10,Cancelled,USD,France,2026-08-12 12:25:20
SO000004490,CUST0007246,MAT000875,2026-07-03,15.0,241.76,3626.4,5,Shipped,USD,Singapore,2026-08-12 04:25:20
SO000004491,CUST0005406,MAT000954,2024-08-10,20.0,851.59,17031.8,0,Shipped,INR,South Africa,2026-08-12 17:25:20
SO000004492,CUST0007145,MAT000716,2023-03-21,7.0,688.08,4816.56,0,Completed,USD,Singapore,2026-08-12 11:25:20
SO000004493,CUST0003092,MAT001186,2023-12-24,4.0,174.63,698.52,10,Shipped,EUR,Mexico,2026-08-11 18:25:20
SO000004494,CUST0003927,MAT000949,2023-06-19,1.0,64.65,64.65,10,Completed,AED,Saudi Arabia,2026-08-11 15:25:20
SO000004495,CUST0002269,MAT000918,2026-05-17,8.0,318.96,2551.68,10,Shipped,USD,Japan,2026-08-12 12:25:20
SO000004496,CUST0004829,MAT000288,2025-08-07,18.0,753.49,13562.82,0,Shipped,USD,Saudi Arabia,2026-08-12 07:25:20
SO000004497,CUST0005507,MAT000360,2025-08-24,25.0,99.85,2496.25,10,Completed,INR,USA,2026-08-11 22:25:20
SO000004498,CUST0001604,MAT000063,2026-07-22,1.0,491.3,491.3,0,Completed,USD,Singapore,2026-08-11 13:25:20
SO000004499,CUST0003620,MAT000209,2025-04-28,24.0,251.13,6027.12,5,Completed,USD,China,2026-08-11 13:25:20
SO000004500,CUST0007921,MAT000079,2023-07-29,17.0,655.0,11135.0,15,Returned,AED,Canada,2026-08-12 18:25:20
SO000004501,CUST0005781,MAT000910,2024-02-17,12.0,5.37,64.44,0,Pending,AED,Japan,2026-08-12 10:25:20
SO000004502,CUST0003010,MAT000246,2023-10-21,15.0,253.07,3796.05,15,Shipped,USD,South Africa,2026-08-11 21:25:20
SO000004503,CUST0005759,MAT000448,2025-10-22,23.0,612.93,14097.39,10,Completed,GBP,Australia,2026-08-12 01:25:20
SO000004504,CUST0003655,MAT000952,2026-01-22,21.0,494.34,10381.14,20,Completed,USD,UAE,2026-08-11 18:25:20
SO000004505,CUST0003169,MAT000975,2026-04-28,15.0,702.08,10531.2,15,Shipped,USD,Japan,2026-08-12 05:25:20
SO000004506,CUST0004493,MAT000610,2025-08-11,,146.12,2045.68,0,Completed,GBP,Brazil,2026-08-12 06:25:20
SO000004507,CUST0003687,MAT000339,2024-05-24,7.0,480.22,3361.54,0,Returned,AED,Canada,2026-08-11 20:25:20
SO000004508,CUST0003834,MAT001048,2026-03-12,4.0,180.21,720.84,5,Completed,USD,Australia,2026-08-11 22:25:20
SO000004509,CUST0001287,MAT000124,2024-02-27,16.0,577.1,9233.6,10,Completed,USD,Canada,2026-08-12 01:25:20
SO000004510,CUST0005042,MAT000605,2025-07-16,9.0,122.55,1102.95,5,Completed,EUR,Germany,2026-08-12 02:25:20
SO000004511,CUST0004345,MAT000826,2025-11-21,9.0,138.08,1242.72,10,Completed,USD,Saudi Arabia,2026-08-12 11:25:20
SO000004512,CUST0004561,MAT000331,2024-07-06,13.0,298.74,3883.62,10,Completed,USD,India,2026-08-12 01:25:20
SO000004513,CUST0002879,MAT000718,2023-05-17,8.0,364.71,2917.68,0,Completed,EUR,China,2026-08-12 12:25:20
SO000004514,CUST0000652,MAT000676,2023-09-19,18.0,451.21,8121.78,0,Completed,INR,France,2026-08-11 16:25:20
SO000004515,CUST0001569,MAT000832,2026-08-03,4.0,524.73,2098.92,15,Cancelled,EUR,Canada,2026-08-11 20:25:20
SO000004516,CUST0002671,MAT000242,2025-03-03,7.0,424.59,2972.13,10,Returned,GBP,UAE,2026-08-12 16:25:20
SO000004517,CUST0005564,MAT000331,2026-01-22,11.0,45.85,504.35,15,Completed,JPY,Germany,2026-08-11 18:25:20
SO000004518,CUST0000037,MAT001028,2026-05-11,17.0,312.4,5310.8,20,Completed,USD,Singapore,2026-08-11 17:25:20
SO000004519,CUST0000826,MAT000245,2024-10-30,20.0,59.94,1198.8,15,Completed,USD,France,2026-08-11 12:25:20
SO000004520,CUST0004321,MAT000432,2024-08-15,8.0,110.68,885.44,0,Pending,EUR,China,2026-08-11 15:25:20
SO000004521,CUST0002431,MAT000134,2025-03-20,16.0,88.08,1409.28,0,Completed,EUR,Japan,2026-08-11 23:25:20
SO000004522,CUST0000839,MAT000439,2026-05-20,21.0,146.5,3076.5,10,Completed,USD,Japan,2026-08-12 03:25:20
SO000004523,CUST0004194,MAT001015,2023-12-29,9.0,732.56,6593.04,0,Pending,USD,Mexico,2026-08-11 22:25:20
SO000004524,CUST0007878,MAT000434,2025-06-08,24.0,566.68,13600.32,5,Cancelled,USD,Mexico,2026-08-11 19:25:20
SO000004525,CUST0003008,MAT000851,2024-05-10,15.0,458.57,6878.55,0,Completed,EUR,South Africa,2026-08-12 02:25:20
SO000004526,CUST0005584,MAT001155,2025-06-26,7.0,660.37,4622.59,0,Pending,GBP,Canada,2026-08-11 17:25:20
SO000004527,CUST0001587,MAT000019,2025-12-26,11.0,865.3,9518.3,0,Completed,USD,UAE,2026-08-11 16:25:20
SO000004528,CUST0001875,MAT000718,2024-03-06,2.0,378.82,757.64,15,Returned,GBP,China,2026-08-11 18:25:20
SO000004529,CUST0001065,MAT000245,2025-11-18,15.0,333.83,5007.45,0,Completed,USD,UAE,2026-08-11 15:25:20
SO000004530,CUST0006664,MAT000997,2025-11-16,9.0,880.11,7920.99,10,Completed,EUR,Mexico,2026-08-11 18:25:20
SO000004531,CUST0003863,MAT000594,2023-08-30,7.0,695.34,4867.38,0,Completed,AED,UK,2026-08-12 12:25:20
SO000004532,CUST0005579,MAT000533,2025-04-14,21.0,700.51,14710.71,10,Completed,INR,Brazil,2026-08-12 03:25:20
SO000004533,CUST0007166,MAT001049,2024-04-07,15.0,541.95,8129.25,20,Completed,USD,France,2026-08-12 03:25:20
SO000004534,CUST0000979,MAT000123,2023-07-08,2.0,458.77,917.54,0,Completed,EUR,Germany,2026-08-12 11:25:20
SO000004535,CUST0000685,MAT000166,2023-11-18,0.0,497.78,9457.82,5,Cancelled,USD,France,2026-08-11 16:25:20
SO000004536,CUST0002090,MAT000696,2023-12-21,16.0,588.62,9417.92,20,Returned,JPY,Australia,2026-08-11 23:25:20
SO000004537,CUST0003381,MAT000783,2024-01-11,21.0,342.27,7187.67,0,Completed,USD,China,2026-08-12 05:25:20
SO000004538,CUST0003296,MAT000449,2025-07-08,17.0,705.15,11987.55,10,Shipped,USD,USA,2026-08-11 16:25:20
SO000004539,CUST0003514,MAT000863,2025-09-18,4.0,818.75,3275.0,0,Completed,EUR,Japan,2026-08-12 05:25:20
SO000004540,CUST0004541,MAT001156,2024-05-28,8.0,516.3,4130.4,0,Completed,GBP,India,2026-08-11 19:25:20
SO000004541,CUST0005800,MAT000537,2024-12-30,22.0,346.42,7621.24,0,Shipped,USD,China,2026-08-12 11:25:20
SO000004542,CUST0005178,MAT000741,2024-06-13,18.0,627.55,11295.9,20,Shipped,USD,India,2026-08-12 15:25:20
SO000004543,CUST0002275,MAT001154,2025-11-28,16.0,168.04,2688.64,20,Shipped,USD,Mexico,2026-08-11 18:25:20
SO000004544,CUST0006385,MAT000334,2026-06-20,14.0,871.87,12206.18,10,Cancelled,USD,UK,2026-08-12 09:25:20
SO000004545,CUST0005315,MAT000713,2026-05-08,2.0,593.9,1187.8,10,Completed,USD,South Africa,2026-08-12 08:25:20
SO000004546,CUST0006978,MAT000705,2025-02-09,8.0,65.47,523.76,0,Pending,INR,UAE,2026-08-12 14:25:20
SO000004547,CUST0003063,MAT001044,2025-10-22,17.0,479.13,8145.21,0,Completed,USD,South Africa,2026-08-12 16:25:20
SO000004548,CUST0007437,MAT000292,2024-08-14,2.0,676.55,1353.1,0,Pending,USD,France,2026-08-12 18:25:20
SO000004549,CUST0006435,MAT000513,2026-06-20,24.0,253.67,6088.08,0,Completed,USD,Canada,2026-08-12 11:25:20
SO000004550,CUST0001656,MAT000221,2023-11-12,22.0,50.64,1114.08,0,Returned,USD,Mexico,2026-08-12 01:25:20
SO000004551,CUST0000030,MAT000788,2024-05-07,21.0,442.8,9298.8,20,Completed,EUR,India,2026-08-12 08:25:20
SO000004552,CUST0004719,MAT000599,2025-02-02,21.0,751.09,15772.89,15,Shipped,INR,USA,2026-08-12 16:25:20
SO000004553,CUST0007795,MAT000946,2023-12-06,16.0,230.12,3681.92,10,Pending,USD,Saudi Arabia,2026-08-12 00:25:20
SO000004554,CUST0006010,MAT001084,2025-08-11,9.0,646.73,5820.57,15,Shipped,EUR,China,2026-08-12 12:25:20
SO000004555,CUST0006902,MAT000883,2024-06-30,4.0,369.97,1479.88,0,Completed,USD,France,2026-08-11 21:25:20
SO000004556,CUST0000037,MAT000237,2026-02-18,25.0,58.37,1459.25,0,Completed,EUR,Brazil,2026-08-12 18:25:20
SO000004557,CUST0007213,MAT000099,2024-01-14,24.0,277.05,6649.2,15,Shipped,USD,China,2026-08-12 00:25:20
SO000004558,CUST0003416,MAT000500,2025-02-10,13.0,285.94,3717.22,10,Completed,USD,UAE,2026-08-12 15:25:20
SO000004559,CUST0000112,MAT000402,2024-01-14,24.0,814.67,19552.08,10,Shipped,USD,Mexico,2026-08-12 07:25:20
SO000004560,CUST0001094,MAT001148,2024-12-13,12.0,883.66,10603.92,0,Shipped,USD,Saudi Arabia,2026-08-12 14:25:20
SO000004561,CUST0006400,MAT001025,2023-06-01,7.0,192.74,1349.18,0,Returned,EUR,Germany,2026-08-12 11:25:20
SO000004562,CUST0004251,MAT001088,2023-10-07,18.0,390.31,7025.58,15,Completed,EUR,Saudi Arabia,2026-08-11 22:25:20
SO000004563,CUST0003977,MAT001151,2025-05-10,16.0,879.15,14066.4,10,Completed,USD,USA,2026-08-12 13:25:20
SO000004564,CUST0007687,MAT000472,2024-12-26,19.0,369.51,7020.69,10,Cancelled,EUR,India,2026-08-12 18:25:20
SO000004565,CUST0000468,MAT000113,2023-01-11,1.0,317.51,317.51,0,Shipped,INR,Germany,2026-08-12 07:25:20
SO000004566,CUST0007944,MAT000295,2024-09-14,4.0,103.34,413.36,15,Completed,USD,UAE,2026-08-12 13:25:20
SO000004567,CUST0005715,MAT000436,2024-02-17,11.0,679.19,7471.09,5,Completed,USD,Canada,2026-08-12 05:25:20
SO000004568,CUST0002621,MAT000097,2026-02-27,5.0,405.07,2025.35,10,Completed,EUR,India,2026-08-11 16:25:20
SO000004569,CUST0005697,MAT000713,2023-07-21,12.0,576.6,6919.2,0,Completed,INR,Canada,2026-08-11 22:25:20
SO000004570,CUST0001247,MAT000991,2024-07-19,1.0,461.32,461.32,15,Completed,INR,South Africa,2026-08-11 18:25:20
SO000004571,CUST0003480,MAT000958,2025-05-05,9.0,161.21,1450.89,0,Completed,GBP,UAE,2026-08-12 09:25:20
SO000004572,CUST0007402,MAT001008,2025-04-25,16.0,162.85,2605.6,0,Completed,AED,UK,2026-08-11 16:25:20
SO000004573,CUST0002453,MAT000930,2026-01-12,25.0,846.08,21152.0,0,Completed,GBP,Germany,2026-08-11 21:25:20
SO000004574,CUST0001143,MAT000710,2026-01-21,17.0,801.12,13619.04,20,Completed,USD,Canada,2026-08-11 21:25:20
SO000004575,CUST0001045,MAT000266,2025-09-05,1.0,551.52,551.52,5,Shipped,GBP,South Africa,2026-08-12 11:25:20
SO000004576,CUST0005289,MAT000788,2025-03-22,4.0,6.11,24.44,0,Shipped,USD,Saudi Arabia,2026-08-12 14:25:20
SO000004577,CUST0001771,MAT000947,2026-05-11,5.0,392.8,1964.0,10,Pending,USD,Mexico,2026-08-11 16:25:20
SO000004578,CUST0004281,MAT000098,2023-11-14,6.0,479.73,2878.38,20,Returned,USD,Mexico,2026-08-11 19:25:20
SO000004579,CUST0002753,MAT001051,2025-08-09,9.0,407.25,3665.25,5,Completed,USD,Australia,2026-08-12 14:25:20
SO000004580,CUST0006886,MAT000594,2023-02-02,9.0,833.28,7499.52,0,Completed,USD,Japan,2026-08-11 12:25:20
SO000004581,CUST0006054,MAT001056,2024-04-25,8.0,41.57,332.56,20,Completed,GBP,Singapore,2026-08-12 16:25:20
SO000004582,CUST0000664,MAT000722,2026-01-16,21.0,591.16,12414.36,20,Completed,GBP,UK,2026-08-12 10:25:20
SO000004583,CUST0005159,MAT000742,2023-12-05,17.0,285.88,4859.96,0,Completed,USD,France,2026-08-12 09:25:20
SO000004584,CUST0003447,MAT000469,2024-03-13,6.0,505.73,3034.38,0,Completed,EUR,France,2026-08-12 03:25:20
SO000004585,CUST0000271,MAT000139,2023-05-25,16.0,592.05,9472.8,20,Completed,INR,South Africa,2026-08-12 00:25:20
SO000004586,CUST0003130,MAT000457,2026-07-30,3.0,399.54,1198.62,15,Pending,EUR,South Africa,2026-08-11 21:25:20
SO000004587,CUST0005473,MAT000217,2026-07-30,2.0,137.8,275.6,5,Completed,USD,China,2026-08-11 14:25:20
SO000004588,CUST0004143,MAT000767,2024-12-09,14.0,469.54,6573.56,5,Completed,USD,Singapore,2026-08-11 22:25:20
SO000004589,CUST0000377,MAT000156,2025-06-11,16.0,840.0,13440.0,0,Cancelled,JPY,USA,2026-08-12 14:25:20
SO000004590,CUST0007910,MAT000213,2023-09-19,1.0,484.61,484.61,20,Completed,USD,Mexico,2026-08-12 05:25:20
SO000004591,CUST0003703,MAT000479,2026-04-17,12.0,115.03,1380.36,10,Completed,USD,South Africa,2026-08-12 14:25:20
SO000004592,CUST0004261,MAT000770,2024-08-31,23.0,742.63,17080.49,5,Completed,USD,India,2026-08-12 11:25:20
SO000004593,CUST0000229,MAT000692,2026-04-23,14.0,203.46,2848.44,10,Completed,GBP,South Africa,2026-08-12 13:25:20
SO000004594,CUST0004297,MAT000311,2024-04-24,8.0,336.34,2690.72,0,Completed,USD,Germany,2026-08-12 05:25:20
SO000004595,CUST0006086,MAT000605,2026-04-24,21.0,388.74,8163.54,20,Returned,USD,Mexico,2026-08-11 17:25:20
SO000004596,CUST0002130,MAT000809,2026-02-01,3.0,309.03,927.09,5,Completed,USD,Australia,2026-08-11 15:25:20
SO000004597,CUST0002801,MAT000973,2026-06-28,11.0,366.98,4036.78,10,Completed,USD,India,2026-08-12 06:25:20
SO000004598,CUST0004149,MAT000774,2025-02-13,25.0,716.96,17924.0,0,Completed,USD,Japan,2026-08-11 19:25:20
SO000004599,CUST0002900,MAT000053,2025-09-17,12.0,204.91,2458.92,5,Cancelled,USD,Japan,2026-08-12 06:25:20
SO000004600,CUST0005942,MAT000358,2024-04-08,7.0,426.02,2982.14,10,Completed,USD,Singapore,2026-08-12 17:25:20
SO000004601,CUST0005432,MAT000148,2025-08-14,19.0,22.91,435.29,0,Completed,USD,Mexico,2026-08-12 10:25:20
SO000004602,CUST0004961,MAT000758,2025-04-30,22.0,459.36,10105.92,5,Completed,USD,Mexico,2026-08-12 13:25:20
SO000004603,CUST0007287,MAT000395,2026-02-01,1.0,104.96,104.96,0,Completed,USD,China,2026-08-11 12:25:20
SO000004604,CUST0004521,MAT000177,2025-09-15,19.0,257.6,4894.4,0,Pending,USD,Australia,2026-08-11 23:25:20
SO000004605,CUST0002829,MAT000240,2024-07-25,22.0,295.76,6506.72,5,Completed,USD,USA,2026-08-11 22:25:20
SO000004606,CUST0001231,MAT000418,2025-08-13,12.0,78.71,944.52,5,Pending,INR,Brazil,2026-08-11 13:25:20
SO000004607,CUST0000333,MAT000513,2024-01-12,9.0,327.71,2949.39,0,Completed,AED,UK,2026-08-11 19:25:20
SO000004608,CUST0006212,MAT000623,2023-07-05,14.0,450.76,6310.64,20,Shipped,USD,Brazil,2026-08-12 04:25:20
SO000004609,CUST0002257,MAT001087,2026-05-24,20.0,390.83,7816.6,0,Shipped,USD,Brazil,2026-08-12 06:25:20
SO000004610,CUST0000358,MAT000544,2025-11-04,7.0,255.98,1791.86,20,Shipped,JPY,Japan,2026-08-12 14:25:20
SO000004611,CUST0007427,MAT000136,2023-08-07,18.0,268.9,4840.2,20,Completed,USD,UAE,2026-08-12 17:25:20
SO000004612,CUST0007986,MAT000868,2023-08-03,18.0,572.06,10297.08,5,Completed,USD,France,2026-08-11 21:25:20
SO000004613,CUST0007258,MAT000576,2023-02-17,14.0,647.96,9071.44,15,Completed,AED,South Africa,2026-08-12 02:25:20
SO000004614,CUST0004594,MAT000365,2024-09-27,16.0,520.99,8335.84,15,Completed,AED,Australia,2026-08-12 14:25:20
SO000004615,CUST0001347,MAT001016,2025-12-26,7.0,878.69,6150.83,20,Completed,GBP,Mexico,2026-08-12 00:25:20
SO000004616,CUST0007914,MAT000171,2026-09-22,19.0,850.66,16162.54,0,Shipped,GBP,Singapore,2026-08-11 14:25:20
SO000004617,CUST0006754,MAT000414,2026-04-13,18.0,93.13,1676.34,10,Pending,GBP,USA,2026-07-31 15:25:32
SO000004618,CUST0007281,MAT001049,2026-08-23,25.0,238.93,5973.25,0,Pending,USD,China,2026-08-11 21:25:20
SO000004619,CUST0003822,MAT000971,2023-03-09,12.0,782.21,9386.52,0,Shipped,USD,Singapore,2026-08-11 13:25:20
SO000004620,CUST0001722,MAT000953,2023-07-06,18.0,31.55,567.9,0,Shipped,EUR,Brazil,2026-08-12 06:25:20
SO000004621,CUST0001171,MAT000631,2025-08-26,14.0,535.02,7490.28,5,Shipped,GBP,USA,2026-08-12 08:25:20
SO000004622,CUST0007130,MAT000411,2024-07-01,25.0,859.28,21482.0,10,Shipped,USD,China,2026-08-12 10:25:20
SO000004623,CUST0002384,MAT000671,2023-06-07,2.0,612.45,1224.9,0,Completed,USD,Japan,2026-08-12 10:25:20
SO000004624,CUST0002785,MAT000740,2024-12-14,9.0,87.28,785.52,0,Cancelled,USD,Germany,2026-08-12 13:25:20
SO000004625,CUST0006809,MAT000143,2025-07-21,19.0,674.3,12811.7,0,Completed,JPY,USA,2026-08-12 15:25:20
SO000004626,CUST0006790,MAT001064,2025-02-27,9.0,341.95,3077.55,0,Shipped,GBP,Canada,2026-08-12 05:25:20
SO000004627,CUST0000623,MAT001021,2023-01-31,5.0,829.77,4148.85,10,Returned,GBP,China,2026-08-11 13:25:20
SO000004628,CUST0001143,MAT000113,2023-10-01,19.0,261.25,4963.75,0,Completed,USD,France,2026-08-12 05:25:20
SO000004629,CUST0004726,MAT000962,2023-12-19,14.0,428.54,5999.56,0,Completed,USD,Japan,2026-08-12 12:25:20
SO000004630,CUST0007609,MAT000523,2023-07-24,24.0,673.21,16157.04,5,Completed,USD,Germany,2026-08-12 17:25:20
SO000004631,CUST0004553,MAT000807,2023-05-18,22.0,235.5,5181.0,0,Returned,USD,Brazil,2026-08-12 09:25:20
SO000004632,CUST0002254,MAT000785,2024-12-14,25.0,167.7,4192.5,0,Completed,GBP,China,2026-08-12 14:25:20
SO000004633,CUST0002042,MAT000583,2023-10-02,22.0,7.42,163.24,0,Returned,USD,Japan,2026-08-11 23:25:20
SO000004634,CUST0001267,MAT000684,2025-04-17,11.0,441.73,4859.03,10,Completed,USD,Singapore,2026-08-11 20:25:20
SO000004635,CUST0006506,MAT000406,2025-09-14,23.0,836.11,19230.53,5,Shipped,GBP,Japan,2026-08-12 03:25:20
SO000004636,CUST0002241,MAT000315,2026-08-04,11.0,256.93,2826.23,10,Completed,USD,Germany,2026-08-11 19:25:20
SO000004637,CUST0003031,MAT001164,2026-07-28,4.0,43.82,175.28,20,Completed,USD,Japan,2026-08-12 18:25:20
SO000004638,CUST0007188,MAT001028,2024-06-04,19.0,560.29,10645.51,15,Shipped,EUR,Singapore,2026-08-12 10:25:20
SO000004639,CUST0004023,MAT000873,2026-07-11,13.0,55.27,718.51,15,Completed,USD,China,2026-08-12 14:25:20
SO000004640,CUST0002148,MAT001128,2026-01-15,14.0,458.69,6421.66,0,Completed,AED,UK,2026-08-12 13:25:20
SO000004641,CUST0000918,MAT000837,2026-03-27,0.0,346.47,2771.76,0,Completed,EUR,Australia,2026-08-11 17:25:20
SO000004642,CUST0007006,MAT000386,2025-04-11,3.0,430.5,1291.5,0,Completed,AED,Brazil,2026-08-11 19:25:20
SO000004643,CUST0005008,MAT000760,2024-03-22,16.0,150.56,2408.96,20,Completed,USD,South Africa,2026-08-11 21:25:20
SO000004644,CUST0001263,MAT000597,2023-04-22,20.0,85.73,1714.6,15,Shipped,EUR,France,2026-08-11 22:25:20
SO000004645,CUST0006455,MAT000240,2023-12-14,6.0,675.35,4052.1,10,Completed,USD,China,2026-08-12 18:25:20
SO000004646,CUST0001990,MAT000526,2026-07-12,18.0,224.87,4047.66,20,Completed,GBP,Saudi Arabia,2026-08-11 15:25:20
SO000004647,CUST0000717,MAT000380,2025-03-30,23.0,721.38,16591.74,0,Completed,EUR,Mexico,2026-08-12 13:25:20
SO000004648,CUST0004532,MAT001174,2025-10-29,6.0,683.81,4102.86,0,Completed,GBP,Brazil,2026-08-12 10:25:20
SO000004649,CUST0002934,MAT001041,2025-03-22,16.0,182.55,2920.8,0,Pending,USD,Canada,2026-08-12 15:25:20
SO000004650,CUST0001146,MAT000225,2026-03-19,13.0,817.92,10632.96,0,Completed,USD,South Africa,2026-08-11 13:25:20
SO000004651,CUST0006792,MAT000064,2023-05-03,3.0,149.35,448.05,0,Completed,USD,Canada,2026-08-12 01:25:20
SO000004652,CUST0001122,MAT000273,2026-06-20,1.0,718.45,718.45,10,Shipped,USD,Mexico,2026-08-12 03:25:20
SO000004653,CUST0002820,MAT000045,2025-09-24,12.0,381.38,4576.56,0,Returned,GBP,France,2026-08-12 06:25:20
SO000004654,CUST0006770,MAT000147,2023-10-02,22.0,168.8,3713.6,0,Completed,USD,Canada,2026-08-12 16:25:20
SO000004655,CUST0003281,MAT001014,2024-02-24,20.0,844.61,16892.2,15,Shipped,USD,France,2026-08-12 08:25:20
SO000004656,CUST0000359,MAT000811,2025-10-19,14.0,867.12,12139.68,0,Cancelled,JPY,Saudi Arabia,2026-08-11 20:25:20
SO000004657,CUST0000901,MAT000201,2025-07-19,25.0,462.68,11567.0,5,Completed,GBP,India,2026-08-12 00:25:20
SO000004658,CUST0001727,MAT000166,2023-08-19,1.0,424.91,424.91,10,Completed,EUR,Brazil,2026-08-11 20:25:20
SO000004659,CUST0007369,MAT001115,2024-02-06,23.0,811.25,18658.75,15,Completed,USD,Mexico,2026-08-12 12:25:20
SO000004660,CUST0004649,MAT000691,2023-11-12,15.0,538.54,8078.1,0,Shipped,USD,Canada,2026-08-12 12:25:20
SO000004661,CUST0000375,MAT000554,2025-01-03,1.0,243.1,243.1,0,Completed,GBP,UK,2026-08-11 16:25:20
SO000004662,CUST0007143,MAT000543,2024-01-25,17.0,385.55,6554.35,0,Pending,GBP,Germany,2026-08-12 00:25:20
SO000004663,CUST0000019,MAT000029,2025-09-29,4.0,753.21,3012.84,15,Completed,EUR,Saudi Arabia,2026-08-11 17:25:20
SO000004664,CUST0005561,MAT001189,2023-08-23,21.0,774.31,16260.51,0,Returned,USD,Germany,2026-08-12 08:25:20
SO000004665,CUST0006413,MAT000710,2024-06-15,20.0,845.63,16912.6,5,Pending,GBP,France,2026-08-12 04:25:20
SO000004666,CUST0007657,MAT000231,2023-01-07,0.0,262.99,4207.84,20,Completed,GBP,Saudi Arabia,2026-08-12 13:25:20
SO000004667,CUST0006688,MAT000496,2025-01-04,20.0,613.56,12271.2,0,Completed,USD,UK,2026-08-12 08:25:20
SO000004668,CUST0005823,MAT000522,2025-01-31,15.0,66.21,993.15,20,Completed,USD,Japan,2026-08-11 23:25:20
SO000004669,CUST0001505,MAT000298,2023-08-20,10.0,654.68,6546.8,5,Completed,USD,Brazil,2026-08-11 21:25:20
SO000004670,CUST0004265,MAT001168,2026-04-18,6.0,509.06,3054.36,15,Completed,EUR,Germany,2026-08-11 14:25:20
SO000004671,CUST0000814,MAT000090,2025-11-15,10.0,228.54,2285.4,20,Completed,USD,UAE,2026-08-12 00:25:20
SO000004672,CUST0007575,MAT000365,2025-05-05,11.0,590.9,6499.9,10,Completed,USD,Australia,2026-08-11 18:25:20
SO000004673,CUST0005494,MAT000918,2026-08-04,17.0,125.99,2141.83,10,Pending,USD,UAE,2026-08-12 01:25:20
SO000004674,CUST0004455,MAT000282,2026-10-11,4.0,303.76,1215.04,10,Completed,USD,China,2026-08-11 14:25:20
SO000004675,CUST0006474,MAT000308,2025-06-18,4.0,363.82,1455.28,10,Cancelled,USD,USA,2026-08-11 21:25:20
SO000004676,CUST0007440,MAT001031,2023-06-24,10.0,700.54,7005.4,5,Completed,USD,Saudi Arabia,2026-08-12 01:25:20
SO000004677,CUST0000454,MAT001122,2023-01-31,12.0,281.36,3376.32,15,Completed,USD,Germany,2026-08-12 11:25:20
SO000004678,CUST0005295,MAT000369,2026-08-06,21.0,48.89,1026.69,10,Completed,USD,Canada,2026-08-12 02:25:20
SO000004679,CUST0003177,MAT000352,2024-07-02,23.0,166.76,3835.48,0,Completed,EUR,Saudi Arabia,2026-08-12 15:25:20
SO000004680,CUST0000762,MAT001036,2023-04-14,23.0,549.24,12632.52,15,Shipped,GBP,Australia,2026-08-12 06:25:20
SO000004681,CUST0002747,MAT000094,2024-02-22,2.0,18.65,37.3,5,Completed,INR,India,2026-08-11 22:25:20
SO000004682,CUST0002755,MAT000700,2025-10-13,11.0,714.05,7854.55,0,Completed,USD,Saudi Arabia,2026-08-12 14:25:20
SO000004683,CUST0001648,MAT001077,2026-07-29,3.0,811.5,2434.5,0,Completed,USD,India,2026-08-11 14:25:20
SO000004684,CUST0003386,MAT000496,2023-10-10,5.0,448.38,2241.9,0,Completed,AED,USA,2026-08-11 18:25:20
SO000004685,CUST0007633,MAT000264,2023-11-04,7.0,638.33,4468.31,20,Completed,USD,Australia,2026-08-12 00:25:20
SO000004686,CUST0002164,MAT000724,2023-04-29,12.0,419.1,5029.2,20,Completed,EUR,South Africa,2026-08-12 00:25:20
SO000004687,CUST0002895,MAT000342,2023-11-09,5.0,281.34,1406.7,0,Completed,GBP,Brazil,2026-08-12 01:25:20
SO000004688,CUST0007171,MAT000795,2025-08-05,20.0,152.56,3051.2,15,Completed,USD,UAE,2026-08-11 21:25:20
SO000004689,CUST0004139,MAT000706,2026-03-02,0.0,468.76,2812.56,20,Completed,GBP,UAE,2026-08-11 14:25:20
SO000004690,CUST0006365,MAT000246,2024-04-20,1.0,837.25,837.25,15,Completed,USD,China,2026-08-11 12:25:20
SO000004691,CUST0001886,MAT000312,2026-03-03,16.0,801.53,12824.48,20,Cancelled,EUR,Canada,2026-08-11 20:25:20
SO000004692,CUST0007440,MAT000613,2023-05-08,25.0,828.07,20701.75,0,Shipped,USD,Japan,2026-08-12 17:25:20
SO000004693,CUST0004420,MAT000248,2024-08-13,13.0,869.94,11309.22,15,Shipped,USD,South Africa,2026-08-12 08:25:20
SO000004694,CUST0002703,MAT000036,2025-03-22,21.0,153.0,3213.0,5,Cancelled,USD,Australia,2026-08-11 15:25:20
SO000004695,CUST0005217,MAT000649,2024-08-03,2.0,136.14,272.28,20,Pending,EUR,Germany,2026-08-11 18:25:20
SO000004696,CUST0005381,MAT000946,2023-02-24,11.0,387.85,4266.35,5,Completed,USD,Germany,2026-08-11 16:25:20
SO000004697,,MAT000909,2023-12-08,8.0,621.93,4975.44,0,Cancelled,INR,UK,2026-08-11 22:25:20
SO000004698,CUST0002671,MAT000944,2026-02-17,7.0,398.53,2789.71,0,Shipped,GBP,Mexico,2026-08-12 06:25:20
SO000004699,CUST0004327,MAT000588,2024-07-30,12.0,803.66,9643.92,20,Returned,USD,UK,2026-08-12 17:25:20
SO000004700,CUST0006326,MAT000201,2024-02-05,7.0,647.07,4529.49,0,Completed,USD,Saudi Arabia,2026-08-11 19:25:20
SO000004701,CUST0001667,MAT000959,2023-08-05,23.0,572.4,13165.2,20,Completed,USD,UK,2026-08-11 19:25:20
SO000004702,CUST0000263,MAT001007,2023-08-17,6.0,68.58,411.48,5,Pending,USD,Canada,2026-08-11 23:25:20
SO000004703,CUST0000724,MAT000119,2023-07-21,14.0,161.93,2267.02,0,Shipped,USD,UK,2026-08-11 16:25:20
SO000004704,CUST0007991,MAT001102,2023-10-12,4.0,388.2,1552.8,15,Shipped,USD,UK,2026-08-11 14:25:20
SO000004705,CUST0003207,MAT000723,2025-08-01,11.0,878.86,9667.46,20,Shipped,USD,Brazil,2026-08-12 11:25:20
SO000004706,CUST0005241,MAT000367,2025-09-29,14.0,304.3,4260.2,5,Completed,JPY,USA,2026-08-12 13:25:20
SO000004707,CUST0007867,MAT000360,2026-03-08,7.0,568.83,3981.81,20,Completed,USD,Japan,2026-08-11 17:25:20
SO000004708,CUST0002783,MAT000185,2023-07-02,3.0,890.07,2670.21,5,Completed,USD,Japan,2026-08-12 06:25:20
SO000004709,CUST0005291,MAT000265,2023-08-25,14.0,241.3,3378.2,0,Completed,GBP,USA,2026-08-11 12:25:20
SO000004710,CUST0007133,MAT000291,2025-06-30,17.0,154.17,2620.89,0,Completed,USD,UAE,2026-08-12 13:25:20
SO000004711,CUST0002558,MAT000624,2026-01-03,12.0,493.97,5927.64,0,Returned,USD,UK,2026-08-12 05:25:20
SO000004712,CUST0004530,MAT000271,2023-06-16,12.0,498.94,5987.28,15,Shipped,AED,UAE,2026-08-12 05:25:20
SO000004713,CUST0003999,MAT000180,2026-04-02,5.0,830.09,4150.45,0,Completed,USD,Singapore,2026-08-12 09:25:20
SO000004714,CUST0006984,MAT000627,2023-08-22,15.0,28.65,429.75,0,Cancelled,USD,France,2026-08-11 13:25:20
SO000004715,CUST0007333,MAT000386,2026-04-15,13.0,369.6,4804.8,0,Completed,USD,Mexico,2026-08-12 01:25:20
SO000004716,CUST0001560,MAT000138,2024-10-04,5.0,284.55,1422.75,0,Completed,EUR,Saudi Arabia,2026-08-12 12:25:20
SO000004717,CUST0005612,MAT001003,2023-10-13,14.0,516.09,7225.26,10,Completed,USD,Singapore,2026-08-12 00:25:20
SO000004718,CUST0005381,MAT000249,2024-02-01,6.0,13.35,80.1,0,Completed,USD,Saudi Arabia,2026-08-11 15:25:20
SO000004719,CUST0004025,MAT000537,2025-12-23,12.0,641.4,7696.8,10,Completed,USD,Saudi Arabia,2026-08-11 22:25:20
SO000004720,CUST0003780,MAT000814,2026-08-02,10.0,439.07,4390.7,0,Cancelled,EUR,India,2026-08-12 00:25:20
SO000004721,CUST0001683,MAT001153,2023-01-09,20.0,632.12,12642.4,0,Completed,USD,USA,2026-08-12 18:25:20
SO000004722,CUST0004586,MAT000089,2026-06-22,3.0,405.79,1217.37,0,Completed,USD,Australia,2026-08-12 01:25:20
SO000004723,CUST0001392,MAT000245,2023-04-04,11.0,429.4,4723.4,5,Completed,JPY,Mexico,2026-08-12 11:25:20
SO000004724,CUST0001729,MAT001052,2023-03-08,,806.52,11291.28,5,Completed,USD,Mexico,2026-08-12 03:25:20
SO000004725,CUST0000150,MAT000703,2025-02-01,7.0,193.75,1356.25,0,Completed,USD,India,2026-08-12 08:25:20
SO000004726,CUST0000493,MAT000286,2025-05-18,16.0,199.65,3194.4,0,Completed,GBP,Mexico,2026-08-12 08:25:20
SO000004727,CUST0002748,MAT000985,2024-07-09,1.0,505.73,505.73,0,Pending,EUR,UK,2026-08-12 03:25:20
SO000004728,CUST0000682,MAT000138,2023-04-02,22.0,595.9,13109.8,10,Shipped,USD,USA,2026-08-12 02:25:20
SO000004729,CUST0003711,MAT001178,2026-02-19,2.0,322.45,644.9,0,Returned,EUR,Japan,2026-08-12 05:25:20
SO000004730,CUST0002986,MAT000877,2025-07-27,7.0,469.96,3289.72,10,Returned,AED,Singapore,2026-08-11 19:25:20
SO000004731,CUST0002462,MAT001065,2026-01-25,2.0,208.93,417.86,15,Completed,USD,UK,2026-08-12 08:25:20
SO000004732,CUST0005970,MAT000496,2026-06-07,2.0,126.64,253.28,0,Pending,USD,South Africa,2026-08-11 15:25:20
SO000004733,CUST0007623,MAT000226,2024-12-29,23.0,218.25,5019.75,20,Completed,USD,Singapore,2026-08-12 05:25:20
SO000004734,CUST0000236,MAT000600,2023-01-01,23.0,825.15,18978.45,15,Completed,USD,UAE,2026-08-11 20:25:20
SO000004735,CUST0006743,MAT000175,2025-09-14,3.0,722.63,2167.89,10,Cancelled,EUR,Saudi Arabia,2026-08-12 08:25:20
SO000004736,CUST0001077,MAT001029,2024-04-28,24.0,130.52,3132.48,0,Completed,INR,Japan,2026-08-11 23:25:20
SO000004737,CUST0003369,MAT000023,2023-08-03,22.0,46.67,1026.74,0,Completed,USD,UK,2026-08-12 04:25:20
SO000004738,CUST0005450,MAT000662,2024-02-15,9.0,88.4,795.6,20,Completed,GBP,Singapore,2026-08-12 02:25:20
SO000004739,CUST0005483,MAT000990,2024-12-29,14.0,267.62,3746.68,5,Pending,GBP,Singapore,2026-08-11 21:25:20
SO000004740,CUST0002528,MAT000445,2025-04-05,7.0,731.17,5118.19,0,Cancelled,USD,UAE,2026-08-11 20:25:20
SO000004741,CUST0000179,MAT000460,2023-10-23,23.0,292.63,6730.49,20,Completed,USD,China,2026-08-12 02:25:20
SO000004742,CUST0007433,MAT000255,2025-10-20,21.0,171.16,3594.36,15,Shipped,USD,UK,2026-08-12 14:25:20
SO000004743,CUST0006660,MAT000815,2025-01-23,16.0,359.28,5748.48,0,Returned,USD,Japan,2026-08-12 03:25:20
SO000004744,CUST0001706,MAT000606,2025-10-10,15.0,116.03,1740.45,5,Completed,USD,UAE,2026-08-12 00:25:20
SO000004745,CUST0003782,MAT001064,2024-09-25,8.0,425.84,3406.72,5,Shipped,USD,China,2026-08-11 14:25:20
SO000004746,CUST0006896,MAT000201,2023-08-19,3.0,609.62,1828.86,0,Completed,USD,Saudi Arabia,2026-08-12 01:25:20
SO000004747,CUST0000569,MAT001141,2024-04-13,24.0,335.12,8042.88,20,Shipped,USD,Singapore,2026-08-11 14:25:20
SO000004748,CUST0007358,MAT000779,2023-05-04,24.0,160.38,3849.12,15,Pending,GBP,India,2026-08-11 17:25:20
SO000004749,CUST0001610,MAT000254,2025-07-16,17.0,410.61,6980.37,10,Completed,USD,Singapore,2026-08-12 03:25:20
SO000004750,CUST0001986,MAT000870,2024-03-30,14.0,687.43,9624.02,10,Completed,EUR,Mexico,2026-08-12 04:25:20
SO000004751,CUST0004516,MAT000922,2026-08-30,1.0,73.55,73.55,0,Pending,GBP,UAE,2026-08-12 12:25:20
SO000004752,CUST0004407,MAT001088,2024-05-13,5.0,68.49,342.45,0,Cancelled,EUR,Singapore,2026-08-12 09:25:20
SO000004753,CUST0000002,MAT000316,2025-11-08,5.0,289.71,1448.55,0,Completed,INR,Germany,2026-08-12 18:25:20
SO000004754,CUST0001808,MAT000721,2026-03-19,2.0,376.47,752.94,0,Completed,USD,USA,2026-08-12 13:25:20
SO000004755,CUST0007744,MAT000255,2026-07-14,2.0,198.74,397.48,0,Completed,USD,South Africa,2026-08-12 11:25:20
SO000004756,CUST0004546,MAT000144,2023-12-05,22.0,29.09,639.98,15,Completed,USD,India,2026-08-11 22:25:20
SO000004757,CUST0004670,MAT000897,2026-05-18,12.0,201.51,2418.12,20,Pending,USD,Germany,2026-08-11 20:25:20
SO000004758,CUST0003256,MAT000811,2024-11-19,9.0,394.66,3551.94,0,Completed,GBP,Saudi Arabia,2026-08-12 16:25:20
SO000004759,CUST0006861,MAT001086,2023-01-19,18.0,76.09,1369.62,15,Pending,INR,UAE,2026-08-12 09:25:20
SO000004760,CUST0006726,MAT000544,2025-12-04,14.0,645.72,9040.08,0,Completed,USD,Japan,2026-08-12 11:25:20
SO000004761,CUST0001483,MAT000681,2023-03-13,0.0,499.13,6488.69,15,Completed,USD,Canada,2026-08-11 14:25:20
SO000004762,CUST0007669,MAT000098,2026-06-13,19.0,393.82,7482.58,10,Completed,INR,UAE,2026-08-12 13:25:20
SO000004763,CUST0007325,MAT000978,2025-04-28,3.0,469.25,1407.75,10,Shipped,INR,Mexico,2026-08-11 16:25:20
SO000004764,CUST0004393,MAT000020,2023-12-22,9.0,591.95,5327.55,20,Pending,INR,France,2026-08-12 12:25:20
SO000004765,CUST0002246,MAT000161,2026-08-30,9.0,895.34,8058.06,0,Pending,USD,UAE,2026-08-11 19:25:20
SO000004766,CUST0000158,MAT000529,2025-11-14,4.0,698.73,2794.92,20,Shipped,AED,Saudi Arabia,2026-08-11 17:25:20
SO000004767,CUST0002390,MAT001115,2024-12-18,8.0,488.62,3908.96,10,Shipped,INR,Germany,2026-08-12 16:25:20
SO000004768,CUST0004498,MAT000749,2026-04-26,6.0,694.63,4167.78,0,Completed,USD,China,2026-08-12 11:25:20
SO000004769,CUST0007482,MAT000998,2023-09-26,11.0,430.33,4733.63,20,Cancelled,USD,USA,2026-08-12 05:25:20
SO000004770,CUST0001906,MAT001129,2025-02-04,12.0,283.26,3399.12,15,Shipped,USD,Brazil,2026-08-11 15:25:20
SO000004771,CUST0000333,MAT001106,2023-04-27,13.0,239.46,3112.98,0,Completed,USD,UAE,2026-08-12 01:25:20
SO000004772,CUST0003882,MAT000961,2025-06-17,6.0,362.53,2175.18,5,Completed,EUR,China,2026-08-12 05:25:20
SO000004773,CUST0001273,MAT000271,2026-03-08,16.0,7.04,112.64,10,Completed,USD,Brazil,2026-08-11 16:25:20
SO000004774,CUST0000747,MAT001127,2023-10-09,10.0,163.38,1633.8,0,Cancelled,JPY,Germany,2026-08-11 20:25:20
SO000004775,CUST0006786,MAT000910,2023-12-18,9.0,118.25,1064.25,20,Completed,INR,Brazil,2026-08-12 13:25:20
SO000004776,CUST0007850,MAT000847,2026-07-19,21.0,864.51,18154.71,15,Completed,USD,USA,2026-08-12 03:25:20
SO000004777,CUST0007790,MAT000077,2025-09-15,24.0,63.04,1512.96,15,Pending,USD,Japan,2026-08-12 16:25:20
SO000004778,CUST0002791,MAT001086,2024-10-07,18.0,453.37,8160.66,15,Shipped,USD,China,2026-08-12 00:25:20
SO000004779,CUST0005728,MAT000422,2025-01-10,13.0,828.15,10765.95,0,Returned,USD,Canada,2026-08-12 05:25:20
SO000004780,CUST0002716,MAT000634,2024-01-28,9.0,548.73,4938.57,10,Shipped,USD,South Africa,2026-08-12 17:25:20
SO000004781,CUST0005020,MAT001006,2024-04-14,17.0,448.27,7620.59,10,Completed,EUR,Australia,2026-08-12 16:25:20
SO000004782,CUST0006256,MAT000309,2025-11-13,3.0,669.98,2009.94,0,Completed,EUR,USA,2026-08-11 17:25:20
SO000004783,CUST0000710,MAT000479,2025-11-14,21.0,321.27,6746.67,15,Completed,EUR,USA,2026-08-12 05:25:20
SO000004784,CUST0001587,MAT000697,2025-10-11,5.0,178.37,891.85,15,Cancelled,USD,France,2026-08-12 17:25:20
SO000004785,CUST0002073,MAT001100,2026-02-26,1.0,763.32,763.32,0,Pending,USD,Saudi Arabia,2026-08-12 04:25:20
SO000004786,CUST0001444,MAT000123,2025-07-25,10.0,55.64,556.4,20,Completed,USD,Australia,2026-08-11 19:25:20
SO000004787,CUST0007868,MAT000287,2025-08-28,14.0,727.98,10191.72,15,Completed,EUR,Canada,2026-08-12 03:25:20
SO000004788,CUST0001479,MAT000341,2026-02-22,8.0,97.51,780.08,20,Shipped,USD,Canada,2026-08-12 00:25:20
SO000004789,CUST0007767,MAT001095,2023-10-03,21.0,564.88,11862.48,20,Cancelled,JPY,Australia,2026-08-12 02:25:20
SO000004790,CUST0006241,MAT000923,2023-01-17,25.0,431.96,10799.0,0,Completed,EUR,Brazil,2026-08-12 12:25:20
SO000004791,CUST0004317,MAT001156,2025-10-16,18.0,898.69,16176.42,5,Completed,INR,Saudi Arabia,2026-08-12 06:25:20
SO000004792,CUST0000861,MAT000887,2026-04-03,16.0,352.19,5635.04,15,Returned,GBP,Japan,2026-08-11 14:25:20
SO000004793,CUST0003653,MAT001017,2024-12-05,9.0,861.77,7755.93,20,Pending,GBP,Canada,2026-08-12 02:25:20
SO000004794,CUST0002413,MAT001022,2025-03-22,6.0,366.38,2198.28,10,Completed,USD,Singapore,2026-08-12 10:25:20
SO000004795,CUST0005119,MAT000918,2026-06-04,3.0,615.12,1845.36,5,Shipped,USD,Canada,2026-08-11 18:25:20
SO000004796,CUST0006558,MAT000001,2026-10-11,23.0,581.08,13364.84,5,Completed,AED,Australia,2026-08-12 11:25:20
SO000004797,CUST0007405,MAT000031,2026-04-23,2.0,82.37,164.74,0,Shipped,AED,Saudi Arabia,2026-08-12 07:25:20
SO000004798,CUST0003995,MAT000463,2023-01-21,10.0,670.31,6703.1,0,Completed,INR,Brazil,2026-08-12 15:25:20
SO000004799,CUST0001647,MAT000525,2024-03-06,24.0,191.76,4602.24,5,Completed,INR,China,2026-08-12 09:25:20
SO000004800,CUST0003356,MAT001004,2025-02-07,13.0,352.65,4584.45,0,Cancelled,USD,USA,2026-08-11 14:25:20
SO000004801,CUST0004947,MAT001096,2025-03-28,13.0,705.07,9165.91,5,Pending,USD,Singapore,2026-08-12 17:25:20
SO000004802,CUST0003600,MAT000075,2025-10-10,7.0,850.16,5951.12,0,Returned,JPY,France,2026-08-12 10:25:20
SO000004803,CUST0005907,MAT000334,2026-08-19,1.0,506.02,506.02,0,Shipped,EUR,USA,2026-08-11 22:25:20
SO000004804,CUST0000739,MAT000812,2025-08-27,10.0,469.85,4698.5,20,Pending,USD,Mexico,2026-08-12 16:25:20
SO000004805,CUST0005066,MAT000462,2024-10-27,7.0,456.91,3198.37,10,Completed,GBP,France,2026-08-12 18:25:20
SO000004806,CUST0003530,MAT001066,2024-11-29,18.0,735.83,13244.94,10,Completed,USD,Singapore,2026-08-11 12:25:20
SO000004807,CUST0004261,MAT000184,2024-02-19,11.0,893.84,9832.24,20,Completed,GBP,India,2026-08-12 13:25:20
SO000004808,CUST0005655,MAT000558,2025-06-19,2.0,572.06,1144.12,0,Completed,USD,Saudi Arabia,2026-08-12 04:25:20
SO000004809,CUST0000475,MAT000264,2024-11-09,7.0,343.87,2407.09,10,Returned,GBP,Australia,2026-08-12 05:25:20
SO000004810,CUST0006731,MAT001190,2025-10-16,25.0,200.7,5017.5,5,Completed,AED,USA,2026-08-11 23:25:20
SO000004811,CUST0004941,MAT000370,2023-09-29,0.0,182.94,182.94,10,Completed,EUR,Japan,2026-08-11 17:25:20
SO000004812,CUST0005958,MAT000332,2026-07-12,12.0,771.26,9255.12,0,Completed,USD,Canada,2026-08-12 10:25:20
SO000004813,CUST0003029,MAT000749,2026-03-14,6.0,893.16,5358.96,0,Completed,USD,USA,2026-08-12 08:25:20
SO000004814,CUST0004434,MAT000203,2023-07-13,19.0,629.7,11964.3,0,Completed,GBP,Canada,2026-08-12 11:25:20
SO000004815,CUST0004024,MAT000900,2024-10-09,8.0,860.47,6883.76,0,Completed,USD,Brazil,2026-08-11 18:25:20
SO000004816,CUST0000678,MAT000304,2025-01-01,8.0,318.25,2546.0,15,Completed,USD,South Africa,2026-08-12 05:25:20
SO000004817,CUST0005612,MAT000549,2024-02-10,7.0,566.7,3966.9,0,Completed,AED,Saudi Arabia,2026-08-11 18:25:20
SO000004818,CUST0004949,MAT000448,2026-08-20,23.0,462.96,10648.08,0,Shipped,USD,Australia,2026-08-11 15:25:20
SO000004819,CUST0004059,MAT000980,2023-05-07,17.0,436.41,7418.97,20,Completed,USD,Australia,2026-08-12 10:25:20
SO000004820,CUST0000050,MAT000885,2024-05-20,11.0,570.97,6280.67,0,Completed,EUR,South Africa,2026-08-12 09:25:20
SO000004821,CUST0006120,MAT000187,2026-07-27,9.0,282.75,2544.75,0,Shipped,INR,Germany,2026-08-12 17:25:20
SO000004822,CUST0006061,MAT000404,2026-01-10,14.0,578.36,8097.04,0,Shipped,USD,UAE,2026-08-12 16:25:20
SO000004823,CUST0001165,MAT001098,2023-08-29,5.0,607.21,3036.05,0,Cancelled,USD,USA,2026-08-12 03:25:20
SO000004824,CUST0003182,MAT000831,2025-10-10,8.0,753.32,6026.56,15,Cancelled,USD,Brazil,2026-08-11 13:25:20
SO000004825,CUST0000112,MAT000917,2026-01-25,6.0,658.78,3952.68,0,Completed,USD,Singapore,2026-08-12 15:25:20
SO000004826,CUST0007477,MAT000825,2023-01-04,24.0,291.2,6988.8,5,Pending,INR,USA,2026-08-11 12:25:20
SO000004827,CUST0001432,MAT000741,2026-02-04,8.0,408.47,3267.76,5,Pending,GBP,India,2026-08-11 17:25:20
SO000004828,CUST0004504,MAT000307,2024-08-05,2.0,112.74,225.48,5,Cancelled,AED,Mexico,2026-08-12 02:25:20
SO000004829,CUST0005165,MAT000475,2024-08-08,24.0,235.28,5646.72,5,Returned,USD,China,2026-08-12 09:25:20
SO000004830,CUST0007564,MAT000740,2024-04-10,17.0,471.25,8011.25,5,Completed,EUR,Brazil,2026-08-12 04:25:20
SO000004831,CUST0005166,MAT000841,2026-09-14,10.0,95.18,951.8,0,Completed,GBP,UAE,2026-08-12 10:25:20
SO000004832,CUST0004005,MAT000768,2025-02-18,1.0,515.69,515.69,10,Completed,USD,Germany,2026-08-11 21:25:20
SO000004833,CUST0003851,MAT000811,2023-12-13,6.0,354.3,2125.8,0,Completed,INR,Canada,2026-08-11 23:25:20
SO000004834,CUST0004416,MAT000216,2023-04-22,25.0,36.12,903.0,0,Completed,USD,Japan,2026-08-11 17:25:20
SO000004835,CUST0002626,MAT000386,2025-06-18,7.0,393.83,2756.81,15,Returned,EUR,UAE,2026-08-12 18:25:20
SO000004836,CUST0007832,MAT000374,2023-01-26,14.0,256.62,3592.68,5,Shipped,EUR,Singapore,2026-08-12 12:25:20
SO000004837,CUST0005490,MAT001122,2023-09-27,15.0,64.94,974.1,10,Completed,USD,India,2026-08-11 18:25:20
SO000004838,CUST0004003,MAT000773,2025-08-19,3.0,267.57,802.71,0,Completed,USD,India,2026-08-12 09:25:20
SO000004839,CUST0004515,MAT001120,2025-08-26,17.0,268.22,4559.74,15,Pending,JPY,Australia,2026-08-11 22:25:20
SO000004840,CUST0003947,MAT000402,2025-11-03,3.0,322.79,968.37,20,Completed,USD,UAE,2026-08-11 14:25:20
SO000004841,CUST0004017,MAT000854,2023-03-12,21.0,333.0,6993.0,20,Completed,EUR,UK,2026-08-11 14:25:20
SO000004842,CUST0002526,MAT000837,2026-03-04,1.0,389.65,389.65,0,Completed,EUR,Saudi Arabia,2026-08-12 01:25:20
SO000004843,CUST0000717,MAT000890,2025-05-21,0.0,87.3,873.0,0,Completed,USD,Brazil,2026-08-12 17:25:20
SO000004844,CUST0007527,MAT000085,2023-08-25,23.0,9.72,223.56,0,Completed,USD,Japan,2026-08-12 03:25:20
SO000004845,CUST0005651,MAT001043,2024-04-08,7.0,663.73,4646.11,0,Completed,GBP,Singapore,2026-08-11 16:25:20
SO000004846,CUST0005314,MAT000899,2023-06-27,0.0,306.93,3069.3,5,Pending,EUR,Australia,2026-08-11 15:25:20
SO000004847,CUST0000505,MAT000394,2023-07-11,5.0,554.18,2770.9,10,Completed,EUR,Canada,2026-08-11 21:25:20
SO000004848,CUST0002038,MAT000291,2023-09-08,0.0,279.8,2518.2,5,Shipped,AED,UAE,2026-08-12 13:25:20
SO000004849,CUST0005686,MAT001050,2024-09-11,8.0,885.85,7086.8,15,Completed,USD,Singapore,2026-08-12 13:25:20
SO000004850,CUST0007039,MAT000293,2023-12-09,3.0,287.31,861.93,5,Returned,EUR,South Africa,2026-08-12 17:25:20
SO000004851,CUST0003622,MAT000683,2025-08-01,24.0,546.51,13116.24,10,Completed,USD,Brazil,2026-08-11 22:25:20
SO000004852,CUST0007206,MAT000556,2023-05-13,6.0,201.87,1211.22,20,Completed,USD,Singapore,2026-08-12 02:25:20
SO000004853,CUST0003595,MAT001162,2025-07-14,2.0,468.43,936.86,0,Shipped,USD,India,2026-08-11 18:25:20
SO000004854,CUST0004211,MAT000789,2025-04-28,15.0,523.5,7852.5,10,Completed,USD,South Africa,2026-08-11 20:25:20
SO000004855,CUST0003165,MAT000217,2026-01-18,4.0,168.63,674.52,15,Completed,INR,Singapore,2026-08-12 14:25:20
SO000004856,CUST0001110,MAT000345,2023-06-27,9.0,115.67,1041.03,20,Pending,USD,Canada,2026-08-12 15:25:20
SO000004857,CUST0006039,MAT001179,2025-01-03,5.0,876.37,4381.85,5,Shipped,USD,Germany,2026-08-12 18:25:20
SO000004858,CUST0003215,MAT000902,2025-07-15,25.0,804.47,20111.75,0,Completed,GBP,South Africa,2026-08-12 09:25:20
SO000004859,CUST0002104,MAT000975,2024-11-11,12.0,595.76,7149.12,5,Completed,USD,UAE,2026-08-11 15:25:20
SO000004860,CUST0007559,MAT000532,2023-11-19,15.0,775.64,11634.6,15,Pending,AED,Canada,2026-08-11 14:25:20
SO000004861,CUST0007923,MAT001152,2024-11-15,21.0,90.53,1901.13,0,Completed,USD,China,2026-08-12 03:25:20
SO000004862,CUST0000332,MAT000033,2023-05-11,18.0,657.79,11840.22,0,Completed,USD,France,2026-08-11 12:25:20
SO000004863,CUST0005125,MAT001058,2023-03-15,8.0,260.62,2084.96,0,Completed,GBP,Canada,2026-08-12 16:25:20
SO000004864,CUST0002833,MAT000854,2024-08-05,2.0,487.85,975.7,0,Completed,USD,UK,2026-08-12 13:25:20
SO000004865,CUST0005688,MAT000370,2025-01-05,7.0,689.51,4826.57,10,Completed,INR,Australia,2026-08-12 02:25:20
SO000004866,CUST0001015,MAT000912,2024-05-19,4.0,34.96,139.84,0,Cancelled,USD,Singapore,2026-08-11 18:25:20
SO000004867,CUST0000287,MAT000356,2023-04-13,13.0,626.88,8149.44,10,Completed,USD,Brazil,2026-08-12 15:25:20
SO000004868,CUST0001062,MAT000513,2025-11-28,20.0,394.21,7884.2,15,Completed,USD,Germany,2026-08-11 18:25:20
SO000004869,CUST0004039,MAT000440,2026-02-23,18.0,398.51,7173.18,15,Completed,USD,Australia,2026-08-12 17:25:20
SO000004870,CUST0006197,MAT000066,2023-10-10,10.0,817.01,8170.1,0,Completed,USD,UAE,2026-08-12 17:25:20
SO000004871,CUST0005644,MAT000545,2026-03-24,3.0,774.46,2323.38,0,Completed,USD,Mexico,2026-08-11 14:25:20
SO000004872,CUST0004443,MAT000147,2026-08-07,18.0,56.49,1016.82,0,Completed,USD,Brazil,2026-08-12 04:25:20
SO000004873,CUST0005586,MAT000307,2024-07-29,21.0,558.39,11726.19,20,Pending,INR,France,2026-08-12 13:25:20
SO000004874,CUST0007700,MAT000266,2025-04-27,11.0,395.08,4345.88,0,Completed,USD,Singapore,2026-08-12 17:25:20
SO000004875,CUST0000875,MAT000003,2023-09-16,3.0,110.44,331.32,20,Shipped,USD,Germany,2026-08-11 21:25:20
SO000004876,CUST0001664,MAT000551,2023-03-25,15.0,766.69,11500.35,10,Completed,INR,India,2026-08-11 21:25:20
SO000004877,CUST0006266,MAT000814,2024-05-21,6.0,69.0,414.0,5,Completed,USD,South Africa,2026-08-12 10:25:20
SO000004878,CUST0004203,MAT000971,2024-10-18,12.0,33.73,404.76,15,Completed,USD,UAE,2026-08-11 14:25:20
SO000004879,CUST0005064,MAT001016,2026-01-09,25.0,181.78,4544.5,5,Completed,GBP,Brazil,2026-08-12 05:25:20
SO000004880,CUST0001992,MAT000326,2024-04-25,17.0,276.52,4700.84,20,Completed,AED,UK,2026-08-12 00:25:20
SO000004881,CUST0007935,MAT000936,2024-06-18,21.0,59.49,1249.29,0,Cancelled,USD,Canada,2026-08-11 15:25:20
SO000004882,CUST0007229,MAT000909,2024-12-18,7.0,578.97,4052.79,15,Cancelled,GBP,Mexico,2026-08-11 17:25:20
SO000004883,CUST0003477,MAT000989,2025-08-13,12.0,396.25,4755.0,0,Completed,JPY,Singapore,2026-08-12 15:25:20
SO000004884,CUST0006158,MAT000016,2023-10-18,16.0,373.91,5982.56,0,Shipped,EUR,Canada,2026-08-12 17:25:20
SO000004885,CUST0003612,MAT000124,2023-11-03,10.0,135.08,1350.8,5,Pending,USD,Singapore,2026-08-11 15:25:20
SO000004886,CUST0005140,MAT000012,2025-08-18,,396.82,8730.04,5,Completed,GBP,France,2026-08-12 03:25:20
SO000004887,CUST0007437,MAT000532,2025-01-08,11.0,354.2,3896.2,20,Completed,USD,France,2026-08-11 19:25:20
SO000004888,CUST0004530,MAT000288,2024-02-25,9.0,348.36,3135.24,15,Completed,EUR,Germany,2026-08-12 15:25:20
SO000004889,CUST0004372,MAT000552,2024-11-13,22.0,200.62,4413.64,15,Completed,USD,Canada,2026-08-12 04:25:20
SO000004890,CUST0000459,MAT000880,2025-10-11,18.0,89.52,1611.36,0,Returned,USD,South Africa,2026-08-12 05:25:20
SO000004891,CUST0007219,MAT000035,2025-03-13,19.0,238.33,4528.27,5,Completed,JPY,Mexico,2026-08-12 04:25:20
SO000004892,CUST0004710,MAT000258,2025-11-24,13.0,602.21,7828.73,0,Shipped,USD,UAE,2026-08-11 18:25:20
SO000004893,CUST0006793,MAT000454,2026-06-24,2.0,70.27,140.54,0,Completed,USD,India,2026-08-11 16:25:20
SO000004894,CUST0006736,MAT000912,2023-01-16,9.0,347.18,3124.62,0,Completed,EUR,UK,2026-08-11 15:25:20
SO000004895,CUST0001346,MAT000518,2023-04-08,22.0,465.37,10238.14,20,Pending,USD,South Africa,2026-08-12 05:25:20
SO000004896,CUST0005848,MAT000861,2023-02-11,25.0,867.02,21675.5,20,Returned,USD,USA,2026-08-11 12:25:20
SO000004897,CUST0003083,MAT000541,2025-02-23,6.0,760.22,4561.32,5,Completed,AED,Mexico,2026-08-12 05:25:20
SO000004898,CUST0003335,MAT000413,2025-11-22,1.0,825.37,825.37,0,Completed,USD,Singapore,2026-08-11 18:25:20
SO000004899,CUST0006210,MAT000966,2025-01-22,17.0,738.9,12561.3,15,Completed,USD,China,2026-08-12 06:25:20
SO000004900,CUST0003642,MAT000902,2024-12-21,18.0,532.26,9580.68,0,Returned,USD,Australia,2026-08-11 22:25:20
SO000004901,CUST0000758,MAT000296,2026-04-19,,775.4,12406.4,10,Completed,USD,Brazil,2026-08-12 05:25:20
SO000004902,CUST0002168,MAT001076,2026-06-16,21.0,510.9,10728.9,0,Completed,USD,Mexico,2026-08-11 20:25:20
SO000004903,CUST0005128,MAT000836,2023-09-13,23.0,325.18,7479.14,0,Cancelled,EUR,UAE,2026-08-12 10:25:20
SO000004904,CUST0001885,MAT000588,2023-04-27,11.0,338.25,3720.75,0,Pending,EUR,India,2026-08-11 16:25:20
SO000004905,CUST0005406,MAT000379,2024-10-26,12.0,511.09,6133.08,15,Completed,GBP,Japan,2026-08-11 15:25:20
SO000004906,CUST0007601,MAT000147,2025-10-11,23.0,729.45,16777.35,10,Completed,USD,South Africa,2026-08-11 21:25:20
SO000004907,CUST0001223,MAT001121,2025-12-28,15.0,124.62,1869.3,20,Completed,USD,Canada,2026-08-11 18:25:20
SO000004908,CUST0000629,MAT000004,2024-02-15,12.0,40.14,481.68,0,Completed,INR,Brazil,2026-08-11 23:25:20
SO000004909,CUST0002683,MAT000274,2024-10-24,17.0,711.66,12098.22,0,Completed,INR,Singapore,2026-08-12 00:25:20
SO000004910,CUST0003547,MAT000397,2023-06-24,17.0,584.59,9938.03,0,Shipped,USD,Japan,2026-08-11 19:25:20
SO000004911,CUST0005202,MAT000828,2024-05-12,7.0,740.07,5180.49,15,Completed,USD,Saudi Arabia,2026-08-11 12:25:20
SO000004912,CUST0002841,MAT000461,2025-07-15,7.0,879.13,6153.91,20,Pending,USD,USA,2026-08-11 14:25:20
SO000004913,CUST0001717,MAT001064,2023-03-27,1.0,230.0,230.0,5,Completed,EUR,Japan,2026-08-11 18:25:20
SO000004914,CUST0005581,MAT000972,2024-02-13,1.0,178.89,178.89,0,Completed,AED,Australia,2026-08-12 10:25:20
SO000004915,CUST0007142,MAT000252,2026-02-17,20.0,310.18,6203.6,0,Completed,USD,UK,2026-08-12 13:25:20
SO000004916,CUST0002427,MAT000946,2023-06-21,12.0,790.78,9489.36,15,Returned,GBP,UAE,2026-08-12 16:25:20
SO000004917,CUST0002765,MAT000326,2025-11-16,12.0,17.5,210.0,0,Completed,EUR,UAE,2026-08-11 23:25:20
SO000004918,CUST0004282,MAT000902,2023-07-11,0.0,14.43,43.29,10,Returned,INR,Australia,2026-08-11 12:25:20
SO000004919,CUST0004987,MAT000064,2023-09-16,4.0,199.02,796.08,0,Completed,USD,Saudi Arabia,2026-08-11 13:25:20
SO000004920,CUST0000573,MAT000212,2026-01-17,8.0,341.45,2731.6,10,Completed,EUR,Saudi Arabia,2026-08-12 08:25:20
SO000004921,CUST0001192,MAT001005,2023-07-24,5.0,275.6,1378.0,10,Shipped,JPY,USA,2026-08-12 10:25:20
SO000004922,CUST0001295,MAT000588,2023-02-04,17.0,743.3,12636.1,20,Completed,USD,Canada,2026-08-11 23:25:20
SO000004923,CUST0004334,MAT000251,2025-05-18,10.0,622.3,6223.0,0,Completed,EUR,Germany,2026-08-12 18:25:20
SO000004924,CUST0004975,MAT000103,2023-03-10,19.0,754.86,14342.34,0,Completed,EUR,Mexico,2026-08-11 17:25:20
SO000004925,CUST0000681,MAT000464,2026-05-31,2.0,348.47,696.94,0,Completed,EUR,France,2026-08-11 14:25:20
SO000004926,CUST0007003,MAT000109,2025-03-10,8.0,538.25,4306.0,0,Completed,USD,India,2026-08-12 03:25:20
SO000004927,CUST0001660,MAT000041,2023-04-12,,466.33,11191.92,10,Completed,USD,India,2026-08-12 16:25:20
SO000004928,CUST0007057,MAT000153,2024-10-03,18.0,429.88,7737.84,15,Completed,INR,Japan,2026-08-11 23:25:20
SO000004929,CUST0003430,MAT000954,2024-05-29,13.0,262.85,3417.05,0,Completed,INR,Brazil,2026-08-12 09:25:20
SO000004930,CUST0002813,MAT000319,2024-02-13,24.0,639.75,15354.0,5,Completed,USD,USA,2026-08-12 12:25:20
SO000004931,CUST0007719,MAT000840,2023-06-02,23.0,474.01,10902.23,5,Cancelled,USD,Japan,2026-08-12 09:25:20
SO000004932,CUST0002077,MAT000247,2023-09-22,14.0,75.35,1054.9,0,Completed,GBP,India,2026-08-12 13:25:20
SO000004933,CUST0001890,MAT000980,2026-07-06,25.0,5.47,136.75,15,Completed,USD,UAE,2026-08-12 00:25:20
SO000004934,CUST0003192,MAT000335,2025-06-06,7.0,23.19,162.33,0,Pending,GBP,South Africa,2026-08-11 21:25:20
SO000004935,CUST0001697,MAT000682,2023-09-14,23.0,72.98,1678.54,20,Shipped,USD,Mexico,2026-08-12 04:25:20
SO000004936,CUST0002145,MAT001079,2023-03-18,16.0,337.0,5392.0,5,Completed,INR,Saudi Arabia,2026-08-12 17:25:20
SO000004937,CUST0007596,MAT001160,2025-04-14,11.0,278.57,3064.27,0,Completed,GBP,South Africa,2026-08-11 22:25:20
SO000004938,CUST0004696,MAT000340,2026-07-28,21.0,145.19,3048.99,0,Completed,EUR,Mexico,2026-08-11 14:25:20
SO000004939,CUST0000568,MAT000928,2025-06-01,0.0,466.33,4663.3,0,Cancelled,GBP,Germany,2026-08-12 13:25:20
SO000004940,CUST0003935,MAT000492,2026-02-06,9.0,873.31,7859.79,10,Pending,USD,China,2026-08-12 05:25:20
SO000004941,CUST0000609,MAT000014,2023-04-26,0.0,148.82,3274.04,0,Completed,AED,Singapore,2026-08-12 14:25:20
SO000004942,CUST0007786,MAT000970,2023-03-27,25.0,229.28,5732.0,5,Completed,USD,Japan,2026-08-12 04:25:20
SO000004943,CUST0005349,MAT000229,2024-03-10,3.0,418.58,1255.74,15,Completed,USD,Japan,2026-08-12 07:25:20
SO000004944,CUST0004198,MAT000112,2023-11-08,1.0,578.55,578.55,10,Completed,INR,Mexico,2026-08-11 21:25:20
SO000004945,CUST0005472,MAT000825,2024-08-21,13.0,542.22,7048.86,0,Cancelled,JPY,Japan,2026-08-11 14:25:20
SO000004946,CUST0004249,MAT000402,2025-04-17,17.0,471.47,8014.99,0,Completed,USD,Mexico,2026-08-12 16:25:20
SO000004947,CUST0002839,MAT001072,2023-01-17,9.0,664.86,5983.74,0,Completed,GBP,Saudi Arabia,2026-08-11 14:25:20
SO000004948,CUST0004368,MAT001128,2023-06-20,21.0,762.12,16004.52,10,Completed,EUR,China,2026-08-12 08:25:20
SO000004949,CUST0006719,MAT000011,2024-09-02,10.0,899.08,8990.8,5,Returned,EUR,Germany,2026-08-11 20:25:20
SO000004950,CUST0000421,MAT001012,2025-10-15,6.0,421.63,2529.78,0,Cancelled,EUR,USA,2026-08-11 13:25:20
SO000004951,CUST0006241,MAT000384,2026-01-21,6.0,895.49,5372.94,15,Completed,USD,Japan,2026-08-12 17:25:20
SO000004952,CUST0004740,MAT001096,2025-11-12,25.0,658.8,16470.0,15,Cancelled,USD,China,2026-08-12 04:25:20
SO000004953,CUST0002534,MAT000915,2025-03-09,20.0,593.32,11866.4,0,Completed,INR,Saudi Arabia,2026-08-11 20:25:20
SO000004954,CUST0002781,MAT000148,2023-03-17,23.0,577.52,13282.96,0,Completed,GBP,China,2026-08-12 01:25:20
SO000004955,CUST0007009,MAT000636,2026-05-14,17.0,820.12,13942.04,5,Completed,INR,Singapore,2026-08-11 13:25:20
SO000004956,CUST0002452,MAT000286,2025-01-06,3.0,853.4,2560.2,10,Completed,EUR,Brazil,2026-08-12 17:25:20
SO000004957,CUST0006603,MAT000717,2026-09-19,1.0,164.75,164.75,5,Completed,USD,Germany,2026-08-12 00:25:20
SO000004958,CUST0004688,MAT000758,2023-02-14,24.0,446.61,10718.64,20,Cancelled,INR,South Africa,2026-08-12 15:25:20
SO000004959,CUST0999132,MAT000164,2024-08-15,20.0,847.6,16952.0,15,Shipped,INR,South Africa,2026-08-11 21:25:20
SO000004960,CUST0001754,MAT000675,2023-04-02,25.0,346.99,8674.75,0,Completed,USD,South Africa,2026-08-12 02:25:20
SO000004961,CUST0007137,MAT000981,2026-03-17,2.0,213.25,426.5,0,Returned,USD,USA,2026-08-11 19:25:20
SO000004962,CUST0005482,MAT000917,2025-06-24,16.0,96.87,1549.92,10,Completed,USD,Japan,2026-08-12 15:25:20
SO000004963,CUST0002006,MAT000083,2025-01-30,15.0,539.51,8092.65,0,Returned,USD,USA,2026-08-12 18:25:20
SO000004964,CUST0001652,MAT000201,2025-04-25,19.0,631.74,12003.06,10,Returned,JPY,Canada,2026-08-11 13:25:20
SO000004965,CUST0005972,MAT000419,2026-03-20,6.0,180.02,1080.12,0,Completed,USD,UAE,2026-08-12 16:25:20
SO000004966,CUST0002123,MAT000271,2026-07-16,9.0,607.91,5471.19,0,Completed,USD,South Africa,2026-08-11 12:25:20
SO000004967,CUST0001307,MAT000313,2025-12-07,23.0,810.16,18633.68,20,Completed,USD,France,2026-08-12 08:25:20
SO000004968,CUST0001688,MAT000479,2026-01-22,10.0,223.0,2230.0,0,Completed,USD,Mexico,2026-08-11 12:25:20
SO000004969,CUST0004976,MAT000537,2023-08-07,20.0,114.19,2283.8,5,Completed,INR,Canada,2026-08-12 01:25:20
SO000004970,CUST0004454,MAT000370,2025-11-28,12.0,752.7,9032.4,0,Completed,USD,Saudi Arabia,2026-08-11 17:25:20
SO000004971,CUST0007373,MAT000210,2026-06-03,12.0,825.22,9902.64,0,Completed,JPY,UAE,2026-08-12 10:25:20
SO000004972,CUST0006621,MAT001088,2025-06-21,18.0,197.3,3551.4,15,Completed,USD,China,2026-08-12 09:25:20
SO000004973,CUST0006378,MAT000790,2025-09-26,9.0,650.64,5855.76,0,Pending,USD,India,2026-08-12 15:25:20
SO000004974,CUST0002200,MAT000444,2024-10-10,25.0,533.87,13346.75,5,Shipped,USD,Canada,2026-08-11 12:25:20
SO000004975,CUST0000205,MAT001101,2023-11-10,8.0,219.08,1752.64,0,Completed,USD,Canada,2026-08-11 14:25:20
SO000004976,CUST0002736,MAT000032,2025-11-28,6.0,742.17,4453.02,20,Cancelled,JPY,Australia,2026-08-11 22:25:20
SO000004977,CUST0007126,MAT001046,2025-05-09,21.0,426.04,8946.84,0,Completed,USD,India,2026-08-12 12:25:20
SO000004978,CUST0002942,MAT000687,2024-12-06,0.0,631.8,10108.8,10,Completed,INR,France,2026-08-12 07:25:20
SO000004979,CUST0006666,MAT000936,2024-08-09,16.0,274.77,4396.32,0,Completed,EUR,China,2026-08-12 02:25:20
SO000004980,CUST0005280,MAT000655,2025-10-18,13.0,735.12,9556.56,5,Shipped,USD,Saudi Arabia,2026-08-11 17:25:20
SO000004981,CUST0006804,MAT000462,2024-09-13,9.0,241.54,2173.86,5,Completed,EUR,Germany,2026-08-12 12:25:20
SO000004982,CUST0000676,MAT000170,2026-03-21,15.0,331.48,4972.2,0,Returned,AED,UAE,2026-08-12 11:25:20
SO000004983,CUST0000511,MAT000601,2024-10-28,7.0,355.36,2487.52,5,Pending,AED,France,2026-08-11 13:25:20
SO000004984,CUST0007041,MAT001019,2023-07-21,7.0,189.75,1328.25,0,Completed,AED,Germany,2026-08-11 13:25:20
SO000004985,CUST0004741,MAT000844,2026-03-09,5.0,787.56,3937.8,20,Completed,EUR,UK,2026-08-12 02:25:20
SO000004986,CUST0007515,MAT000347,2025-08-11,21.0,106.57,2237.97,10,Pending,JPY,USA,2026-08-12 04:25:20
SO000004987,CUST0005466,MAT000760,2023-04-03,9.0,509.0,4581.0,5,Completed,GBP,Saudi Arabia,2026-08-12 00:25:20
SO000004988,CUST0005236,MAT000899,2024-09-16,22.0,733.67,16140.74,20,Pending,USD,Canada,2026-08-12 03:25:20
SO000004989,CUST0002523,MAT000665,2023-03-05,4.0,524.91,2099.64,15,Pending,EUR,Australia,2026-08-12 15:25:20
SO000004990,CUST0005630,MAT000683,2026-05-13,12.0,297.57,3570.84,20,Completed,USD,Singapore,2026-08-12 01:25:20
SO000004991,CUST0003044,MAT000989,2023-05-30,20.0,704.31,14086.2,15,Completed,AED,India,2026-08-12 10:25:20
SO000004992,CUST0002067,MAT000916,2025-12-24,11.0,451.76,4969.36,20,Pending,EUR,Mexico,2026-08-12 10:25:20
SO000004993,CUST0007637,MAT000403,2026-06-08,15.0,150.9,2263.5,20,Pending,USD,Canada,2026-08-11 19:25:20
SO000004994,CUST0006276,MAT000045,2025-11-19,19.0,288.59,5483.21,20,Shipped,JPY,China,2026-08-11 14:25:20
SO000004995,CUST0002144,MAT001133,2024-12-28,24.0,534.79,12834.96,15,Completed,JPY,USA,2026-08-12 02:25:20
SO000004996,CUST0005934,MAT000611,2026-02-22,22.0,594.6,13081.2,0,Completed,AED,Mexico,2026-08-11 13:25:20
SO000004997,CUST0005359,MAT000684,2023-08-11,20.0,495.58,9911.6,0,Completed,USD,Japan,2026-08-12 05:25:20
SO000004998,CUST0005725,MAT000973,2024-04-09,1.0,248.45,248.45,10,Completed,JPY,India,2026-08-12 13:25:20
SO000004999,CUST0003101,MAT000367,2024-04-06,20.0,536.41,10728.2,15,Completed,USD,UAE,2026-08-12 16:25:20
SO000005000,CUST0001977,MAT000581,2023-03-26,3.0,302.54,907.62,5,Completed,EUR,China,2026-08-12 15:25:20
